entity_id,alert_id,assessment_period_id,alert_timestamp,severity,category,source_system,asset_id,acknowledged_timestamp,investigation_started_timestamp,closed_timestamp,disposition,escalated,escalation_timestamp,investigator_id,root_cause_recorded,remediation_recorded,evidence_present,status,_meta_disclaimer
CSE-POWER-01,ALT-POWER-2025-01001,2025-Q4,2025-10-17T07:31:00,HIGH,UNAUTHORIZED_ACCESS,SIEM-SENSOR-POWER,AST-POWER-035,2025-10-17T07:42:00,2025-10-17T08:01:00,2025-10-17T13:01:00,FALSE_POSITIVE,False,,ANALYST_SHARMA,True,True,True,CLOSED,DEMO/SYNTHETIC - NOT REAL GOVERNMENT DATA
CSE-POWER-01,ALT-POWER-2025-01002,2025-Q4,2025-10-08T05:39:00,MEDIUM,UNAUTHORIZED_ACCESS,SIEM-SENSOR-POWER,AST-POWER-070,2025-10-08T05:48:00,2025-10-08T06:28:00,2025-10-08T11:28:00,FALSE_POSITIVE,True,2025-10-08T06:58:00,ANALYST_SHARMA,True,True,True,CLOSED,DEMO/SYNTHETIC - NOT REAL GOVERNMENT DATA
CSE-POWER-01,ALT-POWER-2025-01003,2025-Q4,2025-10-19T03:01:00,MEDIUM,RANSOMWARE,SIEM-SENSOR-POWER,AST-POWER-047,2025-10-19T03:12:00,2025-10-19T03:55:00,2025-10-19T06:55:00,FALSE_POSITIVE,False,,ANALYST_VERMA,True,True,True,CLOSED,DEMO/SYNTHETIC - NOT REAL GOVERNMENT DATA
CSE-POWER-01,ALT-POWER-2025-01004,2025-Q4,2025-11-17T01:05:00,MEDIUM,DATA_EXFILTRATION,SIEM-SENSOR-POWER,AST-POWER-073,2025-11-17T01:11:00,2025-11-17T01:43:00,2025-11-17T05:43:00,FALSE_POSITIVE,True,2025-11-17T02:13:00,ANALYST_SINGH,True,True,True,CLOSED,DEMO/SYNTHETIC - NOT REAL GOVERNMENT DATA
CSE-POWER-01,ALT-POWER-2025-01005,2025-Q4,2025-12-15T10:12:00,MEDIUM,SCADA_COMMAND_ANOMALY,SIEM-SENSOR-POWER,AST-POWER-060,2025-12-15T10:20:00,2025-12-15T10:56:00,2025-12-15T14:56:00,FALSE_POSITIVE,False,,ANALYST_PATEL,True,True,True,CLOSED,DEMO/SYNTHETIC - NOT REAL GOVERNMENT DATA
CSE-POWER-01,ALT-POWER-2025-01006,2025-Q4,2025-12-19T00:03:00,LOW,POLICY_VIOLATION,SIEM-SENSOR-POWER,AST-POWER-065,2025-12-19T00:14:00,2025-12-19T00:38:00,2025-12-19T05:38:00,FALSE_POSITIVE,False,,ANALYST_VERMA,True,True,True,CLOSED,DEMO/SYNTHETIC - NOT REAL GOVERNMENT DATA
CSE-POWER-01,ALT-POWER-2025-01007,2025-Q4,2025-12-17T09:44:00,HIGH,DDOS_ATTACK,SIEM-SENSOR-POWER,AST-POWER-001,2025-12-17T09:55:00,2025-12-17T10:16:00,2025-12-17T16:16:00,FALSE_POSITIVE,False,,ANALYST_PATEL,True,True,True,CLOSED,DEMO/SYNTHETIC - NOT REAL GOVERNMENT DATA
CSE-POWER-01,ALT-POWER-2025-01008,2025-Q4,2025-10-21T21:47:00,HIGH,UNAUTHORIZED_ACCESS,SIEM-SENSOR-POWER,AST-POWER-068,2025-10-21T21:59:00,2025-10-21T22:32:00,2025-10-22T01:32:00,FALSE_POSITIVE,False,,ANALYST_RAO,True,True,True,CLOSED,DEMO/SYNTHETIC - NOT REAL GOVERNMENT DATA
CSE-POWER-01,ALT-POWER-2025-01009,2025-Q4,2025-11-24T05:36:00,HIGH,MALWARE,SIEM-SENSOR-POWER,AST-POWER-049,2025-11-24T05:56:00,2025-11-24T06:35:00,2025-11-24T09:35:00,FALSE_POSITIVE,True,2025-11-24T07:05:00,ANALYST_SINGH,True,True,True,CLOSED,DEMO/SYNTHETIC - NOT REAL GOVERNMENT DATA
CSE-POWER-01,ALT-POWER-2025-01010,2025-Q4,2025-10-19T10:28:00,MEDIUM,MALWARE,SIEM-SENSOR-POWER,AST-POWER-063,2025-10-19T10:39:00,2025-10-19T11:16:00,2025-10-19T16:16:00,FALSE_POSITIVE,False,,ANALYST_VERMA,True,True,True,CLOSED,DEMO/SYNTHETIC - NOT REAL GOVERNMENT DATA
CSE-POWER-01,ALT-POWER-2025-01011,2025-Q4,2025-12-17T22:10:00,HIGH,UNAUTHORIZED_ACCESS,SIEM-SENSOR-POWER,AST-POWER-035,2025-12-17T22:17:00,2025-12-17T22:38:00,2025-12-18T01:38:00,FALSE_POSITIVE,False,,ANALYST_SINGH,True,True,True,CLOSED,DEMO/SYNTHETIC - NOT REAL GOVERNMENT DATA
CSE-POWER-01,ALT-POWER-2025-01012,2025-Q4,2025-11-02T13:26:00,HIGH,UNAUTHORIZED_ACCESS,SIEM-SENSOR-POWER,AST-POWER-046,2025-11-02T13:37:00,2025-11-02T14:11:00,2025-11-02T19:11:00,FALSE_POSITIVE,True,2025-11-02T14:41:00,ANALYST_SHARMA,True,True,True,CLOSED,DEMO/SYNTHETIC - NOT REAL GOVERNMENT DATA
CSE-POWER-01,ALT-POWER-2025-01013,2025-Q4,2025-10-07T12:55:00,HIGH,MALWARE,SIEM-SENSOR-POWER,AST-POWER-065,2025-10-07T13:09:00,2025-10-07T13:48:00,2025-10-07T19:48:00,FALSE_POSITIVE,False,,ANALYST_PATEL,True,True,True,CLOSED,DEMO/SYNTHETIC - NOT REAL GOVERNMENT DATA
CSE-POWER-01,ALT-POWER-2025-01014,2025-Q4,2025-11-30T19:10:00,HIGH,DATA_EXFILTRATION,SIEM-SENSOR-POWER,AST-POWER-078,2025-11-30T19:12:00,2025-11-30T19:51:00,2025-11-30T22:51:00,FALSE_POSITIVE,False,,ANALYST_RAO,True,True,True,CLOSED,DEMO/SYNTHETIC - NOT REAL GOVERNMENT DATA
CSE-POWER-01,ALT-POWER-2025-01015,2025-Q4,2025-12-19T11:05:00,HIGH,DDOS_ATTACK,SIEM-SENSOR-POWER,AST-POWER-080,2025-12-19T11:20:00,2025-12-19T12:00:00,2025-12-19T14:00:00,FALSE_POSITIVE,True,2025-12-19T12:30:00,ANALYST_RAO,True,True,True,CLOSED,DEMO/SYNTHETIC - NOT REAL GOVERNMENT DATA
CSE-POWER-01,ALT-POWER-2025-01016,2025-Q4,2025-11-08T08:03:00,LOW,SCADA_COMMAND_ANOMALY,SIEM-SENSOR-POWER,AST-POWER-030,2025-11-08T08:08:00,2025-11-08T08:40:00,2025-11-08T11:40:00,FALSE_POSITIVE,False,,ANALYST_VERMA,True,True,True,CLOSED,DEMO/SYNTHETIC - NOT REAL GOVERNMENT DATA
CSE-POWER-01,ALT-POWER-2025-01017,2025-Q4,2025-12-14T23:12:00,HIGH,DDOS_ATTACK,SIEM-SENSOR-POWER,AST-POWER-075,2025-12-14T23:18:00,2025-12-14T23:53:00,2025-12-15T02:53:00,FALSE_POSITIVE,False,,ANALYST_SHARMA,True,True,True,CLOSED,DEMO/SYNTHETIC - NOT REAL GOVERNMENT DATA
CSE-POWER-01,ALT-POWER-2025-01018,2025-Q4,2025-12-03T19:50:00,CRITICAL,SCADA_COMMAND_ANOMALY,SIEM-SENSOR-POWER,AST-POWER-001,2025-12-03T19:57:00,2025-12-03T20:17:00,2025-12-03T22:17:00,TRUE_POSITIVE,False,,ANALYST_SHARMA,True,True,True,CLOSED,DEMO/SYNTHETIC - NOT REAL GOVERNMENT DATA
CSE-POWER-01,ALT-POWER-2025-01019,2025-Q4,2025-10-10T12:13:00,CRITICAL,MALWARE,SIEM-SENSOR-POWER,AST-POWER-004,2025-10-10T12:19:00,2025-10-10T12:41:00,2025-10-10T18:41:00,TRUE_POSITIVE,False,,ANALYST_SHARMA,True,True,True,CLOSED,DEMO/SYNTHETIC - NOT REAL GOVERNMENT DATA
CSE-POWER-01,ALT-POWER-2025-01020,2025-Q4,2025-10-13T11:09:00,CRITICAL,RANSOMWARE,SIEM-SENSOR-POWER,AST-POWER-051,2025-10-13T11:13:00,2025-10-13T11:37:00,2025-10-13T13:37:00,TRUE_POSITIVE,False,,ANALYST_VERMA,True,True,True,CLOSED,DEMO/SYNTHETIC - NOT REAL GOVERNMENT DATA
CSE-POWER-01,ALT-POWER-2025-01021,2025-Q4,2025-12-15T17:11:00,CRITICAL,SCADA_COMMAND_ANOMALY,SIEM-SENSOR-POWER,AST-POWER-024,2025-12-15T17:16:00,2025-12-15T17:48:00,2025-12-15T23:48:00,TRUE_POSITIVE,False,,ANALYST_VERMA,True,True,True,CLOSED,DEMO/SYNTHETIC - NOT REAL GOVERNMENT DATA
CSE-POWER-01,ALT-POWER-2025-01022,2025-Q4,2025-11-24T15:11:00,CRITICAL,SCADA_COMMAND_ANOMALY,SIEM-SENSOR-POWER,AST-POWER-080,2025-11-24T15:13:00,2025-11-24T15:56:00,2025-11-24T18:56:00,TRUE_POSITIVE,False,,ANALYST_RAO,True,True,True,CLOSED,DEMO/SYNTHETIC - NOT REAL GOVERNMENT DATA
CSE-POWER-01,ALT-POWER-2025-01023,2025-Q4,2025-10-13T21:49:00,HIGH,PRIVILEGE_ESCALATION,SIEM-SENSOR-POWER,AST-POWER-052,2025-10-13T21:51:00,2025-10-13T22:06:00,2025-10-14T00:06:00,FALSE_POSITIVE,False,,ANALYST_PATEL,True,True,True,CLOSED,DEMO/SYNTHETIC - NOT REAL GOVERNMENT DATA
CSE-POWER-01,ALT-POWER-2025-01024,2025-Q4,2025-12-14T20:48:00,MEDIUM,POLICY_VIOLATION,SIEM-SENSOR-POWER,AST-POWER-049,2025-12-14T20:56:00,2025-12-14T21:37:00,2025-12-15T00:37:00,FALSE_POSITIVE,False,,ANALYST_RAO,True,True,True,CLOSED,DEMO/SYNTHETIC - NOT REAL GOVERNMENT DATA
CSE-POWER-01,ALT-POWER-2025-01025,2025-Q4,2025-12-07T07:16:00,LOW,SCADA_COMMAND_ANOMALY,SIEM-SENSOR-POWER,AST-POWER-062,2025-12-07T07:29:00,2025-12-07T08:13:00,2025-12-07T10:13:00,FALSE_POSITIVE,False,,ANALYST_SHARMA,True,True,True,CLOSED,DEMO/SYNTHETIC - NOT REAL GOVERNMENT DATA
CSE-POWER-01,ALT-POWER-2025-01026,2025-Q4,2025-11-08T13:39:00,CRITICAL,SCADA_COMMAND_ANOMALY,SIEM-SENSOR-POWER,AST-POWER-081,2025-11-08T13:58:00,2025-11-08T14:27:00,2025-11-08T16:27:00,TRUE_POSITIVE,False,,ANALYST_SHARMA,True,True,True,CLOSED,DEMO/SYNTHETIC - NOT REAL GOVERNMENT DATA
CSE-POWER-01,ALT-POWER-2025-01027,2025-Q4,2025-10-18T15:09:00,HIGH,MALWARE,SIEM-SENSOR-POWER,AST-POWER-005,2025-10-18T15:12:00,2025-10-18T15:28:00,2025-10-18T21:28:00,FALSE_POSITIVE,True,2025-10-18T15:58:00,ANALYST_RAO,True,True,True,CLOSED,DEMO/SYNTHETIC - NOT REAL GOVERNMENT DATA
CSE-POWER-01,ALT-POWER-2025-01028,2025-Q4,2025-12-06T00:55:00,LOW,RANSOMWARE,SIEM-SENSOR-POWER,AST-POWER-037,2025-12-06T01:00:00,2025-12-06T01:20:00,2025-12-06T04:20:00,FALSE_POSITIVE,True,2025-12-06T01:50:00,ANALYST_PATEL,True,True,True,CLOSED,DEMO/SYNTHETIC - NOT REAL GOVERNMENT DATA
CSE-POWER-01,ALT-POWER-2025-01029,2025-Q4,2025-10-02T00:23:00,LOW,RANSOMWARE,SIEM-SENSOR-POWER,AST-POWER-023,2025-10-02T00:27:00,2025-10-02T00:59:00,2025-10-02T03:59:00,FALSE_POSITIVE,True,2025-10-02T01:29:00,ANALYST_RAO,True,True,True,CLOSED,DEMO/SYNTHETIC - NOT REAL GOVERNMENT DATA
CSE-POWER-01,ALT-POWER-2025-01030,2025-Q4,2025-11-14T05:45:00,HIGH,MALWARE,SIEM-SENSOR-POWER,AST-POWER-047,2025-11-14T05:48:00,2025-11-14T06:31:00,2025-11-14T09:31:00,FALSE_POSITIVE,True,2025-11-14T07:01:00,ANALYST_VERMA,True,True,True,CLOSED,DEMO/SYNTHETIC - NOT REAL GOVERNMENT DATA
CSE-POWER-01,ALT-POWER-2025-01031,2025-Q4,2025-10-15T03:27:00,HIGH,PRIVILEGE_ESCALATION,SIEM-SENSOR-POWER,AST-POWER-038,2025-10-15T03:45:00,2025-10-15T04:30:00,2025-10-15T07:30:00,FALSE_POSITIVE,True,2025-10-15T05:00:00,ANALYST_VERMA,True,True,True,CLOSED,DEMO/SYNTHETIC - NOT REAL GOVERNMENT DATA
CSE-POWER-01,ALT-POWER-2025-01032,2025-Q4,2025-11-19T15:43:00,CRITICAL,BRUTE_FORCE,SIEM-SENSOR-POWER,AST-POWER-052,2025-11-19T16:01:00,2025-11-19T16:19:00,2025-11-19T18:19:00,TRUE_POSITIVE,False,,ANALYST_SINGH,True,True,True,CLOSED,DEMO/SYNTHETIC - NOT REAL GOVERNMENT DATA
CSE-POWER-01,ALT-POWER-2025-01033,2025-Q4,2025-11-25T14:50:00,MEDIUM,SCADA_COMMAND_ANOMALY,SIEM-SENSOR-POWER,AST-POWER-053,2025-11-25T14:52:00,2025-11-25T15:12:00,2025-11-25T19:12:00,FALSE_POSITIVE,True,2025-11-25T15:42:00,ANALYST_VERMA,True,True,True,CLOSED,DEMO/SYNTHETIC - NOT REAL GOVERNMENT DATA
CSE-POWER-01,ALT-POWER-2025-01034,2025-Q4,2025-11-20T08:48:00,CRITICAL,SCADA_COMMAND_ANOMALY,SIEM-SENSOR-POWER,AST-POWER-003,2025-11-20T08:55:00,2025-11-20T09:11:00,2025-11-20T15:11:00,TRUE_POSITIVE,False,,ANALYST_VERMA,True,True,True,CLOSED,DEMO/SYNTHETIC - NOT REAL GOVERNMENT DATA
CSE-POWER-01,ALT-POWER-2025-01035,2025-Q4,2025-12-13T09:05:00,HIGH,PRIVILEGE_ESCALATION,SIEM-SENSOR-POWER,AST-POWER-027,2025-12-13T09:16:00,2025-12-13T10:01:00,2025-12-13T12:01:00,FALSE_POSITIVE,False,,ANALYST_SHARMA,True,True,True,CLOSED,DEMO/SYNTHETIC - NOT REAL GOVERNMENT DATA
CSE-POWER-01,ALT-POWER-2025-01036,2025-Q4,2025-10-26T02:38:00,HIGH,BRUTE_FORCE,SIEM-SENSOR-POWER,AST-POWER-008,2025-10-26T02:40:00,2025-10-26T03:09:00,2025-10-26T07:09:00,FALSE_POSITIVE,False,,ANALYST_RAO,True,True,True,CLOSED,DEMO/SYNTHETIC - NOT REAL GOVERNMENT DATA
CSE-POWER-01,ALT-POWER-2025-01037,2025-Q4,2025-10-01T16:16:00,HIGH,MALWARE,SIEM-SENSOR-POWER,AST-POWER-071,2025-10-01T16:31:00,2025-10-01T17:15:00,2025-10-01T22:15:00,FALSE_POSITIVE,False,,ANALYST_RAO,True,True,True,CLOSED,DEMO/SYNTHETIC - NOT REAL GOVERNMENT DATA
CSE-POWER-01,ALT-POWER-2025-01038,2025-Q4,2025-10-30T15:32:00,HIGH,POLICY_VIOLATION,SIEM-SENSOR-POWER,AST-POWER-079,2025-10-30T15:35:00,2025-10-30T16:13:00,2025-10-30T18:13:00,FALSE_POSITIVE,False,,ANALYST_SINGH,True,True,True,CLOSED,DEMO/SYNTHETIC - NOT REAL GOVERNMENT DATA
CSE-POWER-01,ALT-POWER-2025-01039,2025-Q4,2025-10-30T00:41:00,HIGH,DATA_EXFILTRATION,SIEM-SENSOR-POWER,AST-POWER-085,2025-10-30T00:44:00,2025-10-30T01:09:00,2025-10-30T07:09:00,FALSE_POSITIVE,True,2025-10-30T01:39:00,ANALYST_RAO,True,True,True,CLOSED,DEMO/SYNTHETIC - NOT REAL GOVERNMENT DATA
CSE-POWER-01,ALT-POWER-2025-01040,2025-Q4,2025-11-11T22:57:00,CRITICAL,SCADA_COMMAND_ANOMALY,SIEM-SENSOR-POWER,AST-POWER-021,2025-11-11T23:04:00,2025-11-11T23:33:00,2025-11-12T05:33:00,TRUE_POSITIVE,False,,ANALYST_SINGH,True,True,True,CLOSED,DEMO/SYNTHETIC - NOT REAL GOVERNMENT DATA
CSE-POWER-01,ALT-POWER-2025-01041,2025-Q4,2025-11-26T07:59:00,MEDIUM,SCADA_COMMAND_ANOMALY,SIEM-SENSOR-POWER,AST-POWER-024,2025-11-26T08:01:00,2025-11-26T08:19:00,2025-11-26T14:19:00,FALSE_POSITIVE,False,,ANALYST_PATEL,True,True,True,CLOSED,DEMO/SYNTHETIC - NOT REAL GOVERNMENT DATA
CSE-POWER-01,ALT-POWER-2025-01042,2025-Q4,2025-11-16T03:05:00,MEDIUM,BRUTE_FORCE,SIEM-SENSOR-POWER,AST-POWER-025,2025-11-16T03:07:00,2025-11-16T03:35:00,2025-11-16T06:35:00,FALSE_POSITIVE,False,,ANALYST_RAO,True,True,True,CLOSED,DEMO/SYNTHETIC - NOT REAL GOVERNMENT DATA
CSE-POWER-01,ALT-POWER-2025-01043,2025-Q4,2025-10-10T19:38:00,CRITICAL,SCADA_COMMAND_ANOMALY,SIEM-SENSOR-POWER,AST-POWER-039,2025-10-10T19:52:00,2025-10-10T20:17:00,2025-10-10T22:17:00,TRUE_POSITIVE,False,,ANALYST_SHARMA,True,True,True,CLOSED,DEMO/SYNTHETIC - NOT REAL GOVERNMENT DATA
CSE-POWER-01,ALT-POWER-2025-01044,2025-Q4,2025-10-09T21:30:00,MEDIUM,DATA_EXFILTRATION,SIEM-SENSOR-POWER,AST-POWER-061,2025-10-09T21:34:00,2025-10-09T22:03:00,2025-10-10T00:03:00,FALSE_POSITIVE,False,,ANALYST_SHARMA,True,True,True,CLOSED,DEMO/SYNTHETIC - NOT REAL GOVERNMENT DATA
CSE-POWER-01,ALT-POWER-2025-01045,2025-Q4,2025-11-15T14:36:00,HIGH,SCADA_COMMAND_ANOMALY,SIEM-SENSOR-POWER,AST-POWER-072,2025-11-15T14:44:00,2025-11-15T15:19:00,2025-11-15T17:19:00,FALSE_POSITIVE,True,2025-11-15T15:49:00,ANALYST_SINGH,True,True,True,CLOSED,DEMO/SYNTHETIC - NOT REAL GOVERNMENT DATA
CSE-POWER-01,ALT-POWER-2025-01046,2025-Q4,2025-11-02T01:28:00,MEDIUM,UNAUTHORIZED_ACCESS,SIEM-SENSOR-POWER,AST-POWER-040,2025-11-02T01:47:00,2025-11-02T02:23:00,2025-11-02T04:23:00,FALSE_POSITIVE,False,,ANALYST_RAO,True,True,True,CLOSED,DEMO/SYNTHETIC - NOT REAL GOVERNMENT DATA
CSE-POWER-01,ALT-POWER-2025-01047,2025-Q4,2025-12-06T03:36:00,CRITICAL,SCADA_COMMAND_ANOMALY,SIEM-SENSOR-POWER,AST-POWER-036,2025-12-06T03:51:00,2025-12-06T04:21:00,2025-12-06T09:21:00,TRUE_POSITIVE,False,,ANALYST_RAO,True,True,True,CLOSED,DEMO/SYNTHETIC - NOT REAL GOVERNMENT DATA
CSE-POWER-01,ALT-POWER-2025-01048,2025-Q4,2025-11-29T14:26:00,LOW,PRIVILEGE_ESCALATION,SIEM-SENSOR-POWER,AST-POWER-017,2025-11-29T14:46:00,2025-11-29T15:13:00,2025-11-29T17:13:00,FALSE_POSITIVE,True,2025-11-29T15:43:00,ANALYST_RAO,True,True,True,CLOSED,DEMO/SYNTHETIC - NOT REAL GOVERNMENT DATA
CSE-POWER-01,ALT-POWER-2025-01049,2025-Q4,2025-10-20T03:28:00,HIGH,PRIVILEGE_ESCALATION,SIEM-SENSOR-POWER,AST-POWER-010,2025-10-20T03:44:00,2025-10-20T04:23:00,2025-10-20T06:23:00,FALSE_POSITIVE,True,2025-10-20T04:53:00,ANALYST_SINGH,True,True,True,CLOSED,DEMO/SYNTHETIC - NOT REAL GOVERNMENT DATA
CSE-POWER-01,ALT-POWER-2025-01050,2025-Q4,2025-10-20T21:13:00,HIGH,DATA_EXFILTRATION,SIEM-SENSOR-POWER,AST-POWER-045,2025-10-20T21:24:00,2025-10-20T21:53:00,2025-10-21T03:53:00,FALSE_POSITIVE,False,,ANALYST_VERMA,True,True,True,CLOSED,DEMO/SYNTHETIC - NOT REAL GOVERNMENT DATA
CSE-POWER-01,ALT-POWER-2025-01051,2025-Q4,2025-11-26T14:42:00,CRITICAL,MALWARE,SIEM-SENSOR-POWER,AST-POWER-008,2025-11-26T14:55:00,2025-11-26T15:30:00,2025-11-26T21:30:00,TRUE_POSITIVE,False,,ANALYST_PATEL,True,True,True,CLOSED,DEMO/SYNTHETIC - NOT REAL GOVERNMENT DATA
CSE-POWER-01,ALT-POWER-2025-01052,2025-Q4,2025-10-24T17:17:00,HIGH,SCADA_COMMAND_ANOMALY,SIEM-SENSOR-POWER,AST-POWER-061,2025-10-24T17:30:00,2025-10-24T18:07:00,2025-10-25T00:07:00,FALSE_POSITIVE,False,,ANALYST_VERMA,True,True,True,CLOSED,DEMO/SYNTHETIC - NOT REAL GOVERNMENT DATA
CSE-POWER-01,ALT-POWER-2025-01053,2025-Q4,2025-11-28T05:39:00,MEDIUM,RANSOMWARE,SIEM-SENSOR-POWER,AST-POWER-028,2025-11-28T05:56:00,2025-11-28T06:39:00,2025-11-28T08:39:00,FALSE_POSITIVE,True,2025-11-28T07:09:00,ANALYST_RAO,True,True,True,CLOSED,DEMO/SYNTHETIC - NOT REAL GOVERNMENT DATA
CSE-POWER-01,ALT-POWER-2025-01054,2025-Q4,2025-10-04T19:15:00,HIGH,DDOS_ATTACK,SIEM-SENSOR-POWER,AST-POWER-055,2025-10-04T19:33:00,2025-10-04T19:57:00,2025-10-05T00:57:00,FALSE_POSITIVE,False,,ANALYST_VERMA,True,True,True,CLOSED,DEMO/SYNTHETIC - NOT REAL GOVERNMENT DATA
CSE-POWER-01,ALT-POWER-2025-01055,2025-Q4,2025-11-06T08:08:00,MEDIUM,RANSOMWARE,SIEM-SENSOR-POWER,AST-POWER-075,2025-11-06T08:17:00,2025-11-06T08:42:00,2025-11-06T13:42:00,FALSE_POSITIVE,False,,ANALYST_PATEL,True,True,True,CLOSED,DEMO/SYNTHETIC - NOT REAL GOVERNMENT DATA
CSE-POWER-01,ALT-POWER-2025-01056,2025-Q4,2025-10-31T19:04:00,HIGH,SCADA_COMMAND_ANOMALY,SIEM-SENSOR-POWER,AST-POWER-054,2025-10-31T19:18:00,2025-10-31T19:38:00,2025-10-31T22:38:00,FALSE_POSITIVE,False,,ANALYST_SINGH,True,True,True,CLOSED,DEMO/SYNTHETIC - NOT REAL GOVERNMENT DATA
CSE-POWER-01,ALT-POWER-2025-01057,2025-Q4,2025-11-12T07:53:00,CRITICAL,SCADA_COMMAND_ANOMALY,SIEM-SENSOR-POWER,AST-POWER-001,2025-11-12T08:00:00,2025-11-12T08:16:00,2025-11-12T10:16:00,TRUE_POSITIVE,False,,ANALYST_SINGH,True,True,True,CLOSED,DEMO/SYNTHETIC - NOT REAL GOVERNMENT DATA
CSE-POWER-01,ALT-POWER-2025-01058,2025-Q4,2025-11-22T13:12:00,CRITICAL,BRUTE_FORCE,SIEM-SENSOR-POWER,AST-POWER-034,2025-11-22T13:16:00,2025-11-22T13:42:00,2025-11-22T18:42:00,TRUE_POSITIVE,False,,ANALYST_VERMA,True,True,True,CLOSED,DEMO/SYNTHETIC - NOT REAL GOVERNMENT DATA
CSE-POWER-01,ALT-POWER-2025-01059,2025-Q4,2025-10-26T08:56:00,MEDIUM,PRIVILEGE_ESCALATION,SIEM-SENSOR-POWER,AST-POWER-023,2025-10-26T09:04:00,2025-10-26T09:31:00,2025-10-26T12:31:00,FALSE_POSITIVE,False,,ANALYST_SINGH,True,True,True,CLOSED,DEMO/SYNTHETIC - NOT REAL GOVERNMENT DATA
CSE-POWER-01,ALT-POWER-2025-01060,2025-Q4,2025-11-23T05:56:00,CRITICAL,SCADA_COMMAND_ANOMALY,SIEM-SENSOR-POWER,AST-POWER-005,2025-11-23T06:06:00,2025-11-23T06:29:00,2025-11-23T10:29:00,TRUE_POSITIVE,False,,ANALYST_RAO,True,True,True,CLOSED,DEMO/SYNTHETIC - NOT REAL GOVERNMENT DATA
CSE-POWER-01,ALT-POWER-2025-01061,2025-Q4,2025-11-16T22:07:00,MEDIUM,DATA_EXFILTRATION,SIEM-SENSOR-POWER,AST-POWER-027,2025-11-16T22:18:00,2025-11-16T23:02:00,2025-11-17T02:02:00,FALSE_POSITIVE,True,2025-11-16T23:32:00,ANALYST_RAO,True,True,True,CLOSED,DEMO/SYNTHETIC - NOT REAL GOVERNMENT DATA
CSE-POWER-01,ALT-POWER-2025-01062,2025-Q4,2025-11-13T08:56:00,HIGH,DATA_EXFILTRATION,SIEM-SENSOR-POWER,AST-POWER-073,2025-11-13T09:13:00,2025-11-13T09:48:00,2025-11-13T13:48:00,FALSE_POSITIVE,True,2025-11-13T10:18:00,ANALYST_RAO,True,True,True,CLOSED,DEMO/SYNTHETIC - NOT REAL GOVERNMENT DATA
CSE-POWER-01,ALT-POWER-2025-01063,2025-Q4,2025-10-11T20:35:00,HIGH,DATA_EXFILTRATION,SIEM-SENSOR-POWER,AST-POWER-023,2025-10-11T20:49:00,2025-10-11T21:11:00,2025-10-12T03:11:00,FALSE_POSITIVE,True,2025-10-11T21:41:00,ANALYST_RAO,True,True,True,CLOSED,DEMO/SYNTHETIC - NOT REAL GOVERNMENT DATA
CSE-POWER-01,ALT-POWER-2025-01064,2025-Q4,2025-11-16T02:10:00,MEDIUM,BRUTE_FORCE,SIEM-SENSOR-POWER,AST-POWER-053,2025-11-16T02:27:00,2025-11-16T03:02:00,2025-11-16T09:02:00,FALSE_POSITIVE,True,2025-11-16T03:32:00,ANALYST_RAO,True,True,True,CLOSED,DEMO/SYNTHETIC - NOT REAL GOVERNMENT DATA
CSE-POWER-01,ALT-POWER-2025-01065,2025-Q4,2025-11-19T09:11:00,HIGH,SCADA_COMMAND_ANOMALY,SIEM-SENSOR-POWER,AST-POWER-057,2025-11-19T09:21:00,2025-11-19T09:50:00,2025-11-19T12:50:00,FALSE_POSITIVE,False,,ANALYST_VERMA,True,True,True,CLOSED,DEMO/SYNTHETIC - NOT REAL GOVERNMENT DATA
CSE-POWER-01,ALT-POWER-2025-01066,2025-Q4,2025-12-19T19:33:00,LOW,PRIVILEGE_ESCALATION,SIEM-SENSOR-POWER,AST-POWER-083,2025-12-19T19:38:00,2025-12-19T20:04:00,2025-12-19T23:04:00,FALSE_POSITIVE,False,,ANALYST_PATEL,True,True,True,CLOSED,DEMO/SYNTHETIC - NOT REAL GOVERNMENT DATA
CSE-POWER-01,ALT-POWER-2025-01067,2025-Q4,2025-11-10T03:16:00,HIGH,BRUTE_FORCE,SIEM-SENSOR-POWER,AST-POWER-068,2025-11-10T03:26:00,2025-11-10T03:56:00,2025-11-10T09:56:00,FALSE_POSITIVE,True,2025-11-10T04:26:00,ANALYST_VERMA,True,True,True,CLOSED,DEMO/SYNTHETIC - NOT REAL GOVERNMENT DATA
CSE-POWER-01,ALT-POWER-2025-01068,2025-Q4,2025-10-31T01:21:00,LOW,SCADA_COMMAND_ANOMALY,SIEM-SENSOR-POWER,AST-POWER-022,2025-10-31T01:33:00,2025-10-31T02:11:00,2025-10-31T05:11:00,FALSE_POSITIVE,False,,ANALYST_RAO,True,True,True,CLOSED,DEMO/SYNTHETIC - NOT REAL GOVERNMENT DATA
CSE-POWER-01,ALT-POWER-2025-01069,2025-Q4,2025-12-04T02:08:00,HIGH,DATA_EXFILTRATION,SIEM-SENSOR-POWER,AST-POWER-031,2025-12-04T02:27:00,2025-12-04T03:02:00,2025-12-04T08:02:00,FALSE_POSITIVE,False,,ANALYST_SINGH,True,True,True,CLOSED,DEMO/SYNTHETIC - NOT REAL GOVERNMENT DATA
CSE-POWER-01,ALT-POWER-2025-01070,2025-Q4,2025-11-09T06:47:00,CRITICAL,BRUTE_FORCE,SIEM-SENSOR-POWER,AST-POWER-035,2025-11-09T06:49:00,2025-11-09T07:17:00,2025-11-09T12:17:00,TRUE_POSITIVE,False,,ANALYST_SINGH,True,True,True,CLOSED,DEMO/SYNTHETIC - NOT REAL GOVERNMENT DATA
CSE-POWER-01,ALT-POWER-2025-01071,2025-Q4,2025-12-15T12:07:00,MEDIUM,DDOS_ATTACK,SIEM-SENSOR-POWER,AST-POWER-077,2025-12-15T12:16:00,2025-12-15T12:54:00,2025-12-15T17:54:00,FALSE_POSITIVE,False,,ANALYST_SINGH,True,True,True,CLOSED,DEMO/SYNTHETIC - NOT REAL GOVERNMENT DATA
CSE-POWER-01,ALT-POWER-2025-01072,2025-Q4,2025-10-19T02:33:00,LOW,UNAUTHORIZED_ACCESS,SIEM-SENSOR-POWER,AST-POWER-050,2025-10-19T02:35:00,2025-10-19T03:03:00,2025-10-19T05:03:00,FALSE_POSITIVE,False,,ANALYST_RAO,True,True,True,CLOSED,DEMO/SYNTHETIC - NOT REAL GOVERNMENT DATA
CSE-POWER-01,ALT-POWER-2025-01073,2025-Q4,2025-10-11T11:37:00,CRITICAL,SCADA_COMMAND_ANOMALY,SIEM-SENSOR-POWER,AST-POWER-022,2025-10-11T11:39:00,2025-10-11T11:58:00,2025-10-11T14:58:00,TRUE_POSITIVE,False,,ANALYST_RAO,True,True,True,CLOSED,DEMO/SYNTHETIC - NOT REAL GOVERNMENT DATA
CSE-POWER-01,ALT-POWER-2025-01074,2025-Q4,2025-10-11T13:02:00,CRITICAL,SCADA_COMMAND_ANOMALY,SIEM-SENSOR-POWER,AST-POWER-007,2025-10-11T13:19:00,2025-10-11T13:39:00,2025-10-11T19:39:00,TRUE_POSITIVE,False,,ANALYST_VERMA,True,True,True,CLOSED,DEMO/SYNTHETIC - NOT REAL GOVERNMENT DATA
CSE-POWER-01,ALT-POWER-2025-01075,2025-Q4,2025-12-19T17:26:00,MEDIUM,SCADA_COMMAND_ANOMALY,SIEM-SENSOR-POWER,AST-POWER-030,2025-12-19T17:31:00,2025-12-19T18:15:00,2025-12-19T21:15:00,FALSE_POSITIVE,True,2025-12-19T18:45:00,ANALYST_VERMA,True,True,True,CLOSED,DEMO/SYNTHETIC - NOT REAL GOVERNMENT DATA
CSE-POWER-01,ALT-POWER-2025-01076,2025-Q4,2025-10-11T08:47:00,MEDIUM,SCADA_COMMAND_ANOMALY,SIEM-SENSOR-POWER,AST-POWER-038,2025-10-11T09:00:00,2025-10-11T09:16:00,2025-10-11T14:16:00,FALSE_POSITIVE,False,,ANALYST_VERMA,True,True,True,CLOSED,DEMO/SYNTHETIC - NOT REAL GOVERNMENT DATA
CSE-POWER-01,ALT-POWER-2025-01077,2025-Q4,2025-12-19T19:52:00,MEDIUM,POLICY_VIOLATION,SIEM-SENSOR-POWER,AST-POWER-065,2025-12-19T19:59:00,2025-12-19T20:15:00,2025-12-19T22:15:00,FALSE_POSITIVE,False,,ANALYST_RAO,True,True,True,CLOSED,DEMO/SYNTHETIC - NOT REAL GOVERNMENT DATA
CSE-POWER-01,ALT-POWER-2025-01078,2025-Q4,2025-11-05T08:08:00,HIGH,UNAUTHORIZED_ACCESS,SIEM-SENSOR-POWER,AST-POWER-083,2025-11-05T08:17:00,2025-11-05T08:58:00,2025-11-05T13:58:00,FALSE_POSITIVE,True,2025-11-05T09:28:00,ANALYST_SINGH,True,True,True,CLOSED,DEMO/SYNTHETIC - NOT REAL GOVERNMENT DATA
CSE-POWER-01,ALT-POWER-2025-01079,2025-Q4,2025-12-08T13:04:00,MEDIUM,PRIVILEGE_ESCALATION,SIEM-SENSOR-POWER,AST-POWER-075,2025-12-08T13:11:00,2025-12-08T13:42:00,2025-12-08T17:42:00,FALSE_POSITIVE,False,,ANALYST_RAO,True,True,True,CLOSED,DEMO/SYNTHETIC - NOT REAL GOVERNMENT DATA
CSE-POWER-01,ALT-POWER-2025-01080,2025-Q4,2025-12-16T08:29:00,LOW,POLICY_VIOLATION,SIEM-SENSOR-POWER,AST-POWER-056,2025-12-16T08:46:00,2025-12-16T09:23:00,2025-12-16T15:23:00,FALSE_POSITIVE,False,,ANALYST_VERMA,True,True,True,CLOSED,DEMO/SYNTHETIC - NOT REAL GOVERNMENT DATA
CSE-POWER-01,ALT-POWER-2025-01081,2025-Q4,2025-10-04T10:20:00,HIGH,POLICY_VIOLATION,SIEM-SENSOR-POWER,AST-POWER-085,2025-10-04T10:39:00,2025-10-04T11:21:00,2025-10-04T14:21:00,FALSE_POSITIVE,False,,ANALYST_PATEL,True,True,True,CLOSED,DEMO/SYNTHETIC - NOT REAL GOVERNMENT DATA
CSE-POWER-01,ALT-POWER-2025-01082,2025-Q4,2025-11-25T00:30:00,HIGH,BRUTE_FORCE,SIEM-SENSOR-POWER,AST-POWER-006,2025-11-25T00:50:00,2025-11-25T01:11:00,2025-11-25T07:11:00,FALSE_POSITIVE,False,,ANALYST_RAO,True,True,True,CLOSED,DEMO/SYNTHETIC - NOT REAL GOVERNMENT DATA
CSE-POWER-01,ALT-POWER-2025-01083,2025-Q4,2025-12-08T03:20:00,CRITICAL,SCADA_COMMAND_ANOMALY,SIEM-SENSOR-POWER,AST-POWER-030,2025-12-08T03:23:00,2025-12-08T03:45:00,2025-12-08T07:45:00,TRUE_POSITIVE,False,,ANALYST_PATEL,True,True,True,CLOSED,DEMO/SYNTHETIC - NOT REAL GOVERNMENT DATA
CSE-POWER-01,ALT-POWER-2025-01084,2025-Q4,2025-11-25T23:01:00,LOW,SCADA_COMMAND_ANOMALY,SIEM-SENSOR-POWER,AST-POWER-046,2025-11-25T23:16:00,2025-11-25T23:50:00,2025-11-26T04:50:00,FALSE_POSITIVE,False,,ANALYST_PATEL,True,True,True,CLOSED,DEMO/SYNTHETIC - NOT REAL GOVERNMENT DATA
CSE-POWER-01,ALT-POWER-2025-01085,2025-Q4,2025-12-19T13:13:00,HIGH,POLICY_VIOLATION,SIEM-SENSOR-POWER,AST-POWER-051,2025-12-19T13:30:00,2025-12-19T13:55:00,2025-12-19T15:55:00,FALSE_POSITIVE,False,,ANALYST_SHARMA,True,True,True,CLOSED,DEMO/SYNTHETIC - NOT REAL GOVERNMENT DATA
CSE-POWER-01,ALT-POWER-2025-01086,2025-Q4,2025-10-12T01:05:00,HIGH,MALWARE,SIEM-SENSOR-POWER,AST-POWER-050,2025-10-12T01:11:00,2025-10-12T01:38:00,2025-10-12T05:38:00,FALSE_POSITIVE,False,,ANALYST_VERMA,True,True,True,CLOSED,DEMO/SYNTHETIC - NOT REAL GOVERNMENT DATA
CSE-POWER-01,ALT-POWER-2025-01087,2025-Q4,2025-11-06T03:33:00,CRITICAL,DATA_EXFILTRATION,SIEM-SENSOR-POWER,AST-POWER-045,2025-11-06T03:44:00,2025-11-06T04:00:00,2025-11-06T10:00:00,TRUE_POSITIVE,False,,ANALYST_PATEL,True,True,True,CLOSED,DEMO/SYNTHETIC - NOT REAL GOVERNMENT DATA
CSE-POWER-01,ALT-POWER-2025-01088,2025-Q4,2025-11-14T19:40:00,CRITICAL,SCADA_COMMAND_ANOMALY,SIEM-SENSOR-POWER,AST-POWER-031,2025-11-14T19:47:00,2025-11-14T20:27:00,2025-11-15T00:27:00,TRUE_POSITIVE,False,,ANALYST_RAO,True,True,True,CLOSED,DEMO/SYNTHETIC - NOT REAL GOVERNMENT DATA
CSE-POWER-01,ALT-POWER-2025-01089,2025-Q4,2025-11-01T15:49:00,HIGH,PRIVILEGE_ESCALATION,SIEM-SENSOR-POWER,AST-POWER-005,2025-11-01T16:04:00,2025-11-01T16:48:00,2025-11-01T20:48:00,FALSE_POSITIVE,False,,ANALYST_SINGH,True,True,True,CLOSED,DEMO/SYNTHETIC - NOT REAL GOVERNMENT DATA
CSE-POWER-01,ALT-POWER-2025-01090,2025-Q4,2025-11-11T14:57:00,CRITICAL,DATA_EXFILTRATION,SIEM-SENSOR-POWER,AST-POWER-072,2025-11-11T15:03:00,2025-11-11T15:28:00,2025-11-11T17:28:00,TRUE_POSITIVE,False,,ANALYST_RAO,True,True,True,CLOSED,DEMO/SYNTHETIC - NOT REAL GOVERNMENT DATA
CSE-POWER-01,ALT-POWER-2025-01091,2025-Q4,2025-10-22T05:21:00,LOW,SCADA_COMMAND_ANOMALY,SIEM-SENSOR-POWER,AST-POWER-038,2025-10-22T05:37:00,2025-10-22T06:17:00,2025-10-22T12:17:00,FALSE_POSITIVE,False,,ANALYST_SINGH,True,True,True,CLOSED,DEMO/SYNTHETIC - NOT REAL GOVERNMENT DATA
CSE-POWER-01,ALT-POWER-2025-01092,2025-Q4,2025-12-02T10:49:00,CRITICAL,SCADA_COMMAND_ANOMALY,SIEM-SENSOR-POWER,AST-POWER-062,2025-12-02T10:56:00,2025-12-02T11:30:00,2025-12-02T15:30:00,TRUE_POSITIVE,False,,ANALYST_PATEL,True,True,True,CLOSED,DEMO/SYNTHETIC - NOT REAL GOVERNMENT DATA
CSE-POWER-01,ALT-POWER-2025-01093,2025-Q4,2025-12-12T21:48:00,MEDIUM,DDOS_ATTACK,SIEM-SENSOR-POWER,AST-POWER-042,2025-12-12T21:56:00,2025-12-12T22:36:00,2025-12-13T04:36:00,FALSE_POSITIVE,False,,ANALYST_VERMA,True,True,True,CLOSED,DEMO/SYNTHETIC - NOT REAL GOVERNMENT DATA
CSE-POWER-01,ALT-POWER-2025-01094,2025-Q4,2025-12-14T18:39:00,CRITICAL,SCADA_COMMAND_ANOMALY,SIEM-SENSOR-POWER,AST-POWER-029,2025-12-14T18:51:00,2025-12-14T19:14:00,2025-12-14T21:14:00,TRUE_POSITIVE,False,,ANALYST_PATEL,True,True,True,CLOSED,DEMO/SYNTHETIC - NOT REAL GOVERNMENT DATA
CSE-POWER-01,ALT-POWER-2025-01095,2025-Q4,2025-11-26T00:03:00,HIGH,BRUTE_FORCE,SIEM-SENSOR-POWER,AST-POWER-044,2025-11-26T00:07:00,2025-11-26T00:52:00,2025-11-26T03:52:00,FALSE_POSITIVE,False,,ANALYST_PATEL,True,True,True,CLOSED,DEMO/SYNTHETIC - NOT REAL GOVERNMENT DATA
CSE-POWER-01,ALT-POWER-2025-01096,2025-Q4,2025-11-23T18:47:00,HIGH,PRIVILEGE_ESCALATION,SIEM-SENSOR-POWER,AST-POWER-029,2025-11-23T18:59:00,2025-11-23T19:16:00,2025-11-23T22:16:00,FALSE_POSITIVE,False,,ANALYST_PATEL,True,True,True,CLOSED,DEMO/SYNTHETIC - NOT REAL GOVERNMENT DATA
CSE-POWER-01,ALT-POWER-2025-01097,2025-Q4,2025-12-17T15:24:00,MEDIUM,PRIVILEGE_ESCALATION,SIEM-SENSOR-POWER,AST-POWER-021,2025-12-17T15:35:00,2025-12-17T16:03:00,2025-12-17T18:03:00,FALSE_POSITIVE,False,,ANALYST_PATEL,True,True,True,CLOSED,DEMO/SYNTHETIC - NOT REAL GOVERNMENT DATA
CSE-POWER-01,ALT-POWER-2025-01098,2025-Q4,2025-10-22T00:17:00,CRITICAL,SCADA_COMMAND_ANOMALY,SIEM-SENSOR-POWER,AST-POWER-003,2025-10-22T00:26:00,2025-10-22T00:47:00,2025-10-22T04:47:00,TRUE_POSITIVE,False,,ANALYST_SINGH,True,True,True,CLOSED,DEMO/SYNTHETIC - NOT REAL GOVERNMENT DATA
CSE-POWER-01,ALT-POWER-2025-01099,2025-Q4,2025-11-22T02:04:00,HIGH,POLICY_VIOLATION,SIEM-SENSOR-POWER,AST-POWER-068,2025-11-22T02:12:00,2025-11-22T02:41:00,2025-11-22T05:41:00,FALSE_POSITIVE,False,,ANALYST_SINGH,True,True,True,CLOSED,DEMO/SYNTHETIC - NOT REAL GOVERNMENT DATA
CSE-POWER-01,ALT-POWER-2025-01100,2025-Q4,2025-11-18T11:38:00,LOW,RANSOMWARE,SIEM-SENSOR-POWER,AST-POWER-085,2025-11-18T11:56:00,2025-11-18T12:12:00,2025-11-18T16:12:00,FALSE_POSITIVE,True,2025-11-18T12:42:00,ANALYST_VERMA,True,True,True,CLOSED,DEMO/SYNTHETIC - NOT REAL GOVERNMENT DATA
CSE-POWER-01,ALT-POWER-2025-01101,2025-Q4,2025-10-09T15:05:00,MEDIUM,DDOS_ATTACK,SIEM-SENSOR-POWER,AST-POWER-007,2025-10-09T15:13:00,2025-10-09T15:54:00,2025-10-09T18:54:00,FALSE_POSITIVE,True,2025-10-09T16:24:00,ANALYST_VERMA,True,True,True,CLOSED,DEMO/SYNTHETIC - NOT REAL GOVERNMENT DATA
CSE-POWER-01,ALT-POWER-2025-01102,2025-Q4,2025-11-07T09:05:00,HIGH,DATA_EXFILTRATION,SIEM-SENSOR-POWER,AST-POWER-032,2025-11-07T09:20:00,2025-11-07T09:36:00,2025-11-07T12:36:00,FALSE_POSITIVE,False,,ANALYST_SINGH,True,True,True,CLOSED,DEMO/SYNTHETIC - NOT REAL GOVERNMENT DATA
CSE-POWER-01,ALT-POWER-2025-01103,2025-Q4,2025-12-20T19:58:00,CRITICAL,SCADA_COMMAND_ANOMALY,SIEM-SENSOR-POWER,AST-POWER-071,2025-12-20T20:01:00,2025-12-20T20:39:00,2025-12-20T23:39:00,TRUE_POSITIVE,False,,ANALYST_PATEL,True,True,True,CLOSED,DEMO/SYNTHETIC - NOT REAL GOVERNMENT DATA
CSE-POWER-01,ALT-POWER-2025-01104,2025-Q4,2025-10-09T01:37:00,CRITICAL,SCADA_COMMAND_ANOMALY,SIEM-SENSOR-POWER,AST-POWER-053,2025-10-09T01:53:00,2025-10-09T02:33:00,2025-10-09T07:33:00,TRUE_POSITIVE,False,,ANALYST_SINGH,True,True,True,CLOSED,DEMO/SYNTHETIC - NOT REAL GOVERNMENT DATA
CSE-POWER-01,ALT-POWER-2025-01105,2025-Q4,2025-11-28T07:54:00,HIGH,POLICY_VIOLATION,SIEM-SENSOR-POWER,AST-POWER-049,2025-11-28T08:07:00,2025-11-28T08:33:00,2025-11-28T12:33:00,FALSE_POSITIVE,False,,ANALYST_RAO,True,True,True,CLOSED,DEMO/SYNTHETIC - NOT REAL GOVERNMENT DATA
CSE-POWER-01,ALT-POWER-2025-01106,2025-Q4,2025-10-08T06:16:00,LOW,SCADA_COMMAND_ANOMALY,SIEM-SENSOR-POWER,AST-POWER-015,2025-10-08T06:28:00,2025-10-08T07:08:00,2025-10-08T11:08:00,FALSE_POSITIVE,True,2025-10-08T07:38:00,ANALYST_PATEL,True,True,True,CLOSED,DEMO/SYNTHETIC - NOT REAL GOVERNMENT DATA
CSE-POWER-01,ALT-POWER-2025-01107,2025-Q4,2025-10-15T03:57:00,CRITICAL,SCADA_COMMAND_ANOMALY,SIEM-SENSOR-POWER,AST-POWER-027,2025-10-15T04:09:00,2025-10-15T04:35:00,2025-10-15T07:35:00,TRUE_POSITIVE,False,,ANALYST_PATEL,True,True,True,CLOSED,DEMO/SYNTHETIC - NOT REAL GOVERNMENT DATA
CSE-POWER-01,ALT-POWER-2025-01108,2025-Q4,2025-10-31T01:34:00,MEDIUM,MALWARE,SIEM-SENSOR-POWER,AST-POWER-025,2025-10-31T01:42:00,2025-10-31T02:17:00,2025-10-31T04:17:00,FALSE_POSITIVE,True,2025-10-31T02:47:00,ANALYST_VERMA,True,True,True,CLOSED,DEMO/SYNTHETIC - NOT REAL GOVERNMENT DATA
CSE-POWER-01,ALT-POWER-2025-01109,2025-Q4,2025-10-09T09:41:00,HIGH,PRIVILEGE_ESCALATION,SIEM-SENSOR-POWER,AST-POWER-004,2025-10-09T09:43:00,2025-10-09T10:02:00,2025-10-09T15:02:00,FALSE_POSITIVE,False,,ANALYST_SINGH,True,True,True,CLOSED,DEMO/SYNTHETIC - NOT REAL GOVERNMENT DATA
CSE-POWER-01,ALT-POWER-2025-01110,2025-Q4,2025-11-25T04:51:00,MEDIUM,UNAUTHORIZED_ACCESS,SIEM-SENSOR-POWER,AST-POWER-050,2025-11-25T05:02:00,2025-11-25T05:39:00,2025-11-25T07:39:00,FALSE_POSITIVE,False,,ANALYST_SINGH,True,True,True,CLOSED,DEMO/SYNTHETIC - NOT REAL GOVERNMENT DATA
CSE-POWER-01,ALT-POWER-2025-01111,2025-Q4,2025-11-08T09:52:00,HIGH,DDOS_ATTACK,SIEM-SENSOR-POWER,AST-POWER-021,2025-11-08T10:07:00,2025-11-08T10:52:00,2025-11-08T14:52:00,FALSE_POSITIVE,False,,ANALYST_SHARMA,True,True,True,CLOSED,DEMO/SYNTHETIC - NOT REAL GOVERNMENT DATA
CSE-POWER-01,ALT-POWER-2025-01112,2025-Q4,2025-11-01T23:16:00,MEDIUM,POLICY_VIOLATION,SIEM-SENSOR-POWER,AST-POWER-075,2025-11-01T23:25:00,2025-11-01T23:41:00,2025-11-02T02:41:00,FALSE_POSITIVE,False,,ANALYST_SINGH,True,True,True,CLOSED,DEMO/SYNTHETIC - NOT REAL GOVERNMENT DATA
CSE-POWER-01,ALT-POWER-2025-01113,2025-Q4,2025-12-12T10:52:00,HIGH,MALWARE,SIEM-SENSOR-POWER,AST-POWER-045,2025-12-12T10:55:00,2025-12-12T11:15:00,2025-12-12T14:15:00,FALSE_POSITIVE,False,,ANALYST_VERMA,True,True,True,CLOSED,DEMO/SYNTHETIC - NOT REAL GOVERNMENT DATA
CSE-POWER-01,ALT-POWER-2025-01114,2025-Q4,2025-11-16T16:39:00,CRITICAL,SCADA_COMMAND_ANOMALY,SIEM-SENSOR-POWER,AST-POWER-015,2025-11-16T16:52:00,2025-11-16T17:24:00,2025-11-16T20:24:00,TRUE_POSITIVE,False,,ANALYST_VERMA,True,True,True,CLOSED,DEMO/SYNTHETIC - NOT REAL GOVERNMENT DATA
CSE-POWER-01,ALT-POWER-2025-01115,2025-Q4,2025-12-08T08:33:00,LOW,SCADA_COMMAND_ANOMALY,SIEM-SENSOR-POWER,AST-POWER-078,2025-12-08T08:53:00,2025-12-08T09:29:00,2025-12-08T15:29:00,FALSE_POSITIVE,False,,ANALYST_SHARMA,True,True,True,CLOSED,DEMO/SYNTHETIC - NOT REAL GOVERNMENT DATA
CSE-POWER-01,ALT-POWER-2025-01116,2025-Q4,2025-12-17T11:05:00,HIGH,PRIVILEGE_ESCALATION,SIEM-SENSOR-POWER,AST-POWER-080,2025-12-17T11:09:00,2025-12-17T11:47:00,2025-12-17T17:47:00,FALSE_POSITIVE,False,,ANALYST_PATEL,True,True,True,CLOSED,DEMO/SYNTHETIC - NOT REAL GOVERNMENT DATA
CSE-POWER-01,ALT-POWER-2025-01117,2025-Q4,2025-11-20T21:18:00,LOW,DDOS_ATTACK,SIEM-SENSOR-POWER,AST-POWER-033,2025-11-20T21:24:00,2025-11-20T21:46:00,2025-11-21T03:46:00,FALSE_POSITIVE,True,2025-11-20T22:16:00,ANALYST_RAO,True,True,True,CLOSED,DEMO/SYNTHETIC - NOT REAL GOVERNMENT DATA
CSE-POWER-01,ALT-POWER-2025-01118,2025-Q4,2025-11-17T05:19:00,LOW,SCADA_COMMAND_ANOMALY,SIEM-SENSOR-POWER,AST-POWER-049,2025-11-17T05:38:00,2025-11-17T06:04:00,2025-11-17T10:04:00,FALSE_POSITIVE,False,,ANALYST_SINGH,True,True,True,CLOSED,DEMO/SYNTHETIC - NOT REAL GOVERNMENT DATA
CSE-POWER-01,ALT-POWER-2025-01119,2025-Q4,2025-10-09T16:37:00,HIGH,POLICY_VIOLATION,SIEM-SENSOR-POWER,AST-POWER-077,2025-10-09T16:40:00,2025-10-09T16:58:00,2025-10-09T20:58:00,FALSE_POSITIVE,False,,ANALYST_RAO,True,True,True,CLOSED,DEMO/SYNTHETIC - NOT REAL GOVERNMENT DATA
CSE-POWER-01,ALT-POWER-2025-01120,2025-Q4,2025-10-06T23:59:00,MEDIUM,RANSOMWARE,SIEM-SENSOR-POWER,AST-POWER-055,2025-10-07T00:05:00,2025-10-07T00:44:00,2025-10-07T04:44:00,FALSE_POSITIVE,False,,ANALYST_SINGH,True,True,True,CLOSED,DEMO/SYNTHETIC - NOT REAL GOVERNMENT DATA
CSE-POWER-01,ALT-POWER-2025-01121,2025-Q4,2025-12-04T22:01:00,CRITICAL,BRUTE_FORCE,SIEM-SENSOR-POWER,AST-POWER-060,2025-12-04T22:04:00,2025-12-04T22:45:00,2025-12-05T03:45:00,TRUE_POSITIVE,False,,ANALYST_SINGH,True,True,True,CLOSED,DEMO/SYNTHETIC - NOT REAL GOVERNMENT DATA
CSE-POWER-01,ALT-POWER-2025-01122,2025-Q4,2025-10-31T08:44:00,LOW,UNAUTHORIZED_ACCESS,SIEM-SENSOR-POWER,AST-POWER-032,2025-10-31T08:59:00,2025-10-31T09:17:00,2025-10-31T12:17:00,FALSE_POSITIVE,False,,ANALYST_SHARMA,True,True,True,CLOSED,DEMO/SYNTHETIC - NOT REAL GOVERNMENT DATA
CSE-POWER-01,ALT-POWER-2025-01123,2025-Q4,2025-12-02T18:39:00,CRITICAL,BRUTE_FORCE,SIEM-SENSOR-POWER,AST-POWER-050,2025-12-02T18:52:00,2025-12-02T19:22:00,2025-12-02T23:22:00,TRUE_POSITIVE,False,,ANALYST_RAO,True,True,True,CLOSED,DEMO/SYNTHETIC - NOT REAL GOVERNMENT DATA
CSE-POWER-01,ALT-POWER-2025-01124,2025-Q4,2025-10-23T15:22:00,HIGH,MALWARE,SIEM-SENSOR-POWER,AST-POWER-065,2025-10-23T15:28:00,2025-10-23T16:07:00,2025-10-23T22:07:00,FALSE_POSITIVE,False,,ANALYST_VERMA,True,True,True,CLOSED,DEMO/SYNTHETIC - NOT REAL GOVERNMENT DATA
CSE-POWER-01,ALT-POWER-2025-01125,2025-Q4,2025-12-02T21:57:00,HIGH,BRUTE_FORCE,SIEM-SENSOR-POWER,AST-POWER-046,2025-12-02T22:12:00,2025-12-02T22:56:00,2025-12-03T03:56:00,FALSE_POSITIVE,False,,ANALYST_SHARMA,True,True,True,CLOSED,DEMO/SYNTHETIC - NOT REAL GOVERNMENT DATA
CSE-POWER-01,ALT-POWER-2025-01126,2025-Q4,2025-12-05T02:22:00,HIGH,POLICY_VIOLATION,SIEM-SENSOR-POWER,AST-POWER-015,2025-12-05T02:35:00,2025-12-05T03:16:00,2025-12-05T08:16:00,FALSE_POSITIVE,False,,ANALYST_RAO,True,True,True,CLOSED,DEMO/SYNTHETIC - NOT REAL GOVERNMENT DATA
CSE-POWER-01,ALT-POWER-2025-01127,2025-Q4,2025-10-11T13:26:00,HIGH,DATA_EXFILTRATION,SIEM-SENSOR-POWER,AST-POWER-006,2025-10-11T13:35:00,2025-10-11T14:03:00,2025-10-11T17:03:00,FALSE_POSITIVE,False,,ANALYST_PATEL,True,True,True,CLOSED,DEMO/SYNTHETIC - NOT REAL GOVERNMENT DATA
CSE-POWER-01,ALT-POWER-2025-01128,2025-Q4,2025-11-22T20:00:00,HIGH,PRIVILEGE_ESCALATION,SIEM-SENSOR-POWER,AST-POWER-041,2025-11-22T20:15:00,2025-11-22T20:33:00,2025-11-22T22:33:00,FALSE_POSITIVE,True,2025-11-22T21:03:00,ANALYST_SHARMA,True,True,True,CLOSED,DEMO/SYNTHETIC - NOT REAL GOVERNMENT DATA
CSE-POWER-01,ALT-POWER-2025-01129,2025-Q4,2025-12-15T10:26:00,LOW,MALWARE,SIEM-SENSOR-POWER,AST-POWER-017,2025-12-15T10:39:00,2025-12-15T11:23:00,2025-12-15T13:23:00,FALSE_POSITIVE,False,,ANALYST_RAO,True,True,True,CLOSED,DEMO/SYNTHETIC - NOT REAL GOVERNMENT DATA
CSE-POWER-01,ALT-POWER-2025-01130,2025-Q4,2025-12-17T12:04:00,HIGH,BRUTE_FORCE,SIEM-SENSOR-POWER,AST-POWER-019,2025-12-17T12:24:00,2025-12-17T12:53:00,2025-12-17T16:53:00,FALSE_POSITIVE,False,,ANALYST_SINGH,True,True,True,CLOSED,DEMO/SYNTHETIC - NOT REAL GOVERNMENT DATA
CSE-POWER-01,ALT-POWER-2025-01131,2025-Q4,2025-11-19T18:31:00,HIGH,SCADA_COMMAND_ANOMALY,SIEM-SENSOR-POWER,AST-POWER-062,2025-11-19T18:49:00,2025-11-19T19:24:00,2025-11-20T01:24:00,FALSE_POSITIVE,False,,ANALYST_PATEL,True,True,True,CLOSED,DEMO/SYNTHETIC - NOT REAL GOVERNMENT DATA
CSE-POWER-01,ALT-POWER-2025-01132,2025-Q4,2025-10-26T02:36:00,HIGH,RANSOMWARE,SIEM-SENSOR-POWER,AST-POWER-008,2025-10-26T02:43:00,2025-10-26T03:13:00,2025-10-26T05:13:00,FALSE_POSITIVE,False,,ANALYST_RAO,True,True,True,CLOSED,DEMO/SYNTHETIC - NOT REAL GOVERNMENT DATA
CSE-POWER-01,ALT-POWER-2025-01133,2025-Q4,2025-10-27T12:36:00,LOW,MALWARE,SIEM-SENSOR-POWER,AST-POWER-024,2025-10-27T12:56:00,2025-10-27T13:34:00,2025-10-27T15:34:00,FALSE_POSITIVE,False,,ANALYST_RAO,True,True,True,CLOSED,DEMO/SYNTHETIC - NOT REAL GOVERNMENT DATA
CSE-POWER-01,ALT-POWER-2025-01134,2025-Q4,2025-10-01T03:08:00,HIGH,DDOS_ATTACK,SIEM-SENSOR-POWER,AST-POWER-076,2025-10-01T03:13:00,2025-10-01T03:43:00,2025-10-01T08:43:00,FALSE_POSITIVE,True,2025-10-01T04:13:00,ANALYST_SHARMA,True,True,True,CLOSED,DEMO/SYNTHETIC - NOT REAL GOVERNMENT DATA
CSE-POWER-01,ALT-POWER-2025-01135,2025-Q4,2025-10-14T19:05:00,HIGH,SCADA_COMMAND_ANOMALY,SIEM-SENSOR-POWER,AST-POWER-055,2025-10-14T19:21:00,2025-10-14T19:57:00,2025-10-14T21:57:00,FALSE_POSITIVE,False,,ANALYST_VERMA,True,True,True,CLOSED,DEMO/SYNTHETIC - NOT REAL GOVERNMENT DATA
CSE-POWER-01,ALT-POWER-2025-01136,2025-Q4,2025-11-16T21:22:00,CRITICAL,SCADA_COMMAND_ANOMALY,SIEM-SENSOR-POWER,AST-POWER-054,2025-11-16T21:29:00,2025-11-16T21:50:00,2025-11-16T23:50:00,TRUE_POSITIVE,False,,ANALYST_VERMA,True,True,True,CLOSED,DEMO/SYNTHETIC - NOT REAL GOVERNMENT DATA
CSE-POWER-01,ALT-POWER-2025-01137,2025-Q4,2025-11-22T06:22:00,HIGH,RANSOMWARE,SIEM-SENSOR-POWER,AST-POWER-083,2025-11-22T06:39:00,2025-11-22T07:08:00,2025-11-22T11:08:00,FALSE_POSITIVE,False,,ANALYST_RAO,True,True,True,CLOSED,DEMO/SYNTHETIC - NOT REAL GOVERNMENT DATA
CSE-POWER-01,ALT-POWER-2025-01138,2025-Q4,2025-11-07T05:49:00,MEDIUM,DATA_EXFILTRATION,SIEM-SENSOR-POWER,AST-POWER-009,2025-11-07T06:00:00,2025-11-07T06:43:00,2025-11-07T08:43:00,FALSE_POSITIVE,False,,ANALYST_SHARMA,True,True,True,CLOSED,DEMO/SYNTHETIC - NOT REAL GOVERNMENT DATA
CSE-POWER-01,ALT-POWER-2025-01139,2025-Q4,2025-10-28T23:10:00,HIGH,UNAUTHORIZED_ACCESS,SIEM-SENSOR-POWER,AST-POWER-028,2025-10-28T23:21:00,2025-10-29T00:00:00,2025-10-29T06:00:00,FALSE_POSITIVE,True,2025-10-29T00:30:00,ANALYST_VERMA,True,True,True,CLOSED,DEMO/SYNTHETIC - NOT REAL GOVERNMENT DATA
CSE-POWER-01,ALT-POWER-2025-01140,2025-Q4,2025-11-26T09:55:00,MEDIUM,DDOS_ATTACK,SIEM-SENSOR-POWER,AST-POWER-027,2025-11-26T10:01:00,2025-11-26T10:37:00,2025-11-26T13:37:00,FALSE_POSITIVE,False,,ANALYST_RAO,True,True,True,CLOSED,DEMO/SYNTHETIC - NOT REAL GOVERNMENT DATA
CSE-POWER-01,ALT-POWER-2025-01141,2025-Q4,2025-10-11T03:35:00,HIGH,MALWARE,SIEM-SENSOR-POWER,AST-POWER-002,2025-10-11T03:54:00,2025-10-11T04:09:00,2025-10-11T09:09:00,FALSE_POSITIVE,False,,ANALYST_VERMA,True,True,True,CLOSED,DEMO/SYNTHETIC - NOT REAL GOVERNMENT DATA
CSE-POWER-01,ALT-POWER-2025-01142,2025-Q4,2025-12-14T10:32:00,MEDIUM,DDOS_ATTACK,SIEM-SENSOR-POWER,AST-POWER-018,2025-12-14T10:51:00,2025-12-14T11:16:00,2025-12-14T14:16:00,FALSE_POSITIVE,False,,ANALYST_SHARMA,True,True,True,CLOSED,DEMO/SYNTHETIC - NOT REAL GOVERNMENT DATA
CSE-POWER-01,ALT-POWER-2025-01143,2025-Q4,2025-10-09T22:06:00,CRITICAL,SCADA_COMMAND_ANOMALY,SIEM-SENSOR-POWER,AST-POWER-011,2025-10-09T22:23:00,2025-10-09T23:03:00,2025-10-10T05:03:00,TRUE_POSITIVE,False,,ANALYST_SINGH,True,True,True,CLOSED,DEMO/SYNTHETIC - NOT REAL GOVERNMENT DATA
CSE-POWER-01,ALT-POWER-2025-01144,2025-Q4,2025-10-04T06:40:00,HIGH,DDOS_ATTACK,SIEM-SENSOR-POWER,AST-POWER-051,2025-10-04T06:54:00,2025-10-04T07:29:00,2025-10-04T13:29:00,FALSE_POSITIVE,False,,ANALYST_VERMA,True,True,True,CLOSED,DEMO/SYNTHETIC - NOT REAL GOVERNMENT DATA
CSE-POWER-01,ALT-POWER-2025-01145,2025-Q4,2025-10-23T16:04:00,MEDIUM,MALWARE,SIEM-SENSOR-POWER,AST-POWER-054,2025-10-23T16:24:00,2025-10-23T16:55:00,2025-10-23T20:55:00,FALSE_POSITIVE,False,,ANALYST_RAO,True,True,True,CLOSED,DEMO/SYNTHETIC - NOT REAL GOVERNMENT DATA
CSE-POWER-01,ALT-POWER-2025-01146,2025-Q4,2025-12-02T19:03:00,MEDIUM,DATA_EXFILTRATION,SIEM-SENSOR-POWER,AST-POWER-004,2025-12-02T19:20:00,2025-12-02T19:46:00,2025-12-02T22:46:00,FALSE_POSITIVE,False,,ANALYST_VERMA,True,True,True,CLOSED,DEMO/SYNTHETIC - NOT REAL GOVERNMENT DATA
CSE-POWER-01,ALT-POWER-2025-01147,2025-Q4,2025-10-14T21:12:00,CRITICAL,SCADA_COMMAND_ANOMALY,SIEM-SENSOR-POWER,AST-POWER-044,2025-10-14T21:28:00,2025-10-14T22:13:00,2025-10-15T02:13:00,TRUE_POSITIVE,False,,ANALYST_VERMA,True,True,True,CLOSED,DEMO/SYNTHETIC - NOT REAL GOVERNMENT DATA
CSE-POWER-01,ALT-POWER-2025-01148,2025-Q4,2025-11-23T14:53:00,CRITICAL,UNAUTHORIZED_ACCESS,SIEM-SENSOR-POWER,AST-POWER-032,2025-11-23T15:06:00,2025-11-23T15:33:00,2025-11-23T21:33:00,TRUE_POSITIVE,False,,ANALYST_SHARMA,True,True,True,CLOSED,DEMO/SYNTHETIC - NOT REAL GOVERNMENT DATA
CSE-POWER-01,ALT-POWER-2025-01149,2025-Q4,2025-11-28T17:03:00,HIGH,BRUTE_FORCE,SIEM-SENSOR-POWER,AST-POWER-017,2025-11-28T17:15:00,2025-11-28T17:34:00,2025-11-28T21:34:00,FALSE_POSITIVE,False,,ANALYST_SINGH,True,True,True,CLOSED,DEMO/SYNTHETIC - NOT REAL GOVERNMENT DATA
CSE-POWER-01,ALT-POWER-2025-01150,2025-Q4,2025-12-19T09:50:00,HIGH,BRUTE_FORCE,SIEM-SENSOR-POWER,AST-POWER-065,2025-12-19T09:57:00,2025-12-19T10:37:00,2025-12-19T16:37:00,FALSE_POSITIVE,False,,ANALYST_RAO,True,True,True,CLOSED,DEMO/SYNTHETIC - NOT REAL GOVERNMENT DATA
CSE-POWER-01,ALT-POWER-2025-01151,2025-Q4,2025-10-31T16:32:00,LOW,UNAUTHORIZED_ACCESS,SIEM-SENSOR-POWER,AST-POWER-010,2025-10-31T16:37:00,2025-10-31T17:00:00,2025-10-31T23:00:00,FALSE_POSITIVE,False,,ANALYST_RAO,True,True,True,CLOSED,DEMO/SYNTHETIC - NOT REAL GOVERNMENT DATA
CSE-POWER-01,ALT-POWER-2025-01152,2025-Q4,2025-11-04T18:05:00,CRITICAL,DDOS_ATTACK,SIEM-SENSOR-POWER,AST-POWER-046,2025-11-04T18:20:00,2025-11-04T19:01:00,2025-11-04T23:01:00,TRUE_POSITIVE,False,,ANALYST_SINGH,True,True,True,CLOSED,DEMO/SYNTHETIC - NOT REAL GOVERNMENT DATA
CSE-POWER-01,ALT-POWER-2025-01153,2025-Q4,2025-10-18T16:57:00,LOW,MALWARE,SIEM-SENSOR-POWER,AST-POWER-050,2025-10-18T17:17:00,2025-10-18T17:52:00,2025-10-18T21:52:00,FALSE_POSITIVE,False,,ANALYST_SHARMA,True,True,True,CLOSED,DEMO/SYNTHETIC - NOT REAL GOVERNMENT DATA
CSE-POWER-01,ALT-POWER-2025-01154,2025-Q4,2025-12-12T21:52:00,CRITICAL,MALWARE,SIEM-SENSOR-POWER,AST-POWER-073,2025-12-12T22:11:00,2025-12-12T22:53:00,2025-12-13T02:53:00,TRUE_POSITIVE,False,,ANALYST_RAO,True,True,True,CLOSED,DEMO/SYNTHETIC - NOT REAL GOVERNMENT DATA
CSE-POWER-01,ALT-POWER-2025-01155,2025-Q4,2025-12-14T09:12:00,MEDIUM,DATA_EXFILTRATION,SIEM-SENSOR-POWER,AST-POWER-041,2025-12-14T09:29:00,2025-12-14T10:10:00,2025-12-14T15:10:00,FALSE_POSITIVE,False,,ANALYST_SINGH,True,True,True,CLOSED,DEMO/SYNTHETIC - NOT REAL GOVERNMENT DATA
CSE-POWER-01,ALT-POWER-2025-01156,2025-Q4,2025-10-31T17:34:00,MEDIUM,PRIVILEGE_ESCALATION,SIEM-SENSOR-POWER,AST-POWER-081,2025-10-31T17:36:00,2025-10-31T18:15:00,2025-10-31T20:15:00,FALSE_POSITIVE,False,,ANALYST_RAO,True,True,True,CLOSED,DEMO/SYNTHETIC - NOT REAL GOVERNMENT DATA
CSE-POWER-01,ALT-POWER-2025-01157,2025-Q4,2025-10-12T22:23:00,HIGH,DDOS_ATTACK,SIEM-SENSOR-POWER,AST-POWER-057,2025-10-12T22:31:00,2025-10-12T22:50:00,2025-10-13T01:50:00,FALSE_POSITIVE,False,,ANALYST_PATEL,True,True,True,CLOSED,DEMO/SYNTHETIC - NOT REAL GOVERNMENT DATA
CSE-POWER-01,ALT-POWER-2025-01158,2025-Q4,2025-11-16T18:48:00,CRITICAL,BRUTE_FORCE,SIEM-SENSOR-POWER,AST-POWER-075,2025-11-16T18:52:00,2025-11-16T19:11:00,2025-11-17T00:11:00,TRUE_POSITIVE,False,,ANALYST_RAO,True,True,True,CLOSED,DEMO/SYNTHETIC - NOT REAL GOVERNMENT DATA
CSE-POWER-01,ALT-POWER-2025-01159,2025-Q4,2025-10-04T13:24:00,CRITICAL,RANSOMWARE,SIEM-SENSOR-POWER,AST-POWER-053,2025-10-04T13:42:00,2025-10-04T14:12:00,2025-10-04T20:12:00,TRUE_POSITIVE,False,,ANALYST_SHARMA,True,True,True,CLOSED,DEMO/SYNTHETIC - NOT REAL GOVERNMENT DATA
CSE-POWER-01,ALT-POWER-2025-01160,2025-Q4,2025-10-06T14:08:00,CRITICAL,SCADA_COMMAND_ANOMALY,SIEM-SENSOR-POWER,AST-POWER-029,2025-10-06T14:27:00,2025-10-06T15:12:00,2025-10-06T21:12:00,TRUE_POSITIVE,False,,ANALYST_VERMA,True,True,True,CLOSED,DEMO/SYNTHETIC - NOT REAL GOVERNMENT DATA
CSE-POWER-01,ALT-POWER-2025-01161,2025-Q4,2025-10-13T02:10:00,CRITICAL,DDOS_ATTACK,SIEM-SENSOR-POWER,AST-POWER-051,2025-10-13T02:25:00,2025-10-13T02:47:00,2025-10-13T07:47:00,TRUE_POSITIVE,False,,ANALYST_SINGH,True,True,True,CLOSED,DEMO/SYNTHETIC - NOT REAL GOVERNMENT DATA
CSE-POWER-01,ALT-POWER-2025-01162,2025-Q4,2025-10-21T00:12:00,MEDIUM,RANSOMWARE,SIEM-SENSOR-POWER,AST-POWER-038,2025-10-21T00:30:00,2025-10-21T00:52:00,2025-10-21T05:52:00,FALSE_POSITIVE,False,,ANALYST_RAO,True,True,True,CLOSED,DEMO/SYNTHETIC - NOT REAL GOVERNMENT DATA
CSE-POWER-01,ALT-POWER-2025-01163,2025-Q4,2025-11-28T20:06:00,HIGH,UNAUTHORIZED_ACCESS,SIEM-SENSOR-POWER,AST-POWER-045,2025-11-28T20:18:00,2025-11-28T20:48:00,2025-11-29T00:48:00,FALSE_POSITIVE,False,,ANALYST_SINGH,True,True,True,CLOSED,DEMO/SYNTHETIC - NOT REAL GOVERNMENT DATA
CSE-POWER-01,ALT-POWER-2025-01164,2025-Q4,2025-10-25T18:26:00,HIGH,UNAUTHORIZED_ACCESS,SIEM-SENSOR-POWER,AST-POWER-041,2025-10-25T18:40:00,2025-10-25T19:21:00,2025-10-26T00:21:00,FALSE_POSITIVE,True,2025-10-25T19:51:00,ANALYST_RAO,True,True,True,CLOSED,DEMO/SYNTHETIC - NOT REAL GOVERNMENT DATA
CSE-POWER-01,ALT-POWER-2025-01165,2025-Q4,2025-11-01T02:25:00,HIGH,UNAUTHORIZED_ACCESS,SIEM-SENSOR-POWER,AST-POWER-076,2025-11-01T02:35:00,2025-11-01T03:03:00,2025-11-01T09:03:00,FALSE_POSITIVE,False,,ANALYST_RAO,True,True,True,CLOSED,DEMO/SYNTHETIC - NOT REAL GOVERNMENT DATA
CSE-POWER-01,ALT-POWER-2025-01166,2025-Q4,2025-12-03T23:15:00,MEDIUM,UNAUTHORIZED_ACCESS,SIEM-SENSOR-POWER,AST-POWER-046,2025-12-03T23:33:00,2025-12-04T00:01:00,2025-12-04T06:01:00,FALSE_POSITIVE,True,2025-12-04T00:31:00,ANALYST_PATEL,True,True,True,CLOSED,DEMO/SYNTHETIC - NOT REAL GOVERNMENT DATA
CSE-POWER-01,ALT-POWER-2025-01167,2025-Q4,2025-11-12T06:06:00,CRITICAL,SCADA_COMMAND_ANOMALY,SIEM-SENSOR-POWER,AST-POWER-023,2025-11-12T06:21:00,2025-11-12T06:40:00,2025-11-12T10:40:00,TRUE_POSITIVE,False,,ANALYST_SINGH,True,True,True,CLOSED,DEMO/SYNTHETIC - NOT REAL GOVERNMENT DATA
CSE-POWER-01,ALT-POWER-2025-01168,2025-Q4,2025-11-04T15:49:00,HIGH,UNAUTHORIZED_ACCESS,SIEM-SENSOR-POWER,AST-POWER-005,2025-11-04T16:01:00,2025-11-04T16:32:00,2025-11-04T18:32:00,FALSE_POSITIVE,False,,ANALYST_PATEL,True,True,True,CLOSED,DEMO/SYNTHETIC - NOT REAL GOVERNMENT DATA
CSE-POWER-01,ALT-POWER-2025-01169,2025-Q4,2025-10-12T09:24:00,CRITICAL,SCADA_COMMAND_ANOMALY,SIEM-SENSOR-POWER,AST-POWER-060,2025-10-12T09:27:00,2025-10-12T09:42:00,2025-10-12T11:42:00,TRUE_POSITIVE,False,,ANALYST_SHARMA,True,True,True,CLOSED,DEMO/SYNTHETIC - NOT REAL GOVERNMENT DATA
CSE-POWER-01,ALT-POWER-2025-01170,2025-Q4,2025-12-14T21:03:00,LOW,UNAUTHORIZED_ACCESS,SIEM-SENSOR-POWER,AST-POWER-058,2025-12-14T21:21:00,2025-12-14T21:52:00,2025-12-15T01:52:00,FALSE_POSITIVE,False,,ANALYST_VERMA,True,True,True,CLOSED,DEMO/SYNTHETIC - NOT REAL GOVERNMENT DATA
CSE-POWER-01,ALT-POWER-2025-01171,2025-Q4,2025-10-30T20:19:00,MEDIUM,DATA_EXFILTRATION,SIEM-SENSOR-POWER,AST-POWER-032,2025-10-30T20:39:00,2025-10-30T21:01:00,2025-10-31T03:01:00,FALSE_POSITIVE,False,,ANALYST_SINGH,True,True,True,CLOSED,DEMO/SYNTHETIC - NOT REAL GOVERNMENT DATA
CSE-POWER-01,ALT-POWER-2025-01172,2025-Q4,2025-12-17T08:06:00,CRITICAL,SCADA_COMMAND_ANOMALY,SIEM-SENSOR-POWER,AST-POWER-041,2025-12-17T08:20:00,2025-12-17T08:50:00,2025-12-17T10:50:00,TRUE_POSITIVE,False,,ANALYST_PATEL,True,True,True,CLOSED,DEMO/SYNTHETIC - NOT REAL GOVERNMENT DATA
CSE-POWER-01,ALT-POWER-2025-01173,2025-Q4,2025-12-07T07:09:00,CRITICAL,PRIVILEGE_ESCALATION,SIEM-SENSOR-POWER,AST-POWER-038,2025-12-07T07:28:00,2025-12-07T08:03:00,2025-12-07T12:03:00,TRUE_POSITIVE,False,,ANALYST_VERMA,True,True,True,CLOSED,DEMO/SYNTHETIC - NOT REAL GOVERNMENT DATA
CSE-POWER-01,ALT-POWER-2025-01174,2025-Q4,2025-10-23T11:40:00,CRITICAL,SCADA_COMMAND_ANOMALY,SIEM-SENSOR-POWER,AST-POWER-075,2025-10-23T11:48:00,2025-10-23T12:27:00,2025-10-23T16:27:00,TRUE_POSITIVE,False,,ANALYST_SHARMA,True,True,True,CLOSED,DEMO/SYNTHETIC - NOT REAL GOVERNMENT DATA
CSE-POWER-01,ALT-POWER-2025-01175,2025-Q4,2025-12-16T09:55:00,MEDIUM,DATA_EXFILTRATION,SIEM-SENSOR-POWER,AST-POWER-022,2025-12-16T10:06:00,2025-12-16T10:23:00,2025-12-16T13:23:00,FALSE_POSITIVE,False,,ANALYST_PATEL,True,True,True,CLOSED,DEMO/SYNTHETIC - NOT REAL GOVERNMENT DATA
CSE-POWER-01,ALT-POWER-2025-01176,2025-Q4,2025-12-19T23:52:00,HIGH,RANSOMWARE,SIEM-SENSOR-POWER,AST-POWER-018,2025-12-20T00:11:00,2025-12-20T00:43:00,2025-12-20T05:43:00,FALSE_POSITIVE,False,,ANALYST_VERMA,True,True,True,CLOSED,DEMO/SYNTHETIC - NOT REAL GOVERNMENT DATA
CSE-POWER-01,ALT-POWER-2025-01177,2025-Q4,2025-11-29T12:54:00,HIGH,DDOS_ATTACK,SIEM-SENSOR-POWER,AST-POWER-022,2025-11-29T13:14:00,2025-11-29T13:59:00,2025-11-29T17:59:00,FALSE_POSITIVE,False,,ANALYST_PATEL,True,True,True,CLOSED,DEMO/SYNTHETIC - NOT REAL GOVERNMENT DATA
CSE-POWER-01,ALT-POWER-2025-01178,2025-Q4,2025-10-10T06:49:00,LOW,DATA_EXFILTRATION,SIEM-SENSOR-POWER,AST-POWER-003,2025-10-10T07:09:00,2025-10-10T07:43:00,2025-10-10T12:43:00,FALSE_POSITIVE,False,,ANALYST_VERMA,True,True,True,CLOSED,DEMO/SYNTHETIC - NOT REAL GOVERNMENT DATA
CSE-POWER-01,ALT-POWER-2025-01179,2025-Q4,2025-11-06T09:42:00,MEDIUM,RANSOMWARE,SIEM-SENSOR-POWER,AST-POWER-003,2025-11-06T09:47:00,2025-11-06T10:18:00,2025-11-06T13:18:00,FALSE_POSITIVE,False,,ANALYST_PATEL,True,True,True,CLOSED,DEMO/SYNTHETIC - NOT REAL GOVERNMENT DATA
CSE-POWER-01,ALT-POWER-2025-01180,2025-Q4,2025-12-12T21:13:00,MEDIUM,POLICY_VIOLATION,SIEM-SENSOR-POWER,AST-POWER-002,2025-12-12T21:27:00,2025-12-12T22:06:00,2025-12-13T03:06:00,FALSE_POSITIVE,True,2025-12-12T22:36:00,ANALYST_VERMA,True,True,True,CLOSED,DEMO/SYNTHETIC - NOT REAL GOVERNMENT DATA
CSE-POWER-01,ALT-POWER-2025-01181,2025-Q4,2025-10-01T15:07:00,HIGH,DATA_EXFILTRATION,SIEM-SENSOR-POWER,AST-POWER-072,2025-10-01T15:26:00,2025-10-01T15:51:00,2025-10-01T17:51:00,FALSE_POSITIVE,True,2025-10-01T16:21:00,ANALYST_SHARMA,True,True,True,CLOSED,DEMO/SYNTHETIC - NOT REAL GOVERNMENT DATA
CSE-POWER-01,ALT-POWER-2025-01182,2025-Q4,2025-10-14T02:52:00,HIGH,DDOS_ATTACK,SIEM-SENSOR-POWER,AST-POWER-008,2025-10-14T03:08:00,2025-10-14T03:49:00,2025-10-14T08:49:00,FALSE_POSITIVE,False,,ANALYST_RAO,True,True,True,CLOSED,DEMO/SYNTHETIC - NOT REAL GOVERNMENT DATA
CSE-POWER-01,ALT-POWER-2025-01183,2025-Q4,2025-11-27T15:04:00,HIGH,SCADA_COMMAND_ANOMALY,SIEM-SENSOR-POWER,AST-POWER-071,2025-11-27T15:10:00,2025-11-27T15:49:00,2025-11-27T17:49:00,FALSE_POSITIVE,False,,ANALYST_PATEL,True,True,True,CLOSED,DEMO/SYNTHETIC - NOT REAL GOVERNMENT DATA
CSE-POWER-01,ALT-POWER-2025-01184,2025-Q4,2025-10-08T04:33:00,LOW,POLICY_VIOLATION,SIEM-SENSOR-POWER,AST-POWER-041,2025-10-08T04:43:00,2025-10-08T04:59:00,2025-10-08T08:59:00,FALSE_POSITIVE,False,,ANALYST_SINGH,True,True,True,CLOSED,DEMO/SYNTHETIC - NOT REAL GOVERNMENT DATA
CSE-POWER-01,ALT-POWER-2025-01185,2025-Q4,2025-10-24T07:43:00,MEDIUM,RANSOMWARE,SIEM-SENSOR-POWER,AST-POWER-054,2025-10-24T07:57:00,2025-10-24T08:26:00,2025-10-24T13:26:00,FALSE_POSITIVE,False,,ANALYST_SHARMA,True,True,True,CLOSED,DEMO/SYNTHETIC - NOT REAL GOVERNMENT DATA
CSE-POWER-01,ALT-POWER-2025-01186,2025-Q4,2025-10-22T08:48:00,HIGH,MALWARE,SIEM-SENSOR-POWER,AST-POWER-049,2025-10-22T09:00:00,2025-10-22T09:39:00,2025-10-22T14:39:00,FALSE_POSITIVE,True,2025-10-22T10:09:00,ANALYST_RAO,True,True,True,CLOSED,DEMO/SYNTHETIC - NOT REAL GOVERNMENT DATA
CSE-POWER-01,ALT-POWER-2025-01187,2025-Q4,2025-11-21T09:36:00,MEDIUM,POLICY_VIOLATION,SIEM-SENSOR-POWER,AST-POWER-034,2025-11-21T09:41:00,2025-11-21T10:18:00,2025-11-21T14:18:00,FALSE_POSITIVE,False,,ANALYST_RAO,True,True,True,CLOSED,DEMO/SYNTHETIC - NOT REAL GOVERNMENT DATA
CSE-POWER-01,ALT-POWER-2025-01188,2025-Q4,2025-10-23T11:28:00,MEDIUM,DATA_EXFILTRATION,SIEM-SENSOR-POWER,AST-POWER-067,2025-10-23T11:34:00,2025-10-23T12:16:00,2025-10-23T16:16:00,FALSE_POSITIVE,True,2025-10-23T12:46:00,ANALYST_PATEL,True,True,True,CLOSED,DEMO/SYNTHETIC - NOT REAL GOVERNMENT DATA
CSE-POWER-01,ALT-POWER-2025-01189,2025-Q4,2025-12-17T18:03:00,MEDIUM,SCADA_COMMAND_ANOMALY,SIEM-SENSOR-POWER,AST-POWER-047,2025-12-17T18:08:00,2025-12-17T18:49:00,2025-12-17T20:49:00,FALSE_POSITIVE,False,,ANALYST_SHARMA,True,True,True,CLOSED,DEMO/SYNTHETIC - NOT REAL GOVERNMENT DATA
CSE-POWER-01,ALT-POWER-2025-01190,2025-Q4,2025-11-01T07:34:00,LOW,BRUTE_FORCE,SIEM-SENSOR-POWER,AST-POWER-041,2025-11-01T07:49:00,2025-11-01T08:13:00,2025-11-01T13:13:00,FALSE_POSITIVE,False,,ANALYST_SINGH,True,True,True,CLOSED,DEMO/SYNTHETIC - NOT REAL GOVERNMENT DATA
CSE-POWER-01,ALT-POWER-2025-01191,2025-Q4,2025-11-17T01:42:00,HIGH,SCADA_COMMAND_ANOMALY,SIEM-SENSOR-POWER,AST-POWER-002,2025-11-17T02:01:00,2025-11-17T02:22:00,2025-11-17T08:22:00,FALSE_POSITIVE,False,,ANALYST_PATEL,True,True,True,CLOSED,DEMO/SYNTHETIC - NOT REAL GOVERNMENT DATA
CSE-POWER-01,ALT-POWER-2025-01192,2025-Q4,2025-10-09T18:14:00,HIGH,PRIVILEGE_ESCALATION,SIEM-SENSOR-POWER,AST-POWER-008,2025-10-09T18:31:00,2025-10-09T18:56:00,2025-10-10T00:56:00,FALSE_POSITIVE,False,,ANALYST_VERMA,True,True,True,CLOSED,DEMO/SYNTHETIC - NOT REAL GOVERNMENT DATA
CSE-POWER-01,ALT-POWER-2025-01193,2025-Q4,2025-10-07T07:58:00,MEDIUM,PRIVILEGE_ESCALATION,SIEM-SENSOR-POWER,AST-POWER-049,2025-10-07T08:07:00,2025-10-07T08:49:00,2025-10-07T11:49:00,FALSE_POSITIVE,False,,ANALYST_VERMA,True,True,True,CLOSED,DEMO/SYNTHETIC - NOT REAL GOVERNMENT DATA
CSE-POWER-01,ALT-POWER-2025-01194,2025-Q4,2025-11-01T09:39:00,LOW,PRIVILEGE_ESCALATION,SIEM-SENSOR-POWER,AST-POWER-018,2025-11-01T09:51:00,2025-11-01T10:20:00,2025-11-01T12:20:00,FALSE_POSITIVE,False,,ANALYST_RAO,True,True,True,CLOSED,DEMO/SYNTHETIC - NOT REAL GOVERNMENT DATA
CSE-POWER-01,ALT-POWER-2025-01195,2025-Q4,2025-11-13T23:30:00,LOW,MALWARE,SIEM-SENSOR-POWER,AST-POWER-052,2025-11-13T23:49:00,2025-11-14T00:21:00,2025-11-14T02:21:00,FALSE_POSITIVE,False,,ANALYST_VERMA,True,True,True,CLOSED,DEMO/SYNTHETIC - NOT REAL GOVERNMENT DATA
CSE-POWER-01,ALT-POWER-2025-01196,2025-Q4,2025-10-22T08:43:00,MEDIUM,MALWARE,SIEM-SENSOR-POWER,AST-POWER-060,2025-10-22T08:57:00,2025-10-22T09:15:00,2025-10-22T15:15:00,FALSE_POSITIVE,False,,ANALYST_SHARMA,True,True,True,CLOSED,DEMO/SYNTHETIC - NOT REAL GOVERNMENT DATA
CSE-POWER-01,ALT-POWER-2025-01197,2025-Q4,2025-10-21T22:59:00,MEDIUM,DDOS_ATTACK,SIEM-SENSOR-POWER,AST-POWER-075,2025-10-21T23:09:00,2025-10-21T23:39:00,2025-10-22T04:39:00,FALSE_POSITIVE,False,,ANALYST_SINGH,True,True,True,CLOSED,DEMO/SYNTHETIC - NOT REAL GOVERNMENT DATA
CSE-POWER-01,ALT-POWER-2025-01198,2025-Q4,2025-10-28T20:30:00,CRITICAL,PRIVILEGE_ESCALATION,SIEM-SENSOR-POWER,AST-POWER-084,2025-10-28T20:47:00,2025-10-28T21:19:00,2025-10-29T02:19:00,TRUE_POSITIVE,False,,ANALYST_RAO,True,True,True,CLOSED,DEMO/SYNTHETIC - NOT REAL GOVERNMENT DATA
CSE-POWER-01,ALT-POWER-2025-01199,2025-Q4,2025-10-24T13:33:00,CRITICAL,RANSOMWARE,SIEM-SENSOR-POWER,AST-POWER-016,2025-10-24T13:39:00,2025-10-24T13:59:00,2025-10-24T19:59:00,TRUE_POSITIVE,False,,ANALYST_PATEL,True,True,True,CLOSED,DEMO/SYNTHETIC - NOT REAL GOVERNMENT DATA
CSE-POWER-01,ALT-POWER-2025-01200,2025-Q4,2025-11-05T02:49:00,MEDIUM,MALWARE,SIEM-SENSOR-POWER,AST-POWER-029,2025-11-05T03:07:00,2025-11-05T03:46:00,2025-11-05T05:46:00,FALSE_POSITIVE,False,,ANALYST_VERMA,True,True,True,CLOSED,DEMO/SYNTHETIC - NOT REAL GOVERNMENT DATA
CSE-POWER-01,ALT-POWER-2025-01201,2025-Q4,2025-11-20T05:22:00,CRITICAL,SCADA_COMMAND_ANOMALY,SIEM-SENSOR-POWER,AST-POWER-013,2025-11-20T05:35:00,2025-11-20T05:58:00,2025-11-20T09:58:00,TRUE_POSITIVE,False,,ANALYST_PATEL,True,True,True,CLOSED,DEMO/SYNTHETIC - NOT REAL GOVERNMENT DATA
CSE-POWER-01,ALT-POWER-2025-01202,2025-Q4,2025-11-17T08:04:00,MEDIUM,MALWARE,SIEM-SENSOR-POWER,AST-POWER-041,2025-11-17T08:22:00,2025-11-17T09:05:00,2025-11-17T12:05:00,FALSE_POSITIVE,True,2025-11-17T09:35:00,ANALYST_PATEL,True,True,True,CLOSED,DEMO/SYNTHETIC - NOT REAL GOVERNMENT DATA
CSE-POWER-01,ALT-POWER-2025-01203,2025-Q4,2025-10-07T07:22:00,HIGH,UNAUTHORIZED_ACCESS,SIEM-SENSOR-POWER,AST-POWER-026,2025-10-07T07:40:00,2025-10-07T07:59:00,2025-10-07T12:59:00,FALSE_POSITIVE,False,,ANALYST_VERMA,True,True,True,CLOSED,DEMO/SYNTHETIC - NOT REAL GOVERNMENT DATA
CSE-POWER-01,ALT-POWER-2025-01204,2025-Q4,2025-11-11T21:19:00,LOW,UNAUTHORIZED_ACCESS,SIEM-SENSOR-POWER,AST-POWER-040,2025-11-11T21:39:00,2025-11-11T22:20:00,2025-11-12T04:20:00,FALSE_POSITIVE,False,,ANALYST_SINGH,True,True,True,CLOSED,DEMO/SYNTHETIC - NOT REAL GOVERNMENT DATA
CSE-POWER-01,ALT-POWER-2025-01205,2025-Q4,2025-10-13T13:53:00,MEDIUM,DDOS_ATTACK,SIEM-SENSOR-POWER,AST-POWER-084,2025-10-13T13:57:00,2025-10-13T14:18:00,2025-10-13T17:18:00,FALSE_POSITIVE,False,,ANALYST_VERMA,True,True,True,CLOSED,DEMO/SYNTHETIC - NOT REAL GOVERNMENT DATA
CSE-POWER-01,ALT-POWER-2025-01206,2025-Q4,2025-10-08T16:26:00,CRITICAL,SCADA_COMMAND_ANOMALY,SIEM-SENSOR-POWER,AST-POWER-069,2025-10-08T16:40:00,2025-10-08T17:04:00,2025-10-08T20:04:00,TRUE_POSITIVE,False,,ANALYST_RAO,True,True,True,CLOSED,DEMO/SYNTHETIC - NOT REAL GOVERNMENT DATA
CSE-POWER-01,ALT-POWER-2025-01207,2025-Q4,2025-11-08T14:24:00,CRITICAL,SCADA_COMMAND_ANOMALY,SIEM-SENSOR-POWER,AST-POWER-023,2025-11-08T14:26:00,2025-11-08T14:59:00,2025-11-08T17:59:00,TRUE_POSITIVE,False,,ANALYST_VERMA,True,True,True,CLOSED,DEMO/SYNTHETIC - NOT REAL GOVERNMENT DATA
CSE-POWER-01,ALT-POWER-2025-01208,2025-Q4,2025-11-16T17:28:00,CRITICAL,SCADA_COMMAND_ANOMALY,SIEM-SENSOR-POWER,AST-POWER-084,2025-11-16T17:42:00,2025-11-16T18:11:00,2025-11-16T21:11:00,TRUE_POSITIVE,False,,ANALYST_RAO,True,True,True,CLOSED,DEMO/SYNTHETIC - NOT REAL GOVERNMENT DATA
CSE-POWER-01,ALT-POWER-2025-01209,2025-Q4,2025-11-20T06:04:00,HIGH,RANSOMWARE,SIEM-SENSOR-POWER,AST-POWER-003,2025-11-20T06:15:00,2025-11-20T06:42:00,2025-11-20T08:42:00,FALSE_POSITIVE,True,2025-11-20T07:12:00,ANALYST_PATEL,True,True,True,CLOSED,DEMO/SYNTHETIC - NOT REAL GOVERNMENT DATA
CSE-POWER-01,ALT-POWER-2025-01210,2025-Q4,2025-10-21T23:25:00,LOW,MALWARE,SIEM-SENSOR-POWER,AST-POWER-066,2025-10-21T23:34:00,2025-10-22T00:19:00,2025-10-22T03:19:00,FALSE_POSITIVE,False,,ANALYST_SHARMA,True,True,True,CLOSED,DEMO/SYNTHETIC - NOT REAL GOVERNMENT DATA
CSE-POWER-01,ALT-POWER-2025-01211,2025-Q4,2025-12-17T01:32:00,MEDIUM,DATA_EXFILTRATION,SIEM-SENSOR-POWER,AST-POWER-064,2025-12-17T01:52:00,2025-12-17T02:09:00,2025-12-17T04:09:00,FALSE_POSITIVE,False,,ANALYST_RAO,True,True,True,CLOSED,DEMO/SYNTHETIC - NOT REAL GOVERNMENT DATA
CSE-POWER-01,ALT-POWER-2025-01212,2025-Q4,2025-11-02T20:45:00,CRITICAL,UNAUTHORIZED_ACCESS,SIEM-SENSOR-POWER,AST-POWER-030,2025-11-02T20:48:00,2025-11-02T21:25:00,2025-11-02T23:25:00,TRUE_POSITIVE,False,,ANALYST_SHARMA,True,True,True,CLOSED,DEMO/SYNTHETIC - NOT REAL GOVERNMENT DATA
CSE-POWER-01,ALT-POWER-2025-01213,2025-Q4,2025-11-19T13:15:00,MEDIUM,DDOS_ATTACK,SIEM-SENSOR-POWER,AST-POWER-023,2025-11-19T13:33:00,2025-11-19T13:56:00,2025-11-19T17:56:00,FALSE_POSITIVE,False,,ANALYST_VERMA,True,True,True,CLOSED,DEMO/SYNTHETIC - NOT REAL GOVERNMENT DATA
CSE-POWER-01,ALT-POWER-2025-01214,2025-Q4,2025-11-07T00:34:00,MEDIUM,POLICY_VIOLATION,SIEM-SENSOR-POWER,AST-POWER-079,2025-11-07T00:40:00,2025-11-07T01:00:00,2025-11-07T07:00:00,FALSE_POSITIVE,False,,ANALYST_SINGH,True,True,True,CLOSED,DEMO/SYNTHETIC - NOT REAL GOVERNMENT DATA
CSE-POWER-01,ALT-POWER-2025-01215,2025-Q4,2025-10-14T20:00:00,HIGH,SCADA_COMMAND_ANOMALY,SIEM-SENSOR-POWER,AST-POWER-055,2025-10-14T20:03:00,2025-10-14T20:30:00,2025-10-15T01:30:00,FALSE_POSITIVE,False,,ANALYST_SHARMA,True,True,True,CLOSED,DEMO/SYNTHETIC - NOT REAL GOVERNMENT DATA
CSE-POWER-01,ALT-POWER-2025-01216,2025-Q4,2025-10-08T05:55:00,HIGH,UNAUTHORIZED_ACCESS,SIEM-SENSOR-POWER,AST-POWER-038,2025-10-08T06:15:00,2025-10-08T06:30:00,2025-10-08T08:30:00,FALSE_POSITIVE,False,,ANALYST_SINGH,True,True,True,CLOSED,DEMO/SYNTHETIC - NOT REAL GOVERNMENT DATA
CSE-POWER-01,ALT-POWER-2025-01217,2025-Q4,2025-12-18T21:21:00,CRITICAL,BRUTE_FORCE,SIEM-SENSOR-POWER,AST-POWER-049,2025-12-18T21:32:00,2025-12-18T21:55:00,2025-12-18T23:55:00,TRUE_POSITIVE,False,,ANALYST_VERMA,True,True,True,CLOSED,DEMO/SYNTHETIC - NOT REAL GOVERNMENT DATA
CSE-POWER-01,ALT-POWER-2025-01218,2025-Q4,2025-10-04T13:24:00,MEDIUM,SCADA_COMMAND_ANOMALY,SIEM-SENSOR-POWER,AST-POWER-070,2025-10-04T13:36:00,2025-10-04T14:06:00,2025-10-04T17:06:00,FALSE_POSITIVE,False,,ANALYST_RAO,True,True,True,CLOSED,DEMO/SYNTHETIC - NOT REAL GOVERNMENT DATA
CSE-POWER-01,ALT-POWER-2025-01219,2025-Q4,2025-10-10T13:22:00,CRITICAL,SCADA_COMMAND_ANOMALY,SIEM-SENSOR-POWER,AST-POWER-036,2025-10-10T13:30:00,2025-10-10T14:09:00,2025-10-10T20:09:00,TRUE_POSITIVE,False,,ANALYST_VERMA,True,True,True,CLOSED,DEMO/SYNTHETIC - NOT REAL GOVERNMENT DATA
CSE-POWER-01,ALT-POWER-2025-01220,2025-Q4,2025-12-13T06:22:00,HIGH,DATA_EXFILTRATION,SIEM-SENSOR-POWER,AST-POWER-002,2025-12-13T06:26:00,2025-12-13T07:06:00,2025-12-13T09:06:00,FALSE_POSITIVE,False,,ANALYST_SINGH,True,True,True,CLOSED,DEMO/SYNTHETIC - NOT REAL GOVERNMENT DATA
CSE-POWER-01,ALT-POWER-2025-01221,2025-Q4,2025-10-02T21:29:00,MEDIUM,SCADA_COMMAND_ANOMALY,SIEM-SENSOR-POWER,AST-POWER-048,2025-10-02T21:36:00,2025-10-02T21:58:00,2025-10-02T23:58:00,FALSE_POSITIVE,False,,ANALYST_SHARMA,True,True,True,CLOSED,DEMO/SYNTHETIC - NOT REAL GOVERNMENT DATA
CSE-POWER-01,ALT-POWER-2025-01222,2025-Q4,2025-10-04T13:27:00,HIGH,DATA_EXFILTRATION,SIEM-SENSOR-POWER,AST-POWER-070,2025-10-04T13:36:00,2025-10-04T14:20:00,2025-10-04T17:20:00,FALSE_POSITIVE,False,,ANALYST_RAO,True,True,True,CLOSED,DEMO/SYNTHETIC - NOT REAL GOVERNMENT DATA
CSE-POWER-01,ALT-POWER-2025-01223,2025-Q4,2025-10-16T15:48:00,CRITICAL,SCADA_COMMAND_ANOMALY,SIEM-SENSOR-POWER,AST-POWER-041,2025-10-16T15:58:00,2025-10-16T16:36:00,2025-10-16T18:36:00,TRUE_POSITIVE,False,,ANALYST_RAO,True,True,True,CLOSED,DEMO/SYNTHETIC - NOT REAL GOVERNMENT DATA
CSE-POWER-01,ALT-POWER-2025-01224,2025-Q4,2025-10-22T18:58:00,MEDIUM,SCADA_COMMAND_ANOMALY,SIEM-SENSOR-POWER,AST-POWER-022,2025-10-22T19:18:00,2025-10-22T19:38:00,2025-10-22T22:38:00,FALSE_POSITIVE,True,2025-10-22T20:08:00,ANALYST_RAO,True,True,True,CLOSED,DEMO/SYNTHETIC - NOT REAL GOVERNMENT DATA
CSE-POWER-01,ALT-POWER-2025-01225,2025-Q4,2025-12-04T21:57:00,HIGH,PRIVILEGE_ESCALATION,SIEM-SENSOR-POWER,AST-POWER-084,2025-12-04T22:00:00,2025-12-04T22:31:00,2025-12-05T04:31:00,FALSE_POSITIVE,False,,ANALYST_VERMA,True,True,True,CLOSED,DEMO/SYNTHETIC - NOT REAL GOVERNMENT DATA
CSE-POWER-01,ALT-POWER-2025-01226,2025-Q4,2025-11-15T04:07:00,MEDIUM,DDOS_ATTACK,SIEM-SENSOR-POWER,AST-POWER-071,2025-11-15T04:12:00,2025-11-15T04:53:00,2025-11-15T07:53:00,FALSE_POSITIVE,False,,ANALYST_SHARMA,True,True,True,CLOSED,DEMO/SYNTHETIC - NOT REAL GOVERNMENT DATA
CSE-POWER-01,ALT-POWER-2025-01227,2025-Q4,2025-11-12T01:54:00,HIGH,UNAUTHORIZED_ACCESS,SIEM-SENSOR-POWER,AST-POWER-062,2025-11-12T02:00:00,2025-11-12T02:23:00,2025-11-12T08:23:00,FALSE_POSITIVE,True,2025-11-12T02:53:00,ANALYST_VERMA,True,True,True,CLOSED,DEMO/SYNTHETIC - NOT REAL GOVERNMENT DATA
CSE-POWER-01,ALT-POWER-2025-01228,2025-Q4,2025-12-16T09:15:00,CRITICAL,MALWARE,SIEM-SENSOR-POWER,AST-POWER-047,2025-12-16T09:22:00,2025-12-16T09:52:00,2025-12-16T13:52:00,TRUE_POSITIVE,False,,ANALYST_SHARMA,True,True,True,CLOSED,DEMO/SYNTHETIC - NOT REAL GOVERNMENT DATA
CSE-POWER-01,ALT-POWER-2025-01229,2025-Q4,2025-12-16T12:52:00,CRITICAL,SCADA_COMMAND_ANOMALY,SIEM-SENSOR-POWER,AST-POWER-030,2025-12-16T13:03:00,2025-12-16T13:27:00,2025-12-16T15:27:00,TRUE_POSITIVE,False,,ANALYST_PATEL,True,True,True,CLOSED,DEMO/SYNTHETIC - NOT REAL GOVERNMENT DATA
CSE-POWER-01,ALT-POWER-2025-01230,2025-Q4,2025-10-30T15:41:00,HIGH,DATA_EXFILTRATION,SIEM-SENSOR-POWER,AST-POWER-027,2025-10-30T16:01:00,2025-10-30T16:34:00,2025-10-30T20:34:00,FALSE_POSITIVE,True,2025-10-30T17:04:00,ANALYST_PATEL,True,True,True,CLOSED,DEMO/SYNTHETIC - NOT REAL GOVERNMENT DATA
CSE-POWER-01,ALT-POWER-2025-01231,2025-Q4,2025-12-11T11:47:00,HIGH,RANSOMWARE,SIEM-SENSOR-POWER,AST-POWER-029,2025-12-11T12:05:00,2025-12-11T12:33:00,2025-12-11T16:33:00,FALSE_POSITIVE,False,,ANALYST_SHARMA,True,True,True,CLOSED,DEMO/SYNTHETIC - NOT REAL GOVERNMENT DATA
CSE-POWER-01,ALT-POWER-2025-01232,2025-Q4,2025-11-06T17:26:00,MEDIUM,MALWARE,SIEM-SENSOR-POWER,AST-POWER-076,2025-11-06T17:44:00,2025-11-06T18:09:00,2025-11-06T20:09:00,FALSE_POSITIVE,False,,ANALYST_SHARMA,True,True,True,CLOSED,DEMO/SYNTHETIC - NOT REAL GOVERNMENT DATA
CSE-POWER-01,ALT-POWER-2025-01233,2025-Q4,2025-11-04T21:32:00,LOW,BRUTE_FORCE,SIEM-SENSOR-POWER,AST-POWER-043,2025-11-04T21:34:00,2025-11-04T22:15:00,2025-11-05T02:15:00,FALSE_POSITIVE,True,2025-11-04T22:45:00,ANALYST_PATEL,True,True,True,CLOSED,DEMO/SYNTHETIC - NOT REAL GOVERNMENT DATA
CSE-POWER-01,ALT-POWER-2025-01234,2025-Q4,2025-10-28T14:31:00,CRITICAL,SCADA_COMMAND_ANOMALY,SIEM-SENSOR-POWER,AST-POWER-007,2025-10-28T14:41:00,2025-10-28T15:05:00,2025-10-28T19:05:00,TRUE_POSITIVE,False,,ANALYST_SINGH,True,True,True,CLOSED,DEMO/SYNTHETIC - NOT REAL GOVERNMENT DATA
CSE-POWER-01,ALT-POWER-2025-01235,2025-Q4,2025-11-30T18:44:00,CRITICAL,SCADA_COMMAND_ANOMALY,SIEM-SENSOR-POWER,AST-POWER-010,2025-11-30T18:49:00,2025-11-30T19:19:00,2025-11-30T23:19:00,TRUE_POSITIVE,False,,ANALYST_SINGH,True,True,True,CLOSED,DEMO/SYNTHETIC - NOT REAL GOVERNMENT DATA
CSE-POWER-01,ALT-POWER-2025-01236,2025-Q4,2025-10-02T00:12:00,MEDIUM,PRIVILEGE_ESCALATION,SIEM-SENSOR-POWER,AST-POWER-051,2025-10-02T00:30:00,2025-10-02T01:07:00,2025-10-02T05:07:00,FALSE_POSITIVE,False,,ANALYST_PATEL,True,True,True,CLOSED,DEMO/SYNTHETIC - NOT REAL GOVERNMENT DATA
CSE-POWER-01,ALT-POWER-2025-01237,2025-Q4,2025-11-12T21:59:00,HIGH,RANSOMWARE,SIEM-SENSOR-POWER,AST-POWER-062,2025-11-12T22:09:00,2025-11-12T22:43:00,2025-11-13T03:43:00,FALSE_POSITIVE,False,,ANALYST_RAO,True,True,True,CLOSED,DEMO/SYNTHETIC - NOT REAL GOVERNMENT DATA
CSE-POWER-01,ALT-POWER-2025-01238,2025-Q4,2025-10-01T14:08:00,CRITICAL,SCADA_COMMAND_ANOMALY,SIEM-SENSOR-POWER,AST-POWER-008,2025-10-01T14:25:00,2025-10-01T14:48:00,2025-10-01T16:48:00,TRUE_POSITIVE,False,,ANALYST_RAO,True,True,True,CLOSED,DEMO/SYNTHETIC - NOT REAL GOVERNMENT DATA
CSE-POWER-01,ALT-POWER-2025-01239,2025-Q4,2025-10-19T00:35:00,CRITICAL,SCADA_COMMAND_ANOMALY,SIEM-SENSOR-POWER,AST-POWER-056,2025-10-19T00:43:00,2025-10-19T01:14:00,2025-10-19T04:14:00,TRUE_POSITIVE,False,,ANALYST_PATEL,True,True,True,CLOSED,DEMO/SYNTHETIC - NOT REAL GOVERNMENT DATA
CSE-POWER-01,ALT-POWER-2025-01240,2025-Q4,2025-11-15T04:50:00,HIGH,DATA_EXFILTRATION,SIEM-SENSOR-POWER,AST-POWER-001,2025-11-15T04:58:00,2025-11-15T05:31:00,2025-11-15T08:31:00,FALSE_POSITIVE,False,,ANALYST_RAO,True,True,True,CLOSED,DEMO/SYNTHETIC - NOT REAL GOVERNMENT DATA
CSE-POWER-01,ALT-POWER-2025-01241,2025-Q4,2025-10-15T12:01:00,CRITICAL,PRIVILEGE_ESCALATION,SIEM-SENSOR-POWER,AST-POWER-062,2025-10-15T12:14:00,2025-10-15T12:33:00,2025-10-15T17:33:00,TRUE_POSITIVE,False,,ANALYST_SINGH,True,True,True,CLOSED,DEMO/SYNTHETIC - NOT REAL GOVERNMENT DATA
CSE-POWER-01,ALT-POWER-2025-01242,2025-Q4,2025-11-23T17:18:00,LOW,UNAUTHORIZED_ACCESS,SIEM-SENSOR-POWER,AST-POWER-028,2025-11-23T17:33:00,2025-11-23T17:54:00,2025-11-23T22:54:00,FALSE_POSITIVE,False,,ANALYST_SHARMA,True,True,True,CLOSED,DEMO/SYNTHETIC - NOT REAL GOVERNMENT DATA
CSE-POWER-01,ALT-POWER-2025-01243,2025-Q4,2025-11-10T04:16:00,MEDIUM,SCADA_COMMAND_ANOMALY,SIEM-SENSOR-POWER,AST-POWER-009,2025-11-10T04:28:00,2025-11-10T04:50:00,2025-11-10T09:50:00,FALSE_POSITIVE,False,,ANALYST_VERMA,True,True,True,CLOSED,DEMO/SYNTHETIC - NOT REAL GOVERNMENT DATA
CSE-POWER-01,ALT-POWER-2025-01244,2025-Q4,2025-12-18T16:14:00,MEDIUM,RANSOMWARE,SIEM-SENSOR-POWER,AST-POWER-002,2025-12-18T16:27:00,2025-12-18T16:49:00,2025-12-18T22:49:00,FALSE_POSITIVE,False,,ANALYST_VERMA,True,True,True,CLOSED,DEMO/SYNTHETIC - NOT REAL GOVERNMENT DATA
CSE-POWER-01,ALT-POWER-2025-01245,2025-Q4,2025-11-20T01:33:00,MEDIUM,PRIVILEGE_ESCALATION,SIEM-SENSOR-POWER,AST-POWER-025,2025-11-20T01:52:00,2025-11-20T02:33:00,2025-11-20T07:33:00,FALSE_POSITIVE,False,,ANALYST_VERMA,True,True,True,CLOSED,DEMO/SYNTHETIC - NOT REAL GOVERNMENT DATA
CSE-POWER-01,ALT-POWER-2025-01246,2025-Q4,2025-10-04T02:05:00,HIGH,POLICY_VIOLATION,SIEM-SENSOR-POWER,AST-POWER-039,2025-10-04T02:17:00,2025-10-04T02:40:00,2025-10-04T07:40:00,FALSE_POSITIVE,True,2025-10-04T03:10:00,ANALYST_SINGH,True,True,True,CLOSED,DEMO/SYNTHETIC - NOT REAL GOVERNMENT DATA
CSE-POWER-01,ALT-POWER-2025-01247,2025-Q4,2025-11-27T14:02:00,HIGH,UNAUTHORIZED_ACCESS,SIEM-SENSOR-POWER,AST-POWER-074,2025-11-27T14:18:00,2025-11-27T14:50:00,2025-11-27T16:50:00,FALSE_POSITIVE,False,,ANALYST_SINGH,True,True,True,CLOSED,DEMO/SYNTHETIC - NOT REAL GOVERNMENT DATA
CSE-POWER-01,ALT-POWER-2025-01248,2025-Q4,2025-11-16T12:55:00,HIGH,POLICY_VIOLATION,SIEM-SENSOR-POWER,AST-POWER-058,2025-11-16T13:09:00,2025-11-16T13:27:00,2025-11-16T15:27:00,FALSE_POSITIVE,False,,ANALYST_VERMA,True,True,True,CLOSED,DEMO/SYNTHETIC - NOT REAL GOVERNMENT DATA
CSE-POWER-01,ALT-POWER-2025-01249,2025-Q4,2025-11-02T00:21:00,HIGH,DDOS_ATTACK,SIEM-SENSOR-POWER,AST-POWER-070,2025-11-02T00:26:00,2025-11-02T01:10:00,2025-11-02T03:10:00,FALSE_POSITIVE,False,,ANALYST_PATEL,True,True,True,CLOSED,DEMO/SYNTHETIC - NOT REAL GOVERNMENT DATA
CSE-POWER-01,ALT-POWER-2025-01250,2025-Q4,2025-10-03T09:51:00,CRITICAL,PRIVILEGE_ESCALATION,SIEM-SENSOR-POWER,AST-POWER-055,2025-10-03T10:01:00,2025-10-03T10:44:00,2025-10-03T13:44:00,TRUE_POSITIVE,False,,ANALYST_PATEL,True,True,True,CLOSED,DEMO/SYNTHETIC - NOT REAL GOVERNMENT DATA
CSE-BANK-02,ALT-BANK-2025-01251,2025-Q4,2025-10-05T15:54:00,MEDIUM,MALWARE,SIEM-SENSOR-BANK,AST-BANK-104,2025-10-05T16:12:00,2025-10-05T16:13:00,2025-10-05T16:17:00,BENIGN,False,,ANALYST_SHARMA,False,False,False,CLOSED,DEMO/SYNTHETIC - NOT REAL GOVERNMENT DATA
CSE-BANK-02,ALT-BANK-2025-01252,2025-Q4,2025-10-09T21:46:00,HIGH,BRUTE_FORCE,SIEM-SENSOR-BANK,AST-BANK-050,2025-10-09T22:04:00,2025-10-09T22:05:00,2025-10-09T22:09:00,BENIGN,False,,ANALYST_RAO,False,False,False,CLOSED,DEMO/SYNTHETIC - NOT REAL GOVERNMENT DATA
CSE-BANK-02,ALT-BANK-2025-01253,2025-Q4,2025-10-24T07:26:00,CRITICAL,BRUTE_FORCE,SIEM-SENSOR-BANK,AST-BANK-016,2025-10-24T07:36:00,2025-10-24T07:37:00,2025-10-24T07:40:00,BENIGN,False,,ANALYST_SHARMA,False,False,False,CLOSED,DEMO/SYNTHETIC - NOT REAL GOVERNMENT DATA
CSE-BANK-02,ALT-BANK-2025-01254,2025-Q4,2025-11-26T17:58:00,MEDIUM,POLICY_VIOLATION,SIEM-SENSOR-BANK,AST-BANK-120,2025-11-26T18:04:00,2025-11-26T18:05:00,2025-11-26T18:09:00,BENIGN,False,,ANALYST_SHARMA,False,False,False,CLOSED,DEMO/SYNTHETIC - NOT REAL GOVERNMENT DATA
CSE-BANK-02,ALT-BANK-2025-01255,2025-Q4,2025-12-01T22:10:00,HIGH,BRUTE_FORCE,SIEM-SENSOR-BANK,AST-BANK-071,2025-12-01T22:30:00,2025-12-01T22:31:00,2025-12-01T22:32:00,BENIGN,False,,ANALYST_VERMA,False,False,False,CLOSED,DEMO/SYNTHETIC - NOT REAL GOVERNMENT DATA
CSE-BANK-02,ALT-BANK-2025-01256,2025-Q4,2025-10-22T15:48:00,HIGH,SCADA_COMMAND_ANOMALY,SIEM-SENSOR-BANK,AST-BANK-066,2025-10-22T15:55:00,2025-10-22T15:56:00,2025-10-22T15:59:00,BENIGN,False,,ANALYST_RAO,False,False,False,CLOSED,DEMO/SYNTHETIC - NOT REAL GOVERNMENT DATA
CSE-BANK-02,ALT-BANK-2025-01257,2025-Q4,2025-12-13T21:37:00,CRITICAL,DDOS_ATTACK,SIEM-SENSOR-BANK,AST-BANK-004,2025-12-13T21:48:00,2025-12-13T21:49:00,2025-12-13T21:50:00,BENIGN,False,,ANALYST_PATEL,False,False,False,CLOSED,DEMO/SYNTHETIC - NOT REAL GOVERNMENT DATA
CSE-BANK-02,ALT-BANK-2025-01258,2025-Q4,2025-11-14T21:35:00,MEDIUM,PRIVILEGE_ESCALATION,SIEM-SENSOR-BANK,AST-BANK-025,2025-11-14T21:44:00,2025-11-14T21:45:00,2025-11-14T21:46:00,BENIGN,False,,ANALYST_SINGH,False,False,False,CLOSED,DEMO/SYNTHETIC - NOT REAL GOVERNMENT DATA
CSE-BANK-02,ALT-BANK-2025-01259,2025-Q4,2025-11-05T06:29:00,MEDIUM,RANSOMWARE,SIEM-SENSOR-BANK,AST-BANK-016,2025-11-05T06:41:00,2025-11-05T06:42:00,2025-11-05T06:45:00,BENIGN,False,,ANALYST_PATEL,False,False,False,CLOSED,DEMO/SYNTHETIC - NOT REAL GOVERNMENT DATA
CSE-BANK-02,ALT-BANK-2025-01260,2025-Q4,2025-12-03T00:31:00,MEDIUM,DDOS_ATTACK,SIEM-SENSOR-BANK,AST-BANK-097,2025-12-03T00:41:00,2025-12-03T00:42:00,2025-12-03T00:45:00,BENIGN,False,,ANALYST_PATEL,False,False,False,CLOSED,DEMO/SYNTHETIC - NOT REAL GOVERNMENT DATA
CSE-BANK-02,ALT-BANK-2025-01261,2025-Q4,2025-10-13T08:47:00,HIGH,UNAUTHORIZED_ACCESS,SIEM-SENSOR-BANK,AST-BANK-008,2025-10-13T08:50:00,2025-10-13T08:51:00,2025-10-13T08:55:00,BENIGN,False,,ANALYST_RAO,False,False,False,CLOSED,DEMO/SYNTHETIC - NOT REAL GOVERNMENT DATA
CSE-BANK-02,ALT-BANK-2025-01262,2025-Q4,2025-11-17T13:02:00,CRITICAL,BRUTE_FORCE,SIEM-SENSOR-BANK,AST-BANK-007,2025-11-17T13:13:00,2025-11-17T13:14:00,2025-11-17T13:15:00,BENIGN,False,,ANALYST_SINGH,False,False,False,CLOSED,DEMO/SYNTHETIC - NOT REAL GOVERNMENT DATA
CSE-BANK-02,ALT-BANK-2025-01263,2025-Q4,2025-11-26T19:31:00,CRITICAL,DDOS_ATTACK,SIEM-SENSOR-BANK,AST-BANK-068,2025-11-26T19:38:00,2025-11-26T19:39:00,2025-11-26T19:42:00,BENIGN,False,,ANALYST_VERMA,False,False,False,CLOSED,DEMO/SYNTHETIC - NOT REAL GOVERNMENT DATA
CSE-BANK-02,ALT-BANK-2025-01264,2025-Q4,2025-11-09T04:29:00,LOW,DATA_EXFILTRATION,SIEM-SENSOR-BANK,AST-BANK-034,2025-11-09T04:46:00,2025-11-09T04:47:00,2025-11-09T04:49:00,BENIGN,False,,ANALYST_PATEL,False,False,False,CLOSED,DEMO/SYNTHETIC - NOT REAL GOVERNMENT DATA
CSE-BANK-02,ALT-BANK-2025-01265,2025-Q4,2025-11-17T03:51:00,MEDIUM,POLICY_VIOLATION,SIEM-SENSOR-BANK,AST-BANK-089,2025-11-17T04:06:00,2025-11-17T04:07:00,2025-11-17T04:11:00,BENIGN,False,,ANALYST_VERMA,False,False,False,CLOSED,DEMO/SYNTHETIC - NOT REAL GOVERNMENT DATA
CSE-BANK-02,ALT-BANK-2025-01266,2025-Q4,2025-11-11T08:28:00,MEDIUM,PRIVILEGE_ESCALATION,SIEM-SENSOR-BANK,AST-BANK-066,2025-11-11T08:47:00,2025-11-11T08:48:00,2025-11-11T08:50:00,BENIGN,False,,ANALYST_SINGH,False,False,False,CLOSED,DEMO/SYNTHETIC - NOT REAL GOVERNMENT DATA
CSE-BANK-02,ALT-BANK-2025-01267,2025-Q4,2025-12-01T02:58:00,CRITICAL,PRIVILEGE_ESCALATION,SIEM-SENSOR-BANK,AST-BANK-025,2025-12-01T03:04:00,2025-12-01T03:05:00,2025-12-01T03:08:00,BENIGN,False,,ANALYST_PATEL,False,False,False,CLOSED,DEMO/SYNTHETIC - NOT REAL GOVERNMENT DATA
CSE-BANK-02,ALT-BANK-2025-01268,2025-Q4,2025-12-15T01:50:00,HIGH,POLICY_VIOLATION,SIEM-SENSOR-BANK,AST-BANK-059,2025-12-15T02:09:00,2025-12-15T02:10:00,2025-12-15T02:13:00,BENIGN,False,,ANALYST_SHARMA,False,False,False,CLOSED,DEMO/SYNTHETIC - NOT REAL GOVERNMENT DATA
CSE-BANK-02,ALT-BANK-2025-01269,2025-Q4,2025-10-25T22:25:00,CRITICAL,BRUTE_FORCE,SIEM-SENSOR-BANK,AST-BANK-061,2025-10-25T22:34:00,2025-10-25T22:35:00,2025-10-25T22:36:00,BENIGN,False,,ANALYST_RAO,False,False,False,CLOSED,DEMO/SYNTHETIC - NOT REAL GOVERNMENT DATA
CSE-BANK-02,ALT-BANK-2025-01270,2025-Q4,2025-11-02T01:59:00,CRITICAL,DDOS_ATTACK,SIEM-SENSOR-BANK,AST-BANK-102,2025-11-02T02:02:00,2025-11-02T02:03:00,2025-11-02T02:06:00,BENIGN,False,,ANALYST_SHARMA,False,False,False,CLOSED,DEMO/SYNTHETIC - NOT REAL GOVERNMENT DATA
CSE-BANK-02,ALT-BANK-2025-01271,2025-Q4,2025-10-16T06:57:00,CRITICAL,DDOS_ATTACK,SIEM-SENSOR-BANK,AST-BANK-109,2025-10-16T07:13:00,2025-10-16T07:14:00,2025-10-16T07:17:00,BENIGN,False,,ANALYST_SINGH,False,False,False,CLOSED,DEMO/SYNTHETIC - NOT REAL GOVERNMENT DATA
CSE-BANK-02,ALT-BANK-2025-01272,2025-Q4,2025-10-19T15:49:00,LOW,POLICY_VIOLATION,SIEM-SENSOR-BANK,AST-BANK-015,2025-10-19T16:05:00,2025-10-19T16:06:00,2025-10-19T16:10:00,BENIGN,False,,ANALYST_VERMA,False,False,False,CLOSED,DEMO/SYNTHETIC - NOT REAL GOVERNMENT DATA
CSE-BANK-02,ALT-BANK-2025-01273,2025-Q4,2025-11-25T06:47:00,LOW,UNAUTHORIZED_ACCESS,SIEM-SENSOR-BANK,AST-BANK-053,2025-11-25T06:54:00,2025-11-25T06:55:00,2025-11-25T06:59:00,BENIGN,False,,ANALYST_RAO,False,False,False,CLOSED,DEMO/SYNTHETIC - NOT REAL GOVERNMENT DATA
CSE-BANK-02,ALT-BANK-2025-01274,2025-Q4,2025-12-17T00:44:00,CRITICAL,SCADA_COMMAND_ANOMALY,SIEM-SENSOR-BANK,AST-BANK-071,2025-12-17T01:01:00,2025-12-17T01:02:00,2025-12-17T01:06:00,BENIGN,False,,ANALYST_SHARMA,False,False,False,CLOSED,DEMO/SYNTHETIC - NOT REAL GOVERNMENT DATA
CSE-BANK-02,ALT-BANK-2025-01275,2025-Q4,2025-11-29T12:08:00,LOW,MALWARE,SIEM-SENSOR-BANK,AST-BANK-109,2025-11-29T12:11:00,2025-11-29T12:12:00,2025-11-29T12:14:00,BENIGN,False,,ANALYST_SINGH,False,False,False,CLOSED,DEMO/SYNTHETIC - NOT REAL GOVERNMENT DATA
CSE-BANK-02,ALT-BANK-2025-01276,2025-Q4,2025-11-09T07:04:00,HIGH,RANSOMWARE,SIEM-SENSOR-BANK,AST-BANK-074,2025-11-09T07:16:00,2025-11-09T07:17:00,2025-11-09T07:20:00,BENIGN,False,,ANALYST_SHARMA,False,False,False,CLOSED,DEMO/SYNTHETIC - NOT REAL GOVERNMENT DATA
CSE-BANK-02,ALT-BANK-2025-01277,2025-Q4,2025-11-23T08:56:00,HIGH,PRIVILEGE_ESCALATION,SIEM-SENSOR-BANK,AST-BANK-054,2025-11-23T09:07:00,2025-11-23T09:08:00,2025-11-23T09:12:00,BENIGN,False,,ANALYST_SHARMA,False,False,False,CLOSED,DEMO/SYNTHETIC - NOT REAL GOVERNMENT DATA
CSE-BANK-02,ALT-BANK-2025-01278,2025-Q4,2025-11-29T16:10:00,LOW,UNAUTHORIZED_ACCESS,SIEM-SENSOR-BANK,AST-BANK-088,2025-11-29T16:25:00,2025-11-29T16:26:00,2025-11-29T16:27:00,BENIGN,False,,ANALYST_VERMA,False,False,False,CLOSED,DEMO/SYNTHETIC - NOT REAL GOVERNMENT DATA
CSE-BANK-02,ALT-BANK-2025-01279,2025-Q4,2025-10-14T10:45:00,MEDIUM,PRIVILEGE_ESCALATION,SIEM-SENSOR-BANK,AST-BANK-005,2025-10-14T10:59:00,2025-10-14T11:00:00,2025-10-14T11:01:00,BENIGN,False,,ANALYST_VERMA,False,False,False,CLOSED,DEMO/SYNTHETIC - NOT REAL GOVERNMENT DATA
CSE-BANK-02,ALT-BANK-2025-01280,2025-Q4,2025-10-04T22:39:00,MEDIUM,POLICY_VIOLATION,SIEM-SENSOR-BANK,AST-BANK-029,2025-10-04T22:45:00,2025-10-04T22:46:00,2025-10-04T22:48:00,BENIGN,False,,ANALYST_SHARMA,False,False,False,CLOSED,DEMO/SYNTHETIC - NOT REAL GOVERNMENT DATA
CSE-BANK-02,ALT-BANK-2025-01281,2025-Q4,2025-10-08T22:27:00,HIGH,DDOS_ATTACK,SIEM-SENSOR-BANK,AST-BANK-052,2025-10-08T22:38:00,2025-10-08T22:39:00,2025-10-08T22:40:00,BENIGN,False,,ANALYST_RAO,False,False,False,CLOSED,DEMO/SYNTHETIC - NOT REAL GOVERNMENT DATA
CSE-BANK-02,ALT-BANK-2025-01282,2025-Q4,2025-11-11T07:47:00,HIGH,DATA_EXFILTRATION,SIEM-SENSOR-BANK,AST-BANK-021,2025-11-11T08:02:00,2025-11-11T08:03:00,2025-11-11T08:06:00,BENIGN,False,,ANALYST_SHARMA,False,False,False,CLOSED,DEMO/SYNTHETIC - NOT REAL GOVERNMENT DATA
CSE-BANK-02,ALT-BANK-2025-01283,2025-Q4,2025-10-29T10:14:00,MEDIUM,SCADA_COMMAND_ANOMALY,SIEM-SENSOR-BANK,AST-BANK-096,2025-10-29T10:18:00,2025-10-29T10:19:00,2025-10-29T10:23:00,BENIGN,False,,ANALYST_SINGH,False,False,False,CLOSED,DEMO/SYNTHETIC - NOT REAL GOVERNMENT DATA
CSE-BANK-02,ALT-BANK-2025-01284,2025-Q4,2025-10-02T11:35:00,MEDIUM,RANSOMWARE,SIEM-SENSOR-BANK,AST-BANK-067,2025-10-02T11:47:00,2025-10-02T11:48:00,2025-10-02T11:52:00,BENIGN,False,,ANALYST_SHARMA,False,False,False,CLOSED,DEMO/SYNTHETIC - NOT REAL GOVERNMENT DATA
CSE-BANK-02,ALT-BANK-2025-01285,2025-Q4,2025-10-15T07:24:00,MEDIUM,POLICY_VIOLATION,SIEM-SENSOR-BANK,AST-BANK-110,2025-10-15T07:43:00,2025-10-15T07:44:00,2025-10-15T07:48:00,BENIGN,False,,ANALYST_PATEL,False,False,False,CLOSED,DEMO/SYNTHETIC - NOT REAL GOVERNMENT DATA
CSE-BANK-02,ALT-BANK-2025-01286,2025-Q4,2025-11-12T11:08:00,HIGH,PRIVILEGE_ESCALATION,SIEM-SENSOR-BANK,AST-BANK-016,2025-11-12T11:24:00,2025-11-12T11:25:00,2025-11-12T11:26:00,BENIGN,False,,ANALYST_SHARMA,False,False,False,CLOSED,DEMO/SYNTHETIC - NOT REAL GOVERNMENT DATA
CSE-BANK-02,ALT-BANK-2025-01287,2025-Q4,2025-11-14T21:23:00,LOW,UNAUTHORIZED_ACCESS,SIEM-SENSOR-BANK,AST-BANK-047,2025-11-14T21:36:00,2025-11-14T21:37:00,2025-11-14T21:38:00,BENIGN,False,,ANALYST_VERMA,False,False,False,CLOSED,DEMO/SYNTHETIC - NOT REAL GOVERNMENT DATA
CSE-BANK-02,ALT-BANK-2025-01288,2025-Q4,2025-12-08T15:56:00,MEDIUM,DATA_EXFILTRATION,SIEM-SENSOR-BANK,AST-BANK-012,2025-12-08T16:04:00,2025-12-08T16:05:00,2025-12-08T16:08:00,BENIGN,False,,ANALYST_VERMA,False,False,False,CLOSED,DEMO/SYNTHETIC - NOT REAL GOVERNMENT DATA
CSE-BANK-02,ALT-BANK-2025-01289,2025-Q4,2025-12-15T18:53:00,MEDIUM,SCADA_COMMAND_ANOMALY,SIEM-SENSOR-BANK,AST-BANK-076,2025-12-15T19:00:00,2025-12-15T19:01:00,2025-12-15T19:04:00,BENIGN,False,,ANALYST_SINGH,False,False,False,CLOSED,DEMO/SYNTHETIC - NOT REAL GOVERNMENT DATA
CSE-BANK-02,ALT-BANK-2025-01290,2025-Q4,2025-12-16T04:55:00,HIGH,PRIVILEGE_ESCALATION,SIEM-SENSOR-BANK,AST-BANK-056,2025-12-16T04:58:00,2025-12-16T04:59:00,2025-12-16T05:03:00,BENIGN,False,,ANALYST_SHARMA,False,False,False,CLOSED,DEMO/SYNTHETIC - NOT REAL GOVERNMENT DATA
CSE-BANK-02,ALT-BANK-2025-01291,2025-Q4,2025-10-24T10:42:00,HIGH,PRIVILEGE_ESCALATION,SIEM-SENSOR-BANK,AST-BANK-012,2025-10-24T11:02:00,2025-10-24T11:03:00,2025-10-24T11:07:00,BENIGN,False,,ANALYST_SINGH,False,False,False,CLOSED,DEMO/SYNTHETIC - NOT REAL GOVERNMENT DATA
CSE-BANK-02,ALT-BANK-2025-01292,2025-Q4,2025-11-16T02:55:00,HIGH,POLICY_VIOLATION,SIEM-SENSOR-BANK,AST-BANK-113,2025-11-16T03:05:00,2025-11-16T03:06:00,2025-11-16T03:09:00,BENIGN,False,,ANALYST_PATEL,False,False,False,CLOSED,DEMO/SYNTHETIC - NOT REAL GOVERNMENT DATA
CSE-BANK-02,ALT-BANK-2025-01293,2025-Q4,2025-10-28T02:53:00,LOW,POLICY_VIOLATION,SIEM-SENSOR-BANK,AST-BANK-103,2025-10-28T03:03:00,2025-10-28T03:04:00,2025-10-28T03:07:00,BENIGN,False,,ANALYST_VERMA,False,False,False,CLOSED,DEMO/SYNTHETIC - NOT REAL GOVERNMENT DATA
CSE-BANK-02,ALT-BANK-2025-01294,2025-Q4,2025-11-12T16:41:00,CRITICAL,BRUTE_FORCE,SIEM-SENSOR-BANK,AST-BANK-080,2025-11-12T16:56:00,2025-11-12T16:57:00,2025-11-12T16:59:00,BENIGN,False,,ANALYST_SINGH,False,False,False,CLOSED,DEMO/SYNTHETIC - NOT REAL GOVERNMENT DATA
CSE-BANK-02,ALT-BANK-2025-01295,2025-Q4,2025-10-15T06:17:00,HIGH,BRUTE_FORCE,SIEM-SENSOR-BANK,AST-BANK-051,2025-10-15T06:31:00,2025-10-15T06:32:00,2025-10-15T06:33:00,BENIGN,False,,ANALYST_RAO,False,False,False,CLOSED,DEMO/SYNTHETIC - NOT REAL GOVERNMENT DATA
CSE-BANK-02,ALT-BANK-2025-01296,2025-Q4,2025-11-10T04:44:00,MEDIUM,DDOS_ATTACK,SIEM-SENSOR-BANK,AST-BANK-099,2025-11-10T04:53:00,2025-11-10T04:54:00,2025-11-10T04:56:00,BENIGN,False,,ANALYST_RAO,False,False,False,CLOSED,DEMO/SYNTHETIC - NOT REAL GOVERNMENT DATA
CSE-BANK-02,ALT-BANK-2025-01297,2025-Q4,2025-10-17T21:50:00,CRITICAL,POLICY_VIOLATION,SIEM-SENSOR-BANK,AST-BANK-006,2025-10-17T21:55:00,2025-10-17T21:56:00,2025-10-17T21:57:00,BENIGN,False,,ANALYST_PATEL,False,False,False,CLOSED,DEMO/SYNTHETIC - NOT REAL GOVERNMENT DATA
CSE-BANK-02,ALT-BANK-2025-01298,2025-Q4,2025-10-14T08:33:00,HIGH,MALWARE,SIEM-SENSOR-BANK,AST-BANK-075,2025-10-14T08:37:00,2025-10-14T08:38:00,2025-10-14T08:41:00,BENIGN,False,,ANALYST_SINGH,False,False,False,CLOSED,DEMO/SYNTHETIC - NOT REAL GOVERNMENT DATA
CSE-BANK-02,ALT-BANK-2025-01299,2025-Q4,2025-10-06T17:38:00,MEDIUM,DATA_EXFILTRATION,SIEM-SENSOR-BANK,AST-BANK-032,2025-10-06T17:49:00,2025-10-06T17:50:00,2025-10-06T17:51:00,BENIGN,False,,ANALYST_SINGH,False,False,False,CLOSED,DEMO/SYNTHETIC - NOT REAL GOVERNMENT DATA
CSE-BANK-02,ALT-BANK-2025-01300,2025-Q4,2025-11-21T16:07:00,HIGH,RANSOMWARE,SIEM-SENSOR-BANK,AST-BANK-002,2025-11-21T16:25:00,2025-11-21T16:26:00,2025-11-21T16:27:00,BENIGN,False,,ANALYST_SHARMA,False,False,False,CLOSED,DEMO/SYNTHETIC - NOT REAL GOVERNMENT DATA
CSE-BANK-02,ALT-BANK-2025-01301,2025-Q4,2025-11-11T16:34:00,MEDIUM,UNAUTHORIZED_ACCESS,SIEM-SENSOR-BANK,AST-BANK-043,2025-11-11T16:37:00,2025-11-11T16:38:00,2025-11-11T16:39:00,BENIGN,False,,ANALYST_PATEL,False,False,False,CLOSED,DEMO/SYNTHETIC - NOT REAL GOVERNMENT DATA
CSE-BANK-02,ALT-BANK-2025-01302,2025-Q4,2025-10-25T06:18:00,MEDIUM,UNAUTHORIZED_ACCESS,SIEM-SENSOR-BANK,AST-BANK-044,2025-10-25T06:37:00,2025-10-25T06:38:00,2025-10-25T06:39:00,BENIGN,False,,ANALYST_SHARMA,False,False,False,CLOSED,DEMO/SYNTHETIC - NOT REAL GOVERNMENT DATA
CSE-BANK-02,ALT-BANK-2025-01303,2025-Q4,2025-10-07T10:24:00,LOW,RANSOMWARE,SIEM-SENSOR-BANK,AST-BANK-044,2025-10-07T10:39:00,2025-10-07T10:40:00,2025-10-07T10:41:00,BENIGN,False,,ANALYST_PATEL,False,False,False,CLOSED,DEMO/SYNTHETIC - NOT REAL GOVERNMENT DATA
CSE-BANK-02,ALT-BANK-2025-01304,2025-Q4,2025-10-14T07:04:00,CRITICAL,DDOS_ATTACK,SIEM-SENSOR-BANK,AST-BANK-073,2025-10-14T07:19:00,2025-10-14T07:20:00,2025-10-14T07:21:00,BENIGN,False,,ANALYST_RAO,False,False,False,CLOSED,DEMO/SYNTHETIC - NOT REAL GOVERNMENT DATA
CSE-BANK-02,ALT-BANK-2025-01305,2025-Q4,2025-10-18T20:04:00,CRITICAL,DATA_EXFILTRATION,SIEM-SENSOR-BANK,AST-BANK-116,2025-10-18T20:20:00,2025-10-18T20:21:00,2025-10-18T20:25:00,BENIGN,False,,ANALYST_SINGH,False,False,False,CLOSED,DEMO/SYNTHETIC - NOT REAL GOVERNMENT DATA
CSE-BANK-02,ALT-BANK-2025-01306,2025-Q4,2025-11-03T04:32:00,CRITICAL,PRIVILEGE_ESCALATION,SIEM-SENSOR-BANK,AST-BANK-073,2025-11-03T04:40:00,2025-11-03T04:41:00,2025-11-03T04:45:00,BENIGN,False,,ANALYST_PATEL,False,False,False,CLOSED,DEMO/SYNTHETIC - NOT REAL GOVERNMENT DATA
CSE-BANK-02,ALT-BANK-2025-01307,2025-Q4,2025-10-21T01:29:00,MEDIUM,DATA_EXFILTRATION,SIEM-SENSOR-BANK,AST-BANK-080,2025-10-21T01:48:00,2025-10-21T01:49:00,2025-10-21T01:52:00,BENIGN,False,,ANALYST_PATEL,False,False,False,CLOSED,DEMO/SYNTHETIC - NOT REAL GOVERNMENT DATA
CSE-BANK-02,ALT-BANK-2025-01308,2025-Q4,2025-11-11T19:04:00,MEDIUM,DDOS_ATTACK,SIEM-SENSOR-BANK,AST-BANK-001,2025-11-11T19:10:00,2025-11-11T19:11:00,2025-11-11T19:12:00,BENIGN,False,,ANALYST_PATEL,False,False,False,CLOSED,DEMO/SYNTHETIC - NOT REAL GOVERNMENT DATA
CSE-BANK-02,ALT-BANK-2025-01309,2025-Q4,2025-10-11T23:53:00,CRITICAL,DDOS_ATTACK,SIEM-SENSOR-BANK,AST-BANK-048,2025-10-12T00:06:00,2025-10-12T00:07:00,2025-10-12T00:11:00,BENIGN,False,,ANALYST_SINGH,False,False,False,CLOSED,DEMO/SYNTHETIC - NOT REAL GOVERNMENT DATA
CSE-BANK-02,ALT-BANK-2025-01310,2025-Q4,2025-10-16T13:25:00,HIGH,SCADA_COMMAND_ANOMALY,SIEM-SENSOR-BANK,AST-BANK-081,2025-10-16T13:33:00,2025-10-16T13:34:00,2025-10-16T13:35:00,BENIGN,False,,ANALYST_SHARMA,False,False,False,CLOSED,DEMO/SYNTHETIC - NOT REAL GOVERNMENT DATA
CSE-BANK-02,ALT-BANK-2025-01311,2025-Q4,2025-11-06T18:39:00,HIGH,UNAUTHORIZED_ACCESS,SIEM-SENSOR-BANK,AST-BANK-039,2025-11-06T18:57:00,2025-11-06T18:58:00,2025-11-06T19:02:00,BENIGN,False,,ANALYST_VERMA,False,False,False,CLOSED,DEMO/SYNTHETIC - NOT REAL GOVERNMENT DATA
CSE-BANK-02,ALT-BANK-2025-01312,2025-Q4,2025-11-07T20:06:00,HIGH,PRIVILEGE_ESCALATION,SIEM-SENSOR-BANK,AST-BANK-006,2025-11-07T20:20:00,2025-11-07T20:21:00,2025-11-07T20:23:00,BENIGN,False,,ANALYST_PATEL,False,False,False,CLOSED,DEMO/SYNTHETIC - NOT REAL GOVERNMENT DATA
CSE-BANK-02,ALT-BANK-2025-01313,2025-Q4,2025-12-12T10:12:00,MEDIUM,MALWARE,SIEM-SENSOR-BANK,AST-BANK-099,2025-12-12T10:21:00,2025-12-12T10:22:00,2025-12-12T10:23:00,BENIGN,False,,ANALYST_VERMA,False,False,False,CLOSED,DEMO/SYNTHETIC - NOT REAL GOVERNMENT DATA
CSE-BANK-02,ALT-BANK-2025-01314,2025-Q4,2025-10-19T08:57:00,MEDIUM,SCADA_COMMAND_ANOMALY,SIEM-SENSOR-BANK,AST-BANK-118,2025-10-19T09:11:00,2025-10-19T09:12:00,2025-10-19T09:15:00,BENIGN,False,,ANALYST_SINGH,False,False,False,CLOSED,DEMO/SYNTHETIC - NOT REAL GOVERNMENT DATA
CSE-BANK-02,ALT-BANK-2025-01315,2025-Q4,2025-10-24T13:06:00,MEDIUM,PRIVILEGE_ESCALATION,SIEM-SENSOR-BANK,AST-BANK-105,2025-10-24T13:23:00,2025-10-24T13:24:00,2025-10-24T13:27:00,BENIGN,False,,ANALYST_RAO,False,False,False,CLOSED,DEMO/SYNTHETIC - NOT REAL GOVERNMENT DATA
CSE-BANK-02,ALT-BANK-2025-01316,2025-Q4,2025-11-20T03:32:00,MEDIUM,PRIVILEGE_ESCALATION,SIEM-SENSOR-BANK,AST-BANK-110,2025-11-20T03:40:00,2025-11-20T03:41:00,2025-11-20T03:43:00,BENIGN,False,,ANALYST_PATEL,False,False,False,CLOSED,DEMO/SYNTHETIC - NOT REAL GOVERNMENT DATA
CSE-BANK-02,ALT-BANK-2025-01317,2025-Q4,2025-10-05T16:14:00,HIGH,DATA_EXFILTRATION,SIEM-SENSOR-BANK,AST-BANK-108,2025-10-05T16:31:00,2025-10-05T16:32:00,2025-10-05T16:35:00,BENIGN,False,,ANALYST_VERMA,False,False,False,CLOSED,DEMO/SYNTHETIC - NOT REAL GOVERNMENT DATA
CSE-BANK-02,ALT-BANK-2025-01318,2025-Q4,2025-12-12T17:59:00,HIGH,MALWARE,SIEM-SENSOR-BANK,AST-BANK-002,2025-12-12T18:13:00,2025-12-12T18:14:00,2025-12-12T18:17:00,BENIGN,False,,ANALYST_SINGH,False,False,False,CLOSED,DEMO/SYNTHETIC - NOT REAL GOVERNMENT DATA
CSE-BANK-02,ALT-BANK-2025-01319,2025-Q4,2025-11-18T19:12:00,CRITICAL,DDOS_ATTACK,SIEM-SENSOR-BANK,AST-BANK-104,2025-11-18T19:28:00,2025-11-18T19:29:00,2025-11-18T19:33:00,BENIGN,False,,ANALYST_VERMA,False,False,False,CLOSED,DEMO/SYNTHETIC - NOT REAL GOVERNMENT DATA
CSE-BANK-02,ALT-BANK-2025-01320,2025-Q4,2025-10-21T04:15:00,HIGH,RANSOMWARE,SIEM-SENSOR-BANK,AST-BANK-011,2025-10-21T04:32:00,2025-10-21T04:33:00,2025-10-21T04:36:00,BENIGN,False,,ANALYST_VERMA,False,False,False,CLOSED,DEMO/SYNTHETIC - NOT REAL GOVERNMENT DATA
CSE-BANK-02,ALT-BANK-2025-01321,2025-Q4,2025-10-30T08:07:00,HIGH,PRIVILEGE_ESCALATION,SIEM-SENSOR-BANK,AST-BANK-044,2025-10-30T08:26:00,2025-10-30T08:27:00,2025-10-30T08:28:00,BENIGN,False,,ANALYST_SINGH,False,False,False,CLOSED,DEMO/SYNTHETIC - NOT REAL GOVERNMENT DATA
CSE-BANK-02,ALT-BANK-2025-01322,2025-Q4,2025-10-21T04:57:00,HIGH,BRUTE_FORCE,SIEM-SENSOR-BANK,AST-BANK-111,2025-10-21T05:14:00,2025-10-21T05:15:00,2025-10-21T05:16:00,BENIGN,False,,ANALYST_SINGH,False,False,False,CLOSED,DEMO/SYNTHETIC - NOT REAL GOVERNMENT DATA
CSE-BANK-02,ALT-BANK-2025-01323,2025-Q4,2025-10-04T13:08:00,HIGH,PRIVILEGE_ESCALATION,SIEM-SENSOR-BANK,AST-BANK-112,2025-10-04T13:14:00,2025-10-04T13:15:00,2025-10-04T13:19:00,BENIGN,False,,ANALYST_SHARMA,False,False,False,CLOSED,DEMO/SYNTHETIC - NOT REAL GOVERNMENT DATA
CSE-BANK-02,ALT-BANK-2025-01324,2025-Q4,2025-12-13T09:17:00,HIGH,PRIVILEGE_ESCALATION,SIEM-SENSOR-BANK,AST-BANK-086,2025-12-13T09:27:00,2025-12-13T09:28:00,2025-12-13T09:29:00,BENIGN,False,,ANALYST_VERMA,False,False,False,CLOSED,DEMO/SYNTHETIC - NOT REAL GOVERNMENT DATA
CSE-BANK-02,ALT-BANK-2025-01325,2025-Q4,2025-11-06T22:15:00,HIGH,UNAUTHORIZED_ACCESS,SIEM-SENSOR-BANK,AST-BANK-096,2025-11-06T22:22:00,2025-11-06T22:23:00,2025-11-06T22:25:00,BENIGN,False,,ANALYST_VERMA,False,False,False,CLOSED,DEMO/SYNTHETIC - NOT REAL GOVERNMENT DATA
CSE-BANK-02,ALT-BANK-2025-01326,2025-Q4,2025-10-16T16:27:00,MEDIUM,DDOS_ATTACK,SIEM-SENSOR-BANK,AST-BANK-060,2025-10-16T16:30:00,2025-10-16T16:31:00,2025-10-16T16:35:00,BENIGN,False,,ANALYST_PATEL,False,False,False,CLOSED,DEMO/SYNTHETIC - NOT REAL GOVERNMENT DATA
CSE-BANK-02,ALT-BANK-2025-01327,2025-Q4,2025-12-02T23:16:00,HIGH,MALWARE,SIEM-SENSOR-BANK,AST-BANK-097,2025-12-02T23:21:00,2025-12-02T23:22:00,2025-12-02T23:23:00,BENIGN,False,,ANALYST_SHARMA,False,False,False,CLOSED,DEMO/SYNTHETIC - NOT REAL GOVERNMENT DATA
CSE-BANK-02,ALT-BANK-2025-01328,2025-Q4,2025-10-08T09:00:00,HIGH,SCADA_COMMAND_ANOMALY,SIEM-SENSOR-BANK,AST-BANK-033,2025-10-08T09:16:00,2025-10-08T09:17:00,2025-10-08T09:19:00,BENIGN,False,,ANALYST_VERMA,False,False,False,CLOSED,DEMO/SYNTHETIC - NOT REAL GOVERNMENT DATA
CSE-BANK-02,ALT-BANK-2025-01329,2025-Q4,2025-11-20T00:50:00,CRITICAL,SCADA_COMMAND_ANOMALY,SIEM-SENSOR-BANK,AST-BANK-058,2025-11-20T01:07:00,2025-11-20T01:08:00,2025-11-20T01:11:00,BENIGN,False,,ANALYST_SINGH,False,False,False,CLOSED,DEMO/SYNTHETIC - NOT REAL GOVERNMENT DATA
CSE-BANK-02,ALT-BANK-2025-01330,2025-Q4,2025-10-29T06:55:00,LOW,DATA_EXFILTRATION,SIEM-SENSOR-BANK,AST-BANK-019,2025-10-29T07:07:00,2025-10-29T07:08:00,2025-10-29T07:10:00,BENIGN,False,,ANALYST_VERMA,False,False,False,CLOSED,DEMO/SYNTHETIC - NOT REAL GOVERNMENT DATA
CSE-BANK-02,ALT-BANK-2025-01331,2025-Q4,2025-12-18T04:08:00,CRITICAL,PRIVILEGE_ESCALATION,SIEM-SENSOR-BANK,AST-BANK-114,2025-12-18T04:25:00,2025-12-18T04:26:00,2025-12-18T04:30:00,BENIGN,False,,ANALYST_SINGH,False,False,False,CLOSED,DEMO/SYNTHETIC - NOT REAL GOVERNMENT DATA
CSE-BANK-02,ALT-BANK-2025-01332,2025-Q4,2025-10-24T14:29:00,CRITICAL,POLICY_VIOLATION,SIEM-SENSOR-BANK,AST-BANK-087,2025-10-24T14:32:00,2025-10-24T14:33:00,2025-10-24T14:35:00,BENIGN,False,,ANALYST_RAO,False,False,False,CLOSED,DEMO/SYNTHETIC - NOT REAL GOVERNMENT DATA
CSE-BANK-02,ALT-BANK-2025-01333,2025-Q4,2025-10-14T21:51:00,HIGH,PRIVILEGE_ESCALATION,SIEM-SENSOR-BANK,AST-BANK-024,2025-10-14T21:56:00,2025-10-14T21:57:00,2025-10-14T22:00:00,BENIGN,False,,ANALYST_SHARMA,False,False,False,CLOSED,DEMO/SYNTHETIC - NOT REAL GOVERNMENT DATA
CSE-BANK-02,ALT-BANK-2025-01334,2025-Q4,2025-12-07T09:27:00,LOW,RANSOMWARE,SIEM-SENSOR-BANK,AST-BANK-092,2025-12-07T09:35:00,2025-12-07T09:36:00,2025-12-07T09:38:00,BENIGN,False,,ANALYST_SINGH,False,False,False,CLOSED,DEMO/SYNTHETIC - NOT REAL GOVERNMENT DATA
CSE-BANK-02,ALT-BANK-2025-01335,2025-Q4,2025-11-20T22:49:00,HIGH,SCADA_COMMAND_ANOMALY,SIEM-SENSOR-BANK,AST-BANK-107,2025-11-20T23:00:00,2025-11-20T23:01:00,2025-11-20T23:03:00,BENIGN,False,,ANALYST_PATEL,False,False,False,CLOSED,DEMO/SYNTHETIC - NOT REAL GOVERNMENT DATA
CSE-BANK-02,ALT-BANK-2025-01336,2025-Q4,2025-10-03T23:50:00,HIGH,POLICY_VIOLATION,SIEM-SENSOR-BANK,AST-BANK-043,2025-10-04T00:09:00,2025-10-04T00:10:00,2025-10-04T00:12:00,BENIGN,False,,ANALYST_PATEL,False,False,False,CLOSED,DEMO/SYNTHETIC - NOT REAL GOVERNMENT DATA
CSE-BANK-02,ALT-BANK-2025-01337,2025-Q4,2025-11-17T21:32:00,MEDIUM,DATA_EXFILTRATION,SIEM-SENSOR-BANK,AST-BANK-058,2025-11-17T21:35:00,2025-11-17T21:36:00,2025-11-17T21:40:00,BENIGN,False,,ANALYST_SINGH,False,False,False,CLOSED,DEMO/SYNTHETIC - NOT REAL GOVERNMENT DATA
CSE-BANK-02,ALT-BANK-2025-01338,2025-Q4,2025-11-01T21:37:00,CRITICAL,PRIVILEGE_ESCALATION,SIEM-SENSOR-BANK,AST-BANK-031,2025-11-01T21:40:00,2025-11-01T21:41:00,2025-11-01T21:43:00,BENIGN,False,,ANALYST_VERMA,False,False,False,CLOSED,DEMO/SYNTHETIC - NOT REAL GOVERNMENT DATA
CSE-BANK-02,ALT-BANK-2025-01339,2025-Q4,2025-11-10T09:26:00,CRITICAL,DDOS_ATTACK,SIEM-SENSOR-BANK,AST-BANK-092,2025-11-10T09:46:00,2025-11-10T09:47:00,2025-11-10T09:50:00,BENIGN,False,,ANALYST_SINGH,False,False,False,CLOSED,DEMO/SYNTHETIC - NOT REAL GOVERNMENT DATA
CSE-BANK-02,ALT-BANK-2025-01340,2025-Q4,2025-11-22T23:28:00,HIGH,SCADA_COMMAND_ANOMALY,SIEM-SENSOR-BANK,AST-BANK-086,2025-11-22T23:46:00,2025-11-22T23:47:00,2025-11-22T23:51:00,BENIGN,False,,ANALYST_SHARMA,False,False,False,CLOSED,DEMO/SYNTHETIC - NOT REAL GOVERNMENT DATA
CSE-BANK-02,ALT-BANK-2025-01341,2025-Q4,2025-10-28T22:26:00,MEDIUM,BRUTE_FORCE,SIEM-SENSOR-BANK,AST-BANK-112,2025-10-28T22:46:00,2025-10-28T22:47:00,2025-10-28T22:50:00,BENIGN,False,,ANALYST_VERMA,False,False,False,CLOSED,DEMO/SYNTHETIC - NOT REAL GOVERNMENT DATA
CSE-BANK-02,ALT-BANK-2025-01342,2025-Q4,2025-11-07T20:20:00,LOW,MALWARE,SIEM-SENSOR-BANK,AST-BANK-091,2025-11-07T20:25:00,2025-11-07T20:26:00,2025-11-07T20:29:00,BENIGN,False,,ANALYST_SHARMA,False,False,False,CLOSED,DEMO/SYNTHETIC - NOT REAL GOVERNMENT DATA
CSE-BANK-02,ALT-BANK-2025-01343,2025-Q4,2025-10-23T07:40:00,HIGH,UNAUTHORIZED_ACCESS,SIEM-SENSOR-BANK,AST-BANK-012,2025-10-23T07:50:00,2025-10-23T07:51:00,2025-10-23T07:55:00,BENIGN,False,,ANALYST_PATEL,False,False,False,CLOSED,DEMO/SYNTHETIC - NOT REAL GOVERNMENT DATA
CSE-BANK-02,ALT-BANK-2025-01344,2025-Q4,2025-10-28T15:31:00,HIGH,MALWARE,SIEM-SENSOR-BANK,AST-BANK-052,2025-10-28T15:49:00,2025-10-28T15:50:00,2025-10-28T15:54:00,BENIGN,False,,ANALYST_VERMA,False,False,False,CLOSED,DEMO/SYNTHETIC - NOT REAL GOVERNMENT DATA
CSE-BANK-02,ALT-BANK-2025-01345,2025-Q4,2025-11-15T09:49:00,LOW,POLICY_VIOLATION,SIEM-SENSOR-BANK,AST-BANK-087,2025-11-15T10:09:00,2025-11-15T10:10:00,2025-11-15T10:11:00,BENIGN,False,,ANALYST_SINGH,False,False,False,CLOSED,DEMO/SYNTHETIC - NOT REAL GOVERNMENT DATA
CSE-BANK-02,ALT-BANK-2025-01346,2025-Q4,2025-12-10T20:40:00,CRITICAL,MALWARE,SIEM-SENSOR-BANK,AST-BANK-003,2025-12-10T20:59:00,2025-12-10T21:00:00,2025-12-10T21:01:00,BENIGN,False,,ANALYST_SHARMA,False,False,False,CLOSED,DEMO/SYNTHETIC - NOT REAL GOVERNMENT DATA
CSE-BANK-02,ALT-BANK-2025-01347,2025-Q4,2025-10-03T00:06:00,MEDIUM,MALWARE,SIEM-SENSOR-BANK,AST-BANK-065,2025-10-03T00:21:00,2025-10-03T00:22:00,2025-10-03T00:23:00,BENIGN,False,,ANALYST_SINGH,False,False,False,CLOSED,DEMO/SYNTHETIC - NOT REAL GOVERNMENT DATA
CSE-BANK-02,ALT-BANK-2025-01348,2025-Q4,2025-11-10T02:20:00,HIGH,PRIVILEGE_ESCALATION,SIEM-SENSOR-BANK,AST-BANK-014,2025-11-10T02:40:00,2025-11-10T02:41:00,2025-11-10T02:42:00,BENIGN,False,,ANALYST_RAO,False,False,False,CLOSED,DEMO/SYNTHETIC - NOT REAL GOVERNMENT DATA
CSE-BANK-02,ALT-BANK-2025-01349,2025-Q4,2025-12-12T22:25:00,HIGH,UNAUTHORIZED_ACCESS,SIEM-SENSOR-BANK,AST-BANK-085,2025-12-12T22:27:00,2025-12-12T22:28:00,2025-12-12T22:29:00,BENIGN,False,,ANALYST_PATEL,False,False,False,CLOSED,DEMO/SYNTHETIC - NOT REAL GOVERNMENT DATA
CSE-BANK-02,ALT-BANK-2025-01350,2025-Q4,2025-11-03T20:22:00,HIGH,POLICY_VIOLATION,SIEM-SENSOR-BANK,AST-BANK-116,2025-11-03T20:32:00,2025-11-03T20:33:00,2025-11-03T20:35:00,BENIGN,False,,ANALYST_VERMA,False,False,False,CLOSED,DEMO/SYNTHETIC - NOT REAL GOVERNMENT DATA
CSE-BANK-02,ALT-BANK-2025-01351,2025-Q4,2025-10-23T15:54:00,HIGH,DATA_EXFILTRATION,SIEM-SENSOR-BANK,AST-BANK-113,2025-10-23T16:08:00,2025-10-23T16:09:00,2025-10-23T16:13:00,BENIGN,False,,ANALYST_PATEL,False,False,False,CLOSED,DEMO/SYNTHETIC - NOT REAL GOVERNMENT DATA
CSE-BANK-02,ALT-BANK-2025-01352,2025-Q4,2025-11-14T22:42:00,CRITICAL,DATA_EXFILTRATION,SIEM-SENSOR-BANK,AST-BANK-105,2025-11-14T22:50:00,2025-11-14T22:51:00,2025-11-14T22:52:00,BENIGN,False,,ANALYST_PATEL,False,False,False,CLOSED,DEMO/SYNTHETIC - NOT REAL GOVERNMENT DATA
CSE-BANK-02,ALT-BANK-2025-01353,2025-Q4,2025-11-14T03:29:00,CRITICAL,POLICY_VIOLATION,SIEM-SENSOR-BANK,AST-BANK-020,2025-11-14T03:33:00,2025-11-14T03:34:00,2025-11-14T03:36:00,BENIGN,False,,ANALYST_RAO,False,False,False,CLOSED,DEMO/SYNTHETIC - NOT REAL GOVERNMENT DATA
CSE-BANK-02,ALT-BANK-2025-01354,2025-Q4,2025-10-28T08:13:00,MEDIUM,RANSOMWARE,SIEM-SENSOR-BANK,AST-BANK-042,2025-10-28T08:28:00,2025-10-28T08:29:00,2025-10-28T08:33:00,BENIGN,False,,ANALYST_VERMA,False,False,False,CLOSED,DEMO/SYNTHETIC - NOT REAL GOVERNMENT DATA
CSE-BANK-02,ALT-BANK-2025-01355,2025-Q4,2025-11-27T21:30:00,HIGH,RANSOMWARE,SIEM-SENSOR-BANK,AST-BANK-033,2025-11-27T21:44:00,2025-11-27T21:45:00,2025-11-27T21:48:00,BENIGN,False,,ANALYST_VERMA,False,False,False,CLOSED,DEMO/SYNTHETIC - NOT REAL GOVERNMENT DATA
CSE-BANK-02,ALT-BANK-2025-01356,2025-Q4,2025-12-08T15:20:00,CRITICAL,BRUTE_FORCE,SIEM-SENSOR-BANK,AST-BANK-002,2025-12-08T15:40:00,2025-12-08T15:41:00,2025-12-08T15:45:00,BENIGN,False,,ANALYST_RAO,False,False,False,CLOSED,DEMO/SYNTHETIC - NOT REAL GOVERNMENT DATA
CSE-BANK-02,ALT-BANK-2025-01357,2025-Q4,2025-12-16T02:16:00,CRITICAL,POLICY_VIOLATION,SIEM-SENSOR-BANK,AST-BANK-010,2025-12-16T02:34:00,2025-12-16T02:35:00,2025-12-16T02:36:00,BENIGN,False,,ANALYST_VERMA,False,False,False,CLOSED,DEMO/SYNTHETIC - NOT REAL GOVERNMENT DATA
CSE-BANK-02,ALT-BANK-2025-01358,2025-Q4,2025-11-22T02:42:00,LOW,UNAUTHORIZED_ACCESS,SIEM-SENSOR-BANK,AST-BANK-062,2025-11-22T02:56:00,2025-11-22T02:57:00,2025-11-22T03:01:00,BENIGN,False,,ANALYST_RAO,False,False,False,CLOSED,DEMO/SYNTHETIC - NOT REAL GOVERNMENT DATA
CSE-BANK-02,ALT-BANK-2025-01359,2025-Q4,2025-11-22T19:48:00,HIGH,DATA_EXFILTRATION,SIEM-SENSOR-BANK,AST-BANK-061,2025-11-22T19:52:00,2025-11-22T19:53:00,2025-11-22T19:57:00,BENIGN,False,,ANALYST_VERMA,False,False,False,CLOSED,DEMO/SYNTHETIC - NOT REAL GOVERNMENT DATA
CSE-BANK-02,ALT-BANK-2025-01360,2025-Q4,2025-10-16T05:18:00,MEDIUM,PRIVILEGE_ESCALATION,SIEM-SENSOR-BANK,AST-BANK-050,2025-10-16T05:36:00,2025-10-16T05:37:00,2025-10-16T05:39:00,BENIGN,False,,ANALYST_SINGH,False,False,False,CLOSED,DEMO/SYNTHETIC - NOT REAL GOVERNMENT DATA
CSE-BANK-02,ALT-BANK-2025-01361,2025-Q4,2025-10-07T06:09:00,HIGH,RANSOMWARE,SIEM-SENSOR-BANK,AST-BANK-050,2025-10-07T06:22:00,2025-10-07T06:23:00,2025-10-07T06:25:00,BENIGN,False,,ANALYST_PATEL,False,False,False,CLOSED,DEMO/SYNTHETIC - NOT REAL GOVERNMENT DATA
CSE-BANK-02,ALT-BANK-2025-01362,2025-Q4,2025-11-16T10:34:00,HIGH,DDOS_ATTACK,SIEM-SENSOR-BANK,AST-BANK-063,2025-11-16T10:46:00,2025-11-16T10:47:00,2025-11-16T10:48:00,BENIGN,False,,ANALYST_VERMA,False,False,False,CLOSED,DEMO/SYNTHETIC - NOT REAL GOVERNMENT DATA
CSE-BANK-02,ALT-BANK-2025-01363,2025-Q4,2025-11-30T17:48:00,CRITICAL,UNAUTHORIZED_ACCESS,SIEM-SENSOR-BANK,AST-BANK-085,2025-11-30T17:55:00,2025-11-30T17:56:00,2025-11-30T17:58:00,BENIGN,False,,ANALYST_SINGH,False,False,False,CLOSED,DEMO/SYNTHETIC - NOT REAL GOVERNMENT DATA
CSE-BANK-02,ALT-BANK-2025-01364,2025-Q4,2025-12-16T09:51:00,HIGH,DDOS_ATTACK,SIEM-SENSOR-BANK,AST-BANK-035,2025-12-16T09:55:00,2025-12-16T09:56:00,2025-12-16T09:58:00,BENIGN,False,,ANALYST_SINGH,False,False,False,CLOSED,DEMO/SYNTHETIC - NOT REAL GOVERNMENT DATA
CSE-BANK-02,ALT-BANK-2025-01365,2025-Q4,2025-11-18T02:16:00,HIGH,RANSOMWARE,SIEM-SENSOR-BANK,AST-BANK-085,2025-11-18T02:25:00,2025-11-18T02:26:00,2025-11-18T02:27:00,BENIGN,False,,ANALYST_SINGH,False,False,False,CLOSED,DEMO/SYNTHETIC - NOT REAL GOVERNMENT DATA
CSE-BANK-02,ALT-BANK-2025-01366,2025-Q4,2025-12-13T12:11:00,MEDIUM,POLICY_VIOLATION,SIEM-SENSOR-BANK,AST-BANK-043,2025-12-13T12:22:00,2025-12-13T12:23:00,2025-12-13T12:26:00,BENIGN,False,,ANALYST_SINGH,False,False,False,CLOSED,DEMO/SYNTHETIC - NOT REAL GOVERNMENT DATA
CSE-BANK-02,ALT-BANK-2025-01367,2025-Q4,2025-10-05T18:20:00,CRITICAL,PRIVILEGE_ESCALATION,SIEM-SENSOR-BANK,AST-BANK-051,2025-10-05T18:28:00,2025-10-05T18:29:00,2025-10-05T18:30:00,BENIGN,False,,ANALYST_SINGH,False,False,False,CLOSED,DEMO/SYNTHETIC - NOT REAL GOVERNMENT DATA
CSE-BANK-02,ALT-BANK-2025-01368,2025-Q4,2025-10-08T20:25:00,CRITICAL,MALWARE,SIEM-SENSOR-BANK,AST-BANK-092,2025-10-08T20:28:00,2025-10-08T20:29:00,2025-10-08T20:32:00,BENIGN,False,,ANALYST_SHARMA,False,False,False,CLOSED,DEMO/SYNTHETIC - NOT REAL GOVERNMENT DATA
CSE-BANK-02,ALT-BANK-2025-01369,2025-Q4,2025-10-10T12:16:00,CRITICAL,SCADA_COMMAND_ANOMALY,SIEM-SENSOR-BANK,AST-BANK-060,2025-10-10T12:27:00,2025-10-10T12:28:00,2025-10-10T12:29:00,BENIGN,False,,ANALYST_SHARMA,False,False,False,CLOSED,DEMO/SYNTHETIC - NOT REAL GOVERNMENT DATA
CSE-BANK-02,ALT-BANK-2025-01370,2025-Q4,2025-10-12T06:47:00,HIGH,RANSOMWARE,SIEM-SENSOR-BANK,AST-BANK-112,2025-10-12T06:56:00,2025-10-12T06:57:00,2025-10-12T07:01:00,BENIGN,False,,ANALYST_SINGH,False,False,False,CLOSED,DEMO/SYNTHETIC - NOT REAL GOVERNMENT DATA
CSE-BANK-02,ALT-BANK-2025-01371,2025-Q4,2025-11-16T05:30:00,LOW,MALWARE,SIEM-SENSOR-BANK,AST-BANK-098,2025-11-16T05:42:00,2025-11-16T05:43:00,2025-11-16T05:47:00,BENIGN,False,,ANALYST_PATEL,False,False,False,CLOSED,DEMO/SYNTHETIC - NOT REAL GOVERNMENT DATA
CSE-BANK-02,ALT-BANK-2025-01372,2025-Q4,2025-11-30T22:03:00,HIGH,DATA_EXFILTRATION,SIEM-SENSOR-BANK,AST-BANK-067,2025-11-30T22:23:00,2025-11-30T22:24:00,2025-11-30T22:25:00,BENIGN,False,,ANALYST_PATEL,False,False,False,CLOSED,DEMO/SYNTHETIC - NOT REAL GOVERNMENT DATA
CSE-BANK-02,ALT-BANK-2025-01373,2025-Q4,2025-11-30T02:11:00,HIGH,DDOS_ATTACK,SIEM-SENSOR-BANK,AST-BANK-078,2025-11-30T02:16:00,2025-11-30T02:17:00,2025-11-30T02:20:00,BENIGN,False,,ANALYST_PATEL,False,False,False,CLOSED,DEMO/SYNTHETIC - NOT REAL GOVERNMENT DATA
CSE-BANK-02,ALT-BANK-2025-01374,2025-Q4,2025-11-07T22:35:00,CRITICAL,POLICY_VIOLATION,SIEM-SENSOR-BANK,AST-BANK-002,2025-11-07T22:41:00,2025-11-07T22:42:00,2025-11-07T22:44:00,BENIGN,False,,ANALYST_SHARMA,False,False,False,CLOSED,DEMO/SYNTHETIC - NOT REAL GOVERNMENT DATA
CSE-BANK-02,ALT-BANK-2025-01375,2025-Q4,2025-10-28T22:52:00,CRITICAL,MALWARE,SIEM-SENSOR-BANK,AST-BANK-051,2025-10-28T23:12:00,2025-10-28T23:13:00,2025-10-28T23:15:00,BENIGN,False,,ANALYST_PATEL,False,False,False,CLOSED,DEMO/SYNTHETIC - NOT REAL GOVERNMENT DATA
CSE-BANK-02,ALT-BANK-2025-01376,2025-Q4,2025-11-30T08:26:00,CRITICAL,BRUTE_FORCE,SIEM-SENSOR-BANK,AST-BANK-032,2025-11-30T08:45:00,2025-11-30T08:46:00,2025-11-30T08:49:00,BENIGN,False,,ANALYST_SINGH,False,False,False,CLOSED,DEMO/SYNTHETIC - NOT REAL GOVERNMENT DATA
CSE-BANK-02,ALT-BANK-2025-01377,2025-Q4,2025-10-10T11:31:00,HIGH,MALWARE,SIEM-SENSOR-BANK,AST-BANK-095,2025-10-10T11:35:00,2025-10-10T11:36:00,2025-10-10T11:39:00,BENIGN,False,,ANALYST_PATEL,False,False,False,CLOSED,DEMO/SYNTHETIC - NOT REAL GOVERNMENT DATA
CSE-BANK-02,ALT-BANK-2025-01378,2025-Q4,2025-10-23T22:40:00,HIGH,BRUTE_FORCE,SIEM-SENSOR-BANK,AST-BANK-093,2025-10-23T22:53:00,2025-10-23T22:54:00,2025-10-23T22:58:00,BENIGN,False,,ANALYST_PATEL,False,False,False,CLOSED,DEMO/SYNTHETIC - NOT REAL GOVERNMENT DATA
CSE-BANK-02,ALT-BANK-2025-01379,2025-Q4,2025-10-11T15:27:00,HIGH,PRIVILEGE_ESCALATION,SIEM-SENSOR-BANK,AST-BANK-044,2025-10-11T15:34:00,2025-10-11T15:35:00,2025-10-11T15:37:00,BENIGN,False,,ANALYST_PATEL,False,False,False,CLOSED,DEMO/SYNTHETIC - NOT REAL GOVERNMENT DATA
CSE-BANK-02,ALT-BANK-2025-01380,2025-Q4,2025-10-29T22:23:00,HIGH,MALWARE,SIEM-SENSOR-BANK,AST-BANK-089,2025-10-29T22:35:00,2025-10-29T22:36:00,2025-10-29T22:40:00,BENIGN,False,,ANALYST_PATEL,False,False,False,CLOSED,DEMO/SYNTHETIC - NOT REAL GOVERNMENT DATA
CSE-BANK-02,ALT-BANK-2025-01381,2025-Q4,2025-10-04T13:12:00,CRITICAL,MALWARE,SIEM-SENSOR-BANK,AST-BANK-099,2025-10-04T13:31:00,2025-10-04T13:32:00,2025-10-04T13:34:00,BENIGN,False,,ANALYST_VERMA,False,False,False,CLOSED,DEMO/SYNTHETIC - NOT REAL GOVERNMENT DATA
CSE-BANK-02,ALT-BANK-2025-01382,2025-Q4,2025-12-17T07:51:00,CRITICAL,MALWARE,SIEM-SENSOR-BANK,AST-BANK-070,2025-12-17T08:09:00,2025-12-17T08:10:00,2025-12-17T08:14:00,BENIGN,False,,ANALYST_SINGH,False,False,False,CLOSED,DEMO/SYNTHETIC - NOT REAL GOVERNMENT DATA
CSE-BANK-02,ALT-BANK-2025-01383,2025-Q4,2025-10-14T11:46:00,MEDIUM,PRIVILEGE_ESCALATION,SIEM-SENSOR-BANK,AST-BANK-103,2025-10-14T12:01:00,2025-10-14T12:02:00,2025-10-14T12:05:00,BENIGN,False,,ANALYST_PATEL,False,False,False,CLOSED,DEMO/SYNTHETIC - NOT REAL GOVERNMENT DATA
CSE-BANK-02,ALT-BANK-2025-01384,2025-Q4,2025-10-21T13:33:00,HIGH,POLICY_VIOLATION,SIEM-SENSOR-BANK,AST-BANK-035,2025-10-21T13:43:00,2025-10-21T13:44:00,2025-10-21T13:47:00,BENIGN,False,,ANALYST_SINGH,False,False,False,CLOSED,DEMO/SYNTHETIC - NOT REAL GOVERNMENT DATA
CSE-BANK-02,ALT-BANK-2025-01385,2025-Q4,2025-11-11T01:29:00,HIGH,SCADA_COMMAND_ANOMALY,SIEM-SENSOR-BANK,AST-BANK-032,2025-11-11T01:31:00,2025-11-11T01:32:00,2025-11-11T01:33:00,BENIGN,False,,ANALYST_SHARMA,False,False,False,CLOSED,DEMO/SYNTHETIC - NOT REAL GOVERNMENT DATA
CSE-BANK-02,ALT-BANK-2025-01386,2025-Q4,2025-12-10T11:46:00,HIGH,SCADA_COMMAND_ANOMALY,SIEM-SENSOR-BANK,AST-BANK-070,2025-12-10T12:05:00,2025-12-10T12:06:00,2025-12-10T12:10:00,BENIGN,False,,ANALYST_SHARMA,False,False,False,CLOSED,DEMO/SYNTHETIC - NOT REAL GOVERNMENT DATA
CSE-BANK-02,ALT-BANK-2025-01387,2025-Q4,2025-11-10T12:47:00,HIGH,PRIVILEGE_ESCALATION,SIEM-SENSOR-BANK,AST-BANK-097,2025-11-10T12:59:00,2025-11-10T13:00:00,2025-11-10T13:01:00,BENIGN,False,,ANALYST_SHARMA,False,False,False,CLOSED,DEMO/SYNTHETIC - NOT REAL GOVERNMENT DATA
CSE-BANK-02,ALT-BANK-2025-01388,2025-Q4,2025-10-02T10:33:00,CRITICAL,UNAUTHORIZED_ACCESS,SIEM-SENSOR-BANK,AST-BANK-072,2025-10-02T10:48:00,2025-10-02T10:49:00,2025-10-02T10:53:00,BENIGN,False,,ANALYST_PATEL,False,False,False,CLOSED,DEMO/SYNTHETIC - NOT REAL GOVERNMENT DATA
CSE-BANK-02,ALT-BANK-2025-01389,2025-Q4,2025-12-16T15:51:00,LOW,DATA_EXFILTRATION,SIEM-SENSOR-BANK,AST-BANK-064,2025-12-16T15:55:00,2025-12-16T15:56:00,2025-12-16T15:58:00,BENIGN,False,,ANALYST_SINGH,False,False,False,CLOSED,DEMO/SYNTHETIC - NOT REAL GOVERNMENT DATA
CSE-BANK-02,ALT-BANK-2025-01390,2025-Q4,2025-12-10T13:24:00,CRITICAL,DDOS_ATTACK,SIEM-SENSOR-BANK,AST-BANK-101,2025-12-10T13:38:00,2025-12-10T13:39:00,2025-12-10T13:42:00,BENIGN,False,,ANALYST_RAO,False,False,False,CLOSED,DEMO/SYNTHETIC - NOT REAL GOVERNMENT DATA
CSE-BANK-02,ALT-BANK-2025-01391,2025-Q4,2025-11-01T07:14:00,HIGH,POLICY_VIOLATION,SIEM-SENSOR-BANK,AST-BANK-057,2025-11-01T07:34:00,2025-11-01T07:35:00,2025-11-01T07:39:00,BENIGN,False,,ANALYST_RAO,False,False,False,CLOSED,DEMO/SYNTHETIC - NOT REAL GOVERNMENT DATA
CSE-BANK-02,ALT-BANK-2025-01392,2025-Q4,2025-10-30T06:30:00,HIGH,MALWARE,SIEM-SENSOR-BANK,AST-BANK-020,2025-10-30T06:37:00,2025-10-30T06:38:00,2025-10-30T06:39:00,BENIGN,False,,ANALYST_SINGH,False,False,False,CLOSED,DEMO/SYNTHETIC - NOT REAL GOVERNMENT DATA
CSE-BANK-02,ALT-BANK-2025-01393,2025-Q4,2025-12-18T02:22:00,CRITICAL,RANSOMWARE,SIEM-SENSOR-BANK,AST-BANK-063,2025-12-18T02:30:00,2025-12-18T02:31:00,2025-12-18T02:35:00,BENIGN,False,,ANALYST_RAO,False,False,False,CLOSED,DEMO/SYNTHETIC - NOT REAL GOVERNMENT DATA
CSE-BANK-02,ALT-BANK-2025-01394,2025-Q4,2025-11-01T09:20:00,CRITICAL,MALWARE,SIEM-SENSOR-BANK,AST-BANK-015,2025-11-01T09:31:00,2025-11-01T09:32:00,2025-11-01T09:33:00,BENIGN,False,,ANALYST_PATEL,False,False,False,CLOSED,DEMO/SYNTHETIC - NOT REAL GOVERNMENT DATA
CSE-BANK-02,ALT-BANK-2025-01395,2025-Q4,2025-11-10T20:00:00,CRITICAL,MALWARE,SIEM-SENSOR-BANK,AST-BANK-097,2025-11-10T20:02:00,2025-11-10T20:03:00,2025-11-10T20:07:00,BENIGN,False,,ANALYST_SINGH,False,False,False,CLOSED,DEMO/SYNTHETIC - NOT REAL GOVERNMENT DATA
CSE-BANK-02,ALT-BANK-2025-01396,2025-Q4,2025-12-12T13:10:00,HIGH,DATA_EXFILTRATION,SIEM-SENSOR-BANK,AST-BANK-046,2025-12-12T13:27:00,2025-12-12T13:28:00,2025-12-12T13:32:00,BENIGN,False,,ANALYST_PATEL,False,False,False,CLOSED,DEMO/SYNTHETIC - NOT REAL GOVERNMENT DATA
CSE-BANK-02,ALT-BANK-2025-01397,2025-Q4,2025-10-31T13:24:00,CRITICAL,SCADA_COMMAND_ANOMALY,SIEM-SENSOR-BANK,AST-BANK-097,2025-10-31T13:44:00,2025-10-31T13:45:00,2025-10-31T13:46:00,BENIGN,False,,ANALYST_RAO,False,False,False,CLOSED,DEMO/SYNTHETIC - NOT REAL GOVERNMENT DATA
CSE-BANK-02,ALT-BANK-2025-01398,2025-Q4,2025-12-17T17:05:00,HIGH,DATA_EXFILTRATION,SIEM-SENSOR-BANK,AST-BANK-063,2025-12-17T17:19:00,2025-12-17T17:20:00,2025-12-17T17:24:00,BENIGN,False,,ANALYST_VERMA,False,False,False,CLOSED,DEMO/SYNTHETIC - NOT REAL GOVERNMENT DATA
CSE-BANK-02,ALT-BANK-2025-01399,2025-Q4,2025-11-16T06:39:00,HIGH,SCADA_COMMAND_ANOMALY,SIEM-SENSOR-BANK,AST-BANK-068,2025-11-16T06:57:00,2025-11-16T06:58:00,2025-11-16T07:02:00,BENIGN,False,,ANALYST_RAO,False,False,False,CLOSED,DEMO/SYNTHETIC - NOT REAL GOVERNMENT DATA
CSE-BANK-02,ALT-BANK-2025-01400,2025-Q4,2025-11-08T16:47:00,HIGH,PRIVILEGE_ESCALATION,SIEM-SENSOR-BANK,AST-BANK-116,2025-11-08T17:03:00,2025-11-08T17:04:00,2025-11-08T17:05:00,BENIGN,False,,ANALYST_RAO,False,False,False,CLOSED,DEMO/SYNTHETIC - NOT REAL GOVERNMENT DATA
CSE-BANK-02,ALT-BANK-2025-01401,2025-Q4,2025-11-01T03:51:00,HIGH,SCADA_COMMAND_ANOMALY,SIEM-SENSOR-BANK,AST-BANK-033,2025-11-01T04:01:00,2025-11-01T04:02:00,2025-11-01T04:06:00,BENIGN,False,,ANALYST_RAO,False,False,False,CLOSED,DEMO/SYNTHETIC - NOT REAL GOVERNMENT DATA
CSE-BANK-02,ALT-BANK-2025-01402,2025-Q4,2025-10-09T13:15:00,MEDIUM,PRIVILEGE_ESCALATION,SIEM-SENSOR-BANK,AST-BANK-024,2025-10-09T13:32:00,2025-10-09T13:33:00,2025-10-09T13:36:00,BENIGN,False,,ANALYST_RAO,False,False,False,CLOSED,DEMO/SYNTHETIC - NOT REAL GOVERNMENT DATA
CSE-BANK-02,ALT-BANK-2025-01403,2025-Q4,2025-12-01T08:15:00,HIGH,MALWARE,SIEM-SENSOR-BANK,AST-BANK-011,2025-12-01T08:24:00,2025-12-01T08:25:00,2025-12-01T08:28:00,BENIGN,False,,ANALYST_VERMA,False,False,False,CLOSED,DEMO/SYNTHETIC - NOT REAL GOVERNMENT DATA
CSE-BANK-02,ALT-BANK-2025-01404,2025-Q4,2025-12-05T14:28:00,HIGH,BRUTE_FORCE,SIEM-SENSOR-BANK,AST-BANK-101,2025-12-05T14:32:00,2025-12-05T14:33:00,2025-12-05T14:37:00,BENIGN,False,,ANALYST_PATEL,False,False,False,CLOSED,DEMO/SYNTHETIC - NOT REAL GOVERNMENT DATA
CSE-BANK-02,ALT-BANK-2025-01405,2025-Q4,2025-11-12T11:31:00,HIGH,SCADA_COMMAND_ANOMALY,SIEM-SENSOR-BANK,AST-BANK-109,2025-11-12T11:37:00,2025-11-12T11:38:00,2025-11-12T11:40:00,BENIGN,False,,ANALYST_VERMA,False,False,False,CLOSED,DEMO/SYNTHETIC - NOT REAL GOVERNMENT DATA
CSE-BANK-02,ALT-BANK-2025-01406,2025-Q4,2025-12-16T01:40:00,MEDIUM,UNAUTHORIZED_ACCESS,SIEM-SENSOR-BANK,AST-BANK-042,2025-12-16T01:42:00,2025-12-16T01:43:00,2025-12-16T01:46:00,BENIGN,False,,ANALYST_PATEL,False,False,False,CLOSED,DEMO/SYNTHETIC - NOT REAL GOVERNMENT DATA
CSE-BANK-02,ALT-BANK-2025-01407,2025-Q4,2025-10-15T14:14:00,HIGH,SCADA_COMMAND_ANOMALY,SIEM-SENSOR-BANK,AST-BANK-047,2025-10-15T14:17:00,2025-10-15T14:18:00,2025-10-15T14:21:00,BENIGN,False,,ANALYST_RAO,False,False,False,CLOSED,DEMO/SYNTHETIC - NOT REAL GOVERNMENT DATA
CSE-BANK-02,ALT-BANK-2025-01408,2025-Q4,2025-12-12T02:36:00,CRITICAL,DATA_EXFILTRATION,SIEM-SENSOR-BANK,AST-BANK-119,2025-12-12T02:47:00,2025-12-12T02:48:00,2025-12-12T02:52:00,BENIGN,False,,ANALYST_VERMA,False,False,False,CLOSED,DEMO/SYNTHETIC - NOT REAL GOVERNMENT DATA
CSE-BANK-02,ALT-BANK-2025-01409,2025-Q4,2025-10-17T21:47:00,MEDIUM,BRUTE_FORCE,SIEM-SENSOR-BANK,AST-BANK-018,2025-10-17T21:56:00,2025-10-17T21:57:00,2025-10-17T21:59:00,BENIGN,False,,ANALYST_VERMA,False,False,False,CLOSED,DEMO/SYNTHETIC - NOT REAL GOVERNMENT DATA
CSE-BANK-02,ALT-BANK-2025-01410,2025-Q4,2025-10-08T13:21:00,CRITICAL,PRIVILEGE_ESCALATION,SIEM-SENSOR-BANK,AST-BANK-113,2025-10-08T13:34:00,2025-10-08T13:35:00,2025-10-08T13:39:00,BENIGN,False,,ANALYST_VERMA,False,False,False,CLOSED,DEMO/SYNTHETIC - NOT REAL GOVERNMENT DATA
CSE-BANK-02,ALT-BANK-2025-01411,2025-Q4,2025-11-10T18:42:00,HIGH,DDOS_ATTACK,SIEM-SENSOR-BANK,AST-BANK-104,2025-11-10T19:00:00,2025-11-10T19:01:00,2025-11-10T19:03:00,BENIGN,False,,ANALYST_VERMA,False,False,False,CLOSED,DEMO/SYNTHETIC - NOT REAL GOVERNMENT DATA
CSE-BANK-02,ALT-BANK-2025-01412,2025-Q4,2025-10-16T19:25:00,LOW,SCADA_COMMAND_ANOMALY,SIEM-SENSOR-BANK,AST-BANK-063,2025-10-16T19:42:00,2025-10-16T19:43:00,2025-10-16T19:46:00,BENIGN,False,,ANALYST_PATEL,False,False,False,CLOSED,DEMO/SYNTHETIC - NOT REAL GOVERNMENT DATA
CSE-BANK-02,ALT-BANK-2025-01413,2025-Q4,2025-12-04T20:55:00,HIGH,POLICY_VIOLATION,SIEM-SENSOR-BANK,AST-BANK-025,2025-12-04T21:10:00,2025-12-04T21:11:00,2025-12-04T21:13:00,BENIGN,False,,ANALYST_SINGH,False,False,False,CLOSED,DEMO/SYNTHETIC - NOT REAL GOVERNMENT DATA
CSE-BANK-02,ALT-BANK-2025-01414,2025-Q4,2025-10-07T18:59:00,HIGH,RANSOMWARE,SIEM-SENSOR-BANK,AST-BANK-075,2025-10-07T19:08:00,2025-10-07T19:09:00,2025-10-07T19:13:00,BENIGN,False,,ANALYST_PATEL,False,False,False,CLOSED,DEMO/SYNTHETIC - NOT REAL GOVERNMENT DATA
CSE-BANK-02,ALT-BANK-2025-01415,2025-Q4,2025-11-19T13:01:00,HIGH,POLICY_VIOLATION,SIEM-SENSOR-BANK,AST-BANK-065,2025-11-19T13:13:00,2025-11-19T13:14:00,2025-11-19T13:15:00,BENIGN,False,,ANALYST_RAO,False,False,False,CLOSED,DEMO/SYNTHETIC - NOT REAL GOVERNMENT DATA
CSE-BANK-02,ALT-BANK-2025-01416,2025-Q4,2025-10-08T21:41:00,CRITICAL,PRIVILEGE_ESCALATION,SIEM-SENSOR-BANK,AST-BANK-085,2025-10-08T21:57:00,2025-10-08T21:58:00,2025-10-08T22:00:00,BENIGN,False,,ANALYST_SHARMA,False,False,False,CLOSED,DEMO/SYNTHETIC - NOT REAL GOVERNMENT DATA
CSE-BANK-02,ALT-BANK-2025-01417,2025-Q4,2025-12-16T12:10:00,LOW,UNAUTHORIZED_ACCESS,SIEM-SENSOR-BANK,AST-BANK-088,2025-12-16T12:12:00,2025-12-16T12:13:00,2025-12-16T12:17:00,BENIGN,False,,ANALYST_SHARMA,False,False,False,CLOSED,DEMO/SYNTHETIC - NOT REAL GOVERNMENT DATA
CSE-BANK-02,ALT-BANK-2025-01418,2025-Q4,2025-10-24T22:09:00,HIGH,MALWARE,SIEM-SENSOR-BANK,AST-BANK-058,2025-10-24T22:16:00,2025-10-24T22:17:00,2025-10-24T22:20:00,BENIGN,False,,ANALYST_PATEL,False,False,False,CLOSED,DEMO/SYNTHETIC - NOT REAL GOVERNMENT DATA
CSE-BANK-02,ALT-BANK-2025-01419,2025-Q4,2025-11-07T12:15:00,CRITICAL,DATA_EXFILTRATION,SIEM-SENSOR-BANK,AST-BANK-086,2025-11-07T12:28:00,2025-11-07T12:29:00,2025-11-07T12:33:00,BENIGN,False,,ANALYST_SHARMA,False,False,False,CLOSED,DEMO/SYNTHETIC - NOT REAL GOVERNMENT DATA
CSE-BANK-02,ALT-BANK-2025-01420,2025-Q4,2025-12-03T03:04:00,HIGH,PRIVILEGE_ESCALATION,SIEM-SENSOR-BANK,AST-BANK-027,2025-12-03T03:23:00,2025-12-03T03:24:00,2025-12-03T03:28:00,BENIGN,False,,ANALYST_PATEL,False,False,False,CLOSED,DEMO/SYNTHETIC - NOT REAL GOVERNMENT DATA
CSE-BANK-02,ALT-BANK-2025-01421,2025-Q4,2025-10-22T08:51:00,HIGH,SCADA_COMMAND_ANOMALY,SIEM-SENSOR-BANK,AST-BANK-012,2025-10-22T09:10:00,2025-10-22T09:11:00,2025-10-22T09:15:00,BENIGN,False,,ANALYST_PATEL,False,False,False,CLOSED,DEMO/SYNTHETIC - NOT REAL GOVERNMENT DATA
CSE-BANK-02,ALT-BANK-2025-01422,2025-Q4,2025-10-05T16:42:00,HIGH,UNAUTHORIZED_ACCESS,SIEM-SENSOR-BANK,AST-BANK-064,2025-10-05T16:54:00,2025-10-05T16:55:00,2025-10-05T16:57:00,BENIGN,False,,ANALYST_RAO,False,False,False,CLOSED,DEMO/SYNTHETIC - NOT REAL GOVERNMENT DATA
CSE-BANK-02,ALT-BANK-2025-01423,2025-Q4,2025-12-10T00:23:00,CRITICAL,DDOS_ATTACK,SIEM-SENSOR-BANK,AST-BANK-044,2025-12-10T00:40:00,2025-12-10T00:41:00,2025-12-10T00:43:00,BENIGN,False,,ANALYST_PATEL,False,False,False,CLOSED,DEMO/SYNTHETIC - NOT REAL GOVERNMENT DATA
CSE-BANK-02,ALT-BANK-2025-01424,2025-Q4,2025-11-25T16:13:00,MEDIUM,PRIVILEGE_ESCALATION,SIEM-SENSOR-BANK,AST-BANK-005,2025-11-25T16:15:00,2025-11-25T16:16:00,2025-11-25T16:19:00,BENIGN,False,,ANALYST_SINGH,False,False,False,CLOSED,DEMO/SYNTHETIC - NOT REAL GOVERNMENT DATA
CSE-BANK-02,ALT-BANK-2025-01425,2025-Q4,2025-10-25T01:26:00,HIGH,POLICY_VIOLATION,SIEM-SENSOR-BANK,AST-BANK-024,2025-10-25T01:32:00,2025-10-25T01:33:00,2025-10-25T01:34:00,BENIGN,False,,ANALYST_SHARMA,False,False,False,CLOSED,DEMO/SYNTHETIC - NOT REAL GOVERNMENT DATA
CSE-BANK-02,ALT-BANK-2025-01426,2025-Q4,2025-11-10T12:35:00,CRITICAL,POLICY_VIOLATION,SIEM-SENSOR-BANK,AST-BANK-101,2025-11-10T12:42:00,2025-11-10T12:43:00,2025-11-10T12:47:00,BENIGN,False,,ANALYST_SHARMA,False,False,False,CLOSED,DEMO/SYNTHETIC - NOT REAL GOVERNMENT DATA
CSE-BANK-02,ALT-BANK-2025-01427,2025-Q4,2025-12-06T10:14:00,HIGH,SCADA_COMMAND_ANOMALY,SIEM-SENSOR-BANK,AST-BANK-099,2025-12-06T10:19:00,2025-12-06T10:20:00,2025-12-06T10:23:00,BENIGN,False,,ANALYST_VERMA,False,False,False,CLOSED,DEMO/SYNTHETIC - NOT REAL GOVERNMENT DATA
CSE-BANK-02,ALT-BANK-2025-01428,2025-Q4,2025-12-13T05:19:00,CRITICAL,POLICY_VIOLATION,SIEM-SENSOR-BANK,AST-BANK-014,2025-12-13T05:28:00,2025-12-13T05:29:00,2025-12-13T05:30:00,BENIGN,False,,ANALYST_SINGH,False,False,False,CLOSED,DEMO/SYNTHETIC - NOT REAL GOVERNMENT DATA
CSE-BANK-02,ALT-BANK-2025-01429,2025-Q4,2025-11-24T22:12:00,HIGH,SCADA_COMMAND_ANOMALY,SIEM-SENSOR-BANK,AST-BANK-048,2025-11-24T22:20:00,2025-11-24T22:21:00,2025-11-24T22:22:00,BENIGN,False,,ANALYST_PATEL,False,False,False,CLOSED,DEMO/SYNTHETIC - NOT REAL GOVERNMENT DATA
CSE-BANK-02,ALT-BANK-2025-01430,2025-Q4,2025-11-22T17:16:00,HIGH,SCADA_COMMAND_ANOMALY,SIEM-SENSOR-BANK,AST-BANK-027,2025-11-22T17:34:00,2025-11-22T17:35:00,2025-11-22T17:36:00,BENIGN,False,,ANALYST_SINGH,False,False,False,CLOSED,DEMO/SYNTHETIC - NOT REAL GOVERNMENT DATA
CSE-BANK-02,ALT-BANK-2025-01431,2025-Q4,2025-11-24T14:10:00,CRITICAL,DDOS_ATTACK,SIEM-SENSOR-BANK,AST-BANK-055,2025-11-24T14:25:00,2025-11-24T14:26:00,2025-11-24T14:27:00,BENIGN,False,,ANALYST_RAO,False,False,False,CLOSED,DEMO/SYNTHETIC - NOT REAL GOVERNMENT DATA
CSE-BANK-02,ALT-BANK-2025-01432,2025-Q4,2025-11-21T15:30:00,HIGH,PRIVILEGE_ESCALATION,SIEM-SENSOR-BANK,AST-BANK-073,2025-11-21T15:46:00,2025-11-21T15:47:00,2025-11-21T15:49:00,BENIGN,False,,ANALYST_RAO,False,False,False,CLOSED,DEMO/SYNTHETIC - NOT REAL GOVERNMENT DATA
CSE-BANK-02,ALT-BANK-2025-01433,2025-Q4,2025-11-11T09:06:00,MEDIUM,PRIVILEGE_ESCALATION,SIEM-SENSOR-BANK,AST-BANK-096,2025-11-11T09:23:00,2025-11-11T09:24:00,2025-11-11T09:26:00,BENIGN,False,,ANALYST_SINGH,False,False,False,CLOSED,DEMO/SYNTHETIC - NOT REAL GOVERNMENT DATA
CSE-BANK-02,ALT-BANK-2025-01434,2025-Q4,2025-10-02T09:02:00,CRITICAL,SCADA_COMMAND_ANOMALY,SIEM-SENSOR-BANK,AST-BANK-084,2025-10-02T09:20:00,2025-10-02T09:21:00,2025-10-02T09:22:00,BENIGN,False,,ANALYST_PATEL,False,False,False,CLOSED,DEMO/SYNTHETIC - NOT REAL GOVERNMENT DATA
CSE-BANK-02,ALT-BANK-2025-01435,2025-Q4,2025-10-04T20:34:00,LOW,PRIVILEGE_ESCALATION,SIEM-SENSOR-BANK,AST-BANK-068,2025-10-04T20:40:00,2025-10-04T20:41:00,2025-10-04T20:43:00,BENIGN,False,,ANALYST_SINGH,False,False,False,CLOSED,DEMO/SYNTHETIC - NOT REAL GOVERNMENT DATA
CSE-BANK-02,ALT-BANK-2025-01436,2025-Q4,2025-12-04T09:48:00,HIGH,POLICY_VIOLATION,SIEM-SENSOR-BANK,AST-BANK-081,2025-12-04T09:51:00,2025-12-04T09:52:00,2025-12-04T09:53:00,BENIGN,False,,ANALYST_VERMA,False,False,False,CLOSED,DEMO/SYNTHETIC - NOT REAL GOVERNMENT DATA
CSE-BANK-02,ALT-BANK-2025-01437,2025-Q4,2025-10-20T09:07:00,CRITICAL,DATA_EXFILTRATION,SIEM-SENSOR-BANK,AST-BANK-011,2025-10-20T09:10:00,2025-10-20T09:11:00,2025-10-20T09:15:00,BENIGN,False,,ANALYST_RAO,False,False,False,CLOSED,DEMO/SYNTHETIC - NOT REAL GOVERNMENT DATA
CSE-BANK-02,ALT-BANK-2025-01438,2025-Q4,2025-11-08T18:15:00,CRITICAL,DDOS_ATTACK,SIEM-SENSOR-BANK,AST-BANK-002,2025-11-08T18:20:00,2025-11-08T18:21:00,2025-11-08T18:25:00,BENIGN,False,,ANALYST_PATEL,False,False,False,CLOSED,DEMO/SYNTHETIC - NOT REAL GOVERNMENT DATA
CSE-BANK-02,ALT-BANK-2025-01439,2025-Q4,2025-10-15T02:21:00,HIGH,DDOS_ATTACK,SIEM-SENSOR-BANK,AST-BANK-056,2025-10-15T02:30:00,2025-10-15T02:31:00,2025-10-15T02:34:00,BENIGN,False,,ANALYST_SHARMA,False,False,False,CLOSED,DEMO/SYNTHETIC - NOT REAL GOVERNMENT DATA
CSE-BANK-02,ALT-BANK-2025-01440,2025-Q4,2025-10-03T22:17:00,HIGH,PRIVILEGE_ESCALATION,SIEM-SENSOR-BANK,AST-BANK-006,2025-10-03T22:20:00,2025-10-03T22:21:00,2025-10-03T22:24:00,BENIGN,False,,ANALYST_SHARMA,False,False,False,CLOSED,DEMO/SYNTHETIC - NOT REAL GOVERNMENT DATA
CSE-BANK-02,ALT-BANK-2025-01441,2025-Q4,2025-11-12T17:19:00,CRITICAL,SCADA_COMMAND_ANOMALY,SIEM-SENSOR-BANK,AST-BANK-076,2025-11-12T17:25:00,2025-11-12T17:26:00,2025-11-12T17:30:00,BENIGN,False,,ANALYST_VERMA,False,False,False,CLOSED,DEMO/SYNTHETIC - NOT REAL GOVERNMENT DATA
CSE-BANK-02,ALT-BANK-2025-01442,2025-Q4,2025-10-03T12:55:00,MEDIUM,UNAUTHORIZED_ACCESS,SIEM-SENSOR-BANK,AST-BANK-119,2025-10-03T13:06:00,2025-10-03T13:07:00,2025-10-03T13:10:00,BENIGN,False,,ANALYST_SINGH,False,False,False,CLOSED,DEMO/SYNTHETIC - NOT REAL GOVERNMENT DATA
CSE-BANK-02,ALT-BANK-2025-01443,2025-Q4,2025-11-12T13:41:00,HIGH,SCADA_COMMAND_ANOMALY,SIEM-SENSOR-BANK,AST-BANK-006,2025-11-12T13:55:00,2025-11-12T13:56:00,2025-11-12T13:58:00,BENIGN,False,,ANALYST_VERMA,False,False,False,CLOSED,DEMO/SYNTHETIC - NOT REAL GOVERNMENT DATA
CSE-BANK-02,ALT-BANK-2025-01444,2025-Q4,2025-12-11T06:25:00,CRITICAL,MALWARE,SIEM-SENSOR-BANK,AST-BANK-112,2025-12-11T06:36:00,2025-12-11T06:37:00,2025-12-11T06:40:00,BENIGN,False,,ANALYST_VERMA,False,False,False,CLOSED,DEMO/SYNTHETIC - NOT REAL GOVERNMENT DATA
CSE-BANK-02,ALT-BANK-2025-01445,2025-Q4,2025-11-11T16:58:00,MEDIUM,POLICY_VIOLATION,SIEM-SENSOR-BANK,AST-BANK-005,2025-11-11T17:07:00,2025-11-11T17:08:00,2025-11-11T17:10:00,BENIGN,False,,ANALYST_PATEL,False,False,False,CLOSED,DEMO/SYNTHETIC - NOT REAL GOVERNMENT DATA
CSE-BANK-02,ALT-BANK-2025-01446,2025-Q4,2025-11-07T20:42:00,CRITICAL,DATA_EXFILTRATION,SIEM-SENSOR-BANK,AST-BANK-083,2025-11-07T20:57:00,2025-11-07T20:58:00,2025-11-07T21:02:00,BENIGN,False,,ANALYST_PATEL,False,False,False,CLOSED,DEMO/SYNTHETIC - NOT REAL GOVERNMENT DATA
CSE-BANK-02,ALT-BANK-2025-01447,2025-Q4,2025-11-01T21:38:00,CRITICAL,UNAUTHORIZED_ACCESS,SIEM-SENSOR-BANK,AST-BANK-094,2025-11-01T21:48:00,2025-11-01T21:49:00,2025-11-01T21:52:00,BENIGN,False,,ANALYST_SHARMA,False,False,False,CLOSED,DEMO/SYNTHETIC - NOT REAL GOVERNMENT DATA
CSE-BANK-02,ALT-BANK-2025-01448,2025-Q4,2025-10-28T18:58:00,LOW,SCADA_COMMAND_ANOMALY,SIEM-SENSOR-BANK,AST-BANK-003,2025-10-28T19:17:00,2025-10-28T19:18:00,2025-10-28T19:22:00,BENIGN,False,,ANALYST_RAO,False,False,False,CLOSED,DEMO/SYNTHETIC - NOT REAL GOVERNMENT DATA
CSE-BANK-02,ALT-BANK-2025-01449,2025-Q4,2025-10-22T10:06:00,HIGH,DDOS_ATTACK,SIEM-SENSOR-BANK,AST-BANK-015,2025-10-22T10:09:00,2025-10-22T10:10:00,2025-10-22T10:14:00,BENIGN,False,,ANALYST_SINGH,False,False,False,CLOSED,DEMO/SYNTHETIC - NOT REAL GOVERNMENT DATA
CSE-BANK-02,ALT-BANK-2025-01450,2025-Q4,2025-10-27T02:31:00,MEDIUM,SCADA_COMMAND_ANOMALY,SIEM-SENSOR-BANK,AST-BANK-015,2025-10-27T02:46:00,2025-10-27T02:47:00,2025-10-27T02:48:00,BENIGN,False,,ANALYST_SINGH,False,False,False,CLOSED,DEMO/SYNTHETIC - NOT REAL GOVERNMENT DATA
CSE-BANK-02,ALT-BANK-2025-01451,2025-Q4,2025-10-03T07:54:00,HIGH,DATA_EXFILTRATION,SIEM-SENSOR-BANK,AST-BANK-049,2025-10-03T07:59:00,2025-10-03T08:00:00,2025-10-03T08:02:00,BENIGN,False,,ANALYST_PATEL,False,False,False,CLOSED,DEMO/SYNTHETIC - NOT REAL GOVERNMENT DATA
CSE-BANK-02,ALT-BANK-2025-01452,2025-Q4,2025-12-10T03:23:00,CRITICAL,DDOS_ATTACK,SIEM-SENSOR-BANK,AST-BANK-033,2025-12-10T03:33:00,2025-12-10T03:34:00,2025-12-10T03:38:00,BENIGN,False,,ANALYST_RAO,False,False,False,CLOSED,DEMO/SYNTHETIC - NOT REAL GOVERNMENT DATA
CSE-BANK-02,ALT-BANK-2025-01453,2025-Q4,2025-11-19T04:23:00,HIGH,BRUTE_FORCE,SIEM-SENSOR-BANK,AST-BANK-020,2025-11-19T04:32:00,2025-11-19T04:33:00,2025-11-19T04:37:00,BENIGN,False,,ANALYST_RAO,False,False,False,CLOSED,DEMO/SYNTHETIC - NOT REAL GOVERNMENT DATA
CSE-BANK-02,ALT-BANK-2025-01454,2025-Q4,2025-10-14T04:28:00,HIGH,SCADA_COMMAND_ANOMALY,SIEM-SENSOR-BANK,AST-BANK-058,2025-10-14T04:35:00,2025-10-14T04:36:00,2025-10-14T04:38:00,BENIGN,False,,ANALYST_SINGH,False,False,False,CLOSED,DEMO/SYNTHETIC - NOT REAL GOVERNMENT DATA
CSE-BANK-02,ALT-BANK-2025-01455,2025-Q4,2025-12-14T11:59:00,HIGH,DATA_EXFILTRATION,SIEM-SENSOR-BANK,AST-BANK-063,2025-12-14T12:12:00,2025-12-14T12:13:00,2025-12-14T12:14:00,BENIGN,False,,ANALYST_RAO,False,False,False,CLOSED,DEMO/SYNTHETIC - NOT REAL GOVERNMENT DATA
CSE-BANK-02,ALT-BANK-2025-01456,2025-Q4,2025-12-11T01:40:00,HIGH,SCADA_COMMAND_ANOMALY,SIEM-SENSOR-BANK,AST-BANK-079,2025-12-11T01:45:00,2025-12-11T01:46:00,2025-12-11T01:50:00,BENIGN,False,,ANALYST_SINGH,False,False,False,CLOSED,DEMO/SYNTHETIC - NOT REAL GOVERNMENT DATA
CSE-BANK-02,ALT-BANK-2025-01457,2025-Q4,2025-10-30T20:14:00,CRITICAL,PRIVILEGE_ESCALATION,SIEM-SENSOR-BANK,AST-BANK-100,2025-10-30T20:19:00,2025-10-30T20:20:00,2025-10-30T20:24:00,BENIGN,False,,ANALYST_SINGH,False,False,False,CLOSED,DEMO/SYNTHETIC - NOT REAL GOVERNMENT DATA
CSE-BANK-02,ALT-BANK-2025-01458,2025-Q4,2025-10-05T08:11:00,HIGH,BRUTE_FORCE,SIEM-SENSOR-BANK,AST-BANK-034,2025-10-05T08:27:00,2025-10-05T08:28:00,2025-10-05T08:29:00,BENIGN,False,,ANALYST_RAO,False,False,False,CLOSED,DEMO/SYNTHETIC - NOT REAL GOVERNMENT DATA
CSE-BANK-02,ALT-BANK-2025-01459,2025-Q4,2025-11-23T10:02:00,MEDIUM,DATA_EXFILTRATION,SIEM-SENSOR-BANK,AST-BANK-099,2025-11-23T10:15:00,2025-11-23T10:16:00,2025-11-23T10:18:00,BENIGN,False,,ANALYST_SHARMA,False,False,False,CLOSED,DEMO/SYNTHETIC - NOT REAL GOVERNMENT DATA
CSE-BANK-02,ALT-BANK-2025-01460,2025-Q4,2025-11-06T11:43:00,HIGH,MALWARE,SIEM-SENSOR-BANK,AST-BANK-077,2025-11-06T11:54:00,2025-11-06T11:55:00,2025-11-06T11:58:00,BENIGN,False,,ANALYST_SINGH,False,False,False,CLOSED,DEMO/SYNTHETIC - NOT REAL GOVERNMENT DATA
CSE-BANK-02,ALT-BANK-2025-01461,2025-Q4,2025-11-02T02:42:00,HIGH,BRUTE_FORCE,SIEM-SENSOR-BANK,AST-BANK-107,2025-11-02T02:58:00,2025-11-02T02:59:00,2025-11-02T03:00:00,BENIGN,False,,ANALYST_VERMA,False,False,False,CLOSED,DEMO/SYNTHETIC - NOT REAL GOVERNMENT DATA
CSE-BANK-02,ALT-BANK-2025-01462,2025-Q4,2025-11-02T19:32:00,HIGH,DDOS_ATTACK,SIEM-SENSOR-BANK,AST-BANK-018,2025-11-02T19:40:00,2025-11-02T19:41:00,2025-11-02T19:43:00,BENIGN,False,,ANALYST_SHARMA,False,False,False,CLOSED,DEMO/SYNTHETIC - NOT REAL GOVERNMENT DATA
CSE-BANK-02,ALT-BANK-2025-01463,2025-Q4,2025-11-26T07:38:00,HIGH,PRIVILEGE_ESCALATION,SIEM-SENSOR-BANK,AST-BANK-095,2025-11-26T07:49:00,2025-11-26T07:50:00,2025-11-26T07:52:00,BENIGN,False,,ANALYST_VERMA,False,False,False,CLOSED,DEMO/SYNTHETIC - NOT REAL GOVERNMENT DATA
CSE-BANK-02,ALT-BANK-2025-01464,2025-Q4,2025-11-30T21:26:00,CRITICAL,POLICY_VIOLATION,SIEM-SENSOR-BANK,AST-BANK-037,2025-11-30T21:37:00,2025-11-30T21:38:00,2025-11-30T21:42:00,BENIGN,False,,ANALYST_SHARMA,False,False,False,CLOSED,DEMO/SYNTHETIC - NOT REAL GOVERNMENT DATA
CSE-BANK-02,ALT-BANK-2025-01465,2025-Q4,2025-11-03T08:00:00,MEDIUM,DDOS_ATTACK,SIEM-SENSOR-BANK,AST-BANK-089,2025-11-03T08:08:00,2025-11-03T08:09:00,2025-11-03T08:12:00,BENIGN,False,,ANALYST_SHARMA,False,False,False,CLOSED,DEMO/SYNTHETIC - NOT REAL GOVERNMENT DATA
CSE-BANK-02,ALT-BANK-2025-01466,2025-Q4,2025-10-20T10:22:00,HIGH,BRUTE_FORCE,SIEM-SENSOR-BANK,AST-BANK-072,2025-10-20T10:28:00,2025-10-20T10:29:00,2025-10-20T10:33:00,BENIGN,False,,ANALYST_VERMA,False,False,False,CLOSED,DEMO/SYNTHETIC - NOT REAL GOVERNMENT DATA
CSE-BANK-02,ALT-BANK-2025-01467,2025-Q4,2025-10-20T02:13:00,HIGH,BRUTE_FORCE,SIEM-SENSOR-BANK,AST-BANK-111,2025-10-20T02:26:00,2025-10-20T02:27:00,2025-10-20T02:28:00,BENIGN,False,,ANALYST_RAO,False,False,False,CLOSED,DEMO/SYNTHETIC - NOT REAL GOVERNMENT DATA
CSE-BANK-02,ALT-BANK-2025-01468,2025-Q4,2025-10-02T18:42:00,HIGH,MALWARE,SIEM-SENSOR-BANK,AST-BANK-112,2025-10-02T18:48:00,2025-10-02T18:49:00,2025-10-02T18:53:00,BENIGN,False,,ANALYST_RAO,False,False,False,CLOSED,DEMO/SYNTHETIC - NOT REAL GOVERNMENT DATA
CSE-BANK-02,ALT-BANK-2025-01469,2025-Q4,2025-11-13T00:23:00,HIGH,SCADA_COMMAND_ANOMALY,SIEM-SENSOR-BANK,AST-BANK-065,2025-11-13T00:41:00,2025-11-13T00:42:00,2025-11-13T00:45:00,BENIGN,False,,ANALYST_SHARMA,False,False,False,CLOSED,DEMO/SYNTHETIC - NOT REAL GOVERNMENT DATA
CSE-BANK-02,ALT-BANK-2025-01470,2025-Q4,2025-12-07T05:44:00,CRITICAL,MALWARE,SIEM-SENSOR-BANK,AST-BANK-061,2025-12-07T05:50:00,2025-12-07T05:51:00,2025-12-07T05:55:00,BENIGN,False,,ANALYST_SHARMA,False,False,False,CLOSED,DEMO/SYNTHETIC - NOT REAL GOVERNMENT DATA
CSE-BANK-02,ALT-BANK-2025-01471,2025-Q4,2025-10-25T06:19:00,CRITICAL,MALWARE,SIEM-SENSOR-BANK,AST-BANK-085,2025-10-25T06:27:00,2025-10-25T06:28:00,2025-10-25T06:32:00,BENIGN,False,,ANALYST_PATEL,False,False,False,CLOSED,DEMO/SYNTHETIC - NOT REAL GOVERNMENT DATA
CSE-BANK-02,ALT-BANK-2025-01472,2025-Q4,2025-12-07T03:46:00,MEDIUM,MALWARE,SIEM-SENSOR-BANK,AST-BANK-053,2025-12-07T03:53:00,2025-12-07T03:54:00,2025-12-07T03:58:00,BENIGN,False,,ANALYST_SINGH,False,False,False,CLOSED,DEMO/SYNTHETIC - NOT REAL GOVERNMENT DATA
CSE-BANK-02,ALT-BANK-2025-01473,2025-Q4,2025-10-20T13:08:00,HIGH,DDOS_ATTACK,SIEM-SENSOR-BANK,AST-BANK-057,2025-10-20T13:23:00,2025-10-20T13:24:00,2025-10-20T13:27:00,BENIGN,False,,ANALYST_RAO,False,False,False,CLOSED,DEMO/SYNTHETIC - NOT REAL GOVERNMENT DATA
CSE-BANK-02,ALT-BANK-2025-01474,2025-Q4,2025-12-04T16:55:00,CRITICAL,DATA_EXFILTRATION,SIEM-SENSOR-BANK,AST-BANK-098,2025-12-04T17:14:00,2025-12-04T17:15:00,2025-12-04T17:19:00,BENIGN,False,,ANALYST_SINGH,False,False,False,CLOSED,DEMO/SYNTHETIC - NOT REAL GOVERNMENT DATA
CSE-BANK-02,ALT-BANK-2025-01475,2025-Q4,2025-11-28T09:37:00,HIGH,DATA_EXFILTRATION,SIEM-SENSOR-BANK,AST-BANK-035,2025-11-28T09:45:00,2025-11-28T09:46:00,2025-11-28T09:47:00,BENIGN,False,,ANALYST_PATEL,False,False,False,CLOSED,DEMO/SYNTHETIC - NOT REAL GOVERNMENT DATA
CSE-BANK-02,ALT-BANK-2025-01476,2025-Q4,2025-10-26T13:31:00,HIGH,POLICY_VIOLATION,SIEM-SENSOR-BANK,AST-BANK-021,2025-10-26T13:46:00,2025-10-26T13:47:00,2025-10-26T13:50:00,BENIGN,False,,ANALYST_SINGH,False,False,False,CLOSED,DEMO/SYNTHETIC - NOT REAL GOVERNMENT DATA
CSE-BANK-02,ALT-BANK-2025-01477,2025-Q4,2025-12-17T00:58:00,HIGH,RANSOMWARE,SIEM-SENSOR-BANK,AST-BANK-052,2025-12-17T01:14:00,2025-12-17T01:15:00,2025-12-17T01:17:00,BENIGN,False,,ANALYST_SINGH,False,False,False,CLOSED,DEMO/SYNTHETIC - NOT REAL GOVERNMENT DATA
CSE-BANK-02,ALT-BANK-2025-01478,2025-Q4,2025-10-24T01:12:00,CRITICAL,BRUTE_FORCE,SIEM-SENSOR-BANK,AST-BANK-116,2025-10-24T01:17:00,2025-10-24T01:18:00,2025-10-24T01:22:00,BENIGN,False,,ANALYST_VERMA,False,False,False,CLOSED,DEMO/SYNTHETIC - NOT REAL GOVERNMENT DATA
CSE-BANK-02,ALT-BANK-2025-01479,2025-Q4,2025-11-27T19:00:00,HIGH,DATA_EXFILTRATION,SIEM-SENSOR-BANK,AST-BANK-006,2025-11-27T19:19:00,2025-11-27T19:20:00,2025-11-27T19:22:00,BENIGN,False,,ANALYST_VERMA,False,False,False,CLOSED,DEMO/SYNTHETIC - NOT REAL GOVERNMENT DATA
CSE-BANK-02,ALT-BANK-2025-01480,2025-Q4,2025-10-25T06:06:00,HIGH,BRUTE_FORCE,SIEM-SENSOR-BANK,AST-BANK-066,2025-10-25T06:11:00,2025-10-25T06:12:00,2025-10-25T06:16:00,BENIGN,False,,ANALYST_SHARMA,False,False,False,CLOSED,DEMO/SYNTHETIC - NOT REAL GOVERNMENT DATA
CSE-BANK-02,ALT-BANK-2025-01481,2025-Q4,2025-11-21T08:34:00,MEDIUM,MALWARE,SIEM-SENSOR-BANK,AST-BANK-032,2025-11-21T08:40:00,2025-11-21T08:41:00,2025-11-21T08:42:00,BENIGN,False,,ANALYST_SINGH,False,False,False,CLOSED,DEMO/SYNTHETIC - NOT REAL GOVERNMENT DATA
CSE-BANK-02,ALT-BANK-2025-01482,2025-Q4,2025-12-16T07:32:00,HIGH,PRIVILEGE_ESCALATION,SIEM-SENSOR-BANK,AST-BANK-025,2025-12-16T07:37:00,2025-12-16T07:38:00,2025-12-16T07:41:00,BENIGN,False,,ANALYST_SHARMA,False,False,False,CLOSED,DEMO/SYNTHETIC - NOT REAL GOVERNMENT DATA
CSE-BANK-02,ALT-BANK-2025-01483,2025-Q4,2025-11-05T21:57:00,CRITICAL,POLICY_VIOLATION,SIEM-SENSOR-BANK,AST-BANK-070,2025-11-05T22:10:00,2025-11-05T22:11:00,2025-11-05T22:15:00,BENIGN,False,,ANALYST_SHARMA,False,False,False,CLOSED,DEMO/SYNTHETIC - NOT REAL GOVERNMENT DATA
CSE-BANK-02,ALT-BANK-2025-01484,2025-Q4,2025-11-01T08:51:00,CRITICAL,PRIVILEGE_ESCALATION,SIEM-SENSOR-BANK,AST-BANK-075,2025-11-01T08:53:00,2025-11-01T08:54:00,2025-11-01T08:58:00,BENIGN,False,,ANALYST_SHARMA,False,False,False,CLOSED,DEMO/SYNTHETIC - NOT REAL GOVERNMENT DATA
CSE-BANK-02,ALT-BANK-2025-01485,2025-Q4,2025-11-24T00:32:00,HIGH,MALWARE,SIEM-SENSOR-BANK,AST-BANK-031,2025-11-24T00:45:00,2025-11-24T00:46:00,2025-11-24T00:47:00,BENIGN,False,,ANALYST_SINGH,False,False,False,CLOSED,DEMO/SYNTHETIC - NOT REAL GOVERNMENT DATA
CSE-BANK-02,ALT-BANK-2025-01486,2025-Q4,2025-11-07T12:02:00,LOW,DDOS_ATTACK,SIEM-SENSOR-BANK,AST-BANK-117,2025-11-07T12:08:00,2025-11-07T12:09:00,2025-11-07T12:12:00,BENIGN,False,,ANALYST_VERMA,False,False,False,CLOSED,DEMO/SYNTHETIC - NOT REAL GOVERNMENT DATA
CSE-BANK-02,ALT-BANK-2025-01487,2025-Q4,2025-12-03T17:40:00,HIGH,MALWARE,SIEM-SENSOR-BANK,AST-BANK-120,2025-12-03T17:45:00,2025-12-03T17:46:00,2025-12-03T17:48:00,BENIGN,False,,ANALYST_RAO,False,False,False,CLOSED,DEMO/SYNTHETIC - NOT REAL GOVERNMENT DATA
CSE-BANK-02,ALT-BANK-2025-01488,2025-Q4,2025-11-24T20:06:00,LOW,RANSOMWARE,SIEM-SENSOR-BANK,AST-BANK-044,2025-11-24T20:21:00,2025-11-24T20:22:00,2025-11-24T20:24:00,BENIGN,False,,ANALYST_SHARMA,False,False,False,CLOSED,DEMO/SYNTHETIC - NOT REAL GOVERNMENT DATA
CSE-BANK-02,ALT-BANK-2025-01489,2025-Q4,2025-12-07T09:02:00,CRITICAL,POLICY_VIOLATION,SIEM-SENSOR-BANK,AST-BANK-109,2025-12-07T09:22:00,2025-12-07T09:23:00,2025-12-07T09:27:00,BENIGN,False,,ANALYST_PATEL,False,False,False,CLOSED,DEMO/SYNTHETIC - NOT REAL GOVERNMENT DATA
CSE-BANK-02,ALT-BANK-2025-01490,2025-Q4,2025-10-03T12:08:00,MEDIUM,SCADA_COMMAND_ANOMALY,SIEM-SENSOR-BANK,AST-BANK-009,2025-10-03T12:28:00,2025-10-03T12:29:00,2025-10-03T12:33:00,BENIGN,False,,ANALYST_SHARMA,False,False,False,CLOSED,DEMO/SYNTHETIC - NOT REAL GOVERNMENT DATA
CSE-BANK-02,ALT-BANK-2025-01491,2025-Q4,2025-10-24T13:33:00,HIGH,PRIVILEGE_ESCALATION,SIEM-SENSOR-BANK,AST-BANK-007,2025-10-24T13:41:00,2025-10-24T13:42:00,2025-10-24T13:46:00,BENIGN,False,,ANALYST_PATEL,False,False,False,CLOSED,DEMO/SYNTHETIC - NOT REAL GOVERNMENT DATA
CSE-BANK-02,ALT-BANK-2025-01492,2025-Q4,2025-12-10T02:48:00,HIGH,MALWARE,SIEM-SENSOR-BANK,AST-BANK-015,2025-12-10T02:51:00,2025-12-10T02:52:00,2025-12-10T02:56:00,BENIGN,False,,ANALYST_RAO,False,False,False,CLOSED,DEMO/SYNTHETIC - NOT REAL GOVERNMENT DATA
CSE-BANK-02,ALT-BANK-2025-01493,2025-Q4,2025-10-29T15:12:00,CRITICAL,POLICY_VIOLATION,SIEM-SENSOR-BANK,AST-BANK-011,2025-10-29T15:20:00,2025-10-29T15:21:00,2025-10-29T15:22:00,BENIGN,False,,ANALYST_RAO,False,False,False,CLOSED,DEMO/SYNTHETIC - NOT REAL GOVERNMENT DATA
CSE-BANK-02,ALT-BANK-2025-01494,2025-Q4,2025-10-25T19:00:00,HIGH,MALWARE,SIEM-SENSOR-BANK,AST-BANK-004,2025-10-25T19:12:00,2025-10-25T19:13:00,2025-10-25T19:17:00,BENIGN,False,,ANALYST_SHARMA,False,False,False,CLOSED,DEMO/SYNTHETIC - NOT REAL GOVERNMENT DATA
CSE-BANK-02,ALT-BANK-2025-01495,2025-Q4,2025-10-23T12:50:00,CRITICAL,UNAUTHORIZED_ACCESS,SIEM-SENSOR-BANK,AST-BANK-081,2025-10-23T13:01:00,2025-10-23T13:02:00,2025-10-23T13:06:00,BENIGN,False,,ANALYST_VERMA,False,False,False,CLOSED,DEMO/SYNTHETIC - NOT REAL GOVERNMENT DATA
CSE-BANK-02,ALT-BANK-2025-01496,2025-Q4,2025-11-06T16:52:00,HIGH,POLICY_VIOLATION,SIEM-SENSOR-BANK,AST-BANK-080,2025-11-06T17:11:00,2025-11-06T17:12:00,2025-11-06T17:14:00,BENIGN,False,,ANALYST_PATEL,False,False,False,CLOSED,DEMO/SYNTHETIC - NOT REAL GOVERNMENT DATA
CSE-BANK-02,ALT-BANK-2025-01497,2025-Q4,2025-10-09T07:10:00,HIGH,SCADA_COMMAND_ANOMALY,SIEM-SENSOR-BANK,AST-BANK-016,2025-10-09T07:17:00,2025-10-09T07:18:00,2025-10-09T07:20:00,BENIGN,False,,ANALYST_RAO,False,False,False,CLOSED,DEMO/SYNTHETIC - NOT REAL GOVERNMENT DATA
CSE-BANK-02,ALT-BANK-2025-01498,2025-Q4,2025-12-16T06:11:00,CRITICAL,POLICY_VIOLATION,SIEM-SENSOR-BANK,AST-BANK-086,2025-12-16T06:23:00,2025-12-16T06:24:00,2025-12-16T06:27:00,BENIGN,False,,ANALYST_VERMA,False,False,False,CLOSED,DEMO/SYNTHETIC - NOT REAL GOVERNMENT DATA
CSE-BANK-02,ALT-BANK-2025-01499,2025-Q4,2025-10-05T03:18:00,HIGH,RANSOMWARE,SIEM-SENSOR-BANK,AST-BANK-071,2025-10-05T03:35:00,2025-10-05T03:36:00,2025-10-05T03:39:00,BENIGN,False,,ANALYST_RAO,False,False,False,CLOSED,DEMO/SYNTHETIC - NOT REAL GOVERNMENT DATA
CSE-BANK-02,ALT-BANK-2025-01500,2025-Q4,2025-11-07T07:41:00,CRITICAL,SCADA_COMMAND_ANOMALY,SIEM-SENSOR-BANK,AST-BANK-052,2025-11-07T07:54:00,2025-11-07T07:55:00,2025-11-07T07:58:00,BENIGN,False,,ANALYST_RAO,False,False,False,CLOSED,DEMO/SYNTHETIC - NOT REAL GOVERNMENT DATA
CSE-BANK-02,ALT-BANK-2025-01501,2025-Q4,2025-11-28T17:03:00,CRITICAL,MALWARE,SIEM-SENSOR-BANK,AST-BANK-095,2025-11-28T17:18:00,2025-11-28T17:19:00,2025-11-28T17:21:00,BENIGN,False,,ANALYST_RAO,False,False,False,CLOSED,DEMO/SYNTHETIC - NOT REAL GOVERNMENT DATA
CSE-BANK-02,ALT-BANK-2025-01502,2025-Q4,2025-11-21T13:38:00,MEDIUM,RANSOMWARE,SIEM-SENSOR-BANK,AST-BANK-062,2025-11-21T13:51:00,2025-11-21T13:52:00,2025-11-21T13:55:00,BENIGN,False,,ANALYST_RAO,False,False,False,CLOSED,DEMO/SYNTHETIC - NOT REAL GOVERNMENT DATA
CSE-BANK-02,ALT-BANK-2025-01503,2025-Q4,2025-11-05T10:34:00,CRITICAL,POLICY_VIOLATION,SIEM-SENSOR-BANK,AST-BANK-047,2025-11-05T10:36:00,2025-11-05T10:37:00,2025-11-05T10:41:00,BENIGN,False,,ANALYST_SHARMA,False,False,False,CLOSED,DEMO/SYNTHETIC - NOT REAL GOVERNMENT DATA
CSE-BANK-02,ALT-BANK-2025-01504,2025-Q4,2025-11-29T01:39:00,HIGH,RANSOMWARE,SIEM-SENSOR-BANK,AST-BANK-015,2025-11-29T01:45:00,2025-11-29T01:46:00,2025-11-29T01:47:00,BENIGN,False,,ANALYST_SINGH,False,False,False,CLOSED,DEMO/SYNTHETIC - NOT REAL GOVERNMENT DATA
CSE-BANK-02,ALT-BANK-2025-01505,2025-Q4,2025-12-20T02:50:00,CRITICAL,PRIVILEGE_ESCALATION,SIEM-SENSOR-BANK,AST-BANK-076,2025-12-20T02:52:00,2025-12-20T02:53:00,2025-12-20T02:56:00,BENIGN,False,,ANALYST_PATEL,False,False,False,CLOSED,DEMO/SYNTHETIC - NOT REAL GOVERNMENT DATA
CSE-BANK-02,ALT-BANK-2025-01506,2025-Q4,2025-10-25T06:15:00,CRITICAL,PRIVILEGE_ESCALATION,SIEM-SENSOR-BANK,AST-BANK-087,2025-10-25T06:35:00,2025-10-25T06:36:00,2025-10-25T06:40:00,BENIGN,False,,ANALYST_SINGH,False,False,False,CLOSED,DEMO/SYNTHETIC - NOT REAL GOVERNMENT DATA
CSE-BANK-02,ALT-BANK-2025-01507,2025-Q4,2025-11-03T00:07:00,CRITICAL,DATA_EXFILTRATION,SIEM-SENSOR-BANK,AST-BANK-052,2025-11-03T00:11:00,2025-11-03T00:12:00,2025-11-03T00:14:00,BENIGN,False,,ANALYST_SHARMA,False,False,False,CLOSED,DEMO/SYNTHETIC - NOT REAL GOVERNMENT DATA
CSE-BANK-02,ALT-BANK-2025-01508,2025-Q4,2025-10-27T10:11:00,CRITICAL,DDOS_ATTACK,SIEM-SENSOR-BANK,AST-BANK-022,2025-10-27T10:25:00,2025-10-27T10:26:00,2025-10-27T10:27:00,BENIGN,False,,ANALYST_VERMA,False,False,False,CLOSED,DEMO/SYNTHETIC - NOT REAL GOVERNMENT DATA
CSE-BANK-02,ALT-BANK-2025-01509,2025-Q4,2025-12-12T06:04:00,LOW,DATA_EXFILTRATION,SIEM-SENSOR-BANK,AST-BANK-017,2025-12-12T06:18:00,2025-12-12T06:19:00,2025-12-12T06:21:00,BENIGN,False,,ANALYST_SINGH,False,False,False,CLOSED,DEMO/SYNTHETIC - NOT REAL GOVERNMENT DATA
CSE-BANK-02,ALT-BANK-2025-01510,2025-Q4,2025-11-18T03:18:00,CRITICAL,SCADA_COMMAND_ANOMALY,SIEM-SENSOR-BANK,AST-BANK-020,2025-11-18T03:23:00,2025-11-18T03:24:00,2025-11-18T03:25:00,BENIGN,False,,ANALYST_VERMA,False,False,False,CLOSED,DEMO/SYNTHETIC - NOT REAL GOVERNMENT DATA
CSE-BANK-02,ALT-BANK-2025-01511,2025-Q4,2025-10-09T15:05:00,HIGH,BRUTE_FORCE,SIEM-SENSOR-BANK,AST-BANK-078,2025-10-09T15:16:00,2025-10-09T15:17:00,2025-10-09T15:20:00,BENIGN,False,,ANALYST_PATEL,False,False,False,CLOSED,DEMO/SYNTHETIC - NOT REAL GOVERNMENT DATA
CSE-BANK-02,ALT-BANK-2025-01512,2025-Q4,2025-11-29T23:16:00,CRITICAL,BRUTE_FORCE,SIEM-SENSOR-BANK,AST-BANK-078,2025-11-29T23:29:00,2025-11-29T23:30:00,2025-11-29T23:31:00,BENIGN,False,,ANALYST_PATEL,False,False,False,CLOSED,DEMO/SYNTHETIC - NOT REAL GOVERNMENT DATA
CSE-BANK-02,ALT-BANK-2025-01513,2025-Q4,2025-12-10T02:38:00,MEDIUM,UNAUTHORIZED_ACCESS,SIEM-SENSOR-BANK,AST-BANK-001,2025-12-10T02:53:00,2025-12-10T02:54:00,2025-12-10T02:58:00,BENIGN,False,,ANALYST_RAO,False,False,False,CLOSED,DEMO/SYNTHETIC - NOT REAL GOVERNMENT DATA
CSE-BANK-02,ALT-BANK-2025-01514,2025-Q4,2025-10-30T20:22:00,CRITICAL,DDOS_ATTACK,SIEM-SENSOR-BANK,AST-BANK-029,2025-10-30T20:35:00,2025-10-30T20:36:00,2025-10-30T20:37:00,BENIGN,False,,ANALYST_RAO,False,False,False,CLOSED,DEMO/SYNTHETIC - NOT REAL GOVERNMENT DATA
CSE-BANK-02,ALT-BANK-2025-01515,2025-Q4,2025-11-30T13:15:00,HIGH,DATA_EXFILTRATION,SIEM-SENSOR-BANK,AST-BANK-015,2025-11-30T13:17:00,2025-11-30T13:18:00,2025-11-30T13:20:00,BENIGN,False,,ANALYST_VERMA,False,False,False,CLOSED,DEMO/SYNTHETIC - NOT REAL GOVERNMENT DATA
CSE-BANK-02,ALT-BANK-2025-01516,2025-Q4,2025-10-24T16:50:00,MEDIUM,POLICY_VIOLATION,SIEM-SENSOR-BANK,AST-BANK-013,2025-10-24T17:04:00,2025-10-24T17:05:00,2025-10-24T17:09:00,BENIGN,False,,ANALYST_SHARMA,False,False,False,CLOSED,DEMO/SYNTHETIC - NOT REAL GOVERNMENT DATA
CSE-BANK-02,ALT-BANK-2025-01517,2025-Q4,2025-11-24T00:10:00,CRITICAL,MALWARE,SIEM-SENSOR-BANK,AST-BANK-025,2025-11-24T00:26:00,2025-11-24T00:27:00,2025-11-24T00:31:00,BENIGN,False,,ANALYST_RAO,False,False,False,CLOSED,DEMO/SYNTHETIC - NOT REAL GOVERNMENT DATA
CSE-BANK-02,ALT-BANK-2025-01518,2025-Q4,2025-11-26T09:05:00,HIGH,UNAUTHORIZED_ACCESS,SIEM-SENSOR-BANK,AST-BANK-048,2025-11-26T09:09:00,2025-11-26T09:10:00,2025-11-26T09:14:00,BENIGN,False,,ANALYST_SINGH,False,False,False,CLOSED,DEMO/SYNTHETIC - NOT REAL GOVERNMENT DATA
CSE-BANK-02,ALT-BANK-2025-01519,2025-Q4,2025-11-13T06:09:00,CRITICAL,POLICY_VIOLATION,SIEM-SENSOR-BANK,AST-BANK-111,2025-11-13T06:26:00,2025-11-13T06:27:00,2025-11-13T06:30:00,BENIGN,False,,ANALYST_PATEL,False,False,False,CLOSED,DEMO/SYNTHETIC - NOT REAL GOVERNMENT DATA
CSE-BANK-02,ALT-BANK-2025-01520,2025-Q4,2025-10-21T12:07:00,HIGH,POLICY_VIOLATION,SIEM-SENSOR-BANK,AST-BANK-117,2025-10-21T12:25:00,2025-10-21T12:26:00,2025-10-21T12:27:00,BENIGN,False,,ANALYST_PATEL,False,False,False,CLOSED,DEMO/SYNTHETIC - NOT REAL GOVERNMENT DATA
CSE-BANK-02,ALT-BANK-2025-01521,2025-Q4,2025-11-21T23:35:00,MEDIUM,BRUTE_FORCE,SIEM-SENSOR-BANK,AST-BANK-062,2025-11-21T23:47:00,2025-11-21T23:48:00,2025-11-21T23:49:00,BENIGN,False,,ANALYST_SHARMA,False,False,False,CLOSED,DEMO/SYNTHETIC - NOT REAL GOVERNMENT DATA
CSE-BANK-02,ALT-BANK-2025-01522,2025-Q4,2025-11-03T05:46:00,CRITICAL,MALWARE,SIEM-SENSOR-BANK,AST-BANK-038,2025-11-03T05:57:00,2025-11-03T05:58:00,2025-11-03T06:01:00,BENIGN,False,,ANALYST_PATEL,False,False,False,CLOSED,DEMO/SYNTHETIC - NOT REAL GOVERNMENT DATA
CSE-BANK-02,ALT-BANK-2025-01523,2025-Q4,2025-11-09T13:28:00,CRITICAL,RANSOMWARE,SIEM-SENSOR-BANK,AST-BANK-057,2025-11-09T13:45:00,2025-11-09T13:46:00,2025-11-09T13:49:00,BENIGN,False,,ANALYST_SHARMA,False,False,False,CLOSED,DEMO/SYNTHETIC - NOT REAL GOVERNMENT DATA
CSE-BANK-02,ALT-BANK-2025-01524,2025-Q4,2025-10-12T18:57:00,LOW,DDOS_ATTACK,SIEM-SENSOR-BANK,AST-BANK-052,2025-10-12T19:09:00,2025-10-12T19:10:00,2025-10-12T19:13:00,BENIGN,False,,ANALYST_PATEL,False,False,False,CLOSED,DEMO/SYNTHETIC - NOT REAL GOVERNMENT DATA
CSE-BANK-02,ALT-BANK-2025-01525,2025-Q4,2025-11-10T20:03:00,HIGH,POLICY_VIOLATION,SIEM-SENSOR-BANK,AST-BANK-095,2025-11-10T20:11:00,2025-11-10T20:12:00,2025-11-10T20:15:00,BENIGN,False,,ANALYST_SHARMA,False,False,False,CLOSED,DEMO/SYNTHETIC - NOT REAL GOVERNMENT DATA
CSE-BANK-02,ALT-BANK-2025-01526,2025-Q4,2025-10-01T03:41:00,LOW,BRUTE_FORCE,SIEM-SENSOR-BANK,AST-BANK-120,2025-10-01T03:55:00,2025-10-01T03:56:00,2025-10-01T03:57:00,BENIGN,False,,ANALYST_SINGH,False,False,False,CLOSED,DEMO/SYNTHETIC - NOT REAL GOVERNMENT DATA
CSE-BANK-02,ALT-BANK-2025-01527,2025-Q4,2025-11-19T03:13:00,HIGH,UNAUTHORIZED_ACCESS,SIEM-SENSOR-BANK,AST-BANK-015,2025-11-19T03:19:00,2025-11-19T03:20:00,2025-11-19T03:24:00,BENIGN,False,,ANALYST_SHARMA,False,False,False,CLOSED,DEMO/SYNTHETIC - NOT REAL GOVERNMENT DATA
CSE-BANK-02,ALT-BANK-2025-01528,2025-Q4,2025-10-28T17:14:00,MEDIUM,SCADA_COMMAND_ANOMALY,SIEM-SENSOR-BANK,AST-BANK-081,2025-10-28T17:30:00,2025-10-28T17:31:00,2025-10-28T17:33:00,BENIGN,False,,ANALYST_SHARMA,False,False,False,CLOSED,DEMO/SYNTHETIC - NOT REAL GOVERNMENT DATA
CSE-BANK-02,ALT-BANK-2025-01529,2025-Q4,2025-11-01T10:30:00,HIGH,PRIVILEGE_ESCALATION,SIEM-SENSOR-BANK,AST-BANK-108,2025-11-01T10:40:00,2025-11-01T10:41:00,2025-11-01T10:42:00,BENIGN,False,,ANALYST_SINGH,False,False,False,CLOSED,DEMO/SYNTHETIC - NOT REAL GOVERNMENT DATA
CSE-BANK-02,ALT-BANK-2025-01530,2025-Q4,2025-10-04T02:36:00,CRITICAL,PRIVILEGE_ESCALATION,SIEM-SENSOR-BANK,AST-BANK-038,2025-10-04T02:50:00,2025-10-04T02:51:00,2025-10-04T02:52:00,BENIGN,False,,ANALYST_VERMA,False,False,False,CLOSED,DEMO/SYNTHETIC - NOT REAL GOVERNMENT DATA
CSE-BANK-02,ALT-BANK-2025-01531,2025-Q4,2025-11-26T17:52:00,LOW,DATA_EXFILTRATION,SIEM-SENSOR-BANK,AST-BANK-010,2025-11-26T18:07:00,2025-11-26T18:08:00,2025-11-26T18:11:00,BENIGN,False,,ANALYST_SHARMA,False,False,False,CLOSED,DEMO/SYNTHETIC - NOT REAL GOVERNMENT DATA
CSE-BANK-02,ALT-BANK-2025-01532,2025-Q4,2025-10-23T09:42:00,MEDIUM,BRUTE_FORCE,SIEM-SENSOR-BANK,AST-BANK-108,2025-10-23T09:52:00,2025-10-23T09:53:00,2025-10-23T09:57:00,BENIGN,False,,ANALYST_SHARMA,False,False,False,CLOSED,DEMO/SYNTHETIC - NOT REAL GOVERNMENT DATA
CSE-BANK-02,ALT-BANK-2025-01533,2025-Q4,2025-11-07T21:25:00,LOW,MALWARE,SIEM-SENSOR-BANK,AST-BANK-036,2025-11-07T21:31:00,2025-11-07T21:32:00,2025-11-07T21:34:00,BENIGN,False,,ANALYST_PATEL,False,False,False,CLOSED,DEMO/SYNTHETIC - NOT REAL GOVERNMENT DATA
CSE-BANK-02,ALT-BANK-2025-01534,2025-Q4,2025-10-08T20:27:00,MEDIUM,DATA_EXFILTRATION,SIEM-SENSOR-BANK,AST-BANK-017,2025-10-08T20:31:00,2025-10-08T20:32:00,2025-10-08T20:36:00,BENIGN,False,,ANALYST_SHARMA,False,False,False,CLOSED,DEMO/SYNTHETIC - NOT REAL GOVERNMENT DATA
CSE-BANK-02,ALT-BANK-2025-01535,2025-Q4,2025-11-03T12:03:00,CRITICAL,PRIVILEGE_ESCALATION,SIEM-SENSOR-BANK,AST-BANK-013,2025-11-03T12:09:00,2025-11-03T12:10:00,2025-11-03T12:12:00,BENIGN,False,,ANALYST_RAO,False,False,False,CLOSED,DEMO/SYNTHETIC - NOT REAL GOVERNMENT DATA
CSE-BANK-02,ALT-BANK-2025-01536,2025-Q4,2025-11-05T22:27:00,HIGH,MALWARE,SIEM-SENSOR-BANK,AST-BANK-009,2025-11-05T22:38:00,2025-11-05T22:39:00,2025-11-05T22:43:00,BENIGN,False,,ANALYST_SINGH,False,False,False,CLOSED,DEMO/SYNTHETIC - NOT REAL GOVERNMENT DATA
CSE-BANK-02,ALT-BANK-2025-01537,2025-Q4,2025-11-02T10:12:00,MEDIUM,RANSOMWARE,SIEM-SENSOR-BANK,AST-BANK-013,2025-11-02T10:22:00,2025-11-02T10:23:00,2025-11-02T10:26:00,BENIGN,False,,ANALYST_SINGH,False,False,False,CLOSED,DEMO/SYNTHETIC - NOT REAL GOVERNMENT DATA
CSE-BANK-02,ALT-BANK-2025-01538,2025-Q4,2025-10-05T10:41:00,MEDIUM,BRUTE_FORCE,SIEM-SENSOR-BANK,AST-BANK-013,2025-10-05T10:58:00,2025-10-05T10:59:00,2025-10-05T11:00:00,BENIGN,False,,ANALYST_VERMA,False,False,False,CLOSED,DEMO/SYNTHETIC - NOT REAL GOVERNMENT DATA
CSE-BANK-02,ALT-BANK-2025-01539,2025-Q4,2025-11-07T20:27:00,MEDIUM,RANSOMWARE,SIEM-SENSOR-BANK,AST-BANK-081,2025-11-07T20:29:00,2025-11-07T20:30:00,2025-11-07T20:34:00,BENIGN,False,,ANALYST_SHARMA,False,False,False,CLOSED,DEMO/SYNTHETIC - NOT REAL GOVERNMENT DATA
CSE-BANK-02,ALT-BANK-2025-01540,2025-Q4,2025-10-06T20:30:00,HIGH,PRIVILEGE_ESCALATION,SIEM-SENSOR-BANK,AST-BANK-058,2025-10-06T20:33:00,2025-10-06T20:34:00,2025-10-06T20:35:00,BENIGN,False,,ANALYST_SINGH,False,False,False,CLOSED,DEMO/SYNTHETIC - NOT REAL GOVERNMENT DATA
CSE-BANK-02,ALT-BANK-2025-01541,2025-Q4,2025-12-11T16:14:00,LOW,DATA_EXFILTRATION,SIEM-SENSOR-BANK,AST-BANK-014,2025-12-11T16:24:00,2025-12-11T16:25:00,2025-12-11T16:28:00,BENIGN,False,,ANALYST_RAO,False,False,False,CLOSED,DEMO/SYNTHETIC - NOT REAL GOVERNMENT DATA
CSE-BANK-02,ALT-BANK-2025-01542,2025-Q4,2025-12-03T07:15:00,CRITICAL,RANSOMWARE,SIEM-SENSOR-BANK,AST-BANK-048,2025-12-03T07:32:00,2025-12-03T07:33:00,2025-12-03T07:35:00,BENIGN,False,,ANALYST_PATEL,False,False,False,CLOSED,DEMO/SYNTHETIC - NOT REAL GOVERNMENT DATA
CSE-BANK-02,ALT-BANK-2025-01543,2025-Q4,2025-11-25T19:30:00,CRITICAL,DDOS_ATTACK,SIEM-SENSOR-BANK,AST-BANK-065,2025-11-25T19:36:00,2025-11-25T19:37:00,2025-11-25T19:40:00,BENIGN,False,,ANALYST_RAO,False,False,False,CLOSED,DEMO/SYNTHETIC - NOT REAL GOVERNMENT DATA
CSE-BANK-02,ALT-BANK-2025-01544,2025-Q4,2025-10-31T02:42:00,MEDIUM,POLICY_VIOLATION,SIEM-SENSOR-BANK,AST-BANK-103,2025-10-31T02:45:00,2025-10-31T02:46:00,2025-10-31T02:49:00,BENIGN,False,,ANALYST_RAO,False,False,False,CLOSED,DEMO/SYNTHETIC - NOT REAL GOVERNMENT DATA
CSE-BANK-02,ALT-BANK-2025-01545,2025-Q4,2025-12-12T06:30:00,CRITICAL,BRUTE_FORCE,SIEM-SENSOR-BANK,AST-BANK-067,2025-12-12T06:44:00,2025-12-12T06:45:00,2025-12-12T06:49:00,BENIGN,False,,ANALYST_RAO,False,False,False,CLOSED,DEMO/SYNTHETIC - NOT REAL GOVERNMENT DATA
CSE-BANK-02,ALT-BANK-2025-01546,2025-Q4,2025-11-04T20:01:00,MEDIUM,PRIVILEGE_ESCALATION,SIEM-SENSOR-BANK,AST-BANK-022,2025-11-04T20:03:00,2025-11-04T20:04:00,2025-11-04T20:07:00,BENIGN,False,,ANALYST_PATEL,False,False,False,CLOSED,DEMO/SYNTHETIC - NOT REAL GOVERNMENT DATA
CSE-BANK-02,ALT-BANK-2025-01547,2025-Q4,2025-11-15T01:38:00,HIGH,MALWARE,SIEM-SENSOR-BANK,AST-BANK-065,2025-11-15T01:56:00,2025-11-15T01:57:00,2025-11-15T02:00:00,BENIGN,False,,ANALYST_SHARMA,False,False,False,CLOSED,DEMO/SYNTHETIC - NOT REAL GOVERNMENT DATA
CSE-BANK-02,ALT-BANK-2025-01548,2025-Q4,2025-11-27T23:09:00,HIGH,SCADA_COMMAND_ANOMALY,SIEM-SENSOR-BANK,AST-BANK-007,2025-11-27T23:17:00,2025-11-27T23:18:00,2025-11-27T23:20:00,BENIGN,False,,ANALYST_SINGH,False,False,False,CLOSED,DEMO/SYNTHETIC - NOT REAL GOVERNMENT DATA
CSE-BANK-02,ALT-BANK-2025-01549,2025-Q4,2025-11-06T02:27:00,LOW,BRUTE_FORCE,SIEM-SENSOR-BANK,AST-BANK-012,2025-11-06T02:40:00,2025-11-06T02:41:00,2025-11-06T02:44:00,BENIGN,False,,ANALYST_PATEL,False,False,False,CLOSED,DEMO/SYNTHETIC - NOT REAL GOVERNMENT DATA
CSE-BANK-02,ALT-BANK-2025-01550,2025-Q4,2025-11-18T05:47:00,HIGH,UNAUTHORIZED_ACCESS,SIEM-SENSOR-BANK,AST-BANK-066,2025-11-18T05:50:00,2025-11-18T05:51:00,2025-11-18T05:55:00,BENIGN,False,,ANALYST_PATEL,False,False,False,CLOSED,DEMO/SYNTHETIC - NOT REAL GOVERNMENT DATA
CSE-BANK-02,ALT-BANK-2025-01551,2025-Q4,2025-12-04T06:05:00,MEDIUM,MALWARE,SIEM-SENSOR-BANK,AST-BANK-086,2025-12-04T06:21:00,2025-12-04T06:22:00,2025-12-04T06:25:00,BENIGN,False,,ANALYST_SHARMA,False,False,False,CLOSED,DEMO/SYNTHETIC - NOT REAL GOVERNMENT DATA
CSE-BANK-02,ALT-BANK-2025-01552,2025-Q4,2025-12-10T04:49:00,MEDIUM,MALWARE,SIEM-SENSOR-BANK,AST-BANK-027,2025-12-10T04:53:00,2025-12-10T04:54:00,2025-12-10T04:56:00,BENIGN,False,,ANALYST_VERMA,False,False,False,CLOSED,DEMO/SYNTHETIC - NOT REAL GOVERNMENT DATA
CSE-BANK-02,ALT-BANK-2025-01553,2025-Q4,2025-12-02T15:08:00,HIGH,RANSOMWARE,SIEM-SENSOR-BANK,AST-BANK-067,2025-12-02T15:23:00,2025-12-02T15:24:00,2025-12-02T15:25:00,BENIGN,False,,ANALYST_RAO,False,False,False,CLOSED,DEMO/SYNTHETIC - NOT REAL GOVERNMENT DATA
CSE-BANK-02,ALT-BANK-2025-01554,2025-Q4,2025-11-24T05:44:00,HIGH,BRUTE_FORCE,SIEM-SENSOR-BANK,AST-BANK-034,2025-11-24T05:52:00,2025-11-24T05:53:00,2025-11-24T05:56:00,BENIGN,False,,ANALYST_SHARMA,False,False,False,CLOSED,DEMO/SYNTHETIC - NOT REAL GOVERNMENT DATA
CSE-BANK-02,ALT-BANK-2025-01555,2025-Q4,2025-10-23T15:41:00,MEDIUM,RANSOMWARE,SIEM-SENSOR-BANK,AST-BANK-019,2025-10-23T15:53:00,2025-10-23T15:54:00,2025-10-23T15:58:00,BENIGN,False,,ANALYST_VERMA,False,False,False,CLOSED,DEMO/SYNTHETIC - NOT REAL GOVERNMENT DATA
CSE-BANK-02,ALT-BANK-2025-01556,2025-Q4,2025-12-02T08:11:00,LOW,BRUTE_FORCE,SIEM-SENSOR-BANK,AST-BANK-087,2025-12-02T08:17:00,2025-12-02T08:18:00,2025-12-02T08:19:00,BENIGN,False,,ANALYST_RAO,False,False,False,CLOSED,DEMO/SYNTHETIC - NOT REAL GOVERNMENT DATA
CSE-BANK-02,ALT-BANK-2025-01557,2025-Q4,2025-10-24T01:28:00,HIGH,POLICY_VIOLATION,SIEM-SENSOR-BANK,AST-BANK-034,2025-10-24T01:41:00,2025-10-24T01:42:00,2025-10-24T01:46:00,BENIGN,False,,ANALYST_SHARMA,False,False,False,CLOSED,DEMO/SYNTHETIC - NOT REAL GOVERNMENT DATA
CSE-BANK-02,ALT-BANK-2025-01558,2025-Q4,2025-10-09T19:45:00,HIGH,MALWARE,SIEM-SENSOR-BANK,AST-BANK-044,2025-10-09T19:57:00,2025-10-09T19:58:00,2025-10-09T20:00:00,BENIGN,False,,ANALYST_SHARMA,False,False,False,CLOSED,DEMO/SYNTHETIC - NOT REAL GOVERNMENT DATA
CSE-BANK-02,ALT-BANK-2025-01559,2025-Q4,2025-11-12T07:55:00,LOW,UNAUTHORIZED_ACCESS,SIEM-SENSOR-BANK,AST-BANK-111,2025-11-12T08:08:00,2025-11-12T08:09:00,2025-11-12T08:12:00,BENIGN,False,,ANALYST_PATEL,False,False,False,CLOSED,DEMO/SYNTHETIC - NOT REAL GOVERNMENT DATA
CSE-BANK-02,ALT-BANK-2025-01560,2025-Q4,2025-12-10T15:31:00,HIGH,RANSOMWARE,SIEM-SENSOR-BANK,AST-BANK-051,2025-12-10T15:38:00,2025-12-10T15:39:00,2025-12-10T15:43:00,BENIGN,False,,ANALYST_RAO,False,False,False,CLOSED,DEMO/SYNTHETIC - NOT REAL GOVERNMENT DATA
CSE-BANK-02,ALT-BANK-2025-01561,2025-Q4,2025-10-27T14:37:00,HIGH,MALWARE,SIEM-SENSOR-BANK,AST-BANK-029,2025-10-27T14:42:00,2025-10-27T14:43:00,2025-10-27T14:47:00,BENIGN,False,,ANALYST_PATEL,False,False,False,CLOSED,DEMO/SYNTHETIC - NOT REAL GOVERNMENT DATA
CSE-BANK-02,ALT-BANK-2025-01562,2025-Q4,2025-10-10T04:37:00,CRITICAL,RANSOMWARE,SIEM-SENSOR-BANK,AST-BANK-042,2025-10-10T04:42:00,2025-10-10T04:43:00,2025-10-10T04:44:00,BENIGN,False,,ANALYST_SHARMA,False,False,False,CLOSED,DEMO/SYNTHETIC - NOT REAL GOVERNMENT DATA
CSE-BANK-02,ALT-BANK-2025-01563,2025-Q4,2025-10-31T20:13:00,CRITICAL,UNAUTHORIZED_ACCESS,SIEM-SENSOR-BANK,AST-BANK-061,2025-10-31T20:21:00,2025-10-31T20:22:00,2025-10-31T20:25:00,BENIGN,False,,ANALYST_RAO,False,False,False,CLOSED,DEMO/SYNTHETIC - NOT REAL GOVERNMENT DATA
CSE-BANK-02,ALT-BANK-2025-01564,2025-Q4,2025-10-06T05:55:00,CRITICAL,DATA_EXFILTRATION,SIEM-SENSOR-BANK,AST-BANK-068,2025-10-06T06:00:00,2025-10-06T06:01:00,2025-10-06T06:03:00,BENIGN,False,,ANALYST_RAO,False,False,False,CLOSED,DEMO/SYNTHETIC - NOT REAL GOVERNMENT DATA
CSE-BANK-02,ALT-BANK-2025-01565,2025-Q4,2025-10-28T04:52:00,MEDIUM,MALWARE,SIEM-SENSOR-BANK,AST-BANK-030,2025-10-28T04:55:00,2025-10-28T04:56:00,2025-10-28T05:00:00,BENIGN,False,,ANALYST_VERMA,False,False,False,CLOSED,DEMO/SYNTHETIC - NOT REAL GOVERNMENT DATA
CSE-BANK-02,ALT-BANK-2025-01566,2025-Q4,2025-12-07T10:56:00,MEDIUM,POLICY_VIOLATION,SIEM-SENSOR-BANK,AST-BANK-008,2025-12-07T11:07:00,2025-12-07T11:08:00,2025-12-07T11:10:00,BENIGN,False,,ANALYST_PATEL,False,False,False,CLOSED,DEMO/SYNTHETIC - NOT REAL GOVERNMENT DATA
CSE-BANK-02,ALT-BANK-2025-01567,2025-Q4,2025-10-14T07:30:00,CRITICAL,SCADA_COMMAND_ANOMALY,SIEM-SENSOR-BANK,AST-BANK-046,2025-10-14T07:46:00,2025-10-14T07:47:00,2025-10-14T07:49:00,BENIGN,False,,ANALYST_PATEL,False,False,False,CLOSED,DEMO/SYNTHETIC - NOT REAL GOVERNMENT DATA
CSE-BANK-02,ALT-BANK-2025-01568,2025-Q4,2025-12-01T19:10:00,CRITICAL,BRUTE_FORCE,SIEM-SENSOR-BANK,AST-BANK-055,2025-12-01T19:17:00,2025-12-01T19:18:00,2025-12-01T19:20:00,BENIGN,False,,ANALYST_PATEL,False,False,False,CLOSED,DEMO/SYNTHETIC - NOT REAL GOVERNMENT DATA
CSE-BANK-02,ALT-BANK-2025-01569,2025-Q4,2025-11-18T20:03:00,HIGH,RANSOMWARE,SIEM-SENSOR-BANK,AST-BANK-058,2025-11-18T20:16:00,2025-11-18T20:17:00,2025-11-18T20:18:00,BENIGN,False,,ANALYST_SHARMA,False,False,False,CLOSED,DEMO/SYNTHETIC - NOT REAL GOVERNMENT DATA
CSE-BANK-02,ALT-BANK-2025-01570,2025-Q4,2025-12-19T07:04:00,LOW,SCADA_COMMAND_ANOMALY,SIEM-SENSOR-BANK,AST-BANK-039,2025-12-19T07:23:00,2025-12-19T07:24:00,2025-12-19T07:26:00,BENIGN,False,,ANALYST_RAO,False,False,False,CLOSED,DEMO/SYNTHETIC - NOT REAL GOVERNMENT DATA
CSE-BANK-02,ALT-BANK-2025-01571,2025-Q4,2025-10-26T14:40:00,CRITICAL,POLICY_VIOLATION,SIEM-SENSOR-BANK,AST-BANK-114,2025-10-26T14:59:00,2025-10-26T15:00:00,2025-10-26T15:01:00,BENIGN,False,,ANALYST_VERMA,False,False,False,CLOSED,DEMO/SYNTHETIC - NOT REAL GOVERNMENT DATA
CSE-BANK-02,ALT-BANK-2025-01572,2025-Q4,2025-10-13T07:50:00,CRITICAL,UNAUTHORIZED_ACCESS,SIEM-SENSOR-BANK,AST-BANK-086,2025-10-13T08:10:00,2025-10-13T08:11:00,2025-10-13T08:14:00,BENIGN,False,,ANALYST_RAO,False,False,False,CLOSED,DEMO/SYNTHETIC - NOT REAL GOVERNMENT DATA
CSE-BANK-02,ALT-BANK-2025-01573,2025-Q4,2025-11-20T05:19:00,MEDIUM,PRIVILEGE_ESCALATION,SIEM-SENSOR-BANK,AST-BANK-040,2025-11-20T05:35:00,2025-11-20T05:36:00,2025-11-20T05:40:00,BENIGN,False,,ANALYST_SHARMA,False,False,False,CLOSED,DEMO/SYNTHETIC - NOT REAL GOVERNMENT DATA
CSE-BANK-02,ALT-BANK-2025-01574,2025-Q4,2025-10-02T00:20:00,LOW,PRIVILEGE_ESCALATION,SIEM-SENSOR-BANK,AST-BANK-042,2025-10-02T00:38:00,2025-10-02T00:39:00,2025-10-02T00:41:00,BENIGN,False,,ANALYST_PATEL,False,False,False,CLOSED,DEMO/SYNTHETIC - NOT REAL GOVERNMENT DATA
CSE-BANK-02,ALT-BANK-2025-01575,2025-Q4,2025-11-03T17:46:00,CRITICAL,BRUTE_FORCE,SIEM-SENSOR-BANK,AST-BANK-100,2025-11-03T17:48:00,2025-11-03T17:49:00,2025-11-03T17:51:00,BENIGN,False,,ANALYST_PATEL,False,False,False,CLOSED,DEMO/SYNTHETIC - NOT REAL GOVERNMENT DATA
CSE-BANK-02,ALT-BANK-2025-01576,2025-Q4,2025-12-12T20:47:00,CRITICAL,PRIVILEGE_ESCALATION,SIEM-SENSOR-BANK,AST-BANK-008,2025-12-12T21:06:00,2025-12-12T21:07:00,2025-12-12T21:10:00,BENIGN,False,,ANALYST_VERMA,False,False,False,CLOSED,DEMO/SYNTHETIC - NOT REAL GOVERNMENT DATA
CSE-BANK-02,ALT-BANK-2025-01577,2025-Q4,2025-12-02T15:37:00,LOW,MALWARE,SIEM-SENSOR-BANK,AST-BANK-044,2025-12-02T15:54:00,2025-12-02T15:55:00,2025-12-02T15:58:00,BENIGN,False,,ANALYST_PATEL,False,False,False,CLOSED,DEMO/SYNTHETIC - NOT REAL GOVERNMENT DATA
CSE-BANK-02,ALT-BANK-2025-01578,2025-Q4,2025-10-09T11:27:00,MEDIUM,BRUTE_FORCE,SIEM-SENSOR-BANK,AST-BANK-042,2025-10-09T11:35:00,2025-10-09T11:36:00,2025-10-09T11:37:00,BENIGN,False,,ANALYST_VERMA,False,False,False,CLOSED,DEMO/SYNTHETIC - NOT REAL GOVERNMENT DATA
CSE-BANK-02,ALT-BANK-2025-01579,2025-Q4,2025-10-03T12:26:00,HIGH,POLICY_VIOLATION,SIEM-SENSOR-BANK,AST-BANK-008,2025-10-03T12:34:00,2025-10-03T12:35:00,2025-10-03T12:37:00,BENIGN,False,,ANALYST_SINGH,False,False,False,CLOSED,DEMO/SYNTHETIC - NOT REAL GOVERNMENT DATA
CSE-BANK-02,ALT-BANK-2025-01580,2025-Q4,2025-10-12T03:36:00,MEDIUM,BRUTE_FORCE,SIEM-SENSOR-BANK,AST-BANK-092,2025-10-12T03:40:00,2025-10-12T03:41:00,2025-10-12T03:42:00,BENIGN,False,,ANALYST_SINGH,False,False,False,CLOSED,DEMO/SYNTHETIC - NOT REAL GOVERNMENT DATA
CSE-BANK-02,ALT-BANK-2025-01581,2025-Q4,2025-12-15T10:21:00,MEDIUM,UNAUTHORIZED_ACCESS,SIEM-SENSOR-BANK,AST-BANK-077,2025-12-15T10:38:00,2025-12-15T10:39:00,2025-12-15T10:41:00,BENIGN,False,,ANALYST_VERMA,False,False,False,CLOSED,DEMO/SYNTHETIC - NOT REAL GOVERNMENT DATA
CSE-BANK-02,ALT-BANK-2025-01582,2025-Q4,2025-10-25T08:43:00,CRITICAL,POLICY_VIOLATION,SIEM-SENSOR-BANK,AST-BANK-064,2025-10-25T08:47:00,2025-10-25T08:48:00,2025-10-25T08:52:00,BENIGN,False,,ANALYST_PATEL,False,False,False,CLOSED,DEMO/SYNTHETIC - NOT REAL GOVERNMENT DATA
CSE-BANK-02,ALT-BANK-2025-01583,2025-Q4,2025-10-02T06:31:00,HIGH,RANSOMWARE,SIEM-SENSOR-BANK,AST-BANK-004,2025-10-02T06:36:00,2025-10-02T06:37:00,2025-10-02T06:39:00,BENIGN,False,,ANALYST_SINGH,False,False,False,CLOSED,DEMO/SYNTHETIC - NOT REAL GOVERNMENT DATA
CSE-BANK-02,ALT-BANK-2025-01584,2025-Q4,2025-10-07T00:18:00,LOW,PRIVILEGE_ESCALATION,SIEM-SENSOR-BANK,AST-BANK-067,2025-10-07T00:21:00,2025-10-07T00:22:00,2025-10-07T00:26:00,BENIGN,False,,ANALYST_VERMA,False,False,False,CLOSED,DEMO/SYNTHETIC - NOT REAL GOVERNMENT DATA
CSE-BANK-02,ALT-BANK-2025-01585,2025-Q4,2025-10-13T12:11:00,MEDIUM,POLICY_VIOLATION,SIEM-SENSOR-BANK,AST-BANK-089,2025-10-13T12:17:00,2025-10-13T12:18:00,2025-10-13T12:21:00,BENIGN,False,,ANALYST_RAO,False,False,False,CLOSED,DEMO/SYNTHETIC - NOT REAL GOVERNMENT DATA
CSE-BANK-02,ALT-BANK-2025-01586,2025-Q4,2025-11-04T15:15:00,CRITICAL,PRIVILEGE_ESCALATION,SIEM-SENSOR-BANK,AST-BANK-008,2025-11-04T15:27:00,2025-11-04T15:28:00,2025-11-04T15:30:00,BENIGN,False,,ANALYST_SINGH,False,False,False,CLOSED,DEMO/SYNTHETIC - NOT REAL GOVERNMENT DATA
CSE-BANK-02,ALT-BANK-2025-01587,2025-Q4,2025-12-13T21:38:00,CRITICAL,RANSOMWARE,SIEM-SENSOR-BANK,AST-BANK-050,2025-12-13T21:43:00,2025-12-13T21:44:00,2025-12-13T21:46:00,BENIGN,False,,ANALYST_SINGH,False,False,False,CLOSED,DEMO/SYNTHETIC - NOT REAL GOVERNMENT DATA
CSE-BANK-02,ALT-BANK-2025-01588,2025-Q4,2025-10-04T14:10:00,LOW,UNAUTHORIZED_ACCESS,SIEM-SENSOR-BANK,AST-BANK-080,2025-10-04T14:27:00,2025-10-04T14:28:00,2025-10-04T14:29:00,BENIGN,False,,ANALYST_RAO,False,False,False,CLOSED,DEMO/SYNTHETIC - NOT REAL GOVERNMENT DATA
CSE-BANK-02,ALT-BANK-2025-01589,2025-Q4,2025-11-10T22:44:00,HIGH,SCADA_COMMAND_ANOMALY,SIEM-SENSOR-BANK,AST-BANK-013,2025-11-10T22:59:00,2025-11-10T23:00:00,2025-11-10T23:03:00,BENIGN,False,,ANALYST_PATEL,False,False,False,CLOSED,DEMO/SYNTHETIC - NOT REAL GOVERNMENT DATA
CSE-BANK-02,ALT-BANK-2025-01590,2025-Q4,2025-11-05T10:27:00,HIGH,POLICY_VIOLATION,SIEM-SENSOR-BANK,AST-BANK-096,2025-11-05T10:31:00,2025-11-05T10:32:00,2025-11-05T10:36:00,BENIGN,False,,ANALYST_PATEL,False,False,False,CLOSED,DEMO/SYNTHETIC - NOT REAL GOVERNMENT DATA
CSE-BANK-02,ALT-BANK-2025-01591,2025-Q4,2025-11-03T09:11:00,CRITICAL,PRIVILEGE_ESCALATION,SIEM-SENSOR-BANK,AST-BANK-034,2025-11-03T09:24:00,2025-11-03T09:25:00,2025-11-03T09:26:00,BENIGN,False,,ANALYST_SHARMA,False,False,False,CLOSED,DEMO/SYNTHETIC - NOT REAL GOVERNMENT DATA
CSE-BANK-02,ALT-BANK-2025-01592,2025-Q4,2025-11-17T22:42:00,HIGH,POLICY_VIOLATION,SIEM-SENSOR-BANK,AST-BANK-103,2025-11-17T22:44:00,2025-11-17T22:45:00,2025-11-17T22:47:00,BENIGN,False,,ANALYST_RAO,False,False,False,CLOSED,DEMO/SYNTHETIC - NOT REAL GOVERNMENT DATA
CSE-BANK-02,ALT-BANK-2025-01593,2025-Q4,2025-10-07T03:46:00,HIGH,POLICY_VIOLATION,SIEM-SENSOR-BANK,AST-BANK-103,2025-10-07T03:55:00,2025-10-07T03:56:00,2025-10-07T03:57:00,BENIGN,False,,ANALYST_RAO,False,False,False,CLOSED,DEMO/SYNTHETIC - NOT REAL GOVERNMENT DATA
CSE-BANK-02,ALT-BANK-2025-01594,2025-Q4,2025-10-04T02:14:00,MEDIUM,BRUTE_FORCE,SIEM-SENSOR-BANK,AST-BANK-039,2025-10-04T02:27:00,2025-10-04T02:28:00,2025-10-04T02:29:00,BENIGN,False,,ANALYST_SHARMA,False,False,False,CLOSED,DEMO/SYNTHETIC - NOT REAL GOVERNMENT DATA
CSE-BANK-02,ALT-BANK-2025-01595,2025-Q4,2025-12-01T00:36:00,CRITICAL,DATA_EXFILTRATION,SIEM-SENSOR-BANK,AST-BANK-101,2025-12-01T00:51:00,2025-12-01T00:52:00,2025-12-01T00:55:00,BENIGN,False,,ANALYST_RAO,False,False,False,CLOSED,DEMO/SYNTHETIC - NOT REAL GOVERNMENT DATA
CSE-BANK-02,ALT-BANK-2025-01596,2025-Q4,2025-11-09T16:16:00,CRITICAL,UNAUTHORIZED_ACCESS,SIEM-SENSOR-BANK,AST-BANK-002,2025-11-09T16:27:00,2025-11-09T16:28:00,2025-11-09T16:29:00,BENIGN,False,,ANALYST_SHARMA,False,False,False,CLOSED,DEMO/SYNTHETIC - NOT REAL GOVERNMENT DATA
CSE-BANK-02,ALT-BANK-2025-01597,2025-Q4,2025-10-03T09:45:00,HIGH,PRIVILEGE_ESCALATION,SIEM-SENSOR-BANK,AST-BANK-033,2025-10-03T10:01:00,2025-10-03T10:02:00,2025-10-03T10:06:00,BENIGN,False,,ANALYST_PATEL,False,False,False,CLOSED,DEMO/SYNTHETIC - NOT REAL GOVERNMENT DATA
CSE-BANK-02,ALT-BANK-2025-01598,2025-Q4,2025-12-07T06:18:00,MEDIUM,SCADA_COMMAND_ANOMALY,SIEM-SENSOR-BANK,AST-BANK-104,2025-12-07T06:31:00,2025-12-07T06:32:00,2025-12-07T06:34:00,BENIGN,False,,ANALYST_SINGH,False,False,False,CLOSED,DEMO/SYNTHETIC - NOT REAL GOVERNMENT DATA
CSE-BANK-02,ALT-BANK-2025-01599,2025-Q4,2025-10-03T09:57:00,HIGH,MALWARE,SIEM-SENSOR-BANK,AST-BANK-111,2025-10-03T10:11:00,2025-10-03T10:12:00,2025-10-03T10:16:00,BENIGN,False,,ANALYST_RAO,False,False,False,CLOSED,DEMO/SYNTHETIC - NOT REAL GOVERNMENT DATA
CSE-BANK-02,ALT-BANK-2025-01600,2025-Q4,2025-10-18T10:28:00,HIGH,BRUTE_FORCE,SIEM-SENSOR-BANK,AST-BANK-025,2025-10-18T10:31:00,2025-10-18T10:32:00,2025-10-18T10:36:00,BENIGN,False,,ANALYST_PATEL,False,False,False,CLOSED,DEMO/SYNTHETIC - NOT REAL GOVERNMENT DATA
CSE-HEALTH-03,ALT-HEALTH-2025-01601,2025-Q4,2025-12-17T10:47:00,CRITICAL,BRUTE_FORCE,SIEM-SENSOR-HEALTH,AST-HEALTH-001,2025-12-17T10:52:00,2025-12-17T11:07:00,2025-12-17T12:07:00,TRUE_POSITIVE,False,,ANALYST_PATEL,False,False,True,CLOSED,DEMO/SYNTHETIC - NOT REAL GOVERNMENT DATA
CSE-HEALTH-03,ALT-HEALTH-2025-01602,2025-Q4,2025-11-19T11:11:00,MEDIUM,BRUTE_FORCE,SIEM-SENSOR-HEALTH,AST-HEALTH-001,2025-11-19T11:14:00,2025-11-19T11:41:00,2025-11-19T12:41:00,TRUE_POSITIVE,False,,ANALYST_RAO,False,False,True,CLOSED,DEMO/SYNTHETIC - NOT REAL GOVERNMENT DATA
CSE-HEALTH-03,ALT-HEALTH-2025-01603,2025-Q4,2025-10-03T09:15:00,HIGH,BRUTE_FORCE,SIEM-SENSOR-HEALTH,AST-HEALTH-001,2025-10-03T09:31:00,2025-10-03T10:08:00,2025-10-03T11:08:00,TRUE_POSITIVE,False,,ANALYST_SHARMA,False,False,True,CLOSED,DEMO/SYNTHETIC - NOT REAL GOVERNMENT DATA
CSE-HEALTH-03,ALT-HEALTH-2025-01604,2025-Q4,2025-11-02T02:40:00,MEDIUM,BRUTE_FORCE,SIEM-SENSOR-HEALTH,AST-HEALTH-001,2025-11-02T02:57:00,2025-11-02T03:37:00,2025-11-02T07:37:00,TRUE_POSITIVE,False,,ANALYST_RAO,False,False,True,CLOSED,DEMO/SYNTHETIC - NOT REAL GOVERNMENT DATA
CSE-HEALTH-03,ALT-HEALTH-2025-01605,2025-Q4,2025-11-19T06:52:00,MEDIUM,BRUTE_FORCE,SIEM-SENSOR-HEALTH,AST-HEALTH-001,2025-11-19T06:55:00,2025-11-19T07:27:00,2025-11-19T09:27:00,TRUE_POSITIVE,False,,ANALYST_SHARMA,False,False,True,CLOSED,DEMO/SYNTHETIC - NOT REAL GOVERNMENT DATA
CSE-HEALTH-03,ALT-HEALTH-2025-01606,2025-Q4,2025-11-01T03:37:00,MEDIUM,BRUTE_FORCE,SIEM-SENSOR-HEALTH,AST-HEALTH-001,2025-11-01T03:40:00,2025-11-01T03:55:00,2025-11-01T06:55:00,TRUE_POSITIVE,False,,ANALYST_SINGH,False,False,True,CLOSED,DEMO/SYNTHETIC - NOT REAL GOVERNMENT DATA
CSE-HEALTH-03,ALT-HEALTH-2025-01607,2025-Q4,2025-11-22T16:16:00,LOW,BRUTE_FORCE,SIEM-SENSOR-HEALTH,AST-HEALTH-001,2025-11-22T16:30:00,2025-11-22T16:58:00,2025-11-22T20:58:00,TRUE_POSITIVE,False,,ANALYST_RAO,False,False,True,CLOSED,DEMO/SYNTHETIC - NOT REAL GOVERNMENT DATA
CSE-HEALTH-03,ALT-HEALTH-2025-01608,2025-Q4,2025-12-04T19:57:00,MEDIUM,BRUTE_FORCE,SIEM-SENSOR-HEALTH,AST-HEALTH-001,2025-12-04T20:08:00,2025-12-04T20:20:00,2025-12-05T01:20:00,TRUE_POSITIVE,False,,ANALYST_RAO,False,False,True,CLOSED,DEMO/SYNTHETIC - NOT REAL GOVERNMENT DATA
CSE-HEALTH-03,ALT-HEALTH-2025-01609,2025-Q4,2025-10-09T02:54:00,MEDIUM,BRUTE_FORCE,SIEM-SENSOR-HEALTH,AST-HEALTH-001,2025-10-09T03:10:00,2025-10-09T03:40:00,2025-10-09T05:40:00,TRUE_POSITIVE,False,,ANALYST_VERMA,False,False,True,CLOSED,DEMO/SYNTHETIC - NOT REAL GOVERNMENT DATA
CSE-HEALTH-03,ALT-HEALTH-2025-01610,2025-Q4,2025-11-05T15:59:00,MEDIUM,BRUTE_FORCE,SIEM-SENSOR-HEALTH,AST-HEALTH-001,2025-11-05T16:19:00,2025-11-05T16:43:00,2025-11-05T19:43:00,TRUE_POSITIVE,False,,ANALYST_VERMA,False,False,True,CLOSED,DEMO/SYNTHETIC - NOT REAL GOVERNMENT DATA
CSE-HEALTH-03,ALT-HEALTH-2025-01611,2025-Q4,2025-11-04T09:33:00,LOW,BRUTE_FORCE,SIEM-SENSOR-HEALTH,AST-HEALTH-001,2025-11-04T09:44:00,2025-11-04T09:54:00,2025-11-04T10:54:00,TRUE_POSITIVE,False,,ANALYST_PATEL,False,False,True,CLOSED,DEMO/SYNTHETIC - NOT REAL GOVERNMENT DATA
CSE-HEALTH-03,ALT-HEALTH-2025-01612,2025-Q4,2025-11-13T17:16:00,LOW,BRUTE_FORCE,SIEM-SENSOR-HEALTH,AST-HEALTH-001,2025-11-13T17:36:00,2025-11-13T17:50:00,2025-11-13T20:50:00,TRUE_POSITIVE,False,,ANALYST_VERMA,False,False,True,CLOSED,DEMO/SYNTHETIC - NOT REAL GOVERNMENT DATA
CSE-HEALTH-03,ALT-HEALTH-2025-01613,2025-Q4,2025-12-04T15:35:00,CRITICAL,BRUTE_FORCE,SIEM-SENSOR-HEALTH,AST-HEALTH-001,2025-12-04T15:44:00,2025-12-04T16:09:00,2025-12-04T20:09:00,TRUE_POSITIVE,False,,ANALYST_SINGH,False,False,True,CLOSED,DEMO/SYNTHETIC - NOT REAL GOVERNMENT DATA
CSE-HEALTH-03,ALT-HEALTH-2025-01614,2025-Q4,2025-12-01T13:51:00,HIGH,BRUTE_FORCE,SIEM-SENSOR-HEALTH,AST-HEALTH-001,2025-12-01T14:08:00,2025-12-01T14:47:00,2025-12-01T16:47:00,TRUE_POSITIVE,False,,ANALYST_PATEL,False,False,True,CLOSED,DEMO/SYNTHETIC - NOT REAL GOVERNMENT DATA
CSE-HEALTH-03,ALT-HEALTH-2025-01615,2025-Q4,2025-10-06T10:15:00,HIGH,BRUTE_FORCE,SIEM-SENSOR-HEALTH,AST-HEALTH-001,2025-10-06T10:28:00,2025-10-06T10:41:00,2025-10-06T15:41:00,TRUE_POSITIVE,True,2025-10-06T11:01:00,ANALYST_VERMA,False,False,True,CLOSED,DEMO/SYNTHETIC - NOT REAL GOVERNMENT DATA
CSE-HEALTH-03,ALT-HEALTH-2025-01616,2025-Q4,2025-12-08T14:07:00,MEDIUM,BRUTE_FORCE,SIEM-SENSOR-HEALTH,AST-HEALTH-001,2025-12-08T14:27:00,2025-12-08T14:51:00,2025-12-08T17:51:00,TRUE_POSITIVE,False,,ANALYST_PATEL,False,False,True,CLOSED,DEMO/SYNTHETIC - NOT REAL GOVERNMENT DATA
CSE-HEALTH-03,ALT-HEALTH-2025-01617,2025-Q4,2025-11-25T13:44:00,LOW,BRUTE_FORCE,SIEM-SENSOR-HEALTH,AST-HEALTH-001,2025-11-25T13:48:00,2025-11-25T14:16:00,2025-11-25T15:16:00,TRUE_POSITIVE,False,,ANALYST_SHARMA,False,False,True,CLOSED,DEMO/SYNTHETIC - NOT REAL GOVERNMENT DATA
CSE-HEALTH-03,ALT-HEALTH-2025-01618,2025-Q4,2025-10-21T12:53:00,HIGH,BRUTE_FORCE,SIEM-SENSOR-HEALTH,AST-HEALTH-001,2025-10-21T13:13:00,2025-10-21T13:44:00,2025-10-21T18:44:00,TRUE_POSITIVE,False,,ANALYST_RAO,False,False,True,CLOSED,DEMO/SYNTHETIC - NOT REAL GOVERNMENT DATA
CSE-HEALTH-03,ALT-HEALTH-2025-01619,2025-Q4,2025-11-27T13:55:00,MEDIUM,BRUTE_FORCE,SIEM-SENSOR-HEALTH,AST-HEALTH-001,2025-11-27T14:13:00,2025-11-27T14:48:00,2025-11-27T17:48:00,TRUE_POSITIVE,False,,ANALYST_SHARMA,False,False,True,CLOSED,DEMO/SYNTHETIC - NOT REAL GOVERNMENT DATA
CSE-HEALTH-03,ALT-HEALTH-2025-01620,2025-Q4,2025-11-10T18:07:00,CRITICAL,BRUTE_FORCE,SIEM-SENSOR-HEALTH,AST-HEALTH-001,2025-11-10T18:22:00,2025-11-10T18:55:00,2025-11-10T20:55:00,TRUE_POSITIVE,False,,ANALYST_RAO,False,False,True,CLOSED,DEMO/SYNTHETIC - NOT REAL GOVERNMENT DATA
CSE-HEALTH-03,ALT-HEALTH-2025-01621,2025-Q4,2025-12-15T20:42:00,LOW,BRUTE_FORCE,SIEM-SENSOR-HEALTH,AST-HEALTH-001,2025-12-15T20:59:00,2025-12-15T21:10:00,2025-12-16T00:10:00,TRUE_POSITIVE,False,,ANALYST_SINGH,False,False,True,CLOSED,DEMO/SYNTHETIC - NOT REAL GOVERNMENT DATA
CSE-HEALTH-03,ALT-HEALTH-2025-01622,2025-Q4,2025-12-01T15:58:00,LOW,BRUTE_FORCE,SIEM-SENSOR-HEALTH,AST-HEALTH-001,2025-12-01T16:08:00,2025-12-01T16:19:00,2025-12-01T19:19:00,TRUE_POSITIVE,False,,ANALYST_SHARMA,False,False,True,CLOSED,DEMO/SYNTHETIC - NOT REAL GOVERNMENT DATA
CSE-HEALTH-03,ALT-HEALTH-2025-01623,2025-Q4,2025-11-29T01:08:00,LOW,BRUTE_FORCE,SIEM-SENSOR-HEALTH,AST-HEALTH-001,2025-11-29T01:12:00,2025-11-29T01:33:00,2025-11-29T04:33:00,TRUE_POSITIVE,False,,ANALYST_SHARMA,False,False,True,CLOSED,DEMO/SYNTHETIC - NOT REAL GOVERNMENT DATA
CSE-HEALTH-03,ALT-HEALTH-2025-01624,2025-Q4,2025-11-06T01:40:00,LOW,BRUTE_FORCE,SIEM-SENSOR-HEALTH,AST-HEALTH-001,2025-11-06T01:59:00,2025-11-06T02:19:00,2025-11-06T06:19:00,TRUE_POSITIVE,False,,ANALYST_PATEL,False,False,True,CLOSED,DEMO/SYNTHETIC - NOT REAL GOVERNMENT DATA
CSE-HEALTH-03,ALT-HEALTH-2025-01625,2025-Q4,2025-11-19T20:13:00,MEDIUM,BRUTE_FORCE,SIEM-SENSOR-HEALTH,AST-HEALTH-001,2025-11-19T20:32:00,2025-11-19T20:50:00,2025-11-19T23:50:00,TRUE_POSITIVE,False,,ANALYST_RAO,False,False,True,CLOSED,DEMO/SYNTHETIC - NOT REAL GOVERNMENT DATA
CSE-HEALTH-03,ALT-HEALTH-2025-01626,2025-Q4,2025-11-30T12:53:00,LOW,DDOS_ATTACK,SIEM-SENSOR-HEALTH,AST-HEALTH-027,2025-11-30T13:05:00,2025-11-30T13:37:00,2025-11-30T16:37:00,TRUE_POSITIVE,False,,ANALYST_VERMA,True,False,True,CLOSED,DEMO/SYNTHETIC - NOT REAL GOVERNMENT DATA
CSE-HEALTH-03,ALT-HEALTH-2025-01627,2025-Q4,2025-12-12T10:13:00,MEDIUM,POLICY_VIOLATION,SIEM-SENSOR-HEALTH,AST-HEALTH-021,2025-12-12T10:30:00,2025-12-12T10:44:00,2025-12-12T15:44:00,TRUE_POSITIVE,False,,ANALYST_SINGH,False,True,True,CLOSED,DEMO/SYNTHETIC - NOT REAL GOVERNMENT DATA
CSE-HEALTH-03,ALT-HEALTH-2025-01628,2025-Q4,2025-11-11T21:32:00,LOW,POLICY_VIOLATION,SIEM-SENSOR-HEALTH,AST-HEALTH-008,2025-11-11T21:52:00,2025-11-11T22:10:00,2025-11-12T00:10:00,TRUE_POSITIVE,False,,ANALYST_PATEL,False,True,True,CLOSED,DEMO/SYNTHETIC - NOT REAL GOVERNMENT DATA
CSE-HEALTH-03,ALT-HEALTH-2025-01629,2025-Q4,2025-10-31T13:59:00,MEDIUM,SCADA_COMMAND_ANOMALY,SIEM-SENSOR-HEALTH,AST-HEALTH-004,2025-10-31T14:15:00,2025-10-31T14:38:00,2025-10-31T17:38:00,TRUE_POSITIVE,False,,ANALYST_VERMA,True,False,True,CLOSED,DEMO/SYNTHETIC - NOT REAL GOVERNMENT DATA
CSE-HEALTH-03,ALT-HEALTH-2025-01630,2025-Q4,2025-11-06T06:44:00,MEDIUM,UNAUTHORIZED_ACCESS,SIEM-SENSOR-HEALTH,AST-HEALTH-062,2025-11-06T06:58:00,2025-11-06T07:33:00,2025-11-06T08:33:00,TRUE_POSITIVE,False,,ANALYST_PATEL,True,True,True,CLOSED,DEMO/SYNTHETIC - NOT REAL GOVERNMENT DATA
CSE-HEALTH-03,ALT-HEALTH-2025-01631,2025-Q4,2025-12-07T08:08:00,HIGH,BRUTE_FORCE,SIEM-SENSOR-HEALTH,AST-HEALTH-054,2025-12-07T08:28:00,2025-12-07T08:40:00,2025-12-07T13:40:00,TRUE_POSITIVE,True,2025-12-07T09:00:00,ANALYST_RAO,True,False,True,CLOSED,DEMO/SYNTHETIC - NOT REAL GOVERNMENT DATA
CSE-HEALTH-03,ALT-HEALTH-2025-01632,2025-Q4,2025-12-14T10:01:00,LOW,POLICY_VIOLATION,SIEM-SENSOR-HEALTH,AST-HEALTH-023,2025-12-14T10:08:00,2025-12-14T10:29:00,2025-12-14T11:29:00,TRUE_POSITIVE,True,2025-12-14T10:49:00,ANALYST_RAO,False,True,True,CLOSED,DEMO/SYNTHETIC - NOT REAL GOVERNMENT DATA
CSE-HEALTH-03,ALT-HEALTH-2025-01633,2025-Q4,2025-12-07T01:30:00,MEDIUM,MALWARE,SIEM-SENSOR-HEALTH,AST-HEALTH-027,2025-12-07T01:47:00,2025-12-07T02:18:00,2025-12-07T03:18:00,TRUE_POSITIVE,True,2025-12-07T02:38:00,ANALYST_SHARMA,True,True,True,CLOSED,DEMO/SYNTHETIC - NOT REAL GOVERNMENT DATA
CSE-HEALTH-03,ALT-HEALTH-2025-01634,2025-Q4,2025-11-09T23:37:00,CRITICAL,RANSOMWARE,SIEM-SENSOR-HEALTH,AST-HEALTH-062,2025-11-09T23:46:00,2025-11-10T00:01:00,2025-11-10T04:01:00,TRUE_POSITIVE,False,,ANALYST_RAO,False,False,True,CLOSED,DEMO/SYNTHETIC - NOT REAL GOVERNMENT DATA
CSE-HEALTH-03,ALT-HEALTH-2025-01635,2025-Q4,2025-11-05T19:18:00,CRITICAL,UNAUTHORIZED_ACCESS,SIEM-SENSOR-HEALTH,AST-HEALTH-012,2025-11-05T19:38:00,2025-11-05T20:08:00,2025-11-05T23:08:00,TRUE_POSITIVE,False,,ANALYST_SINGH,False,True,True,CLOSED,DEMO/SYNTHETIC - NOT REAL GOVERNMENT DATA
CSE-HEALTH-03,ALT-HEALTH-2025-01636,2025-Q4,2025-10-23T18:54:00,HIGH,DATA_EXFILTRATION,SIEM-SENSOR-HEALTH,AST-HEALTH-006,2025-10-23T18:58:00,2025-10-23T19:11:00,2025-10-24T00:11:00,TRUE_POSITIVE,True,2025-10-23T19:31:00,ANALYST_VERMA,True,False,True,CLOSED,DEMO/SYNTHETIC - NOT REAL GOVERNMENT DATA
CSE-HEALTH-03,ALT-HEALTH-2025-01637,2025-Q4,2025-10-13T08:27:00,LOW,PRIVILEGE_ESCALATION,SIEM-SENSOR-HEALTH,AST-HEALTH-013,2025-10-13T08:33:00,2025-10-13T08:43:00,2025-10-13T10:43:00,TRUE_POSITIVE,False,,ANALYST_SHARMA,True,False,True,CLOSED,DEMO/SYNTHETIC - NOT REAL GOVERNMENT DATA
CSE-HEALTH-03,ALT-HEALTH-2025-01638,2025-Q4,2025-11-17T19:24:00,LOW,DDOS_ATTACK,SIEM-SENSOR-HEALTH,AST-HEALTH-033,2025-11-17T19:32:00,2025-11-17T20:00:00,2025-11-17T23:00:00,TRUE_POSITIVE,False,,ANALYST_VERMA,True,True,True,CLOSED,DEMO/SYNTHETIC - NOT REAL GOVERNMENT DATA
CSE-HEALTH-03,ALT-HEALTH-2025-01639,2025-Q4,2025-11-06T05:33:00,MEDIUM,DDOS_ATTACK,SIEM-SENSOR-HEALTH,AST-HEALTH-032,2025-11-06T05:50:00,2025-11-06T06:07:00,2025-11-06T09:07:00,TRUE_POSITIVE,False,,ANALYST_SINGH,False,True,True,CLOSED,DEMO/SYNTHETIC - NOT REAL GOVERNMENT DATA
CSE-HEALTH-03,ALT-HEALTH-2025-01640,2025-Q4,2025-10-02T23:11:00,LOW,POLICY_VIOLATION,SIEM-SENSOR-HEALTH,AST-HEALTH-018,2025-10-02T23:27:00,2025-10-02T23:55:00,2025-10-03T01:55:00,TRUE_POSITIVE,False,,ANALYST_SHARMA,True,True,True,CLOSED,DEMO/SYNTHETIC - NOT REAL GOVERNMENT DATA
CSE-HEALTH-03,ALT-HEALTH-2025-01641,2025-Q4,2025-11-12T11:12:00,HIGH,POLICY_VIOLATION,SIEM-SENSOR-HEALTH,AST-HEALTH-019,2025-11-12T11:23:00,2025-11-12T11:54:00,2025-11-12T16:54:00,TRUE_POSITIVE,False,,ANALYST_RAO,True,True,True,CLOSED,DEMO/SYNTHETIC - NOT REAL GOVERNMENT DATA
CSE-HEALTH-03,ALT-HEALTH-2025-01642,2025-Q4,2025-12-11T22:29:00,MEDIUM,POLICY_VIOLATION,SIEM-SENSOR-HEALTH,AST-HEALTH-031,2025-12-11T22:47:00,2025-12-11T23:15:00,2025-12-12T02:15:00,TRUE_POSITIVE,False,,ANALYST_PATEL,True,True,True,CLOSED,DEMO/SYNTHETIC - NOT REAL GOVERNMENT DATA
CSE-HEALTH-03,ALT-HEALTH-2025-01643,2025-Q4,2025-11-25T14:10:00,MEDIUM,POLICY_VIOLATION,SIEM-SENSOR-HEALTH,AST-HEALTH-033,2025-11-25T14:29:00,2025-11-25T14:51:00,2025-11-25T19:51:00,TRUE_POSITIVE,True,2025-11-25T15:11:00,ANALYST_SINGH,True,True,True,CLOSED,DEMO/SYNTHETIC - NOT REAL GOVERNMENT DATA
CSE-HEALTH-03,ALT-HEALTH-2025-01644,2025-Q4,2025-10-22T19:24:00,LOW,DDOS_ATTACK,SIEM-SENSOR-HEALTH,AST-HEALTH-041,2025-10-22T19:35:00,2025-10-22T19:48:00,2025-10-22T22:48:00,TRUE_POSITIVE,False,,ANALYST_VERMA,True,False,True,CLOSED,DEMO/SYNTHETIC - NOT REAL GOVERNMENT DATA
CSE-HEALTH-03,ALT-HEALTH-2025-01645,2025-Q4,2025-11-06T00:16:00,CRITICAL,UNAUTHORIZED_ACCESS,SIEM-SENSOR-HEALTH,AST-HEALTH-059,2025-11-06T00:36:00,2025-11-06T00:48:00,2025-11-06T02:48:00,TRUE_POSITIVE,False,,ANALYST_SHARMA,False,True,True,CLOSED,DEMO/SYNTHETIC - NOT REAL GOVERNMENT DATA
CSE-HEALTH-03,ALT-HEALTH-2025-01646,2025-Q4,2025-11-01T14:03:00,LOW,MALWARE,SIEM-SENSOR-HEALTH,AST-HEALTH-055,2025-11-01T14:19:00,2025-11-01T14:45:00,2025-11-01T15:45:00,TRUE_POSITIVE,False,,ANALYST_RAO,True,False,True,CLOSED,DEMO/SYNTHETIC - NOT REAL GOVERNMENT DATA
CSE-HEALTH-03,ALT-HEALTH-2025-01647,2025-Q4,2025-10-11T18:13:00,MEDIUM,BRUTE_FORCE,SIEM-SENSOR-HEALTH,AST-HEALTH-011,2025-10-11T18:18:00,2025-10-11T18:51:00,2025-10-11T21:51:00,TRUE_POSITIVE,False,,ANALYST_SHARMA,True,True,True,CLOSED,DEMO/SYNTHETIC - NOT REAL GOVERNMENT DATA
CSE-HEALTH-03,ALT-HEALTH-2025-01648,2025-Q4,2025-10-12T07:30:00,CRITICAL,UNAUTHORIZED_ACCESS,SIEM-SENSOR-HEALTH,AST-HEALTH-009,2025-10-12T07:40:00,2025-10-12T08:08:00,2025-10-12T10:08:00,TRUE_POSITIVE,True,2025-10-12T08:28:00,ANALYST_SINGH,False,True,True,CLOSED,DEMO/SYNTHETIC - NOT REAL GOVERNMENT DATA
CSE-HEALTH-03,ALT-HEALTH-2025-01649,2025-Q4,2025-10-04T15:14:00,CRITICAL,BRUTE_FORCE,SIEM-SENSOR-HEALTH,AST-HEALTH-057,2025-10-04T15:30:00,2025-10-04T15:46:00,2025-10-04T17:46:00,TRUE_POSITIVE,False,,ANALYST_VERMA,True,False,True,CLOSED,DEMO/SYNTHETIC - NOT REAL GOVERNMENT DATA
CSE-HEALTH-03,ALT-HEALTH-2025-01650,2025-Q4,2025-10-06T02:53:00,LOW,UNAUTHORIZED_ACCESS,SIEM-SENSOR-HEALTH,AST-HEALTH-013,2025-10-06T03:13:00,2025-10-06T03:28:00,2025-10-06T07:28:00,TRUE_POSITIVE,True,2025-10-06T03:48:00,ANALYST_RAO,False,False,True,CLOSED,DEMO/SYNTHETIC - NOT REAL GOVERNMENT DATA
CSE-HEALTH-03,ALT-HEALTH-2025-01651,2025-Q4,2025-10-21T05:46:00,MEDIUM,DATA_EXFILTRATION,SIEM-SENSOR-HEALTH,AST-HEALTH-002,2025-10-21T06:01:00,2025-10-21T06:13:00,2025-10-21T08:13:00,TRUE_POSITIVE,False,,ANALYST_SHARMA,True,False,True,CLOSED,DEMO/SYNTHETIC - NOT REAL GOVERNMENT DATA
CSE-HEALTH-03,ALT-HEALTH-2025-01652,2025-Q4,2025-11-21T01:10:00,LOW,PRIVILEGE_ESCALATION,SIEM-SENSOR-HEALTH,AST-HEALTH-011,2025-11-21T01:19:00,2025-11-21T01:39:00,2025-11-21T06:39:00,TRUE_POSITIVE,False,,ANALYST_RAO,False,False,True,CLOSED,DEMO/SYNTHETIC - NOT REAL GOVERNMENT DATA
CSE-HEALTH-03,ALT-HEALTH-2025-01653,2025-Q4,2025-12-11T22:54:00,CRITICAL,UNAUTHORIZED_ACCESS,SIEM-SENSOR-HEALTH,AST-HEALTH-039,2025-12-11T22:57:00,2025-12-11T23:09:00,2025-12-12T02:09:00,TRUE_POSITIVE,False,,ANALYST_RAO,False,False,True,CLOSED,DEMO/SYNTHETIC - NOT REAL GOVERNMENT DATA
CSE-HEALTH-03,ALT-HEALTH-2025-01654,2025-Q4,2025-12-13T10:39:00,LOW,DDOS_ATTACK,SIEM-SENSOR-HEALTH,AST-HEALTH-008,2025-12-13T10:56:00,2025-12-13T11:18:00,2025-12-13T16:18:00,TRUE_POSITIVE,False,,ANALYST_VERMA,False,False,True,CLOSED,DEMO/SYNTHETIC - NOT REAL GOVERNMENT DATA
CSE-HEALTH-03,ALT-HEALTH-2025-01655,2025-Q4,2025-12-03T15:38:00,MEDIUM,UNAUTHORIZED_ACCESS,SIEM-SENSOR-HEALTH,AST-HEALTH-042,2025-12-03T15:56:00,2025-12-03T16:32:00,2025-12-03T19:32:00,TRUE_POSITIVE,False,,ANALYST_RAO,True,True,True,CLOSED,DEMO/SYNTHETIC - NOT REAL GOVERNMENT DATA
CSE-HEALTH-03,ALT-HEALTH-2025-01656,2025-Q4,2025-10-22T05:19:00,MEDIUM,DATA_EXFILTRATION,SIEM-SENSOR-HEALTH,AST-HEALTH-008,2025-10-22T05:39:00,2025-10-22T06:17:00,2025-10-22T09:17:00,TRUE_POSITIVE,False,,ANALYST_SINGH,False,True,True,CLOSED,DEMO/SYNTHETIC - NOT REAL GOVERNMENT DATA
CSE-HEALTH-03,ALT-HEALTH-2025-01657,2025-Q4,2025-12-02T10:54:00,HIGH,BRUTE_FORCE,SIEM-SENSOR-HEALTH,AST-HEALTH-021,2025-12-02T11:11:00,2025-12-02T11:24:00,2025-12-02T12:24:00,TRUE_POSITIVE,False,,ANALYST_SINGH,True,False,True,CLOSED,DEMO/SYNTHETIC - NOT REAL GOVERNMENT DATA
CSE-HEALTH-03,ALT-HEALTH-2025-01658,2025-Q4,2025-11-18T01:23:00,LOW,UNAUTHORIZED_ACCESS,SIEM-SENSOR-HEALTH,AST-HEALTH-010,2025-11-18T01:40:00,2025-11-18T02:11:00,2025-11-18T05:11:00,TRUE_POSITIVE,False,,ANALYST_PATEL,True,False,True,CLOSED,DEMO/SYNTHETIC - NOT REAL GOVERNMENT DATA
CSE-HEALTH-03,ALT-HEALTH-2025-01659,2025-Q4,2025-12-10T12:54:00,LOW,UNAUTHORIZED_ACCESS,SIEM-SENSOR-HEALTH,AST-HEALTH-034,2025-12-10T13:05:00,2025-12-10T13:17:00,2025-12-10T16:17:00,TRUE_POSITIVE,False,,ANALYST_RAO,True,True,True,CLOSED,DEMO/SYNTHETIC - NOT REAL GOVERNMENT DATA
CSE-HEALTH-03,ALT-HEALTH-2025-01660,2025-Q4,2025-11-03T04:47:00,MEDIUM,UNAUTHORIZED_ACCESS,SIEM-SENSOR-HEALTH,AST-HEALTH-008,2025-11-03T04:50:00,2025-11-03T05:02:00,2025-11-03T08:02:00,TRUE_POSITIVE,False,,ANALYST_RAO,True,False,True,CLOSED,DEMO/SYNTHETIC - NOT REAL GOVERNMENT DATA
CSE-HEALTH-03,ALT-HEALTH-2025-01661,2025-Q4,2025-10-23T13:32:00,HIGH,POLICY_VIOLATION,SIEM-SENSOR-HEALTH,AST-HEALTH-006,2025-10-23T13:38:00,2025-10-23T13:56:00,2025-10-23T14:56:00,TRUE_POSITIVE,False,,ANALYST_RAO,True,False,True,CLOSED,DEMO/SYNTHETIC - NOT REAL GOVERNMENT DATA
CSE-HEALTH-03,ALT-HEALTH-2025-01662,2025-Q4,2025-11-07T04:55:00,LOW,UNAUTHORIZED_ACCESS,SIEM-SENSOR-HEALTH,AST-HEALTH-057,2025-11-07T05:14:00,2025-11-07T05:26:00,2025-11-07T09:26:00,TRUE_POSITIVE,False,,ANALYST_SINGH,True,False,True,CLOSED,DEMO/SYNTHETIC - NOT REAL GOVERNMENT DATA
CSE-HEALTH-03,ALT-HEALTH-2025-01663,2025-Q4,2025-10-29T13:23:00,MEDIUM,MALWARE,SIEM-SENSOR-HEALTH,AST-HEALTH-029,2025-10-29T13:39:00,2025-10-29T14:01:00,2025-10-29T18:01:00,TRUE_POSITIVE,False,,ANALYST_PATEL,False,True,True,CLOSED,DEMO/SYNTHETIC - NOT REAL GOVERNMENT DATA
CSE-HEALTH-03,ALT-HEALTH-2025-01664,2025-Q4,2025-11-28T02:20:00,CRITICAL,POLICY_VIOLATION,SIEM-SENSOR-HEALTH,AST-HEALTH-056,2025-11-28T02:24:00,2025-11-28T02:56:00,2025-11-28T06:56:00,TRUE_POSITIVE,False,,ANALYST_SHARMA,False,False,True,CLOSED,DEMO/SYNTHETIC - NOT REAL GOVERNMENT DATA
CSE-HEALTH-03,ALT-HEALTH-2025-01665,2025-Q4,2025-12-08T00:00:00,LOW,POLICY_VIOLATION,SIEM-SENSOR-HEALTH,AST-HEALTH-033,2025-12-08T00:18:00,2025-12-08T00:37:00,2025-12-08T03:37:00,TRUE_POSITIVE,False,,ANALYST_VERMA,True,False,True,CLOSED,DEMO/SYNTHETIC - NOT REAL GOVERNMENT DATA
CSE-HEALTH-03,ALT-HEALTH-2025-01666,2025-Q4,2025-12-01T15:51:00,CRITICAL,DDOS_ATTACK,SIEM-SENSOR-HEALTH,AST-HEALTH-063,2025-12-01T15:55:00,2025-12-01T16:24:00,2025-12-01T18:24:00,TRUE_POSITIVE,False,,ANALYST_VERMA,True,False,True,CLOSED,DEMO/SYNTHETIC - NOT REAL GOVERNMENT DATA
CSE-HEALTH-03,ALT-HEALTH-2025-01667,2025-Q4,2025-11-08T18:55:00,HIGH,RANSOMWARE,SIEM-SENSOR-HEALTH,AST-HEALTH-002,2025-11-08T19:01:00,2025-11-08T19:14:00,2025-11-08T22:14:00,TRUE_POSITIVE,True,2025-11-08T19:34:00,ANALYST_PATEL,False,False,True,CLOSED,DEMO/SYNTHETIC - NOT REAL GOVERNMENT DATA
CSE-HEALTH-03,ALT-HEALTH-2025-01668,2025-Q4,2025-12-19T15:34:00,HIGH,DDOS_ATTACK,SIEM-SENSOR-HEALTH,AST-HEALTH-060,2025-12-19T15:37:00,2025-12-19T16:15:00,2025-12-19T21:15:00,TRUE_POSITIVE,False,,ANALYST_RAO,True,False,True,CLOSED,DEMO/SYNTHETIC - NOT REAL GOVERNMENT DATA
CSE-HEALTH-03,ALT-HEALTH-2025-01669,2025-Q4,2025-10-06T11:37:00,MEDIUM,DATA_EXFILTRATION,SIEM-SENSOR-HEALTH,AST-HEALTH-037,2025-10-06T11:51:00,2025-10-06T12:19:00,2025-10-06T17:19:00,TRUE_POSITIVE,False,,ANALYST_SINGH,True,True,True,CLOSED,DEMO/SYNTHETIC - NOT REAL GOVERNMENT DATA
CSE-HEALTH-03,ALT-HEALTH-2025-01670,2025-Q4,2025-10-22T10:48:00,MEDIUM,MALWARE,SIEM-SENSOR-HEALTH,AST-HEALTH-008,2025-10-22T10:56:00,2025-10-22T11:19:00,2025-10-22T12:19:00,TRUE_POSITIVE,False,,ANALYST_PATEL,False,False,True,CLOSED,DEMO/SYNTHETIC - NOT REAL GOVERNMENT DATA
CSE-HEALTH-03,ALT-HEALTH-2025-01671,2025-Q4,2025-12-02T21:02:00,MEDIUM,DDOS_ATTACK,SIEM-SENSOR-HEALTH,AST-HEALTH-022,2025-12-02T21:16:00,2025-12-02T21:48:00,2025-12-02T23:48:00,TRUE_POSITIVE,False,,ANALYST_SHARMA,True,True,True,CLOSED,DEMO/SYNTHETIC - NOT REAL GOVERNMENT DATA
CSE-HEALTH-03,ALT-HEALTH-2025-01672,2025-Q4,2025-11-15T19:06:00,HIGH,DDOS_ATTACK,SIEM-SENSOR-HEALTH,AST-HEALTH-057,2025-11-15T19:10:00,2025-11-15T19:33:00,2025-11-15T23:33:00,TRUE_POSITIVE,True,2025-11-15T19:53:00,ANALYST_SINGH,True,False,True,CLOSED,DEMO/SYNTHETIC - NOT REAL GOVERNMENT DATA
CSE-HEALTH-03,ALT-HEALTH-2025-01673,2025-Q4,2025-11-14T17:55:00,MEDIUM,RANSOMWARE,SIEM-SENSOR-HEALTH,AST-HEALTH-050,2025-11-14T18:01:00,2025-11-14T18:35:00,2025-11-14T21:35:00,TRUE_POSITIVE,False,,ANALYST_SHARMA,False,False,True,CLOSED,DEMO/SYNTHETIC - NOT REAL GOVERNMENT DATA
CSE-HEALTH-03,ALT-HEALTH-2025-01674,2025-Q4,2025-10-19T01:39:00,HIGH,PRIVILEGE_ESCALATION,SIEM-SENSOR-HEALTH,AST-HEALTH-036,2025-10-19T01:42:00,2025-10-19T02:17:00,2025-10-19T07:17:00,TRUE_POSITIVE,False,,ANALYST_RAO,False,True,True,CLOSED,DEMO/SYNTHETIC - NOT REAL GOVERNMENT DATA
CSE-HEALTH-03,ALT-HEALTH-2025-01675,2025-Q4,2025-11-04T00:39:00,MEDIUM,POLICY_VIOLATION,SIEM-SENSOR-HEALTH,AST-HEALTH-027,2025-11-04T00:56:00,2025-11-04T01:35:00,2025-11-04T02:35:00,TRUE_POSITIVE,False,,ANALYST_PATEL,True,True,True,CLOSED,DEMO/SYNTHETIC - NOT REAL GOVERNMENT DATA
CSE-HEALTH-03,ALT-HEALTH-2025-01676,2025-Q4,2025-10-16T01:03:00,MEDIUM,DDOS_ATTACK,SIEM-SENSOR-HEALTH,AST-HEALTH-050,2025-10-16T01:22:00,2025-10-16T01:41:00,2025-10-16T06:41:00,TRUE_POSITIVE,False,,ANALYST_RAO,False,False,True,CLOSED,DEMO/SYNTHETIC - NOT REAL GOVERNMENT DATA
CSE-HEALTH-03,ALT-HEALTH-2025-01677,2025-Q4,2025-12-12T07:01:00,MEDIUM,DATA_EXFILTRATION,SIEM-SENSOR-HEALTH,AST-HEALTH-056,2025-12-12T07:10:00,2025-12-12T07:42:00,2025-12-12T10:42:00,TRUE_POSITIVE,False,,ANALYST_SHARMA,False,True,True,CLOSED,DEMO/SYNTHETIC - NOT REAL GOVERNMENT DATA
CSE-HEALTH-03,ALT-HEALTH-2025-01678,2025-Q4,2025-12-20T15:56:00,CRITICAL,DATA_EXFILTRATION,SIEM-SENSOR-HEALTH,AST-HEALTH-032,2025-12-20T16:09:00,2025-12-20T16:38:00,2025-12-20T17:38:00,TRUE_POSITIVE,False,,ANALYST_SINGH,True,False,True,CLOSED,DEMO/SYNTHETIC - NOT REAL GOVERNMENT DATA
CSE-HEALTH-03,ALT-HEALTH-2025-01679,2025-Q4,2025-10-07T20:53:00,LOW,SCADA_COMMAND_ANOMALY,SIEM-SENSOR-HEALTH,AST-HEALTH-032,2025-10-07T21:03:00,2025-10-07T21:28:00,2025-10-07T22:28:00,TRUE_POSITIVE,True,2025-10-07T21:48:00,ANALYST_SHARMA,False,False,True,CLOSED,DEMO/SYNTHETIC - NOT REAL GOVERNMENT DATA
CSE-HEALTH-03,ALT-HEALTH-2025-01680,2025-Q4,2025-11-28T13:16:00,MEDIUM,RANSOMWARE,SIEM-SENSOR-HEALTH,AST-HEALTH-001,2025-11-28T13:28:00,2025-11-28T14:07:00,2025-11-28T15:07:00,TRUE_POSITIVE,False,,ANALYST_SHARMA,False,False,True,CLOSED,DEMO/SYNTHETIC - NOT REAL GOVERNMENT DATA
CSE-HEALTH-03,ALT-HEALTH-2025-01681,2025-Q4,2025-12-19T17:59:00,LOW,POLICY_VIOLATION,SIEM-SENSOR-HEALTH,AST-HEALTH-043,2025-12-19T18:16:00,2025-12-19T18:32:00,2025-12-19T23:32:00,TRUE_POSITIVE,False,,ANALYST_RAO,True,True,True,CLOSED,DEMO/SYNTHETIC - NOT REAL GOVERNMENT DATA
CSE-HEALTH-03,ALT-HEALTH-2025-01682,2025-Q4,2025-10-04T12:10:00,MEDIUM,SCADA_COMMAND_ANOMALY,SIEM-SENSOR-HEALTH,AST-HEALTH-042,2025-10-04T12:26:00,2025-10-04T12:41:00,2025-10-04T15:41:00,TRUE_POSITIVE,False,,ANALYST_SHARMA,True,True,True,CLOSED,DEMO/SYNTHETIC - NOT REAL GOVERNMENT DATA
CSE-HEALTH-03,ALT-HEALTH-2025-01683,2025-Q4,2025-12-08T11:04:00,HIGH,PRIVILEGE_ESCALATION,SIEM-SENSOR-HEALTH,AST-HEALTH-008,2025-12-08T11:12:00,2025-12-08T11:32:00,2025-12-08T13:32:00,TRUE_POSITIVE,False,,ANALYST_SHARMA,True,False,True,CLOSED,DEMO/SYNTHETIC - NOT REAL GOVERNMENT DATA
CSE-HEALTH-03,ALT-HEALTH-2025-01684,2025-Q4,2025-12-10T16:30:00,MEDIUM,PRIVILEGE_ESCALATION,SIEM-SENSOR-HEALTH,AST-HEALTH-002,2025-12-10T16:35:00,2025-12-10T16:51:00,2025-12-10T21:51:00,TRUE_POSITIVE,False,,ANALYST_RAO,True,False,True,CLOSED,DEMO/SYNTHETIC - NOT REAL GOVERNMENT DATA
CSE-HEALTH-03,ALT-HEALTH-2025-01685,2025-Q4,2025-12-05T00:22:00,MEDIUM,DATA_EXFILTRATION,SIEM-SENSOR-HEALTH,AST-HEALTH-014,2025-12-05T00:24:00,2025-12-05T01:04:00,2025-12-05T02:04:00,TRUE_POSITIVE,False,,ANALYST_VERMA,False,True,True,CLOSED,DEMO/SYNTHETIC - NOT REAL GOVERNMENT DATA
CSE-HEALTH-03,ALT-HEALTH-2025-01686,2025-Q4,2025-11-17T02:21:00,MEDIUM,RANSOMWARE,SIEM-SENSOR-HEALTH,AST-HEALTH-028,2025-11-17T02:38:00,2025-11-17T03:01:00,2025-11-17T08:01:00,TRUE_POSITIVE,True,2025-11-17T03:21:00,ANALYST_VERMA,False,False,True,CLOSED,DEMO/SYNTHETIC - NOT REAL GOVERNMENT DATA
CSE-HEALTH-03,ALT-HEALTH-2025-01687,2025-Q4,2025-12-14T08:28:00,HIGH,POLICY_VIOLATION,SIEM-SENSOR-HEALTH,AST-HEALTH-026,2025-12-14T08:48:00,2025-12-14T09:27:00,2025-12-14T11:27:00,TRUE_POSITIVE,False,,ANALYST_SHARMA,True,True,True,CLOSED,DEMO/SYNTHETIC - NOT REAL GOVERNMENT DATA
CSE-HEALTH-03,ALT-HEALTH-2025-01688,2025-Q4,2025-10-07T12:03:00,MEDIUM,RANSOMWARE,SIEM-SENSOR-HEALTH,AST-HEALTH-053,2025-10-07T12:19:00,2025-10-07T12:31:00,2025-10-07T14:31:00,TRUE_POSITIVE,False,,ANALYST_SHARMA,False,True,True,CLOSED,DEMO/SYNTHETIC - NOT REAL GOVERNMENT DATA
CSE-HEALTH-03,ALT-HEALTH-2025-01689,2025-Q4,2025-12-18T09:39:00,CRITICAL,PRIVILEGE_ESCALATION,SIEM-SENSOR-HEALTH,AST-HEALTH-009,2025-12-18T09:48:00,2025-12-18T10:26:00,2025-12-18T14:26:00,TRUE_POSITIVE,False,,ANALYST_PATEL,True,True,True,CLOSED,DEMO/SYNTHETIC - NOT REAL GOVERNMENT DATA
CSE-HEALTH-03,ALT-HEALTH-2025-01690,2025-Q4,2025-11-08T06:27:00,HIGH,RANSOMWARE,SIEM-SENSOR-HEALTH,AST-HEALTH-011,2025-11-08T06:39:00,2025-11-08T07:11:00,2025-11-08T12:11:00,TRUE_POSITIVE,False,,ANALYST_RAO,True,False,True,CLOSED,DEMO/SYNTHETIC - NOT REAL GOVERNMENT DATA
CSE-HEALTH-03,ALT-HEALTH-2025-01691,2025-Q4,2025-12-10T03:23:00,CRITICAL,SCADA_COMMAND_ANOMALY,SIEM-SENSOR-HEALTH,AST-HEALTH-041,2025-12-10T03:34:00,2025-12-10T03:56:00,2025-12-10T05:56:00,TRUE_POSITIVE,False,,ANALYST_SHARMA,False,True,True,CLOSED,DEMO/SYNTHETIC - NOT REAL GOVERNMENT DATA
CSE-HEALTH-03,ALT-HEALTH-2025-01692,2025-Q4,2025-11-27T19:35:00,MEDIUM,DDOS_ATTACK,SIEM-SENSOR-HEALTH,AST-HEALTH-030,2025-11-27T19:38:00,2025-11-27T19:52:00,2025-11-27T21:52:00,TRUE_POSITIVE,True,2025-11-27T20:12:00,ANALYST_VERMA,True,False,True,CLOSED,DEMO/SYNTHETIC - NOT REAL GOVERNMENT DATA
CSE-HEALTH-03,ALT-HEALTH-2025-01693,2025-Q4,2025-10-29T22:33:00,MEDIUM,RANSOMWARE,SIEM-SENSOR-HEALTH,AST-HEALTH-014,2025-10-29T22:47:00,2025-10-29T22:57:00,2025-10-30T00:57:00,TRUE_POSITIVE,False,,ANALYST_PATEL,False,False,True,CLOSED,DEMO/SYNTHETIC - NOT REAL GOVERNMENT DATA
CSE-HEALTH-03,ALT-HEALTH-2025-01694,2025-Q4,2025-10-03T08:00:00,CRITICAL,DATA_EXFILTRATION,SIEM-SENSOR-HEALTH,AST-HEALTH-032,2025-10-03T08:15:00,2025-10-03T08:54:00,2025-10-03T12:54:00,TRUE_POSITIVE,False,,ANALYST_PATEL,True,True,True,CLOSED,DEMO/SYNTHETIC - NOT REAL GOVERNMENT DATA
CSE-HEALTH-03,ALT-HEALTH-2025-01695,2025-Q4,2025-12-03T20:09:00,MEDIUM,MALWARE,SIEM-SENSOR-HEALTH,AST-HEALTH-060,2025-12-03T20:26:00,2025-12-03T20:59:00,2025-12-04T01:59:00,TRUE_POSITIVE,False,,ANALYST_RAO,False,True,True,CLOSED,DEMO/SYNTHETIC - NOT REAL GOVERNMENT DATA
CSE-HEALTH-03,ALT-HEALTH-2025-01696,2025-Q4,2025-11-15T06:31:00,HIGH,UNAUTHORIZED_ACCESS,SIEM-SENSOR-HEALTH,AST-HEALTH-019,2025-11-15T06:39:00,2025-11-15T07:17:00,2025-11-15T08:17:00,TRUE_POSITIVE,False,,ANALYST_VERMA,True,False,True,CLOSED,DEMO/SYNTHETIC - NOT REAL GOVERNMENT DATA
CSE-HEALTH-03,ALT-HEALTH-2025-01697,2025-Q4,2025-12-14T17:10:00,HIGH,POLICY_VIOLATION,SIEM-SENSOR-HEALTH,AST-HEALTH-007,2025-12-14T17:23:00,2025-12-14T17:36:00,2025-12-14T22:36:00,TRUE_POSITIVE,False,,ANALYST_SINGH,True,True,True,CLOSED,DEMO/SYNTHETIC - NOT REAL GOVERNMENT DATA
CSE-HEALTH-03,ALT-HEALTH-2025-01698,2025-Q4,2025-12-12T16:42:00,MEDIUM,DDOS_ATTACK,SIEM-SENSOR-HEALTH,AST-HEALTH-025,2025-12-12T16:58:00,2025-12-12T17:24:00,2025-12-12T19:24:00,TRUE_POSITIVE,False,,ANALYST_SINGH,False,False,True,CLOSED,DEMO/SYNTHETIC - NOT REAL GOVERNMENT DATA
CSE-HEALTH-03,ALT-HEALTH-2025-01699,2025-Q4,2025-12-13T12:00:00,CRITICAL,DDOS_ATTACK,SIEM-SENSOR-HEALTH,AST-HEALTH-065,2025-12-13T12:04:00,2025-12-13T12:42:00,2025-12-13T14:42:00,TRUE_POSITIVE,False,,ANALYST_PATEL,True,False,True,CLOSED,DEMO/SYNTHETIC - NOT REAL GOVERNMENT DATA
CSE-HEALTH-03,ALT-HEALTH-2025-01700,2025-Q4,2025-10-21T11:10:00,MEDIUM,DATA_EXFILTRATION,SIEM-SENSOR-HEALTH,AST-HEALTH-049,2025-10-21T11:28:00,2025-10-21T12:07:00,2025-10-21T13:07:00,TRUE_POSITIVE,False,,ANALYST_RAO,False,False,True,CLOSED,DEMO/SYNTHETIC - NOT REAL GOVERNMENT DATA
CSE-HEALTH-03,ALT-HEALTH-2025-01701,2025-Q4,2025-10-21T20:18:00,HIGH,POLICY_VIOLATION,SIEM-SENSOR-HEALTH,AST-HEALTH-057,2025-10-21T20:26:00,2025-10-21T20:39:00,2025-10-21T21:39:00,TRUE_POSITIVE,False,,ANALYST_SHARMA,True,True,True,CLOSED,DEMO/SYNTHETIC - NOT REAL GOVERNMENT DATA
CSE-HEALTH-03,ALT-HEALTH-2025-01702,2025-Q4,2025-10-01T19:34:00,LOW,PRIVILEGE_ESCALATION,SIEM-SENSOR-HEALTH,AST-HEALTH-034,2025-10-01T19:52:00,2025-10-01T20:16:00,2025-10-02T01:16:00,TRUE_POSITIVE,False,,ANALYST_RAO,False,False,True,CLOSED,DEMO/SYNTHETIC - NOT REAL GOVERNMENT DATA
CSE-HEALTH-03,ALT-HEALTH-2025-01703,2025-Q4,2025-12-08T07:12:00,HIGH,PRIVILEGE_ESCALATION,SIEM-SENSOR-HEALTH,AST-HEALTH-049,2025-12-08T07:18:00,2025-12-08T07:40:00,2025-12-08T08:40:00,TRUE_POSITIVE,True,2025-12-08T08:00:00,ANALYST_SINGH,True,False,True,CLOSED,DEMO/SYNTHETIC - NOT REAL GOVERNMENT DATA
CSE-HEALTH-03,ALT-HEALTH-2025-01704,2025-Q4,2025-12-04T22:01:00,MEDIUM,DDOS_ATTACK,SIEM-SENSOR-HEALTH,AST-HEALTH-054,2025-12-04T22:04:00,2025-12-04T22:24:00,2025-12-05T03:24:00,TRUE_POSITIVE,False,,ANALYST_RAO,True,False,True,CLOSED,DEMO/SYNTHETIC - NOT REAL GOVERNMENT DATA
CSE-HEALTH-03,ALT-HEALTH-2025-01705,2025-Q4,2025-10-04T16:31:00,MEDIUM,UNAUTHORIZED_ACCESS,SIEM-SENSOR-HEALTH,AST-HEALTH-028,2025-10-04T16:49:00,2025-10-04T17:04:00,2025-10-04T20:04:00,TRUE_POSITIVE,False,,ANALYST_SINGH,False,True,True,CLOSED,DEMO/SYNTHETIC - NOT REAL GOVERNMENT DATA
CSE-HEALTH-03,ALT-HEALTH-2025-01706,2025-Q4,2025-12-07T16:31:00,CRITICAL,BRUTE_FORCE,SIEM-SENSOR-HEALTH,AST-HEALTH-043,2025-12-07T16:48:00,2025-12-07T17:15:00,2025-12-07T18:15:00,TRUE_POSITIVE,False,,ANALYST_RAO,False,True,True,CLOSED,DEMO/SYNTHETIC - NOT REAL GOVERNMENT DATA
CSE-HEALTH-03,ALT-HEALTH-2025-01707,2025-Q4,2025-10-10T09:52:00,HIGH,BRUTE_FORCE,SIEM-SENSOR-HEALTH,AST-HEALTH-062,2025-10-10T10:06:00,2025-10-10T10:20:00,2025-10-10T13:20:00,TRUE_POSITIVE,False,,ANALYST_RAO,False,False,True,CLOSED,DEMO/SYNTHETIC - NOT REAL GOVERNMENT DATA
CSE-HEALTH-03,ALT-HEALTH-2025-01708,2025-Q4,2025-11-02T07:12:00,LOW,POLICY_VIOLATION,SIEM-SENSOR-HEALTH,AST-HEALTH-021,2025-11-02T07:21:00,2025-11-02T07:54:00,2025-11-02T08:54:00,TRUE_POSITIVE,False,,ANALYST_SINGH,False,True,True,CLOSED,DEMO/SYNTHETIC - NOT REAL GOVERNMENT DATA
CSE-HEALTH-03,ALT-HEALTH-2025-01709,2025-Q4,2025-10-05T16:19:00,LOW,POLICY_VIOLATION,SIEM-SENSOR-HEALTH,AST-HEALTH-036,2025-10-05T16:29:00,2025-10-05T17:07:00,2025-10-05T18:07:00,TRUE_POSITIVE,False,,ANALYST_SINGH,True,True,True,CLOSED,DEMO/SYNTHETIC - NOT REAL GOVERNMENT DATA
CSE-HEALTH-03,ALT-HEALTH-2025-01710,2025-Q4,2025-11-19T04:07:00,MEDIUM,POLICY_VIOLATION,SIEM-SENSOR-HEALTH,AST-HEALTH-041,2025-11-19T04:19:00,2025-11-19T04:49:00,2025-11-19T06:49:00,TRUE_POSITIVE,False,,ANALYST_SINGH,True,False,True,CLOSED,DEMO/SYNTHETIC - NOT REAL GOVERNMENT DATA
CSE-HEALTH-03,ALT-HEALTH-2025-01711,2025-Q4,2025-11-12T17:50:00,MEDIUM,POLICY_VIOLATION,SIEM-SENSOR-HEALTH,AST-HEALTH-023,2025-11-12T17:57:00,2025-11-12T18:25:00,2025-11-12T23:25:00,TRUE_POSITIVE,True,2025-11-12T18:45:00,ANALYST_PATEL,True,True,True,CLOSED,DEMO/SYNTHETIC - NOT REAL GOVERNMENT DATA
CSE-HEALTH-03,ALT-HEALTH-2025-01712,2025-Q4,2025-11-30T19:17:00,CRITICAL,UNAUTHORIZED_ACCESS,SIEM-SENSOR-HEALTH,AST-HEALTH-013,2025-11-30T19:27:00,2025-11-30T19:40:00,2025-11-30T21:40:00,TRUE_POSITIVE,False,,ANALYST_RAO,True,False,True,CLOSED,DEMO/SYNTHETIC - NOT REAL GOVERNMENT DATA
CSE-HEALTH-03,ALT-HEALTH-2025-01713,2025-Q4,2025-10-30T17:26:00,MEDIUM,SCADA_COMMAND_ANOMALY,SIEM-SENSOR-HEALTH,AST-HEALTH-028,2025-10-30T17:32:00,2025-10-30T18:07:00,2025-10-30T20:07:00,TRUE_POSITIVE,False,,ANALYST_VERMA,False,False,True,CLOSED,DEMO/SYNTHETIC - NOT REAL GOVERNMENT DATA
CSE-HEALTH-03,ALT-HEALTH-2025-01714,2025-Q4,2025-10-20T11:41:00,LOW,DDOS_ATTACK,SIEM-SENSOR-HEALTH,AST-HEALTH-065,2025-10-20T11:48:00,2025-10-20T12:16:00,2025-10-20T16:16:00,TRUE_POSITIVE,False,,ANALYST_SINGH,False,True,True,CLOSED,DEMO/SYNTHETIC - NOT REAL GOVERNMENT DATA
CSE-HEALTH-03,ALT-HEALTH-2025-01715,2025-Q4,2025-11-17T15:17:00,MEDIUM,UNAUTHORIZED_ACCESS,SIEM-SENSOR-HEALTH,AST-HEALTH-040,2025-11-17T15:34:00,2025-11-17T16:04:00,2025-11-17T17:04:00,TRUE_POSITIVE,False,,ANALYST_VERMA,False,False,True,CLOSED,DEMO/SYNTHETIC - NOT REAL GOVERNMENT DATA
CSE-HEALTH-03,ALT-HEALTH-2025-01716,2025-Q4,2025-12-01T07:40:00,MEDIUM,DDOS_ATTACK,SIEM-SENSOR-HEALTH,AST-HEALTH-005,2025-12-01T07:44:00,2025-12-01T07:58:00,2025-12-01T11:58:00,TRUE_POSITIVE,False,,ANALYST_SHARMA,True,True,True,CLOSED,DEMO/SYNTHETIC - NOT REAL GOVERNMENT DATA
CSE-HEALTH-03,ALT-HEALTH-2025-01717,2025-Q4,2025-12-14T13:04:00,HIGH,UNAUTHORIZED_ACCESS,SIEM-SENSOR-HEALTH,AST-HEALTH-011,2025-12-14T13:07:00,2025-12-14T13:36:00,2025-12-14T14:36:00,TRUE_POSITIVE,False,,ANALYST_SHARMA,True,False,True,CLOSED,DEMO/SYNTHETIC - NOT REAL GOVERNMENT DATA
CSE-HEALTH-03,ALT-HEALTH-2025-01718,2025-Q4,2025-11-11T09:21:00,LOW,RANSOMWARE,SIEM-SENSOR-HEALTH,AST-HEALTH-005,2025-11-11T09:26:00,2025-11-11T09:51:00,2025-11-11T14:51:00,TRUE_POSITIVE,False,,ANALYST_SHARMA,False,True,True,CLOSED,DEMO/SYNTHETIC - NOT REAL GOVERNMENT DATA
CSE-HEALTH-03,ALT-HEALTH-2025-01719,2025-Q4,2025-12-02T23:19:00,LOW,MALWARE,SIEM-SENSOR-HEALTH,AST-HEALTH-001,2025-12-02T23:26:00,2025-12-03T00:02:00,2025-12-03T02:02:00,TRUE_POSITIVE,False,,ANALYST_RAO,False,False,True,CLOSED,DEMO/SYNTHETIC - NOT REAL GOVERNMENT DATA
CSE-HEALTH-03,ALT-HEALTH-2025-01720,2025-Q4,2025-12-13T16:59:00,LOW,RANSOMWARE,SIEM-SENSOR-HEALTH,AST-HEALTH-008,2025-12-13T17:07:00,2025-12-13T17:22:00,2025-12-13T18:22:00,TRUE_POSITIVE,False,,ANALYST_SINGH,True,False,True,CLOSED,DEMO/SYNTHETIC - NOT REAL GOVERNMENT DATA
CSE-HEALTH-03,ALT-HEALTH-2025-01721,2025-Q4,2025-12-12T03:02:00,MEDIUM,UNAUTHORIZED_ACCESS,SIEM-SENSOR-HEALTH,AST-HEALTH-052,2025-12-12T03:07:00,2025-12-12T03:43:00,2025-12-12T07:43:00,TRUE_POSITIVE,True,2025-12-12T04:03:00,ANALYST_SHARMA,False,True,True,CLOSED,DEMO/SYNTHETIC - NOT REAL GOVERNMENT DATA
CSE-HEALTH-03,ALT-HEALTH-2025-01722,2025-Q4,2025-11-15T01:01:00,MEDIUM,MALWARE,SIEM-SENSOR-HEALTH,AST-HEALTH-019,2025-11-15T01:16:00,2025-11-15T01:55:00,2025-11-15T04:55:00,TRUE_POSITIVE,False,,ANALYST_SINGH,False,False,True,CLOSED,DEMO/SYNTHETIC - NOT REAL GOVERNMENT DATA
CSE-HEALTH-03,ALT-HEALTH-2025-01723,2025-Q4,2025-11-22T10:08:00,LOW,PRIVILEGE_ESCALATION,SIEM-SENSOR-HEALTH,AST-HEALTH-008,2025-11-22T10:16:00,2025-11-22T10:35:00,2025-11-22T14:35:00,TRUE_POSITIVE,False,,ANALYST_RAO,False,True,True,CLOSED,DEMO/SYNTHETIC - NOT REAL GOVERNMENT DATA
CSE-HEALTH-03,ALT-HEALTH-2025-01724,2025-Q4,2025-11-22T00:10:00,MEDIUM,PRIVILEGE_ESCALATION,SIEM-SENSOR-HEALTH,AST-HEALTH-025,2025-11-22T00:29:00,2025-11-22T01:02:00,2025-11-22T05:02:00,TRUE_POSITIVE,False,,ANALYST_PATEL,True,False,True,CLOSED,DEMO/SYNTHETIC - NOT REAL GOVERNMENT DATA
CSE-HEALTH-03,ALT-HEALTH-2025-01725,2025-Q4,2025-11-10T18:59:00,MEDIUM,UNAUTHORIZED_ACCESS,SIEM-SENSOR-HEALTH,AST-HEALTH-034,2025-11-10T19:12:00,2025-11-10T19:50:00,2025-11-10T22:50:00,TRUE_POSITIVE,True,2025-11-10T20:10:00,ANALYST_SHARMA,False,False,True,CLOSED,DEMO/SYNTHETIC - NOT REAL GOVERNMENT DATA
CSE-HEALTH-03,ALT-HEALTH-2025-01726,2025-Q4,2025-10-22T07:03:00,LOW,BRUTE_FORCE,SIEM-SENSOR-HEALTH,AST-HEALTH-052,2025-10-22T07:12:00,2025-10-22T07:22:00,2025-10-22T09:22:00,TRUE_POSITIVE,False,,ANALYST_RAO,False,False,True,CLOSED,DEMO/SYNTHETIC - NOT REAL GOVERNMENT DATA
CSE-HEALTH-03,ALT-HEALTH-2025-01727,2025-Q4,2025-11-05T09:41:00,MEDIUM,RANSOMWARE,SIEM-SENSOR-HEALTH,AST-HEALTH-030,2025-11-05T10:01:00,2025-11-05T10:33:00,2025-11-05T13:33:00,TRUE_POSITIVE,False,,ANALYST_VERMA,True,True,True,CLOSED,DEMO/SYNTHETIC - NOT REAL GOVERNMENT DATA
CSE-HEALTH-03,ALT-HEALTH-2025-01728,2025-Q4,2025-12-03T22:41:00,MEDIUM,UNAUTHORIZED_ACCESS,SIEM-SENSOR-HEALTH,AST-HEALTH-038,2025-12-03T22:57:00,2025-12-03T23:11:00,2025-12-04T02:11:00,TRUE_POSITIVE,False,,ANALYST_SINGH,False,False,True,CLOSED,DEMO/SYNTHETIC - NOT REAL GOVERNMENT DATA
CSE-HEALTH-03,ALT-HEALTH-2025-01729,2025-Q4,2025-12-01T04:50:00,LOW,SCADA_COMMAND_ANOMALY,SIEM-SENSOR-HEALTH,AST-HEALTH-028,2025-12-01T04:55:00,2025-12-01T05:23:00,2025-12-01T06:23:00,TRUE_POSITIVE,False,,ANALYST_RAO,False,False,True,CLOSED,DEMO/SYNTHETIC - NOT REAL GOVERNMENT DATA
CSE-HEALTH-03,ALT-HEALTH-2025-01730,2025-Q4,2025-10-03T01:38:00,MEDIUM,SCADA_COMMAND_ANOMALY,SIEM-SENSOR-HEALTH,AST-HEALTH-038,2025-10-03T01:45:00,2025-10-03T02:14:00,2025-10-03T07:14:00,TRUE_POSITIVE,True,2025-10-03T02:34:00,ANALYST_RAO,True,True,True,CLOSED,DEMO/SYNTHETIC - NOT REAL GOVERNMENT DATA
CSE-HEALTH-03,ALT-HEALTH-2025-01731,2025-Q4,2025-10-17T03:08:00,MEDIUM,DDOS_ATTACK,SIEM-SENSOR-HEALTH,AST-HEALTH-046,2025-10-17T03:21:00,2025-10-17T04:01:00,2025-10-17T09:01:00,TRUE_POSITIVE,False,,ANALYST_PATEL,False,False,True,CLOSED,DEMO/SYNTHETIC - NOT REAL GOVERNMENT DATA
CSE-HEALTH-03,ALT-HEALTH-2025-01732,2025-Q4,2025-10-24T09:33:00,MEDIUM,UNAUTHORIZED_ACCESS,SIEM-SENSOR-HEALTH,AST-HEALTH-044,2025-10-24T09:50:00,2025-10-24T10:18:00,2025-10-24T15:18:00,TRUE_POSITIVE,False,,ANALYST_RAO,True,False,True,CLOSED,DEMO/SYNTHETIC - NOT REAL GOVERNMENT DATA
CSE-HEALTH-03,ALT-HEALTH-2025-01733,2025-Q4,2025-11-03T07:16:00,MEDIUM,PRIVILEGE_ESCALATION,SIEM-SENSOR-HEALTH,AST-HEALTH-049,2025-11-03T07:21:00,2025-11-03T07:51:00,2025-11-03T09:51:00,TRUE_POSITIVE,False,,ANALYST_RAO,True,True,True,CLOSED,DEMO/SYNTHETIC - NOT REAL GOVERNMENT DATA
CSE-HEALTH-03,ALT-HEALTH-2025-01734,2025-Q4,2025-10-08T22:55:00,MEDIUM,UNAUTHORIZED_ACCESS,SIEM-SENSOR-HEALTH,AST-HEALTH-003,2025-10-08T23:03:00,2025-10-08T23:15:00,2025-10-09T01:15:00,TRUE_POSITIVE,False,,ANALYST_SINGH,False,True,True,CLOSED,DEMO/SYNTHETIC - NOT REAL GOVERNMENT DATA
CSE-HEALTH-03,ALT-HEALTH-2025-01735,2025-Q4,2025-11-27T17:47:00,MEDIUM,DATA_EXFILTRATION,SIEM-SENSOR-HEALTH,AST-HEALTH-042,2025-11-27T17:49:00,2025-11-27T18:22:00,2025-11-27T22:22:00,TRUE_POSITIVE,False,,ANALYST_PATEL,False,False,True,CLOSED,DEMO/SYNTHETIC - NOT REAL GOVERNMENT DATA
CSE-HEALTH-03,ALT-HEALTH-2025-01736,2025-Q4,2025-10-21T02:40:00,HIGH,BRUTE_FORCE,SIEM-SENSOR-HEALTH,AST-HEALTH-024,2025-10-21T02:51:00,2025-10-21T03:21:00,2025-10-21T05:21:00,TRUE_POSITIVE,True,2025-10-21T03:41:00,ANALYST_SINGH,False,True,True,CLOSED,DEMO/SYNTHETIC - NOT REAL GOVERNMENT DATA
CSE-HEALTH-03,ALT-HEALTH-2025-01737,2025-Q4,2025-11-02T08:49:00,MEDIUM,SCADA_COMMAND_ANOMALY,SIEM-SENSOR-HEALTH,AST-HEALTH-065,2025-11-02T08:57:00,2025-11-02T09:31:00,2025-11-02T13:31:00,TRUE_POSITIVE,False,,ANALYST_PATEL,True,True,True,CLOSED,DEMO/SYNTHETIC - NOT REAL GOVERNMENT DATA
CSE-HEALTH-03,ALT-HEALTH-2025-01738,2025-Q4,2025-10-04T14:01:00,MEDIUM,UNAUTHORIZED_ACCESS,SIEM-SENSOR-HEALTH,AST-HEALTH-052,2025-10-04T14:15:00,2025-10-04T14:46:00,2025-10-04T16:46:00,TRUE_POSITIVE,True,2025-10-04T15:06:00,ANALYST_VERMA,True,False,True,CLOSED,DEMO/SYNTHETIC - NOT REAL GOVERNMENT DATA
CSE-HEALTH-03,ALT-HEALTH-2025-01739,2025-Q4,2025-10-26T04:27:00,HIGH,MALWARE,SIEM-SENSOR-HEALTH,AST-HEALTH-001,2025-10-26T04:45:00,2025-10-26T04:56:00,2025-10-26T07:56:00,TRUE_POSITIVE,False,,ANALYST_SINGH,False,False,True,CLOSED,DEMO/SYNTHETIC - NOT REAL GOVERNMENT DATA
CSE-HEALTH-03,ALT-HEALTH-2025-01740,2025-Q4,2025-10-06T15:32:00,MEDIUM,RANSOMWARE,SIEM-SENSOR-HEALTH,AST-HEALTH-057,2025-10-06T15:50:00,2025-10-06T16:15:00,2025-10-06T20:15:00,TRUE_POSITIVE,False,,ANALYST_PATEL,True,False,True,CLOSED,DEMO/SYNTHETIC - NOT REAL GOVERNMENT DATA
CSE-HEALTH-03,ALT-HEALTH-2025-01741,2025-Q4,2025-12-15T19:27:00,LOW,RANSOMWARE,SIEM-SENSOR-HEALTH,AST-HEALTH-050,2025-12-15T19:32:00,2025-12-15T20:07:00,2025-12-16T01:07:00,TRUE_POSITIVE,False,,ANALYST_PATEL,True,True,True,CLOSED,DEMO/SYNTHETIC - NOT REAL GOVERNMENT DATA
CSE-HEALTH-03,ALT-HEALTH-2025-01742,2025-Q4,2025-12-15T17:43:00,HIGH,SCADA_COMMAND_ANOMALY,SIEM-SENSOR-HEALTH,AST-HEALTH-047,2025-12-15T18:03:00,2025-12-15T18:17:00,2025-12-15T23:17:00,TRUE_POSITIVE,True,2025-12-15T18:37:00,ANALYST_SINGH,False,False,True,CLOSED,DEMO/SYNTHETIC - NOT REAL GOVERNMENT DATA
CSE-HEALTH-03,ALT-HEALTH-2025-01743,2025-Q4,2025-10-03T03:26:00,LOW,PRIVILEGE_ESCALATION,SIEM-SENSOR-HEALTH,AST-HEALTH-014,2025-10-03T03:46:00,2025-10-03T04:06:00,2025-10-03T06:06:00,TRUE_POSITIVE,False,,ANALYST_RAO,True,False,True,CLOSED,DEMO/SYNTHETIC - NOT REAL GOVERNMENT DATA
CSE-HEALTH-03,ALT-HEALTH-2025-01744,2025-Q4,2025-12-03T03:23:00,MEDIUM,RANSOMWARE,SIEM-SENSOR-HEALTH,AST-HEALTH-025,2025-12-03T03:27:00,2025-12-03T03:57:00,2025-12-03T07:57:00,TRUE_POSITIVE,False,,ANALYST_VERMA,False,True,True,CLOSED,DEMO/SYNTHETIC - NOT REAL GOVERNMENT DATA
CSE-HEALTH-03,ALT-HEALTH-2025-01745,2025-Q4,2025-11-08T15:21:00,LOW,BRUTE_FORCE,SIEM-SENSOR-HEALTH,AST-HEALTH-055,2025-11-08T15:37:00,2025-11-08T15:59:00,2025-11-08T18:59:00,TRUE_POSITIVE,False,,ANALYST_SHARMA,True,False,True,CLOSED,DEMO/SYNTHETIC - NOT REAL GOVERNMENT DATA
CSE-HEALTH-03,ALT-HEALTH-2025-01746,2025-Q4,2025-10-06T05:31:00,MEDIUM,DATA_EXFILTRATION,SIEM-SENSOR-HEALTH,AST-HEALTH-046,2025-10-06T05:47:00,2025-10-06T05:58:00,2025-10-06T06:58:00,TRUE_POSITIVE,False,,ANALYST_PATEL,False,False,True,CLOSED,DEMO/SYNTHETIC - NOT REAL GOVERNMENT DATA
CSE-HEALTH-03,ALT-HEALTH-2025-01747,2025-Q4,2025-10-07T20:50:00,MEDIUM,BRUTE_FORCE,SIEM-SENSOR-HEALTH,AST-HEALTH-001,2025-10-07T20:58:00,2025-10-07T21:36:00,2025-10-08T01:36:00,TRUE_POSITIVE,False,,ANALYST_RAO,False,False,True,CLOSED,DEMO/SYNTHETIC - NOT REAL GOVERNMENT DATA
CSE-HEALTH-03,ALT-HEALTH-2025-01748,2025-Q4,2025-12-16T06:10:00,MEDIUM,POLICY_VIOLATION,SIEM-SENSOR-HEALTH,AST-HEALTH-022,2025-12-16T06:21:00,2025-12-16T06:52:00,2025-12-16T10:52:00,TRUE_POSITIVE,False,,ANALYST_SINGH,True,False,True,CLOSED,DEMO/SYNTHETIC - NOT REAL GOVERNMENT DATA
CSE-HEALTH-03,ALT-HEALTH-2025-01749,2025-Q4,2025-11-30T10:12:00,CRITICAL,PRIVILEGE_ESCALATION,SIEM-SENSOR-HEALTH,AST-HEALTH-021,2025-11-30T10:20:00,2025-11-30T10:47:00,2025-11-30T14:47:00,TRUE_POSITIVE,True,2025-11-30T11:07:00,ANALYST_RAO,False,True,True,CLOSED,DEMO/SYNTHETIC - NOT REAL GOVERNMENT DATA
CSE-HEALTH-03,ALT-HEALTH-2025-01750,2025-Q4,2025-11-27T19:12:00,MEDIUM,DATA_EXFILTRATION,SIEM-SENSOR-HEALTH,AST-HEALTH-039,2025-11-27T19:22:00,2025-11-27T19:57:00,2025-11-27T20:57:00,TRUE_POSITIVE,False,,ANALYST_RAO,True,False,True,CLOSED,DEMO/SYNTHETIC - NOT REAL GOVERNMENT DATA
CSE-HEALTH-03,ALT-HEALTH-2025-01751,2025-Q4,2025-12-13T20:24:00,HIGH,DATA_EXFILTRATION,SIEM-SENSOR-HEALTH,AST-HEALTH-026,2025-12-13T20:34:00,2025-12-13T20:44:00,2025-12-14T01:44:00,TRUE_POSITIVE,False,,ANALYST_PATEL,False,True,True,CLOSED,DEMO/SYNTHETIC - NOT REAL GOVERNMENT DATA
CSE-HEALTH-03,ALT-HEALTH-2025-01752,2025-Q4,2025-12-03T14:42:00,CRITICAL,PRIVILEGE_ESCALATION,SIEM-SENSOR-HEALTH,AST-HEALTH-058,2025-12-03T14:57:00,2025-12-03T15:23:00,2025-12-03T18:23:00,TRUE_POSITIVE,True,2025-12-03T15:43:00,ANALYST_VERMA,True,True,True,CLOSED,DEMO/SYNTHETIC - NOT REAL GOVERNMENT DATA
CSE-HEALTH-03,ALT-HEALTH-2025-01753,2025-Q4,2025-10-15T17:09:00,HIGH,BRUTE_FORCE,SIEM-SENSOR-HEALTH,AST-HEALTH-004,2025-10-15T17:13:00,2025-10-15T17:43:00,2025-10-15T22:43:00,TRUE_POSITIVE,False,,ANALYST_VERMA,True,True,True,CLOSED,DEMO/SYNTHETIC - NOT REAL GOVERNMENT DATA
CSE-HEALTH-03,ALT-HEALTH-2025-01754,2025-Q4,2025-11-15T18:06:00,HIGH,PRIVILEGE_ESCALATION,SIEM-SENSOR-HEALTH,AST-HEALTH-054,2025-11-15T18:10:00,2025-11-15T18:39:00,2025-11-15T22:39:00,TRUE_POSITIVE,False,,ANALYST_SINGH,False,False,True,CLOSED,DEMO/SYNTHETIC - NOT REAL GOVERNMENT DATA
CSE-HEALTH-03,ALT-HEALTH-2025-01755,2025-Q4,2025-10-02T02:46:00,HIGH,DATA_EXFILTRATION,SIEM-SENSOR-HEALTH,AST-HEALTH-031,2025-10-02T02:48:00,2025-10-02T03:22:00,2025-10-02T04:22:00,TRUE_POSITIVE,True,2025-10-02T03:42:00,ANALYST_RAO,True,False,True,CLOSED,DEMO/SYNTHETIC - NOT REAL GOVERNMENT DATA
CSE-HEALTH-03,ALT-HEALTH-2025-01756,2025-Q4,2025-11-13T14:24:00,MEDIUM,POLICY_VIOLATION,SIEM-SENSOR-HEALTH,AST-HEALTH-048,2025-11-13T14:38:00,2025-11-13T14:59:00,2025-11-13T18:59:00,TRUE_POSITIVE,False,,ANALYST_SINGH,False,False,True,CLOSED,DEMO/SYNTHETIC - NOT REAL GOVERNMENT DATA
CSE-HEALTH-03,ALT-HEALTH-2025-01757,2025-Q4,2025-11-08T02:48:00,CRITICAL,UNAUTHORIZED_ACCESS,SIEM-SENSOR-HEALTH,AST-HEALTH-056,2025-11-08T03:00:00,2025-11-08T03:29:00,2025-11-08T04:29:00,TRUE_POSITIVE,False,,ANALYST_PATEL,False,True,True,CLOSED,DEMO/SYNTHETIC - NOT REAL GOVERNMENT DATA
CSE-HEALTH-03,ALT-HEALTH-2025-01758,2025-Q4,2025-11-01T01:39:00,MEDIUM,DDOS_ATTACK,SIEM-SENSOR-HEALTH,AST-HEALTH-024,2025-11-01T01:50:00,2025-11-01T02:22:00,2025-11-01T06:22:00,TRUE_POSITIVE,False,,ANALYST_SHARMA,False,False,True,CLOSED,DEMO/SYNTHETIC - NOT REAL GOVERNMENT DATA
CSE-HEALTH-03,ALT-HEALTH-2025-01759,2025-Q4,2025-11-12T07:54:00,LOW,POLICY_VIOLATION,SIEM-SENSOR-HEALTH,AST-HEALTH-029,2025-11-12T08:06:00,2025-11-12T08:22:00,2025-11-12T11:22:00,TRUE_POSITIVE,True,2025-11-12T08:42:00,ANALYST_SHARMA,True,False,True,CLOSED,DEMO/SYNTHETIC - NOT REAL GOVERNMENT DATA
CSE-HEALTH-03,ALT-HEALTH-2025-01760,2025-Q4,2025-10-09T20:57:00,LOW,MALWARE,SIEM-SENSOR-HEALTH,AST-HEALTH-026,2025-10-09T21:17:00,2025-10-09T21:52:00,2025-10-10T01:52:00,TRUE_POSITIVE,True,2025-10-09T22:12:00,ANALYST_SHARMA,False,True,True,CLOSED,DEMO/SYNTHETIC - NOT REAL GOVERNMENT DATA
CSE-HEALTH-03,ALT-HEALTH-2025-01761,2025-Q4,2025-10-07T13:25:00,HIGH,UNAUTHORIZED_ACCESS,SIEM-SENSOR-HEALTH,AST-HEALTH-029,2025-10-07T13:41:00,2025-10-07T13:52:00,2025-10-07T16:52:00,TRUE_POSITIVE,False,,ANALYST_SINGH,True,True,True,CLOSED,DEMO/SYNTHETIC - NOT REAL GOVERNMENT DATA
CSE-HEALTH-03,ALT-HEALTH-2025-01762,2025-Q4,2025-12-13T20:54:00,MEDIUM,POLICY_VIOLATION,SIEM-SENSOR-HEALTH,AST-HEALTH-056,2025-12-13T20:59:00,2025-12-13T21:28:00,2025-12-14T02:28:00,TRUE_POSITIVE,False,,ANALYST_VERMA,True,True,True,CLOSED,DEMO/SYNTHETIC - NOT REAL GOVERNMENT DATA
CSE-HEALTH-03,ALT-HEALTH-2025-01763,2025-Q4,2025-11-19T21:03:00,MEDIUM,DATA_EXFILTRATION,SIEM-SENSOR-HEALTH,AST-HEALTH-054,2025-11-19T21:09:00,2025-11-19T21:23:00,2025-11-20T02:23:00,TRUE_POSITIVE,False,,ANALYST_SHARMA,True,True,True,CLOSED,DEMO/SYNTHETIC - NOT REAL GOVERNMENT DATA
CSE-HEALTH-03,ALT-HEALTH-2025-01764,2025-Q4,2025-12-02T17:33:00,HIGH,POLICY_VIOLATION,SIEM-SENSOR-HEALTH,AST-HEALTH-058,2025-12-02T17:52:00,2025-12-02T18:18:00,2025-12-02T23:18:00,TRUE_POSITIVE,True,2025-12-02T18:38:00,ANALYST_PATEL,False,True,True,CLOSED,DEMO/SYNTHETIC - NOT REAL GOVERNMENT DATA
CSE-HEALTH-03,ALT-HEALTH-2025-01765,2025-Q4,2025-12-19T12:33:00,MEDIUM,SCADA_COMMAND_ANOMALY,SIEM-SENSOR-HEALTH,AST-HEALTH-056,2025-12-19T12:49:00,2025-12-19T13:07:00,2025-12-19T18:07:00,TRUE_POSITIVE,True,2025-12-19T13:27:00,ANALYST_VERMA,False,True,True,CLOSED,DEMO/SYNTHETIC - NOT REAL GOVERNMENT DATA
CSE-HEALTH-03,ALT-HEALTH-2025-01766,2025-Q4,2025-10-05T18:45:00,MEDIUM,PRIVILEGE_ESCALATION,SIEM-SENSOR-HEALTH,AST-HEALTH-033,2025-10-05T18:57:00,2025-10-05T19:25:00,2025-10-05T22:25:00,TRUE_POSITIVE,True,2025-10-05T19:45:00,ANALYST_SINGH,False,True,True,CLOSED,DEMO/SYNTHETIC - NOT REAL GOVERNMENT DATA
CSE-HEALTH-03,ALT-HEALTH-2025-01767,2025-Q4,2025-10-28T12:28:00,LOW,BRUTE_FORCE,SIEM-SENSOR-HEALTH,AST-HEALTH-009,2025-10-28T12:42:00,2025-10-28T13:06:00,2025-10-28T18:06:00,TRUE_POSITIVE,False,,ANALYST_RAO,True,False,True,CLOSED,DEMO/SYNTHETIC - NOT REAL GOVERNMENT DATA
CSE-HEALTH-03,ALT-HEALTH-2025-01768,2025-Q4,2025-10-24T09:48:00,LOW,DATA_EXFILTRATION,SIEM-SENSOR-HEALTH,AST-HEALTH-016,2025-10-24T10:04:00,2025-10-24T10:16:00,2025-10-24T14:16:00,TRUE_POSITIVE,False,,ANALYST_VERMA,True,True,True,CLOSED,DEMO/SYNTHETIC - NOT REAL GOVERNMENT DATA
CSE-HEALTH-03,ALT-HEALTH-2025-01769,2025-Q4,2025-10-28T21:06:00,MEDIUM,DDOS_ATTACK,SIEM-SENSOR-HEALTH,AST-HEALTH-031,2025-10-28T21:25:00,2025-10-28T21:37:00,2025-10-28T23:37:00,TRUE_POSITIVE,True,2025-10-28T21:57:00,ANALYST_SINGH,False,False,True,CLOSED,DEMO/SYNTHETIC - NOT REAL GOVERNMENT DATA
CSE-HEALTH-03,ALT-HEALTH-2025-01770,2025-Q4,2025-12-05T23:04:00,MEDIUM,DDOS_ATTACK,SIEM-SENSOR-HEALTH,AST-HEALTH-003,2025-12-05T23:14:00,2025-12-05T23:52:00,2025-12-06T03:52:00,TRUE_POSITIVE,False,,ANALYST_SHARMA,True,False,True,CLOSED,DEMO/SYNTHETIC - NOT REAL GOVERNMENT DATA
CSE-HEALTH-03,ALT-HEALTH-2025-01771,2025-Q4,2025-11-03T01:49:00,HIGH,SCADA_COMMAND_ANOMALY,SIEM-SENSOR-HEALTH,AST-HEALTH-009,2025-11-03T01:54:00,2025-11-03T02:23:00,2025-11-03T04:23:00,TRUE_POSITIVE,False,,ANALYST_RAO,False,True,True,CLOSED,DEMO/SYNTHETIC - NOT REAL GOVERNMENT DATA
CSE-HEALTH-03,ALT-HEALTH-2025-01772,2025-Q4,2025-12-12T02:55:00,MEDIUM,BRUTE_FORCE,SIEM-SENSOR-HEALTH,AST-HEALTH-021,2025-12-12T03:14:00,2025-12-12T03:43:00,2025-12-12T04:43:00,TRUE_POSITIVE,True,2025-12-12T04:03:00,ANALYST_SINGH,True,False,True,CLOSED,DEMO/SYNTHETIC - NOT REAL GOVERNMENT DATA
CSE-HEALTH-03,ALT-HEALTH-2025-01773,2025-Q4,2025-10-07T20:27:00,LOW,SCADA_COMMAND_ANOMALY,SIEM-SENSOR-HEALTH,AST-HEALTH-010,2025-10-07T20:38:00,2025-10-07T21:15:00,2025-10-07T22:15:00,TRUE_POSITIVE,False,,ANALYST_RAO,False,False,True,CLOSED,DEMO/SYNTHETIC - NOT REAL GOVERNMENT DATA
CSE-HEALTH-03,ALT-HEALTH-2025-01774,2025-Q4,2025-10-14T15:48:00,MEDIUM,MALWARE,SIEM-SENSOR-HEALTH,AST-HEALTH-036,2025-10-14T15:50:00,2025-10-14T16:13:00,2025-10-14T20:13:00,TRUE_POSITIVE,True,2025-10-14T16:33:00,ANALYST_VERMA,False,True,True,CLOSED,DEMO/SYNTHETIC - NOT REAL GOVERNMENT DATA
CSE-HEALTH-03,ALT-HEALTH-2025-01775,2025-Q4,2025-11-14T17:09:00,HIGH,UNAUTHORIZED_ACCESS,SIEM-SENSOR-HEALTH,AST-HEALTH-033,2025-11-14T17:26:00,2025-11-14T17:51:00,2025-11-14T22:51:00,TRUE_POSITIVE,False,,ANALYST_PATEL,True,True,True,CLOSED,DEMO/SYNTHETIC - NOT REAL GOVERNMENT DATA
CSE-HEALTH-03,ALT-HEALTH-2025-01776,2025-Q4,2025-11-06T00:02:00,HIGH,RANSOMWARE,SIEM-SENSOR-HEALTH,AST-HEALTH-011,2025-11-06T00:06:00,2025-11-06T00:39:00,2025-11-06T05:39:00,TRUE_POSITIVE,False,,ANALYST_RAO,True,True,True,CLOSED,DEMO/SYNTHETIC - NOT REAL GOVERNMENT DATA
CSE-HEALTH-03,ALT-HEALTH-2025-01777,2025-Q4,2025-12-11T19:27:00,HIGH,MALWARE,SIEM-SENSOR-HEALTH,AST-HEALTH-040,2025-12-11T19:38:00,2025-12-11T20:08:00,2025-12-12T00:08:00,TRUE_POSITIVE,False,,ANALYST_PATEL,False,True,True,CLOSED,DEMO/SYNTHETIC - NOT REAL GOVERNMENT DATA
CSE-HEALTH-03,ALT-HEALTH-2025-01778,2025-Q4,2025-11-04T18:53:00,HIGH,SCADA_COMMAND_ANOMALY,SIEM-SENSOR-HEALTH,AST-HEALTH-028,2025-11-04T19:06:00,2025-11-04T19:18:00,2025-11-05T00:18:00,TRUE_POSITIVE,False,,ANALYST_VERMA,True,True,True,CLOSED,DEMO/SYNTHETIC - NOT REAL GOVERNMENT DATA
CSE-HEALTH-03,ALT-HEALTH-2025-01779,2025-Q4,2025-11-21T07:13:00,HIGH,MALWARE,SIEM-SENSOR-HEALTH,AST-HEALTH-019,2025-11-21T07:30:00,2025-11-21T08:02:00,2025-11-21T12:02:00,TRUE_POSITIVE,True,2025-11-21T08:22:00,ANALYST_SINGH,True,True,True,CLOSED,DEMO/SYNTHETIC - NOT REAL GOVERNMENT DATA
CSE-HEALTH-03,ALT-HEALTH-2025-01780,2025-Q4,2025-10-22T13:32:00,HIGH,PRIVILEGE_ESCALATION,SIEM-SENSOR-HEALTH,AST-HEALTH-048,2025-10-22T13:40:00,2025-10-22T14:12:00,2025-10-22T17:12:00,TRUE_POSITIVE,False,,ANALYST_RAO,False,True,True,CLOSED,DEMO/SYNTHETIC - NOT REAL GOVERNMENT DATA
CSE-HEALTH-03,ALT-HEALTH-2025-01781,2025-Q4,2025-12-06T20:00:00,HIGH,PRIVILEGE_ESCALATION,SIEM-SENSOR-HEALTH,AST-HEALTH-044,2025-12-06T20:14:00,2025-12-06T20:43:00,2025-12-06T23:43:00,TRUE_POSITIVE,False,,ANALYST_SINGH,False,True,True,CLOSED,DEMO/SYNTHETIC - NOT REAL GOVERNMENT DATA
CSE-HEALTH-03,ALT-HEALTH-2025-01782,2025-Q4,2025-10-14T06:39:00,MEDIUM,PRIVILEGE_ESCALATION,SIEM-SENSOR-HEALTH,AST-HEALTH-048,2025-10-14T06:46:00,2025-10-14T07:24:00,2025-10-14T09:24:00,TRUE_POSITIVE,False,,ANALYST_VERMA,True,False,True,CLOSED,DEMO/SYNTHETIC - NOT REAL GOVERNMENT DATA
CSE-HEALTH-03,ALT-HEALTH-2025-01783,2025-Q4,2025-11-01T03:29:00,HIGH,MALWARE,SIEM-SENSOR-HEALTH,AST-HEALTH-041,2025-11-01T03:38:00,2025-11-01T03:52:00,2025-11-01T06:52:00,TRUE_POSITIVE,False,,ANALYST_VERMA,False,True,True,CLOSED,DEMO/SYNTHETIC - NOT REAL GOVERNMENT DATA
CSE-HEALTH-03,ALT-HEALTH-2025-01784,2025-Q4,2025-10-27T18:22:00,MEDIUM,POLICY_VIOLATION,SIEM-SENSOR-HEALTH,AST-HEALTH-056,2025-10-27T18:37:00,2025-10-27T18:52:00,2025-10-27T23:52:00,TRUE_POSITIVE,True,2025-10-27T19:12:00,ANALYST_RAO,True,True,True,CLOSED,DEMO/SYNTHETIC - NOT REAL GOVERNMENT DATA
CSE-HEALTH-03,ALT-HEALTH-2025-01785,2025-Q4,2025-11-23T22:16:00,LOW,PRIVILEGE_ESCALATION,SIEM-SENSOR-HEALTH,AST-HEALTH-042,2025-11-23T22:19:00,2025-11-23T22:57:00,2025-11-24T01:57:00,TRUE_POSITIVE,False,,ANALYST_PATEL,True,False,True,CLOSED,DEMO/SYNTHETIC - NOT REAL GOVERNMENT DATA
CSE-HEALTH-03,ALT-HEALTH-2025-01786,2025-Q4,2025-12-09T05:33:00,MEDIUM,PRIVILEGE_ESCALATION,SIEM-SENSOR-HEALTH,AST-HEALTH-045,2025-12-09T05:49:00,2025-12-09T06:22:00,2025-12-09T08:22:00,TRUE_POSITIVE,False,,ANALYST_PATEL,False,False,True,CLOSED,DEMO/SYNTHETIC - NOT REAL GOVERNMENT DATA
CSE-HEALTH-03,ALT-HEALTH-2025-01787,2025-Q4,2025-11-24T05:40:00,MEDIUM,SCADA_COMMAND_ANOMALY,SIEM-SENSOR-HEALTH,AST-HEALTH-060,2025-11-24T05:54:00,2025-11-24T06:04:00,2025-11-24T11:04:00,TRUE_POSITIVE,True,2025-11-24T06:24:00,ANALYST_VERMA,True,True,True,CLOSED,DEMO/SYNTHETIC - NOT REAL GOVERNMENT DATA
CSE-HEALTH-03,ALT-HEALTH-2025-01788,2025-Q4,2025-11-23T04:48:00,HIGH,BRUTE_FORCE,SIEM-SENSOR-HEALTH,AST-HEALTH-053,2025-11-23T05:01:00,2025-11-23T05:38:00,2025-11-23T06:38:00,TRUE_POSITIVE,True,2025-11-23T05:58:00,ANALYST_SINGH,True,False,True,CLOSED,DEMO/SYNTHETIC - NOT REAL GOVERNMENT DATA
CSE-HEALTH-03,ALT-HEALTH-2025-01789,2025-Q4,2025-11-27T23:01:00,LOW,RANSOMWARE,SIEM-SENSOR-HEALTH,AST-HEALTH-039,2025-11-27T23:12:00,2025-11-27T23:51:00,2025-11-28T03:51:00,TRUE_POSITIVE,False,,ANALYST_SHARMA,True,True,True,CLOSED,DEMO/SYNTHETIC - NOT REAL GOVERNMENT DATA
CSE-HEALTH-03,ALT-HEALTH-2025-01790,2025-Q4,2025-12-05T22:43:00,MEDIUM,POLICY_VIOLATION,SIEM-SENSOR-HEALTH,AST-HEALTH-012,2025-12-05T22:59:00,2025-12-05T23:27:00,2025-12-06T04:27:00,TRUE_POSITIVE,False,,ANALYST_VERMA,True,True,True,CLOSED,DEMO/SYNTHETIC - NOT REAL GOVERNMENT DATA
CSE-HEALTH-03,ALT-HEALTH-2025-01791,2025-Q4,2025-11-12T07:32:00,HIGH,SCADA_COMMAND_ANOMALY,SIEM-SENSOR-HEALTH,AST-HEALTH-010,2025-11-12T07:38:00,2025-11-12T08:08:00,2025-11-12T10:08:00,TRUE_POSITIVE,False,,ANALYST_VERMA,False,True,True,CLOSED,DEMO/SYNTHETIC - NOT REAL GOVERNMENT DATA
CSE-HEALTH-03,ALT-HEALTH-2025-01792,2025-Q4,2025-11-12T14:44:00,MEDIUM,RANSOMWARE,SIEM-SENSOR-HEALTH,AST-HEALTH-063,2025-11-12T14:54:00,2025-11-12T15:29:00,2025-11-12T18:29:00,TRUE_POSITIVE,False,,ANALYST_SINGH,True,True,True,CLOSED,DEMO/SYNTHETIC - NOT REAL GOVERNMENT DATA
CSE-HEALTH-03,ALT-HEALTH-2025-01793,2025-Q4,2025-10-22T04:00:00,MEDIUM,RANSOMWARE,SIEM-SENSOR-HEALTH,AST-HEALTH-036,2025-10-22T04:10:00,2025-10-22T04:41:00,2025-10-22T07:41:00,TRUE_POSITIVE,False,,ANALYST_SINGH,True,False,True,CLOSED,DEMO/SYNTHETIC - NOT REAL GOVERNMENT DATA
CSE-HEALTH-03,ALT-HEALTH-2025-01794,2025-Q4,2025-10-16T06:33:00,CRITICAL,BRUTE_FORCE,SIEM-SENSOR-HEALTH,AST-HEALTH-049,2025-10-16T06:48:00,2025-10-16T07:16:00,2025-10-16T12:16:00,TRUE_POSITIVE,False,,ANALYST_SHARMA,True,False,True,CLOSED,DEMO/SYNTHETIC - NOT REAL GOVERNMENT DATA
CSE-HEALTH-03,ALT-HEALTH-2025-01795,2025-Q4,2025-11-13T02:02:00,LOW,SCADA_COMMAND_ANOMALY,SIEM-SENSOR-HEALTH,AST-HEALTH-026,2025-11-13T02:08:00,2025-11-13T02:37:00,2025-11-13T04:37:00,TRUE_POSITIVE,True,2025-11-13T02:57:00,ANALYST_PATEL,True,False,True,CLOSED,DEMO/SYNTHETIC - NOT REAL GOVERNMENT DATA
CSE-HEALTH-03,ALT-HEALTH-2025-01796,2025-Q4,2025-11-18T00:19:00,MEDIUM,POLICY_VIOLATION,SIEM-SENSOR-HEALTH,AST-HEALTH-065,2025-11-18T00:36:00,2025-11-18T01:11:00,2025-11-18T02:11:00,TRUE_POSITIVE,False,,ANALYST_RAO,True,False,True,CLOSED,DEMO/SYNTHETIC - NOT REAL GOVERNMENT DATA
CSE-HEALTH-03,ALT-HEALTH-2025-01797,2025-Q4,2025-11-16T12:38:00,HIGH,DDOS_ATTACK,SIEM-SENSOR-HEALTH,AST-HEALTH-023,2025-11-16T12:41:00,2025-11-16T13:12:00,2025-11-16T18:12:00,TRUE_POSITIVE,False,,ANALYST_RAO,True,True,True,CLOSED,DEMO/SYNTHETIC - NOT REAL GOVERNMENT DATA
CSE-HEALTH-03,ALT-HEALTH-2025-01798,2025-Q4,2025-11-10T05:35:00,MEDIUM,UNAUTHORIZED_ACCESS,SIEM-SENSOR-HEALTH,AST-HEALTH-050,2025-11-10T05:53:00,2025-11-10T06:05:00,2025-11-10T07:05:00,TRUE_POSITIVE,False,,ANALYST_SHARMA,True,True,True,CLOSED,DEMO/SYNTHETIC - NOT REAL GOVERNMENT DATA
CSE-HEALTH-03,ALT-HEALTH-2025-01799,2025-Q4,2025-10-23T06:45:00,MEDIUM,RANSOMWARE,SIEM-SENSOR-HEALTH,AST-HEALTH-053,2025-10-23T06:47:00,2025-10-23T07:13:00,2025-10-23T10:13:00,TRUE_POSITIVE,False,,ANALYST_PATEL,False,True,True,CLOSED,DEMO/SYNTHETIC - NOT REAL GOVERNMENT DATA
CSE-HEALTH-03,ALT-HEALTH-2025-01800,2025-Q4,2025-11-04T06:51:00,LOW,MALWARE,SIEM-SENSOR-HEALTH,AST-HEALTH-015,2025-11-04T06:58:00,2025-11-04T07:21:00,2025-11-04T11:21:00,TRUE_POSITIVE,False,,ANALYST_VERMA,False,True,True,CLOSED,DEMO/SYNTHETIC - NOT REAL GOVERNMENT DATA
CSE-HEALTH-03,ALT-HEALTH-2025-01801,2025-Q4,2025-10-29T02:45:00,MEDIUM,SCADA_COMMAND_ANOMALY,SIEM-SENSOR-HEALTH,AST-HEALTH-008,2025-10-29T02:54:00,2025-10-29T03:20:00,2025-10-29T06:20:00,TRUE_POSITIVE,False,,ANALYST_RAO,True,False,True,CLOSED,DEMO/SYNTHETIC - NOT REAL GOVERNMENT DATA
CSE-HEALTH-03,ALT-HEALTH-2025-01802,2025-Q4,2025-12-02T10:49:00,MEDIUM,DATA_EXFILTRATION,SIEM-SENSOR-HEALTH,AST-HEALTH-023,2025-12-02T11:08:00,2025-12-02T11:21:00,2025-12-02T16:21:00,TRUE_POSITIVE,False,,ANALYST_SHARMA,True,False,True,CLOSED,DEMO/SYNTHETIC - NOT REAL GOVERNMENT DATA
CSE-HEALTH-03,ALT-HEALTH-2025-01803,2025-Q4,2025-11-30T08:29:00,HIGH,BRUTE_FORCE,SIEM-SENSOR-HEALTH,AST-HEALTH-030,2025-11-30T08:34:00,2025-11-30T08:49:00,2025-11-30T12:49:00,TRUE_POSITIVE,False,,ANALYST_SHARMA,False,True,True,CLOSED,DEMO/SYNTHETIC - NOT REAL GOVERNMENT DATA
CSE-HEALTH-03,ALT-HEALTH-2025-01804,2025-Q4,2025-10-01T06:03:00,HIGH,RANSOMWARE,SIEM-SENSOR-HEALTH,AST-HEALTH-014,2025-10-01T06:07:00,2025-10-01T06:32:00,2025-10-01T11:32:00,TRUE_POSITIVE,True,2025-10-01T06:52:00,ANALYST_VERMA,False,True,True,CLOSED,DEMO/SYNTHETIC - NOT REAL GOVERNMENT DATA
CSE-HEALTH-03,ALT-HEALTH-2025-01805,2025-Q4,2025-10-23T22:15:00,LOW,POLICY_VIOLATION,SIEM-SENSOR-HEALTH,AST-HEALTH-041,2025-10-23T22:34:00,2025-10-23T23:01:00,2025-10-24T00:01:00,TRUE_POSITIVE,False,,ANALYST_PATEL,True,False,True,CLOSED,DEMO/SYNTHETIC - NOT REAL GOVERNMENT DATA
CSE-HEALTH-03,ALT-HEALTH-2025-01806,2025-Q4,2025-11-23T06:01:00,LOW,BRUTE_FORCE,SIEM-SENSOR-HEALTH,AST-HEALTH-049,2025-11-23T06:07:00,2025-11-23T06:44:00,2025-11-23T10:44:00,TRUE_POSITIVE,True,2025-11-23T07:04:00,ANALYST_RAO,True,False,True,CLOSED,DEMO/SYNTHETIC - NOT REAL GOVERNMENT DATA
CSE-HEALTH-03,ALT-HEALTH-2025-01807,2025-Q4,2025-10-02T18:22:00,HIGH,UNAUTHORIZED_ACCESS,SIEM-SENSOR-HEALTH,AST-HEALTH-003,2025-10-02T18:38:00,2025-10-02T19:07:00,2025-10-02T21:07:00,TRUE_POSITIVE,False,,ANALYST_SHARMA,True,True,True,CLOSED,DEMO/SYNTHETIC - NOT REAL GOVERNMENT DATA
CSE-HEALTH-03,ALT-HEALTH-2025-01808,2025-Q4,2025-10-22T04:12:00,MEDIUM,UNAUTHORIZED_ACCESS,SIEM-SENSOR-HEALTH,AST-HEALTH-010,2025-10-22T04:28:00,2025-10-22T05:08:00,2025-10-22T06:08:00,TRUE_POSITIVE,True,2025-10-22T05:28:00,ANALYST_VERMA,False,False,True,CLOSED,DEMO/SYNTHETIC - NOT REAL GOVERNMENT DATA
CSE-HEALTH-03,ALT-HEALTH-2025-01809,2025-Q4,2025-10-12T19:19:00,CRITICAL,DATA_EXFILTRATION,SIEM-SENSOR-HEALTH,AST-HEALTH-050,2025-10-12T19:33:00,2025-10-12T19:45:00,2025-10-12T21:45:00,TRUE_POSITIVE,False,,ANALYST_PATEL,True,True,True,CLOSED,DEMO/SYNTHETIC - NOT REAL GOVERNMENT DATA
CSE-HEALTH-03,ALT-HEALTH-2025-01810,2025-Q4,2025-10-19T15:10:00,CRITICAL,DATA_EXFILTRATION,SIEM-SENSOR-HEALTH,AST-HEALTH-047,2025-10-19T15:30:00,2025-10-19T16:10:00,2025-10-19T21:10:00,TRUE_POSITIVE,True,2025-10-19T16:30:00,ANALYST_SHARMA,False,False,True,CLOSED,DEMO/SYNTHETIC - NOT REAL GOVERNMENT DATA
CSE-HEALTH-03,ALT-HEALTH-2025-01811,2025-Q4,2025-11-14T07:15:00,LOW,PRIVILEGE_ESCALATION,SIEM-SENSOR-HEALTH,AST-HEALTH-004,2025-11-14T07:29:00,2025-11-14T08:01:00,2025-11-14T10:01:00,TRUE_POSITIVE,False,,ANALYST_SHARMA,True,True,True,CLOSED,DEMO/SYNTHETIC - NOT REAL GOVERNMENT DATA
CSE-HEALTH-03,ALT-HEALTH-2025-01812,2025-Q4,2025-12-13T08:24:00,LOW,POLICY_VIOLATION,SIEM-SENSOR-HEALTH,AST-HEALTH-032,2025-12-13T08:37:00,2025-12-13T09:08:00,2025-12-13T10:08:00,TRUE_POSITIVE,False,,ANALYST_SHARMA,False,True,True,CLOSED,DEMO/SYNTHETIC - NOT REAL GOVERNMENT DATA
CSE-HEALTH-03,ALT-HEALTH-2025-01813,2025-Q4,2025-10-17T00:37:00,MEDIUM,RANSOMWARE,SIEM-SENSOR-HEALTH,AST-HEALTH-008,2025-10-17T00:43:00,2025-10-17T01:02:00,2025-10-17T02:02:00,TRUE_POSITIVE,False,,ANALYST_PATEL,True,False,True,CLOSED,DEMO/SYNTHETIC - NOT REAL GOVERNMENT DATA
CSE-HEALTH-03,ALT-HEALTH-2025-01814,2025-Q4,2025-12-20T21:26:00,MEDIUM,RANSOMWARE,SIEM-SENSOR-HEALTH,AST-HEALTH-031,2025-12-20T21:29:00,2025-12-20T21:46:00,2025-12-21T01:46:00,TRUE_POSITIVE,False,,ANALYST_PATEL,False,False,True,CLOSED,DEMO/SYNTHETIC - NOT REAL GOVERNMENT DATA
CSE-HEALTH-03,ALT-HEALTH-2025-01815,2025-Q4,2025-11-05T06:14:00,MEDIUM,PRIVILEGE_ESCALATION,SIEM-SENSOR-HEALTH,AST-HEALTH-065,2025-11-05T06:16:00,2025-11-05T06:26:00,2025-11-05T11:26:00,TRUE_POSITIVE,False,,ANALYST_SHARMA,True,False,True,CLOSED,DEMO/SYNTHETIC - NOT REAL GOVERNMENT DATA
CSE-HEALTH-03,ALT-HEALTH-2025-01816,2025-Q4,2025-10-06T02:45:00,HIGH,SCADA_COMMAND_ANOMALY,SIEM-SENSOR-HEALTH,AST-HEALTH-031,2025-10-06T02:55:00,2025-10-06T03:17:00,2025-10-06T06:17:00,TRUE_POSITIVE,True,2025-10-06T03:37:00,ANALYST_SHARMA,False,True,True,CLOSED,DEMO/SYNTHETIC - NOT REAL GOVERNMENT DATA
CSE-HEALTH-03,ALT-HEALTH-2025-01817,2025-Q4,2025-12-13T08:49:00,MEDIUM,PRIVILEGE_ESCALATION,SIEM-SENSOR-HEALTH,AST-HEALTH-047,2025-12-13T09:00:00,2025-12-13T09:22:00,2025-12-13T12:22:00,TRUE_POSITIVE,False,,ANALYST_PATEL,True,False,True,CLOSED,DEMO/SYNTHETIC - NOT REAL GOVERNMENT DATA
CSE-HEALTH-03,ALT-HEALTH-2025-01818,2025-Q4,2025-12-16T00:08:00,HIGH,UNAUTHORIZED_ACCESS,SIEM-SENSOR-HEALTH,AST-HEALTH-013,2025-12-16T00:21:00,2025-12-16T00:34:00,2025-12-16T05:34:00,TRUE_POSITIVE,False,,ANALYST_SINGH,False,True,True,CLOSED,DEMO/SYNTHETIC - NOT REAL GOVERNMENT DATA
CSE-HEALTH-03,ALT-HEALTH-2025-01819,2025-Q4,2025-10-03T19:07:00,LOW,PRIVILEGE_ESCALATION,SIEM-SENSOR-HEALTH,AST-HEALTH-005,2025-10-03T19:19:00,2025-10-03T19:32:00,2025-10-04T00:32:00,TRUE_POSITIVE,False,,ANALYST_SINGH,True,False,True,CLOSED,DEMO/SYNTHETIC - NOT REAL GOVERNMENT DATA
CSE-HEALTH-03,ALT-HEALTH-2025-01820,2025-Q4,2025-11-15T00:17:00,MEDIUM,DDOS_ATTACK,SIEM-SENSOR-HEALTH,AST-HEALTH-021,2025-11-15T00:35:00,2025-11-15T01:05:00,2025-11-15T04:05:00,TRUE_POSITIVE,False,,ANALYST_VERMA,False,False,True,CLOSED,DEMO/SYNTHETIC - NOT REAL GOVERNMENT DATA
CSE-TRANS-04,ALT-TRANS-2025-01821,2025-Q4,2025-12-08T23:55:00,MEDIUM,POLICY_VIOLATION,SIEM-SENSOR-TRANS,AST-TRANS-022,2025-12-09T00:01:00,2025-12-09T00:11:00,2025-12-09T03:11:00,RESOLVED,False,,ANALYST_SHARMA,False,False,False,CLOSED,DEMO/SYNTHETIC - NOT REAL GOVERNMENT DATA
CSE-TRANS-04,ALT-TRANS-2025-01822,2025-Q4,2025-12-02T02:56:00,CRITICAL,RANSOMWARE,SIEM-SENSOR-TRANS,AST-TRANS-050,2025-12-02T03:05:00,2025-12-02T03:24:00,2025-12-02T07:24:00,RESOLVED,False,,ANALYST_RAO,False,False,False,CLOSED,DEMO/SYNTHETIC - NOT REAL GOVERNMENT DATA
CSE-TRANS-04,ALT-TRANS-2025-01823,2025-Q4,2025-11-07T02:16:00,HIGH,MALWARE,SIEM-SENSOR-TRANS,AST-TRANS-093,2025-11-07T02:21:00,2025-11-07T02:49:00,2025-11-07T06:49:00,RESOLVED,False,,ANALYST_SINGH,False,False,False,CLOSED,DEMO/SYNTHETIC - NOT REAL GOVERNMENT DATA
CSE-TRANS-04,ALT-TRANS-2025-01824,2025-Q4,2025-11-13T06:04:00,LOW,PRIVILEGE_ESCALATION,SIEM-SENSOR-TRANS,AST-TRANS-075,2025-11-13T06:17:00,2025-11-13T06:27:00,2025-11-13T07:27:00,RESOLVED,True,2025-11-13T06:47:00,ANALYST_RAO,False,False,False,CLOSED,DEMO/SYNTHETIC - NOT REAL GOVERNMENT DATA
CSE-TRANS-04,ALT-TRANS-2025-01825,2025-Q4,2025-10-03T13:46:00,MEDIUM,DATA_EXFILTRATION,SIEM-SENSOR-TRANS,AST-TRANS-061,2025-10-03T13:58:00,2025-10-03T14:21:00,2025-10-03T17:21:00,RESOLVED,False,,ANALYST_VERMA,False,False,False,CLOSED,DEMO/SYNTHETIC - NOT REAL GOVERNMENT DATA
CSE-TRANS-04,ALT-TRANS-2025-01826,2025-Q4,2025-10-18T18:16:00,HIGH,BRUTE_FORCE,SIEM-SENSOR-TRANS,AST-TRANS-005,2025-10-18T18:18:00,2025-10-18T18:46:00,2025-10-18T20:46:00,RESOLVED,False,,ANALYST_PATEL,False,False,False,CLOSED,DEMO/SYNTHETIC - NOT REAL GOVERNMENT DATA
CSE-TRANS-04,ALT-TRANS-2025-01827,2025-Q4,2025-10-08T20:33:00,HIGH,DDOS_ATTACK,SIEM-SENSOR-TRANS,AST-TRANS-086,2025-10-08T20:49:00,2025-10-08T21:00:00,2025-10-08T23:00:00,RESOLVED,False,,ANALYST_RAO,False,False,False,CLOSED,DEMO/SYNTHETIC - NOT REAL GOVERNMENT DATA
CSE-TRANS-04,ALT-TRANS-2025-01828,2025-Q4,2025-11-23T00:28:00,HIGH,POLICY_VIOLATION,SIEM-SENSOR-TRANS,AST-TRANS-008,2025-11-23T00:30:00,2025-11-23T00:45:00,2025-11-23T02:45:00,RESOLVED,False,,ANALYST_SINGH,False,False,False,CLOSED,DEMO/SYNTHETIC - NOT REAL GOVERNMENT DATA
CSE-TRANS-04,ALT-TRANS-2025-01829,2025-Q4,2025-11-12T10:58:00,LOW,BRUTE_FORCE,SIEM-SENSOR-TRANS,AST-TRANS-025,2025-11-12T11:02:00,2025-11-12T11:26:00,2025-11-12T15:26:00,RESOLVED,False,,ANALYST_RAO,False,False,False,CLOSED,DEMO/SYNTHETIC - NOT REAL GOVERNMENT DATA
CSE-TRANS-04,ALT-TRANS-2025-01830,2025-Q4,2025-10-04T18:22:00,HIGH,BRUTE_FORCE,SIEM-SENSOR-TRANS,AST-TRANS-063,2025-10-04T18:32:00,2025-10-04T18:43:00,2025-10-04T19:43:00,RESOLVED,False,,ANALYST_RAO,False,False,False,CLOSED,DEMO/SYNTHETIC - NOT REAL GOVERNMENT DATA
CSE-TRANS-04,ALT-TRANS-2025-01831,2025-Q4,2025-11-27T19:02:00,MEDIUM,SCADA_COMMAND_ANOMALY,SIEM-SENSOR-TRANS,AST-TRANS-035,2025-11-27T19:09:00,2025-11-27T19:36:00,2025-11-27T20:36:00,RESOLVED,False,,ANALYST_PATEL,False,False,False,CLOSED,DEMO/SYNTHETIC - NOT REAL GOVERNMENT DATA
CSE-TRANS-04,ALT-TRANS-2025-01832,2025-Q4,2025-10-28T19:47:00,MEDIUM,BRUTE_FORCE,SIEM-SENSOR-TRANS,AST-TRANS-004,2025-10-28T19:54:00,2025-10-28T20:22:00,2025-10-29T00:22:00,RESOLVED,False,,ANALYST_PATEL,False,False,False,CLOSED,DEMO/SYNTHETIC - NOT REAL GOVERNMENT DATA
CSE-TRANS-04,ALT-TRANS-2025-01833,2025-Q4,2025-11-25T03:08:00,LOW,DDOS_ATTACK,SIEM-SENSOR-TRANS,AST-TRANS-037,2025-11-25T03:18:00,2025-11-25T03:41:00,2025-11-25T07:41:00,RESOLVED,False,,ANALYST_SINGH,False,False,False,CLOSED,DEMO/SYNTHETIC - NOT REAL GOVERNMENT DATA
CSE-TRANS-04,ALT-TRANS-2025-01834,2025-Q4,2025-11-15T12:10:00,HIGH,UNAUTHORIZED_ACCESS,SIEM-SENSOR-TRANS,AST-TRANS-072,2025-11-15T12:23:00,2025-11-15T12:34:00,2025-11-15T13:34:00,RESOLVED,False,,ANALYST_RAO,False,False,False,CLOSED,DEMO/SYNTHETIC - NOT REAL GOVERNMENT DATA
CSE-TRANS-04,ALT-TRANS-2025-01835,2025-Q4,2025-11-09T07:50:00,LOW,MALWARE,SIEM-SENSOR-TRANS,AST-TRANS-046,2025-11-09T07:52:00,2025-11-09T08:20:00,2025-11-09T10:20:00,RESOLVED,False,,ANALYST_SINGH,False,False,False,CLOSED,DEMO/SYNTHETIC - NOT REAL GOVERNMENT DATA
CSE-TRANS-04,ALT-TRANS-2025-01836,2025-Q4,2025-10-19T16:22:00,MEDIUM,BRUTE_FORCE,SIEM-SENSOR-TRANS,AST-TRANS-033,2025-10-19T16:40:00,2025-10-19T16:54:00,2025-10-19T19:54:00,RESOLVED,False,,ANALYST_VERMA,False,False,False,CLOSED,DEMO/SYNTHETIC - NOT REAL GOVERNMENT DATA
CSE-TRANS-04,ALT-TRANS-2025-01837,2025-Q4,2025-11-01T05:59:00,MEDIUM,SCADA_COMMAND_ANOMALY,SIEM-SENSOR-TRANS,AST-TRANS-053,2025-11-01T06:19:00,2025-11-01T06:32:00,2025-11-01T07:32:00,RESOLVED,False,,ANALYST_RAO,False,False,False,CLOSED,DEMO/SYNTHETIC - NOT REAL GOVERNMENT DATA
CSE-TRANS-04,ALT-TRANS-2025-01838,2025-Q4,2025-12-07T01:49:00,HIGH,SCADA_COMMAND_ANOMALY,SIEM-SENSOR-TRANS,AST-TRANS-027,2025-12-07T01:52:00,2025-12-07T02:12:00,2025-12-07T04:12:00,RESOLVED,True,2025-12-07T02:32:00,ANALYST_PATEL,False,False,False,CLOSED,DEMO/SYNTHETIC - NOT REAL GOVERNMENT DATA
CSE-TRANS-04,ALT-TRANS-2025-01839,2025-Q4,2025-11-25T15:14:00,LOW,SCADA_COMMAND_ANOMALY,SIEM-SENSOR-TRANS,AST-TRANS-029,2025-11-25T15:23:00,2025-11-25T15:50:00,2025-11-25T18:50:00,RESOLVED,True,2025-11-25T16:10:00,ANALYST_SHARMA,False,False,False,CLOSED,DEMO/SYNTHETIC - NOT REAL GOVERNMENT DATA
CSE-TRANS-04,ALT-TRANS-2025-01840,2025-Q4,2025-11-30T14:50:00,MEDIUM,MALWARE,SIEM-SENSOR-TRANS,AST-TRANS-090,2025-11-30T15:10:00,2025-11-30T15:40:00,2025-11-30T16:40:00,RESOLVED,False,,ANALYST_SHARMA,False,False,False,CLOSED,DEMO/SYNTHETIC - NOT REAL GOVERNMENT DATA
CSE-TRANS-04,ALT-TRANS-2025-01841,2025-Q4,2025-12-02T03:37:00,MEDIUM,PRIVILEGE_ESCALATION,SIEM-SENSOR-TRANS,AST-TRANS-063,2025-12-02T03:48:00,2025-12-02T04:09:00,2025-12-02T07:09:00,RESOLVED,True,2025-12-02T04:29:00,ANALYST_RAO,False,False,False,CLOSED,DEMO/SYNTHETIC - NOT REAL GOVERNMENT DATA
CSE-TRANS-04,ALT-TRANS-2025-01842,2025-Q4,2025-10-15T09:15:00,MEDIUM,DDOS_ATTACK,SIEM-SENSOR-TRANS,AST-TRANS-061,2025-10-15T09:34:00,2025-10-15T10:04:00,2025-10-15T13:04:00,RESOLVED,False,,ANALYST_VERMA,False,False,False,CLOSED,DEMO/SYNTHETIC - NOT REAL GOVERNMENT DATA
CSE-TRANS-04,ALT-TRANS-2025-01843,2025-Q4,2025-11-10T23:51:00,MEDIUM,POLICY_VIOLATION,SIEM-SENSOR-TRANS,AST-TRANS-055,2025-11-11T00:03:00,2025-11-11T00:32:00,2025-11-11T04:32:00,RESOLVED,False,,ANALYST_PATEL,False,False,False,CLOSED,DEMO/SYNTHETIC - NOT REAL GOVERNMENT DATA
CSE-TRANS-04,ALT-TRANS-2025-01844,2025-Q4,2025-10-24T23:26:00,HIGH,POLICY_VIOLATION,SIEM-SENSOR-TRANS,AST-TRANS-028,2025-10-24T23:36:00,2025-10-24T23:53:00,2025-10-25T03:53:00,RESOLVED,False,,ANALYST_VERMA,False,False,False,CLOSED,DEMO/SYNTHETIC - NOT REAL GOVERNMENT DATA
CSE-TRANS-04,ALT-TRANS-2025-01845,2025-Q4,2025-10-25T21:55:00,MEDIUM,BRUTE_FORCE,SIEM-SENSOR-TRANS,AST-TRANS-074,2025-10-25T22:07:00,2025-10-25T22:30:00,2025-10-26T02:30:00,RESOLVED,False,,ANALYST_SHARMA,False,False,False,CLOSED,DEMO/SYNTHETIC - NOT REAL GOVERNMENT DATA
CSE-TRANS-04,ALT-TRANS-2025-01846,2025-Q4,2025-10-14T08:04:00,MEDIUM,DATA_EXFILTRATION,SIEM-SENSOR-TRANS,AST-TRANS-025,2025-10-14T08:20:00,2025-10-14T08:42:00,2025-10-14T10:42:00,RESOLVED,False,,ANALYST_SHARMA,False,False,False,CLOSED,DEMO/SYNTHETIC - NOT REAL GOVERNMENT DATA
CSE-TRANS-04,ALT-TRANS-2025-01847,2025-Q4,2025-12-04T14:24:00,LOW,SCADA_COMMAND_ANOMALY,SIEM-SENSOR-TRANS,AST-TRANS-011,2025-12-04T14:27:00,2025-12-04T14:48:00,2025-12-04T15:48:00,RESOLVED,False,,ANALYST_SINGH,False,False,False,CLOSED,DEMO/SYNTHETIC - NOT REAL GOVERNMENT DATA
CSE-TRANS-04,ALT-TRANS-2025-01848,2025-Q4,2025-10-01T05:43:00,HIGH,RANSOMWARE,SIEM-SENSOR-TRANS,AST-TRANS-055,2025-10-01T05:59:00,2025-10-01T06:17:00,2025-10-01T08:17:00,RESOLVED,False,,ANALYST_VERMA,False,False,False,CLOSED,DEMO/SYNTHETIC - NOT REAL GOVERNMENT DATA
CSE-TRANS-04,ALT-TRANS-2025-01849,2025-Q4,2025-12-08T01:04:00,HIGH,BRUTE_FORCE,SIEM-SENSOR-TRANS,AST-TRANS-068,2025-12-08T01:12:00,2025-12-08T01:31:00,2025-12-08T02:31:00,RESOLVED,False,,ANALYST_RAO,False,False,False,CLOSED,DEMO/SYNTHETIC - NOT REAL GOVERNMENT DATA
CSE-TRANS-04,ALT-TRANS-2025-01850,2025-Q4,2025-12-01T22:07:00,LOW,SCADA_COMMAND_ANOMALY,SIEM-SENSOR-TRANS,AST-TRANS-019,2025-12-01T22:12:00,2025-12-01T22:24:00,2025-12-01T23:24:00,RESOLVED,False,,ANALYST_SINGH,False,False,False,CLOSED,DEMO/SYNTHETIC - NOT REAL GOVERNMENT DATA
CSE-TRANS-04,ALT-TRANS-2025-01851,2025-Q4,2025-11-18T05:01:00,MEDIUM,DATA_EXFILTRATION,SIEM-SENSOR-TRANS,AST-TRANS-060,2025-11-18T05:18:00,2025-11-18T05:35:00,2025-11-18T08:35:00,RESOLVED,False,,ANALYST_PATEL,False,False,False,CLOSED,DEMO/SYNTHETIC - NOT REAL GOVERNMENT DATA
CSE-TRANS-04,ALT-TRANS-2025-01852,2025-Q4,2025-11-11T11:50:00,LOW,DATA_EXFILTRATION,SIEM-SENSOR-TRANS,AST-TRANS-058,2025-11-11T11:54:00,2025-11-11T12:24:00,2025-11-11T13:24:00,RESOLVED,False,,ANALYST_VERMA,False,False,False,CLOSED,DEMO/SYNTHETIC - NOT REAL GOVERNMENT DATA
CSE-TRANS-04,ALT-TRANS-2025-01853,2025-Q4,2025-11-11T18:11:00,MEDIUM,RANSOMWARE,SIEM-SENSOR-TRANS,AST-TRANS-061,2025-11-11T18:13:00,2025-11-11T18:40:00,2025-11-11T21:40:00,RESOLVED,False,,ANALYST_SHARMA,False,False,False,CLOSED,DEMO/SYNTHETIC - NOT REAL GOVERNMENT DATA
CSE-TRANS-04,ALT-TRANS-2025-01854,2025-Q4,2025-10-16T09:35:00,MEDIUM,POLICY_VIOLATION,SIEM-SENSOR-TRANS,AST-TRANS-065,2025-10-16T09:49:00,2025-10-16T10:10:00,2025-10-16T14:10:00,RESOLVED,True,2025-10-16T10:30:00,ANALYST_SHARMA,False,False,False,CLOSED,DEMO/SYNTHETIC - NOT REAL GOVERNMENT DATA
CSE-TRANS-04,ALT-TRANS-2025-01855,2025-Q4,2025-10-07T21:50:00,LOW,BRUTE_FORCE,SIEM-SENSOR-TRANS,AST-TRANS-066,2025-10-07T21:53:00,2025-10-07T22:07:00,2025-10-08T01:07:00,RESOLVED,False,,ANALYST_PATEL,False,False,False,CLOSED,DEMO/SYNTHETIC - NOT REAL GOVERNMENT DATA
CSE-TRANS-04,ALT-TRANS-2025-01856,2025-Q4,2025-10-24T17:33:00,MEDIUM,DDOS_ATTACK,SIEM-SENSOR-TRANS,AST-TRANS-009,2025-10-24T17:41:00,2025-10-24T17:59:00,2025-10-24T21:59:00,RESOLVED,True,2025-10-24T18:19:00,ANALYST_SINGH,False,False,False,CLOSED,DEMO/SYNTHETIC - NOT REAL GOVERNMENT DATA
CSE-TRANS-04,ALT-TRANS-2025-01857,2025-Q4,2025-12-09T14:13:00,MEDIUM,DDOS_ATTACK,SIEM-SENSOR-TRANS,AST-TRANS-026,2025-12-09T14:23:00,2025-12-09T14:51:00,2025-12-09T16:51:00,RESOLVED,False,,ANALYST_SHARMA,False,False,False,CLOSED,DEMO/SYNTHETIC - NOT REAL GOVERNMENT DATA
CSE-TRANS-04,ALT-TRANS-2025-01858,2025-Q4,2025-10-25T14:58:00,HIGH,MALWARE,SIEM-SENSOR-TRANS,AST-TRANS-076,2025-10-25T15:16:00,2025-10-25T15:26:00,2025-10-25T18:26:00,RESOLVED,False,,ANALYST_VERMA,False,False,False,CLOSED,DEMO/SYNTHETIC - NOT REAL GOVERNMENT DATA
CSE-TRANS-04,ALT-TRANS-2025-01859,2025-Q4,2025-10-30T00:49:00,LOW,SCADA_COMMAND_ANOMALY,SIEM-SENSOR-TRANS,AST-TRANS-095,2025-10-30T00:59:00,2025-10-30T01:27:00,2025-10-30T02:27:00,RESOLVED,False,,ANALYST_VERMA,False,False,False,CLOSED,DEMO/SYNTHETIC - NOT REAL GOVERNMENT DATA
CSE-TRANS-04,ALT-TRANS-2025-01860,2025-Q4,2025-12-02T13:16:00,MEDIUM,POLICY_VIOLATION,SIEM-SENSOR-TRANS,AST-TRANS-026,2025-12-02T13:31:00,2025-12-02T13:58:00,2025-12-02T14:58:00,RESOLVED,False,,ANALYST_PATEL,False,False,False,CLOSED,DEMO/SYNTHETIC - NOT REAL GOVERNMENT DATA
CSE-TRANS-04,ALT-TRANS-2025-01861,2025-Q4,2025-11-30T20:08:00,LOW,MALWARE,SIEM-SENSOR-TRANS,AST-TRANS-082,2025-11-30T20:27:00,2025-11-30T20:40:00,2025-11-30T21:40:00,RESOLVED,False,,ANALYST_SINGH,False,False,False,CLOSED,DEMO/SYNTHETIC - NOT REAL GOVERNMENT DATA
CSE-TRANS-04,ALT-TRANS-2025-01862,2025-Q4,2025-12-14T05:23:00,MEDIUM,SCADA_COMMAND_ANOMALY,SIEM-SENSOR-TRANS,AST-TRANS-032,2025-12-14T05:30:00,2025-12-14T05:42:00,2025-12-14T07:42:00,RESOLVED,False,,ANALYST_SHARMA,False,False,False,CLOSED,DEMO/SYNTHETIC - NOT REAL GOVERNMENT DATA
CSE-TRANS-04,ALT-TRANS-2025-01863,2025-Q4,2025-10-07T20:15:00,HIGH,DATA_EXFILTRATION,SIEM-SENSOR-TRANS,AST-TRANS-010,2025-10-07T20:33:00,2025-10-07T20:57:00,2025-10-08T00:57:00,RESOLVED,True,2025-10-07T21:17:00,ANALYST_SINGH,False,False,False,CLOSED,DEMO/SYNTHETIC - NOT REAL GOVERNMENT DATA
CSE-TRANS-04,ALT-TRANS-2025-01864,2025-Q4,2025-12-05T15:19:00,MEDIUM,UNAUTHORIZED_ACCESS,SIEM-SENSOR-TRANS,AST-TRANS-061,2025-12-05T15:34:00,2025-12-05T15:52:00,2025-12-05T16:52:00,RESOLVED,True,2025-12-05T16:12:00,ANALYST_VERMA,False,False,False,CLOSED,DEMO/SYNTHETIC - NOT REAL GOVERNMENT DATA
CSE-TRANS-04,ALT-TRANS-2025-01865,2025-Q4,2025-11-01T18:05:00,MEDIUM,SCADA_COMMAND_ANOMALY,SIEM-SENSOR-TRANS,AST-TRANS-010,2025-11-01T18:23:00,2025-11-01T18:49:00,2025-11-01T20:49:00,RESOLVED,False,,ANALYST_VERMA,False,False,False,CLOSED,DEMO/SYNTHETIC - NOT REAL GOVERNMENT DATA
CSE-TRANS-04,ALT-TRANS-2025-01866,2025-Q4,2025-12-17T20:34:00,HIGH,RANSOMWARE,SIEM-SENSOR-TRANS,AST-TRANS-008,2025-12-17T20:40:00,2025-12-17T20:55:00,2025-12-18T00:55:00,RESOLVED,False,,ANALYST_PATEL,False,False,False,CLOSED,DEMO/SYNTHETIC - NOT REAL GOVERNMENT DATA
CSE-TRANS-04,ALT-TRANS-2025-01867,2025-Q4,2025-12-06T03:17:00,MEDIUM,PRIVILEGE_ESCALATION,SIEM-SENSOR-TRANS,AST-TRANS-032,2025-12-06T03:29:00,2025-12-06T03:46:00,2025-12-06T07:46:00,RESOLVED,False,,ANALYST_PATEL,False,False,False,CLOSED,DEMO/SYNTHETIC - NOT REAL GOVERNMENT DATA
CSE-TRANS-04,ALT-TRANS-2025-01868,2025-Q4,2025-11-01T05:02:00,MEDIUM,DATA_EXFILTRATION,SIEM-SENSOR-TRANS,AST-TRANS-066,2025-11-01T05:07:00,2025-11-01T05:19:00,2025-11-01T08:19:00,RESOLVED,False,,ANALYST_SINGH,False,False,False,CLOSED,DEMO/SYNTHETIC - NOT REAL GOVERNMENT DATA
CSE-TRANS-04,ALT-TRANS-2025-01869,2025-Q4,2025-10-21T07:03:00,LOW,DDOS_ATTACK,SIEM-SENSOR-TRANS,AST-TRANS-064,2025-10-21T07:05:00,2025-10-21T07:17:00,2025-10-21T10:17:00,RESOLVED,False,,ANALYST_PATEL,False,False,False,CLOSED,DEMO/SYNTHETIC - NOT REAL GOVERNMENT DATA
CSE-TRANS-04,ALT-TRANS-2025-01870,2025-Q4,2025-10-11T08:45:00,LOW,MALWARE,SIEM-SENSOR-TRANS,AST-TRANS-072,2025-10-11T08:55:00,2025-10-11T09:14:00,2025-10-11T13:14:00,RESOLVED,False,,ANALYST_SHARMA,False,False,False,CLOSED,DEMO/SYNTHETIC - NOT REAL GOVERNMENT DATA
CSE-TRANS-04,ALT-TRANS-2025-01871,2025-Q4,2025-10-21T01:35:00,HIGH,DDOS_ATTACK,SIEM-SENSOR-TRANS,AST-TRANS-017,2025-10-21T01:54:00,2025-10-21T02:18:00,2025-10-21T05:18:00,RESOLVED,False,,ANALYST_RAO,False,False,False,CLOSED,DEMO/SYNTHETIC - NOT REAL GOVERNMENT DATA
CSE-TRANS-04,ALT-TRANS-2025-01872,2025-Q4,2025-11-21T05:13:00,LOW,SCADA_COMMAND_ANOMALY,SIEM-SENSOR-TRANS,AST-TRANS-083,2025-11-21T05:28:00,2025-11-21T05:40:00,2025-11-21T09:40:00,RESOLVED,False,,ANALYST_PATEL,False,False,False,CLOSED,DEMO/SYNTHETIC - NOT REAL GOVERNMENT DATA
CSE-TRANS-04,ALT-TRANS-2025-01873,2025-Q4,2025-10-17T14:29:00,LOW,UNAUTHORIZED_ACCESS,SIEM-SENSOR-TRANS,AST-TRANS-091,2025-10-17T14:37:00,2025-10-17T15:06:00,2025-10-17T18:06:00,RESOLVED,False,,ANALYST_SINGH,False,False,False,CLOSED,DEMO/SYNTHETIC - NOT REAL GOVERNMENT DATA
CSE-TRANS-04,ALT-TRANS-2025-01874,2025-Q4,2025-11-22T17:36:00,LOW,UNAUTHORIZED_ACCESS,SIEM-SENSOR-TRANS,AST-TRANS-055,2025-11-22T17:53:00,2025-11-22T18:12:00,2025-11-22T19:12:00,RESOLVED,False,,ANALYST_RAO,False,False,False,CLOSED,DEMO/SYNTHETIC - NOT REAL GOVERNMENT DATA
CSE-TRANS-04,ALT-TRANS-2025-01875,2025-Q4,2025-11-02T20:14:00,LOW,DDOS_ATTACK,SIEM-SENSOR-TRANS,AST-TRANS-052,2025-11-02T20:23:00,2025-11-02T20:48:00,2025-11-02T23:48:00,RESOLVED,False,,ANALYST_VERMA,False,False,False,CLOSED,DEMO/SYNTHETIC - NOT REAL GOVERNMENT DATA
CSE-TRANS-04,ALT-TRANS-2025-01876,2025-Q4,2025-12-04T08:22:00,HIGH,POLICY_VIOLATION,SIEM-SENSOR-TRANS,AST-TRANS-058,2025-12-04T08:39:00,2025-12-04T09:05:00,2025-12-04T12:05:00,RESOLVED,False,,ANALYST_SINGH,False,False,False,CLOSED,DEMO/SYNTHETIC - NOT REAL GOVERNMENT DATA
CSE-TRANS-04,ALT-TRANS-2025-01877,2025-Q4,2025-12-18T08:21:00,MEDIUM,DDOS_ATTACK,SIEM-SENSOR-TRANS,AST-TRANS-010,2025-12-18T08:39:00,2025-12-18T08:55:00,2025-12-18T12:55:00,RESOLVED,False,,ANALYST_PATEL,False,False,False,CLOSED,DEMO/SYNTHETIC - NOT REAL GOVERNMENT DATA
CSE-TRANS-04,ALT-TRANS-2025-01878,2025-Q4,2025-12-12T05:12:00,MEDIUM,DDOS_ATTACK,SIEM-SENSOR-TRANS,AST-TRANS-005,2025-12-12T05:18:00,2025-12-12T05:36:00,2025-12-12T08:36:00,RESOLVED,False,,ANALYST_RAO,False,False,False,CLOSED,DEMO/SYNTHETIC - NOT REAL GOVERNMENT DATA
CSE-TRANS-04,ALT-TRANS-2025-01879,2025-Q4,2025-11-19T15:40:00,CRITICAL,BRUTE_FORCE,SIEM-SENSOR-TRANS,AST-TRANS-062,2025-11-19T15:47:00,2025-11-19T16:16:00,2025-11-19T19:16:00,RESOLVED,False,,ANALYST_PATEL,False,False,False,CLOSED,DEMO/SYNTHETIC - NOT REAL GOVERNMENT DATA
CSE-TRANS-04,ALT-TRANS-2025-01880,2025-Q4,2025-12-15T17:34:00,LOW,DDOS_ATTACK,SIEM-SENSOR-TRANS,AST-TRANS-014,2025-12-15T17:43:00,2025-12-15T18:07:00,2025-12-15T22:07:00,RESOLVED,False,,ANALYST_SHARMA,False,False,False,CLOSED,DEMO/SYNTHETIC - NOT REAL GOVERNMENT DATA
CSE-TRANS-04,ALT-TRANS-2025-01881,2025-Q4,2025-11-07T00:14:00,LOW,SCADA_COMMAND_ANOMALY,SIEM-SENSOR-TRANS,AST-TRANS-093,2025-11-07T00:25:00,2025-11-07T00:41:00,2025-11-07T04:41:00,RESOLVED,False,,ANALYST_SHARMA,False,False,False,CLOSED,DEMO/SYNTHETIC - NOT REAL GOVERNMENT DATA
CSE-TRANS-04,ALT-TRANS-2025-01882,2025-Q4,2025-11-25T19:57:00,LOW,UNAUTHORIZED_ACCESS,SIEM-SENSOR-TRANS,AST-TRANS-066,2025-11-25T20:09:00,2025-11-25T20:29:00,2025-11-25T21:29:00,RESOLVED,True,2025-11-25T20:49:00,ANALYST_SINGH,False,False,False,CLOSED,DEMO/SYNTHETIC - NOT REAL GOVERNMENT DATA
CSE-TRANS-04,ALT-TRANS-2025-01883,2025-Q4,2025-10-14T19:52:00,MEDIUM,UNAUTHORIZED_ACCESS,SIEM-SENSOR-TRANS,AST-TRANS-064,2025-10-14T20:00:00,2025-10-14T20:29:00,2025-10-14T22:29:00,RESOLVED,False,,ANALYST_PATEL,False,False,False,CLOSED,DEMO/SYNTHETIC - NOT REAL GOVERNMENT DATA
CSE-TRANS-04,ALT-TRANS-2025-01884,2025-Q4,2025-12-19T09:02:00,HIGH,POLICY_VIOLATION,SIEM-SENSOR-TRANS,AST-TRANS-047,2025-12-19T09:13:00,2025-12-19T09:28:00,2025-12-19T12:28:00,RESOLVED,False,,ANALYST_PATEL,False,False,False,CLOSED,DEMO/SYNTHETIC - NOT REAL GOVERNMENT DATA
CSE-TRANS-04,ALT-TRANS-2025-01885,2025-Q4,2025-10-09T12:23:00,MEDIUM,PRIVILEGE_ESCALATION,SIEM-SENSOR-TRANS,AST-TRANS-041,2025-10-09T12:34:00,2025-10-09T13:00:00,2025-10-09T17:00:00,RESOLVED,False,,ANALYST_SINGH,False,False,False,CLOSED,DEMO/SYNTHETIC - NOT REAL GOVERNMENT DATA
CSE-TRANS-04,ALT-TRANS-2025-01886,2025-Q4,2025-10-10T00:43:00,LOW,POLICY_VIOLATION,SIEM-SENSOR-TRANS,AST-TRANS-086,2025-10-10T00:55:00,2025-10-10T01:17:00,2025-10-10T02:17:00,RESOLVED,False,,ANALYST_SHARMA,False,False,False,CLOSED,DEMO/SYNTHETIC - NOT REAL GOVERNMENT DATA
CSE-TRANS-04,ALT-TRANS-2025-01887,2025-Q4,2025-11-10T15:13:00,MEDIUM,DATA_EXFILTRATION,SIEM-SENSOR-TRANS,AST-TRANS-015,2025-11-10T15:33:00,2025-11-10T15:55:00,2025-11-10T16:55:00,RESOLVED,False,,ANALYST_SHARMA,False,False,False,CLOSED,DEMO/SYNTHETIC - NOT REAL GOVERNMENT DATA
CSE-TRANS-04,ALT-TRANS-2025-01888,2025-Q4,2025-11-18T03:26:00,LOW,BRUTE_FORCE,SIEM-SENSOR-TRANS,AST-TRANS-085,2025-11-18T03:34:00,2025-11-18T03:46:00,2025-11-18T07:46:00,RESOLVED,False,,ANALYST_RAO,False,False,False,CLOSED,DEMO/SYNTHETIC - NOT REAL GOVERNMENT DATA
CSE-TRANS-04,ALT-TRANS-2025-01889,2025-Q4,2025-10-22T09:18:00,MEDIUM,DDOS_ATTACK,SIEM-SENSOR-TRANS,AST-TRANS-077,2025-10-22T09:38:00,2025-10-22T09:50:00,2025-10-22T10:50:00,RESOLVED,False,,ANALYST_SINGH,False,False,False,CLOSED,DEMO/SYNTHETIC - NOT REAL GOVERNMENT DATA
CSE-TRANS-04,ALT-TRANS-2025-01890,2025-Q4,2025-11-19T19:28:00,HIGH,PRIVILEGE_ESCALATION,SIEM-SENSOR-TRANS,AST-TRANS-047,2025-11-19T19:42:00,2025-11-19T19:52:00,2025-11-19T23:52:00,RESOLVED,False,,ANALYST_RAO,False,False,False,CLOSED,DEMO/SYNTHETIC - NOT REAL GOVERNMENT DATA
CSE-TRANS-04,ALT-TRANS-2025-01891,2025-Q4,2025-11-04T05:26:00,CRITICAL,RANSOMWARE,SIEM-SENSOR-TRANS,AST-TRANS-031,2025-11-04T05:45:00,2025-11-04T06:00:00,2025-11-04T09:00:00,RESOLVED,False,,ANALYST_PATEL,False,False,False,CLOSED,DEMO/SYNTHETIC - NOT REAL GOVERNMENT DATA
CSE-TRANS-04,ALT-TRANS-2025-01892,2025-Q4,2025-12-15T13:37:00,MEDIUM,UNAUTHORIZED_ACCESS,SIEM-SENSOR-TRANS,AST-TRANS-070,2025-12-15T13:55:00,2025-12-15T14:19:00,2025-12-15T17:19:00,RESOLVED,False,,ANALYST_SHARMA,False,False,False,CLOSED,DEMO/SYNTHETIC - NOT REAL GOVERNMENT DATA
CSE-TRANS-04,ALT-TRANS-2025-01893,2025-Q4,2025-10-14T09:40:00,CRITICAL,DDOS_ATTACK,SIEM-SENSOR-TRANS,AST-TRANS-029,2025-10-14T09:58:00,2025-10-14T10:22:00,2025-10-14T13:22:00,RESOLVED,False,,ANALYST_RAO,False,False,False,CLOSED,DEMO/SYNTHETIC - NOT REAL GOVERNMENT DATA
CSE-TRANS-04,ALT-TRANS-2025-01894,2025-Q4,2025-10-18T23:24:00,HIGH,RANSOMWARE,SIEM-SENSOR-TRANS,AST-TRANS-058,2025-10-18T23:27:00,2025-10-18T23:42:00,2025-10-19T01:42:00,RESOLVED,False,,ANALYST_PATEL,False,False,False,CLOSED,DEMO/SYNTHETIC - NOT REAL GOVERNMENT DATA
CSE-TRANS-04,ALT-TRANS-2025-01895,2025-Q4,2025-12-17T06:56:00,CRITICAL,DATA_EXFILTRATION,SIEM-SENSOR-TRANS,AST-TRANS-038,2025-12-17T07:00:00,2025-12-17T07:15:00,2025-12-17T08:15:00,RESOLVED,False,,ANALYST_VERMA,False,False,False,CLOSED,DEMO/SYNTHETIC - NOT REAL GOVERNMENT DATA
CSE-TRANS-04,ALT-TRANS-2025-01896,2025-Q4,2025-11-05T22:20:00,HIGH,POLICY_VIOLATION,SIEM-SENSOR-TRANS,AST-TRANS-078,2025-11-05T22:22:00,2025-11-05T22:33:00,2025-11-06T02:33:00,RESOLVED,False,,ANALYST_PATEL,False,False,False,CLOSED,DEMO/SYNTHETIC - NOT REAL GOVERNMENT DATA
CSE-TRANS-04,ALT-TRANS-2025-01897,2025-Q4,2025-11-21T12:50:00,LOW,SCADA_COMMAND_ANOMALY,SIEM-SENSOR-TRANS,AST-TRANS-063,2025-11-21T12:59:00,2025-11-21T13:10:00,2025-11-21T17:10:00,RESOLVED,False,,ANALYST_VERMA,False,False,False,CLOSED,DEMO/SYNTHETIC - NOT REAL GOVERNMENT DATA
CSE-TRANS-04,ALT-TRANS-2025-01898,2025-Q4,2025-11-14T14:55:00,MEDIUM,RANSOMWARE,SIEM-SENSOR-TRANS,AST-TRANS-057,2025-11-14T15:08:00,2025-11-14T15:21:00,2025-11-14T16:21:00,RESOLVED,False,,ANALYST_SHARMA,False,False,False,CLOSED,DEMO/SYNTHETIC - NOT REAL GOVERNMENT DATA
CSE-TRANS-04,ALT-TRANS-2025-01899,2025-Q4,2025-12-02T14:30:00,LOW,POLICY_VIOLATION,SIEM-SENSOR-TRANS,AST-TRANS-078,2025-12-02T14:50:00,2025-12-02T15:20:00,2025-12-02T17:20:00,RESOLVED,False,,ANALYST_RAO,False,False,False,CLOSED,DEMO/SYNTHETIC - NOT REAL GOVERNMENT DATA
CSE-TRANS-04,ALT-TRANS-2025-01900,2025-Q4,2025-10-17T08:55:00,MEDIUM,POLICY_VIOLATION,SIEM-SENSOR-TRANS,AST-TRANS-028,2025-10-17T08:59:00,2025-10-17T09:27:00,2025-10-17T13:27:00,RESOLVED,False,,ANALYST_SINGH,False,False,False,CLOSED,DEMO/SYNTHETIC - NOT REAL GOVERNMENT DATA
CSE-TRANS-04,ALT-TRANS-2025-01901,2025-Q4,2025-11-27T18:07:00,LOW,UNAUTHORIZED_ACCESS,SIEM-SENSOR-TRANS,AST-TRANS-078,2025-11-27T18:19:00,2025-11-27T18:37:00,2025-11-27T19:37:00,RESOLVED,False,,ANALYST_RAO,False,False,False,CLOSED,DEMO/SYNTHETIC - NOT REAL GOVERNMENT DATA
CSE-TRANS-04,ALT-TRANS-2025-01902,2025-Q4,2025-12-19T22:17:00,LOW,RANSOMWARE,SIEM-SENSOR-TRANS,AST-TRANS-072,2025-12-19T22:23:00,2025-12-19T22:45:00,2025-12-20T02:45:00,RESOLVED,False,,ANALYST_PATEL,False,False,False,CLOSED,DEMO/SYNTHETIC - NOT REAL GOVERNMENT DATA
CSE-TRANS-04,ALT-TRANS-2025-01903,2025-Q4,2025-10-16T07:43:00,MEDIUM,POLICY_VIOLATION,SIEM-SENSOR-TRANS,AST-TRANS-035,2025-10-16T08:01:00,2025-10-16T08:24:00,2025-10-16T12:24:00,RESOLVED,False,,ANALYST_PATEL,False,False,False,CLOSED,DEMO/SYNTHETIC - NOT REAL GOVERNMENT DATA
CSE-TRANS-04,ALT-TRANS-2025-01904,2025-Q4,2025-12-01T16:27:00,HIGH,BRUTE_FORCE,SIEM-SENSOR-TRANS,AST-TRANS-039,2025-12-01T16:46:00,2025-12-01T17:03:00,2025-12-01T20:03:00,RESOLVED,False,,ANALYST_SHARMA,False,False,False,CLOSED,DEMO/SYNTHETIC - NOT REAL GOVERNMENT DATA
CSE-TRANS-04,ALT-TRANS-2025-01905,2025-Q4,2025-12-19T09:39:00,CRITICAL,DATA_EXFILTRATION,SIEM-SENSOR-TRANS,AST-TRANS-038,2025-12-19T09:55:00,2025-12-19T10:13:00,2025-12-19T12:13:00,RESOLVED,False,,ANALYST_RAO,False,False,False,CLOSED,DEMO/SYNTHETIC - NOT REAL GOVERNMENT DATA
CSE-TRANS-04,ALT-TRANS-2025-01906,2025-Q4,2025-11-27T04:23:00,HIGH,PRIVILEGE_ESCALATION,SIEM-SENSOR-TRANS,AST-TRANS-093,2025-11-27T04:40:00,2025-11-27T05:07:00,2025-11-27T09:07:00,RESOLVED,True,2025-11-27T05:27:00,ANALYST_VERMA,False,False,False,CLOSED,DEMO/SYNTHETIC - NOT REAL GOVERNMENT DATA
CSE-TRANS-04,ALT-TRANS-2025-01907,2025-Q4,2025-12-17T10:16:00,MEDIUM,MALWARE,SIEM-SENSOR-TRANS,AST-TRANS-071,2025-12-17T10:26:00,2025-12-17T10:37:00,2025-12-17T14:37:00,RESOLVED,False,,ANALYST_SINGH,False,False,False,CLOSED,DEMO/SYNTHETIC - NOT REAL GOVERNMENT DATA
CSE-TRANS-04,ALT-TRANS-2025-01908,2025-Q4,2025-12-18T07:39:00,HIGH,DATA_EXFILTRATION,SIEM-SENSOR-TRANS,AST-TRANS-049,2025-12-18T07:48:00,2025-12-18T08:12:00,2025-12-18T10:12:00,RESOLVED,False,,ANALYST_SHARMA,False,False,False,CLOSED,DEMO/SYNTHETIC - NOT REAL GOVERNMENT DATA
CSE-TRANS-04,ALT-TRANS-2025-01909,2025-Q4,2025-10-04T07:20:00,MEDIUM,BRUTE_FORCE,SIEM-SENSOR-TRANS,AST-TRANS-087,2025-10-04T07:39:00,2025-10-04T08:09:00,2025-10-04T11:09:00,RESOLVED,False,,ANALYST_SHARMA,False,False,False,CLOSED,DEMO/SYNTHETIC - NOT REAL GOVERNMENT DATA
CSE-TRANS-04,ALT-TRANS-2025-01910,2025-Q4,2025-10-01T23:30:00,MEDIUM,BRUTE_FORCE,SIEM-SENSOR-TRANS,AST-TRANS-025,2025-10-01T23:38:00,2025-10-02T00:07:00,2025-10-02T02:07:00,RESOLVED,False,,ANALYST_PATEL,False,False,False,CLOSED,DEMO/SYNTHETIC - NOT REAL GOVERNMENT DATA
CSE-TRANS-04,ALT-TRANS-2025-01911,2025-Q4,2025-11-27T19:59:00,LOW,POLICY_VIOLATION,SIEM-SENSOR-TRANS,AST-TRANS-089,2025-11-27T20:13:00,2025-11-27T20:30:00,2025-11-27T21:30:00,RESOLVED,False,,ANALYST_RAO,False,False,False,CLOSED,DEMO/SYNTHETIC - NOT REAL GOVERNMENT DATA
CSE-TRANS-04,ALT-TRANS-2025-01912,2025-Q4,2025-12-01T02:33:00,MEDIUM,DDOS_ATTACK,SIEM-SENSOR-TRANS,AST-TRANS-053,2025-12-01T02:51:00,2025-12-01T03:14:00,2025-12-01T04:14:00,RESOLVED,False,,ANALYST_SINGH,False,False,False,CLOSED,DEMO/SYNTHETIC - NOT REAL GOVERNMENT DATA
CSE-TRANS-04,ALT-TRANS-2025-01913,2025-Q4,2025-10-29T17:25:00,HIGH,SCADA_COMMAND_ANOMALY,SIEM-SENSOR-TRANS,AST-TRANS-016,2025-10-29T17:27:00,2025-10-29T17:43:00,2025-10-29T19:43:00,RESOLVED,False,,ANALYST_VERMA,False,False,False,CLOSED,DEMO/SYNTHETIC - NOT REAL GOVERNMENT DATA
CSE-TRANS-04,ALT-TRANS-2025-01914,2025-Q4,2025-11-22T04:19:00,MEDIUM,SCADA_COMMAND_ANOMALY,SIEM-SENSOR-TRANS,AST-TRANS-054,2025-11-22T04:21:00,2025-11-22T04:50:00,2025-11-22T07:50:00,RESOLVED,False,,ANALYST_RAO,False,False,False,CLOSED,DEMO/SYNTHETIC - NOT REAL GOVERNMENT DATA
CSE-TRANS-04,ALT-TRANS-2025-01915,2025-Q4,2025-11-05T18:31:00,MEDIUM,PRIVILEGE_ESCALATION,SIEM-SENSOR-TRANS,AST-TRANS-029,2025-11-05T18:42:00,2025-11-05T19:00:00,2025-11-05T21:00:00,RESOLVED,False,,ANALYST_SINGH,False,False,False,CLOSED,DEMO/SYNTHETIC - NOT REAL GOVERNMENT DATA
CSE-TRANS-04,ALT-TRANS-2025-01916,2025-Q4,2025-11-13T09:06:00,HIGH,POLICY_VIOLATION,SIEM-SENSOR-TRANS,AST-TRANS-049,2025-11-13T09:09:00,2025-11-13T09:36:00,2025-11-13T10:36:00,RESOLVED,False,,ANALYST_VERMA,False,False,False,CLOSED,DEMO/SYNTHETIC - NOT REAL GOVERNMENT DATA
CSE-TRANS-04,ALT-TRANS-2025-01917,2025-Q4,2025-10-23T16:39:00,HIGH,DATA_EXFILTRATION,SIEM-SENSOR-TRANS,AST-TRANS-065,2025-10-23T16:58:00,2025-10-23T17:08:00,2025-10-23T18:08:00,RESOLVED,False,,ANALYST_VERMA,False,False,False,CLOSED,DEMO/SYNTHETIC - NOT REAL GOVERNMENT DATA
CSE-TRANS-04,ALT-TRANS-2025-01918,2025-Q4,2025-12-15T05:52:00,CRITICAL,RANSOMWARE,SIEM-SENSOR-TRANS,AST-TRANS-050,2025-12-15T05:54:00,2025-12-15T06:13:00,2025-12-15T09:13:00,RESOLVED,False,,ANALYST_RAO,False,False,False,CLOSED,DEMO/SYNTHETIC - NOT REAL GOVERNMENT DATA
CSE-TRANS-04,ALT-TRANS-2025-01919,2025-Q4,2025-11-24T19:26:00,MEDIUM,UNAUTHORIZED_ACCESS,SIEM-SENSOR-TRANS,AST-TRANS-011,2025-11-24T19:33:00,2025-11-24T19:49:00,2025-11-24T21:49:00,RESOLVED,True,2025-11-24T20:09:00,ANALYST_PATEL,False,False,False,CLOSED,DEMO/SYNTHETIC - NOT REAL GOVERNMENT DATA
CSE-TRANS-04,ALT-TRANS-2025-01920,2025-Q4,2025-10-18T09:00:00,LOW,BRUTE_FORCE,SIEM-SENSOR-TRANS,AST-TRANS-041,2025-10-18T09:12:00,2025-10-18T09:38:00,2025-10-18T12:38:00,RESOLVED,False,,ANALYST_SINGH,False,False,False,CLOSED,DEMO/SYNTHETIC - NOT REAL GOVERNMENT DATA
CSE-TRANS-04,ALT-TRANS-2025-01921,2025-Q4,2025-11-24T16:26:00,LOW,BRUTE_FORCE,SIEM-SENSOR-TRANS,AST-TRANS-084,2025-11-24T16:43:00,2025-11-24T17:07:00,2025-11-24T19:07:00,RESOLVED,False,,ANALYST_VERMA,False,False,False,CLOSED,DEMO/SYNTHETIC - NOT REAL GOVERNMENT DATA
CSE-TRANS-04,ALT-TRANS-2025-01922,2025-Q4,2025-11-12T13:53:00,MEDIUM,MALWARE,SIEM-SENSOR-TRANS,AST-TRANS-003,2025-11-12T14:12:00,2025-11-12T14:30:00,2025-11-12T17:30:00,RESOLVED,False,,ANALYST_SHARMA,False,False,False,CLOSED,DEMO/SYNTHETIC - NOT REAL GOVERNMENT DATA
CSE-TRANS-04,ALT-TRANS-2025-01923,2025-Q4,2025-11-18T02:26:00,LOW,MALWARE,SIEM-SENSOR-TRANS,AST-TRANS-074,2025-11-18T02:29:00,2025-11-18T02:52:00,2025-11-18T05:52:00,RESOLVED,True,2025-11-18T03:12:00,ANALYST_RAO,False,False,False,CLOSED,DEMO/SYNTHETIC - NOT REAL GOVERNMENT DATA
CSE-TRANS-04,ALT-TRANS-2025-01924,2025-Q4,2025-12-08T09:04:00,MEDIUM,POLICY_VIOLATION,SIEM-SENSOR-TRANS,AST-TRANS-032,2025-12-08T09:19:00,2025-12-08T09:40:00,2025-12-08T11:40:00,RESOLVED,False,,ANALYST_VERMA,False,False,False,CLOSED,DEMO/SYNTHETIC - NOT REAL GOVERNMENT DATA
CSE-TRANS-04,ALT-TRANS-2025-01925,2025-Q4,2025-11-24T11:44:00,LOW,PRIVILEGE_ESCALATION,SIEM-SENSOR-TRANS,AST-TRANS-037,2025-11-24T11:48:00,2025-11-24T12:02:00,2025-11-24T13:02:00,RESOLVED,False,,ANALYST_SINGH,False,False,False,CLOSED,DEMO/SYNTHETIC - NOT REAL GOVERNMENT DATA
CSE-TRANS-04,ALT-TRANS-2025-01926,2025-Q4,2025-11-05T23:26:00,MEDIUM,MALWARE,SIEM-SENSOR-TRANS,AST-TRANS-056,2025-11-05T23:37:00,2025-11-05T23:48:00,2025-11-06T00:48:00,RESOLVED,False,,ANALYST_RAO,False,False,False,CLOSED,DEMO/SYNTHETIC - NOT REAL GOVERNMENT DATA
CSE-TRANS-04,ALT-TRANS-2025-01927,2025-Q4,2025-12-05T19:11:00,MEDIUM,SCADA_COMMAND_ANOMALY,SIEM-SENSOR-TRANS,AST-TRANS-078,2025-12-05T19:22:00,2025-12-05T19:38:00,2025-12-05T22:38:00,RESOLVED,False,,ANALYST_SHARMA,False,False,False,CLOSED,DEMO/SYNTHETIC - NOT REAL GOVERNMENT DATA
CSE-TRANS-04,ALT-TRANS-2025-01928,2025-Q4,2025-11-03T05:21:00,MEDIUM,DDOS_ATTACK,SIEM-SENSOR-TRANS,AST-TRANS-017,2025-11-03T05:36:00,2025-11-03T06:06:00,2025-11-03T07:06:00,RESOLVED,False,,ANALYST_PATEL,False,False,False,CLOSED,DEMO/SYNTHETIC - NOT REAL GOVERNMENT DATA
CSE-TRANS-04,ALT-TRANS-2025-01929,2025-Q4,2025-10-11T07:50:00,LOW,SCADA_COMMAND_ANOMALY,SIEM-SENSOR-TRANS,AST-TRANS-037,2025-10-11T08:02:00,2025-10-11T08:14:00,2025-10-11T10:14:00,RESOLVED,False,,ANALYST_SINGH,False,False,False,CLOSED,DEMO/SYNTHETIC - NOT REAL GOVERNMENT DATA
CSE-TRANS-04,ALT-TRANS-2025-01930,2025-Q4,2025-10-06T14:43:00,HIGH,BRUTE_FORCE,SIEM-SENSOR-TRANS,AST-TRANS-065,2025-10-06T14:45:00,2025-10-06T15:06:00,2025-10-06T17:06:00,RESOLVED,False,,ANALYST_RAO,False,False,False,CLOSED,DEMO/SYNTHETIC - NOT REAL GOVERNMENT DATA
CSE-TRANS-04,ALT-TRANS-2025-01931,2025-Q4,2025-10-07T11:42:00,LOW,DATA_EXFILTRATION,SIEM-SENSOR-TRANS,AST-TRANS-054,2025-10-07T11:46:00,2025-10-07T12:00:00,2025-10-07T13:00:00,RESOLVED,False,,ANALYST_RAO,False,False,False,CLOSED,DEMO/SYNTHETIC - NOT REAL GOVERNMENT DATA
CSE-TRANS-04,ALT-TRANS-2025-01932,2025-Q4,2025-12-20T20:27:00,HIGH,PRIVILEGE_ESCALATION,SIEM-SENSOR-TRANS,AST-TRANS-076,2025-12-20T20:35:00,2025-12-20T21:05:00,2025-12-21T01:05:00,RESOLVED,False,,ANALYST_SINGH,False,False,False,CLOSED,DEMO/SYNTHETIC - NOT REAL GOVERNMENT DATA
CSE-TRANS-04,ALT-TRANS-2025-01933,2025-Q4,2025-10-31T00:14:00,HIGH,SCADA_COMMAND_ANOMALY,SIEM-SENSOR-TRANS,AST-TRANS-035,2025-10-31T00:25:00,2025-10-31T00:42:00,2025-10-31T03:42:00,RESOLVED,False,,ANALYST_SINGH,False,False,False,CLOSED,DEMO/SYNTHETIC - NOT REAL GOVERNMENT DATA
CSE-TRANS-04,ALT-TRANS-2025-01934,2025-Q4,2025-10-17T17:01:00,MEDIUM,DATA_EXFILTRATION,SIEM-SENSOR-TRANS,AST-TRANS-087,2025-10-17T17:04:00,2025-10-17T17:32:00,2025-10-17T19:32:00,RESOLVED,False,,ANALYST_SHARMA,False,False,False,CLOSED,DEMO/SYNTHETIC - NOT REAL GOVERNMENT DATA
CSE-TRANS-04,ALT-TRANS-2025-01935,2025-Q4,2025-10-27T03:36:00,MEDIUM,UNAUTHORIZED_ACCESS,SIEM-SENSOR-TRANS,AST-TRANS-061,2025-10-27T03:53:00,2025-10-27T04:10:00,2025-10-27T05:10:00,RESOLVED,False,,ANALYST_PATEL,False,False,False,CLOSED,DEMO/SYNTHETIC - NOT REAL GOVERNMENT DATA
CSE-TRANS-04,ALT-TRANS-2025-01936,2025-Q4,2025-10-25T18:01:00,LOW,RANSOMWARE,SIEM-SENSOR-TRANS,AST-TRANS-035,2025-10-25T18:08:00,2025-10-25T18:37:00,2025-10-25T20:37:00,RESOLVED,False,,ANALYST_VERMA,False,False,False,CLOSED,DEMO/SYNTHETIC - NOT REAL GOVERNMENT DATA
CSE-TRANS-04,ALT-TRANS-2025-01937,2025-Q4,2025-11-12T21:23:00,MEDIUM,PRIVILEGE_ESCALATION,SIEM-SENSOR-TRANS,AST-TRANS-091,2025-11-12T21:37:00,2025-11-12T21:51:00,2025-11-13T00:51:00,RESOLVED,False,,ANALYST_RAO,False,False,False,CLOSED,DEMO/SYNTHETIC - NOT REAL GOVERNMENT DATA
CSE-TRANS-04,ALT-TRANS-2025-01938,2025-Q4,2025-11-14T23:59:00,MEDIUM,RANSOMWARE,SIEM-SENSOR-TRANS,AST-TRANS-030,2025-11-15T00:08:00,2025-11-15T00:37:00,2025-11-15T03:37:00,RESOLVED,False,,ANALYST_PATEL,False,False,False,CLOSED,DEMO/SYNTHETIC - NOT REAL GOVERNMENT DATA
CSE-TRANS-04,ALT-TRANS-2025-01939,2025-Q4,2025-11-14T02:34:00,MEDIUM,PRIVILEGE_ESCALATION,SIEM-SENSOR-TRANS,AST-TRANS-057,2025-11-14T02:50:00,2025-11-14T03:16:00,2025-11-14T05:16:00,RESOLVED,False,,ANALYST_PATEL,False,False,False,CLOSED,DEMO/SYNTHETIC - NOT REAL GOVERNMENT DATA
CSE-TRANS-04,ALT-TRANS-2025-01940,2025-Q4,2025-10-02T21:54:00,MEDIUM,POLICY_VIOLATION,SIEM-SENSOR-TRANS,AST-TRANS-024,2025-10-02T22:03:00,2025-10-02T22:32:00,2025-10-03T02:32:00,RESOLVED,False,,ANALYST_PATEL,False,False,False,CLOSED,DEMO/SYNTHETIC - NOT REAL GOVERNMENT DATA
CSE-TRANS-04,ALT-TRANS-2025-01941,2025-Q4,2025-10-10T17:38:00,MEDIUM,PRIVILEGE_ESCALATION,SIEM-SENSOR-TRANS,AST-TRANS-081,2025-10-10T17:56:00,2025-10-10T18:15:00,2025-10-10T22:15:00,RESOLVED,False,,ANALYST_PATEL,False,False,False,CLOSED,DEMO/SYNTHETIC - NOT REAL GOVERNMENT DATA
CSE-TRANS-04,ALT-TRANS-2025-01942,2025-Q4,2025-10-03T14:48:00,HIGH,DDOS_ATTACK,SIEM-SENSOR-TRANS,AST-TRANS-021,2025-10-03T15:02:00,2025-10-03T15:32:00,2025-10-03T19:32:00,RESOLVED,True,2025-10-03T15:52:00,ANALYST_RAO,False,False,False,CLOSED,DEMO/SYNTHETIC - NOT REAL GOVERNMENT DATA
CSE-TRANS-04,ALT-TRANS-2025-01943,2025-Q4,2025-10-27T05:28:00,CRITICAL,SCADA_COMMAND_ANOMALY,SIEM-SENSOR-TRANS,AST-TRANS-082,2025-10-27T05:44:00,2025-10-27T06:05:00,2025-10-27T10:05:00,RESOLVED,False,,ANALYST_PATEL,False,False,False,CLOSED,DEMO/SYNTHETIC - NOT REAL GOVERNMENT DATA
CSE-TRANS-04,ALT-TRANS-2025-01944,2025-Q4,2025-10-07T18:35:00,LOW,MALWARE,SIEM-SENSOR-TRANS,AST-TRANS-005,2025-10-07T18:47:00,2025-10-07T19:01:00,2025-10-07T20:01:00,RESOLVED,False,,ANALYST_SINGH,False,False,False,CLOSED,DEMO/SYNTHETIC - NOT REAL GOVERNMENT DATA
CSE-TRANS-04,ALT-TRANS-2025-01945,2025-Q4,2025-12-14T01:56:00,MEDIUM,DATA_EXFILTRATION,SIEM-SENSOR-TRANS,AST-TRANS-027,2025-12-14T01:58:00,2025-12-14T02:28:00,2025-12-14T06:28:00,RESOLVED,False,,ANALYST_PATEL,False,False,False,CLOSED,DEMO/SYNTHETIC - NOT REAL GOVERNMENT DATA
CSE-TRANS-04,ALT-TRANS-2025-01946,2025-Q4,2025-11-02T15:31:00,HIGH,MALWARE,SIEM-SENSOR-TRANS,AST-TRANS-006,2025-11-02T15:42:00,2025-11-02T16:12:00,2025-11-02T19:12:00,RESOLVED,False,,ANALYST_VERMA,False,False,False,CLOSED,DEMO/SYNTHETIC - NOT REAL GOVERNMENT DATA
CSE-TRANS-04,ALT-TRANS-2025-01947,2025-Q4,2025-11-04T00:43:00,MEDIUM,BRUTE_FORCE,SIEM-SENSOR-TRANS,AST-TRANS-074,2025-11-04T00:47:00,2025-11-04T01:14:00,2025-11-04T02:14:00,RESOLVED,False,,ANALYST_SINGH,False,False,False,CLOSED,DEMO/SYNTHETIC - NOT REAL GOVERNMENT DATA
CSE-TRANS-04,ALT-TRANS-2025-01948,2025-Q4,2025-10-26T12:31:00,LOW,BRUTE_FORCE,SIEM-SENSOR-TRANS,AST-TRANS-095,2025-10-26T12:41:00,2025-10-26T12:55:00,2025-10-26T16:55:00,RESOLVED,True,2025-10-26T13:15:00,ANALYST_SINGH,False,False,False,CLOSED,DEMO/SYNTHETIC - NOT REAL GOVERNMENT DATA
CSE-TRANS-04,ALT-TRANS-2025-01949,2025-Q4,2025-11-20T13:42:00,MEDIUM,POLICY_VIOLATION,SIEM-SENSOR-TRANS,AST-TRANS-009,2025-11-20T13:59:00,2025-11-20T14:27:00,2025-11-20T16:27:00,RESOLVED,False,,ANALYST_SHARMA,False,False,False,CLOSED,DEMO/SYNTHETIC - NOT REAL GOVERNMENT DATA
CSE-TRANS-04,ALT-TRANS-2025-01950,2025-Q4,2025-11-23T11:08:00,LOW,UNAUTHORIZED_ACCESS,SIEM-SENSOR-TRANS,AST-TRANS-070,2025-11-23T11:13:00,2025-11-23T11:29:00,2025-11-23T12:29:00,RESOLVED,False,,ANALYST_VERMA,False,False,False,CLOSED,DEMO/SYNTHETIC - NOT REAL GOVERNMENT DATA
CSE-TRANS-04,ALT-TRANS-2025-01951,2025-Q4,2025-11-19T02:40:00,LOW,RANSOMWARE,SIEM-SENSOR-TRANS,AST-TRANS-023,2025-11-19T02:52:00,2025-11-19T03:07:00,2025-11-19T04:07:00,RESOLVED,True,2025-11-19T03:27:00,ANALYST_SHARMA,False,False,False,CLOSED,DEMO/SYNTHETIC - NOT REAL GOVERNMENT DATA
CSE-TRANS-04,ALT-TRANS-2025-01952,2025-Q4,2025-11-07T02:51:00,MEDIUM,DDOS_ATTACK,SIEM-SENSOR-TRANS,AST-TRANS-092,2025-11-07T02:59:00,2025-11-07T03:10:00,2025-11-07T07:10:00,RESOLVED,True,2025-11-07T03:30:00,ANALYST_RAO,False,False,False,CLOSED,DEMO/SYNTHETIC - NOT REAL GOVERNMENT DATA
CSE-TRANS-04,ALT-TRANS-2025-01953,2025-Q4,2025-12-11T21:15:00,CRITICAL,POLICY_VIOLATION,SIEM-SENSOR-TRANS,AST-TRANS-018,2025-12-11T21:21:00,2025-12-11T21:40:00,2025-12-12T01:40:00,RESOLVED,False,,ANALYST_VERMA,False,False,False,CLOSED,DEMO/SYNTHETIC - NOT REAL GOVERNMENT DATA
CSE-TRANS-04,ALT-TRANS-2025-01954,2025-Q4,2025-11-02T08:30:00,HIGH,DDOS_ATTACK,SIEM-SENSOR-TRANS,AST-TRANS-007,2025-11-02T08:33:00,2025-11-02T08:56:00,2025-11-02T12:56:00,RESOLVED,False,,ANALYST_SINGH,False,False,False,CLOSED,DEMO/SYNTHETIC - NOT REAL GOVERNMENT DATA
CSE-TRANS-04,ALT-TRANS-2025-01955,2025-Q4,2025-10-31T15:58:00,MEDIUM,SCADA_COMMAND_ANOMALY,SIEM-SENSOR-TRANS,AST-TRANS-080,2025-10-31T16:02:00,2025-10-31T16:20:00,2025-10-31T17:20:00,RESOLVED,False,,ANALYST_VERMA,False,False,False,CLOSED,DEMO/SYNTHETIC - NOT REAL GOVERNMENT DATA
CSE-TRANS-04,ALT-TRANS-2025-01956,2025-Q4,2025-11-28T05:51:00,MEDIUM,SCADA_COMMAND_ANOMALY,SIEM-SENSOR-TRANS,AST-TRANS-085,2025-11-28T06:08:00,2025-11-28T06:37:00,2025-11-28T07:37:00,RESOLVED,False,,ANALYST_RAO,False,False,False,CLOSED,DEMO/SYNTHETIC - NOT REAL GOVERNMENT DATA
CSE-TRANS-04,ALT-TRANS-2025-01957,2025-Q4,2025-11-28T01:47:00,HIGH,DDOS_ATTACK,SIEM-SENSOR-TRANS,AST-TRANS-035,2025-11-28T02:02:00,2025-11-28T02:22:00,2025-11-28T05:22:00,RESOLVED,False,,ANALYST_SINGH,False,False,False,CLOSED,DEMO/SYNTHETIC - NOT REAL GOVERNMENT DATA
CSE-TRANS-04,ALT-TRANS-2025-01958,2025-Q4,2025-11-16T14:37:00,CRITICAL,RANSOMWARE,SIEM-SENSOR-TRANS,AST-TRANS-094,2025-11-16T14:51:00,2025-11-16T15:21:00,2025-11-16T19:21:00,RESOLVED,False,,ANALYST_VERMA,False,False,False,CLOSED,DEMO/SYNTHETIC - NOT REAL GOVERNMENT DATA
CSE-TRANS-04,ALT-TRANS-2025-01959,2025-Q4,2025-11-10T20:37:00,MEDIUM,DATA_EXFILTRATION,SIEM-SENSOR-TRANS,AST-TRANS-063,2025-11-10T20:41:00,2025-11-10T20:51:00,2025-11-10T22:51:00,RESOLVED,False,,ANALYST_PATEL,False,False,False,CLOSED,DEMO/SYNTHETIC - NOT REAL GOVERNMENT DATA
CSE-TRANS-04,ALT-TRANS-2025-01960,2025-Q4,2025-12-07T09:34:00,MEDIUM,DDOS_ATTACK,SIEM-SENSOR-TRANS,AST-TRANS-041,2025-12-07T09:42:00,2025-12-07T09:53:00,2025-12-07T10:53:00,RESOLVED,False,,ANALYST_VERMA,False,False,False,CLOSED,DEMO/SYNTHETIC - NOT REAL GOVERNMENT DATA
CSE-TRANS-04,ALT-TRANS-2025-01961,2025-Q4,2025-10-25T08:56:00,HIGH,DATA_EXFILTRATION,SIEM-SENSOR-TRANS,AST-TRANS-079,2025-10-25T09:03:00,2025-10-25T09:13:00,2025-10-25T13:13:00,RESOLVED,False,,ANALYST_PATEL,False,False,False,CLOSED,DEMO/SYNTHETIC - NOT REAL GOVERNMENT DATA
CSE-TRANS-04,ALT-TRANS-2025-01962,2025-Q4,2025-10-01T00:09:00,MEDIUM,POLICY_VIOLATION,SIEM-SENSOR-TRANS,AST-TRANS-045,2025-10-01T00:19:00,2025-10-01T00:43:00,2025-10-01T03:43:00,RESOLVED,False,,ANALYST_RAO,False,False,False,CLOSED,DEMO/SYNTHETIC - NOT REAL GOVERNMENT DATA
CSE-TRANS-04,ALT-TRANS-2025-01963,2025-Q4,2025-12-18T13:51:00,HIGH,BRUTE_FORCE,SIEM-SENSOR-TRANS,AST-TRANS-055,2025-12-18T14:09:00,2025-12-18T14:23:00,2025-12-18T17:23:00,RESOLVED,True,2025-12-18T14:43:00,ANALYST_VERMA,False,False,False,CLOSED,DEMO/SYNTHETIC - NOT REAL GOVERNMENT DATA
CSE-TRANS-04,ALT-TRANS-2025-01964,2025-Q4,2025-11-30T04:52:00,LOW,RANSOMWARE,SIEM-SENSOR-TRANS,AST-TRANS-007,2025-11-30T05:05:00,2025-11-30T05:31:00,2025-11-30T07:31:00,RESOLVED,True,2025-11-30T05:51:00,ANALYST_VERMA,False,False,False,CLOSED,DEMO/SYNTHETIC - NOT REAL GOVERNMENT DATA
CSE-TRANS-04,ALT-TRANS-2025-01965,2025-Q4,2025-10-23T12:14:00,MEDIUM,UNAUTHORIZED_ACCESS,SIEM-SENSOR-TRANS,AST-TRANS-070,2025-10-23T12:24:00,2025-10-23T12:51:00,2025-10-23T13:51:00,RESOLVED,False,,ANALYST_SHARMA,False,False,False,CLOSED,DEMO/SYNTHETIC - NOT REAL GOVERNMENT DATA
CSE-TRANS-04,ALT-TRANS-2025-01966,2025-Q4,2025-11-24T22:05:00,HIGH,PRIVILEGE_ESCALATION,SIEM-SENSOR-TRANS,AST-TRANS-065,2025-11-24T22:16:00,2025-11-24T22:35:00,2025-11-25T00:35:00,RESOLVED,True,2025-11-24T22:55:00,ANALYST_SHARMA,False,False,False,CLOSED,DEMO/SYNTHETIC - NOT REAL GOVERNMENT DATA
CSE-TRANS-04,ALT-TRANS-2025-01967,2025-Q4,2025-11-10T21:53:00,MEDIUM,POLICY_VIOLATION,SIEM-SENSOR-TRANS,AST-TRANS-017,2025-11-10T21:58:00,2025-11-10T22:12:00,2025-11-11T02:12:00,RESOLVED,False,,ANALYST_SHARMA,False,False,False,CLOSED,DEMO/SYNTHETIC - NOT REAL GOVERNMENT DATA
CSE-TRANS-04,ALT-TRANS-2025-01968,2025-Q4,2025-10-14T00:36:00,MEDIUM,BRUTE_FORCE,SIEM-SENSOR-TRANS,AST-TRANS-085,2025-10-14T00:51:00,2025-10-14T01:14:00,2025-10-14T03:14:00,RESOLVED,False,,ANALYST_SINGH,False,False,False,CLOSED,DEMO/SYNTHETIC - NOT REAL GOVERNMENT DATA
CSE-TRANS-04,ALT-TRANS-2025-01969,2025-Q4,2025-11-12T04:59:00,MEDIUM,RANSOMWARE,SIEM-SENSOR-TRANS,AST-TRANS-084,2025-11-12T05:04:00,2025-11-12T05:16:00,2025-11-12T06:16:00,RESOLVED,False,,ANALYST_SINGH,False,False,False,CLOSED,DEMO/SYNTHETIC - NOT REAL GOVERNMENT DATA
CSE-TRANS-04,ALT-TRANS-2025-01970,2025-Q4,2025-11-20T17:26:00,MEDIUM,DDOS_ATTACK,SIEM-SENSOR-TRANS,AST-TRANS-036,2025-11-20T17:37:00,2025-11-20T17:50:00,2025-11-20T20:50:00,RESOLVED,False,,ANALYST_SINGH,False,False,False,CLOSED,DEMO/SYNTHETIC - NOT REAL GOVERNMENT DATA
CSE-TRANS-04,ALT-TRANS-2025-01971,2025-Q4,2025-12-17T09:27:00,MEDIUM,PRIVILEGE_ESCALATION,SIEM-SENSOR-TRANS,AST-TRANS-025,2025-12-17T09:38:00,2025-12-17T09:53:00,2025-12-17T12:53:00,RESOLVED,False,,ANALYST_SINGH,False,False,False,CLOSED,DEMO/SYNTHETIC - NOT REAL GOVERNMENT DATA
CSE-TRANS-04,ALT-TRANS-2025-01972,2025-Q4,2025-11-18T17:37:00,LOW,POLICY_VIOLATION,SIEM-SENSOR-TRANS,AST-TRANS-092,2025-11-18T17:46:00,2025-11-18T18:14:00,2025-11-18T21:14:00,RESOLVED,True,2025-11-18T18:34:00,ANALYST_SINGH,False,False,False,CLOSED,DEMO/SYNTHETIC - NOT REAL GOVERNMENT DATA
CSE-TRANS-04,ALT-TRANS-2025-01973,2025-Q4,2025-11-19T01:14:00,MEDIUM,RANSOMWARE,SIEM-SENSOR-TRANS,AST-TRANS-085,2025-11-19T01:16:00,2025-11-19T01:29:00,2025-11-19T04:29:00,RESOLVED,False,,ANALYST_SINGH,False,False,False,CLOSED,DEMO/SYNTHETIC - NOT REAL GOVERNMENT DATA
CSE-TRANS-04,ALT-TRANS-2025-01974,2025-Q4,2025-12-18T11:45:00,MEDIUM,UNAUTHORIZED_ACCESS,SIEM-SENSOR-TRANS,AST-TRANS-087,2025-12-18T11:49:00,2025-12-18T12:10:00,2025-12-18T13:10:00,RESOLVED,False,,ANALYST_SINGH,False,False,False,CLOSED,DEMO/SYNTHETIC - NOT REAL GOVERNMENT DATA
CSE-TRANS-04,ALT-TRANS-2025-01975,2025-Q4,2025-12-20T23:14:00,HIGH,UNAUTHORIZED_ACCESS,SIEM-SENSOR-TRANS,AST-TRANS-084,2025-12-20T23:31:00,2025-12-20T23:56:00,2025-12-21T01:56:00,RESOLVED,False,,ANALYST_RAO,False,False,False,CLOSED,DEMO/SYNTHETIC - NOT REAL GOVERNMENT DATA
CSE-TRANS-04,ALT-TRANS-2025-01976,2025-Q4,2025-12-15T13:04:00,MEDIUM,PRIVILEGE_ESCALATION,SIEM-SENSOR-TRANS,AST-TRANS-082,2025-12-15T13:17:00,2025-12-15T13:47:00,2025-12-15T15:47:00,RESOLVED,False,,ANALYST_PATEL,False,False,False,CLOSED,DEMO/SYNTHETIC - NOT REAL GOVERNMENT DATA
CSE-TRANS-04,ALT-TRANS-2025-01977,2025-Q4,2025-11-07T02:25:00,HIGH,UNAUTHORIZED_ACCESS,SIEM-SENSOR-TRANS,AST-TRANS-056,2025-11-07T02:44:00,2025-11-07T03:10:00,2025-11-07T04:10:00,RESOLVED,False,,ANALYST_VERMA,False,False,False,CLOSED,DEMO/SYNTHETIC - NOT REAL GOVERNMENT DATA
CSE-TRANS-04,ALT-TRANS-2025-01978,2025-Q4,2025-11-22T12:03:00,MEDIUM,RANSOMWARE,SIEM-SENSOR-TRANS,AST-TRANS-004,2025-11-22T12:22:00,2025-11-22T12:33:00,2025-11-22T15:33:00,RESOLVED,False,,ANALYST_PATEL,False,False,False,CLOSED,DEMO/SYNTHETIC - NOT REAL GOVERNMENT DATA
CSE-TRANS-04,ALT-TRANS-2025-01979,2025-Q4,2025-10-28T08:59:00,HIGH,RANSOMWARE,SIEM-SENSOR-TRANS,AST-TRANS-053,2025-10-28T09:11:00,2025-10-28T09:34:00,2025-10-28T10:34:00,RESOLVED,False,,ANALYST_VERMA,False,False,False,CLOSED,DEMO/SYNTHETIC - NOT REAL GOVERNMENT DATA
CSE-TRANS-04,ALT-TRANS-2025-01980,2025-Q4,2025-12-06T15:28:00,MEDIUM,RANSOMWARE,SIEM-SENSOR-TRANS,AST-TRANS-037,2025-12-06T15:34:00,2025-12-06T15:53:00,2025-12-06T18:53:00,RESOLVED,True,2025-12-06T16:13:00,ANALYST_SINGH,False,False,False,CLOSED,DEMO/SYNTHETIC - NOT REAL GOVERNMENT DATA
CSE-TRANS-04,ALT-TRANS-2025-01981,2025-Q4,2025-11-19T04:06:00,LOW,POLICY_VIOLATION,SIEM-SENSOR-TRANS,AST-TRANS-038,2025-11-19T04:08:00,2025-11-19T04:37:00,2025-11-19T08:37:00,RESOLVED,False,,ANALYST_VERMA,False,False,False,CLOSED,DEMO/SYNTHETIC - NOT REAL GOVERNMENT DATA
CSE-TRANS-04,ALT-TRANS-2025-01982,2025-Q4,2025-12-17T20:12:00,HIGH,SCADA_COMMAND_ANOMALY,SIEM-SENSOR-TRANS,AST-TRANS-031,2025-12-17T20:30:00,2025-12-17T20:55:00,2025-12-17T21:55:00,RESOLVED,False,,ANALYST_RAO,False,False,False,CLOSED,DEMO/SYNTHETIC - NOT REAL GOVERNMENT DATA
CSE-TRANS-04,ALT-TRANS-2025-01983,2025-Q4,2025-10-23T18:54:00,HIGH,DDOS_ATTACK,SIEM-SENSOR-TRANS,AST-TRANS-087,2025-10-23T19:13:00,2025-10-23T19:41:00,2025-10-23T20:41:00,RESOLVED,False,,ANALYST_VERMA,False,False,False,CLOSED,DEMO/SYNTHETIC - NOT REAL GOVERNMENT DATA
CSE-TRANS-04,ALT-TRANS-2025-01984,2025-Q4,2025-11-14T08:33:00,MEDIUM,DDOS_ATTACK,SIEM-SENSOR-TRANS,AST-TRANS-018,2025-11-14T08:50:00,2025-11-14T09:06:00,2025-11-14T11:06:00,RESOLVED,False,,ANALYST_SINGH,False,False,False,CLOSED,DEMO/SYNTHETIC - NOT REAL GOVERNMENT DATA
CSE-TRANS-04,ALT-TRANS-2025-01985,2025-Q4,2025-11-13T16:06:00,HIGH,SCADA_COMMAND_ANOMALY,SIEM-SENSOR-TRANS,AST-TRANS-060,2025-11-13T16:20:00,2025-11-13T16:37:00,2025-11-13T19:37:00,RESOLVED,True,2025-11-13T16:57:00,ANALYST_SINGH,False,False,False,CLOSED,DEMO/SYNTHETIC - NOT REAL GOVERNMENT DATA
CSE-TRANS-04,ALT-TRANS-2025-01986,2025-Q4,2025-10-14T19:28:00,LOW,DATA_EXFILTRATION,SIEM-SENSOR-TRANS,AST-TRANS-034,2025-10-14T19:43:00,2025-10-14T20:03:00,2025-10-14T22:03:00,RESOLVED,False,,ANALYST_SINGH,False,False,False,CLOSED,DEMO/SYNTHETIC - NOT REAL GOVERNMENT DATA
CSE-TRANS-04,ALT-TRANS-2025-01987,2025-Q4,2025-11-21T19:25:00,MEDIUM,PRIVILEGE_ESCALATION,SIEM-SENSOR-TRANS,AST-TRANS-015,2025-11-21T19:45:00,2025-11-21T20:00:00,2025-11-21T21:00:00,RESOLVED,False,,ANALYST_SINGH,False,False,False,CLOSED,DEMO/SYNTHETIC - NOT REAL GOVERNMENT DATA
CSE-TRANS-04,ALT-TRANS-2025-01988,2025-Q4,2025-10-14T07:23:00,MEDIUM,MALWARE,SIEM-SENSOR-TRANS,AST-TRANS-081,2025-10-14T07:34:00,2025-10-14T07:54:00,2025-10-14T10:54:00,RESOLVED,False,,ANALYST_PATEL,False,False,False,CLOSED,DEMO/SYNTHETIC - NOT REAL GOVERNMENT DATA
CSE-TRANS-04,ALT-TRANS-2025-01989,2025-Q4,2025-12-20T10:00:00,MEDIUM,PRIVILEGE_ESCALATION,SIEM-SENSOR-TRANS,AST-TRANS-057,2025-12-20T10:12:00,2025-12-20T10:38:00,2025-12-20T11:38:00,RESOLVED,False,,ANALYST_RAO,False,False,False,CLOSED,DEMO/SYNTHETIC - NOT REAL GOVERNMENT DATA
CSE-TRANS-04,ALT-TRANS-2025-01990,2025-Q4,2025-12-08T14:33:00,HIGH,RANSOMWARE,SIEM-SENSOR-TRANS,AST-TRANS-070,2025-12-08T14:38:00,2025-12-08T14:53:00,2025-12-08T18:53:00,RESOLVED,False,,ANALYST_VERMA,False,False,False,CLOSED,DEMO/SYNTHETIC - NOT REAL GOVERNMENT DATA
CSE-TRANS-04,ALT-TRANS-2025-01991,2025-Q4,2025-12-03T17:49:00,HIGH,PRIVILEGE_ESCALATION,SIEM-SENSOR-TRANS,AST-TRANS-078,2025-12-03T18:08:00,2025-12-03T18:23:00,2025-12-03T20:23:00,RESOLVED,False,,ANALYST_RAO,False,False,False,CLOSED,DEMO/SYNTHETIC - NOT REAL GOVERNMENT DATA
CSE-TRANS-04,ALT-TRANS-2025-01992,2025-Q4,2025-11-16T04:18:00,LOW,SCADA_COMMAND_ANOMALY,SIEM-SENSOR-TRANS,AST-TRANS-069,2025-11-16T04:32:00,2025-11-16T04:42:00,2025-11-16T06:42:00,RESOLVED,False,,ANALYST_SHARMA,False,False,False,CLOSED,DEMO/SYNTHETIC - NOT REAL GOVERNMENT DATA
CSE-TRANS-04,ALT-TRANS-2025-01993,2025-Q4,2025-11-09T03:31:00,MEDIUM,PRIVILEGE_ESCALATION,SIEM-SENSOR-TRANS,AST-TRANS-040,2025-11-09T03:36:00,2025-11-09T03:54:00,2025-11-09T04:54:00,RESOLVED,False,,ANALYST_SINGH,False,False,False,CLOSED,DEMO/SYNTHETIC - NOT REAL GOVERNMENT DATA
CSE-TRANS-04,ALT-TRANS-2025-01994,2025-Q4,2025-10-14T01:41:00,CRITICAL,POLICY_VIOLATION,SIEM-SENSOR-TRANS,AST-TRANS-029,2025-10-14T01:45:00,2025-10-14T02:15:00,2025-10-14T04:15:00,RESOLVED,False,,ANALYST_PATEL,False,False,False,CLOSED,DEMO/SYNTHETIC - NOT REAL GOVERNMENT DATA
CSE-TRANS-04,ALT-TRANS-2025-01995,2025-Q4,2025-12-04T20:15:00,LOW,PRIVILEGE_ESCALATION,SIEM-SENSOR-TRANS,AST-TRANS-067,2025-12-04T20:26:00,2025-12-04T20:53:00,2025-12-04T21:53:00,RESOLVED,False,,ANALYST_RAO,False,False,False,CLOSED,DEMO/SYNTHETIC - NOT REAL GOVERNMENT DATA
CSE-TRANS-04,ALT-TRANS-2025-01996,2025-Q4,2025-11-30T02:08:00,LOW,POLICY_VIOLATION,SIEM-SENSOR-TRANS,AST-TRANS-090,2025-11-30T02:20:00,2025-11-30T02:42:00,2025-11-30T05:42:00,RESOLVED,False,,ANALYST_SHARMA,False,False,False,CLOSED,DEMO/SYNTHETIC - NOT REAL GOVERNMENT DATA
CSE-TRANS-04,ALT-TRANS-2025-01997,2025-Q4,2025-10-01T18:06:00,MEDIUM,DATA_EXFILTRATION,SIEM-SENSOR-TRANS,AST-TRANS-035,2025-10-01T18:26:00,2025-10-01T18:44:00,2025-10-01T19:44:00,RESOLVED,False,,ANALYST_SINGH,False,False,False,CLOSED,DEMO/SYNTHETIC - NOT REAL GOVERNMENT DATA
CSE-TRANS-04,ALT-TRANS-2025-01998,2025-Q4,2025-10-25T00:50:00,LOW,SCADA_COMMAND_ANOMALY,SIEM-SENSOR-TRANS,AST-TRANS-077,2025-10-25T00:57:00,2025-10-25T01:25:00,2025-10-25T02:25:00,RESOLVED,False,,ANALYST_VERMA,False,False,False,CLOSED,DEMO/SYNTHETIC - NOT REAL GOVERNMENT DATA
CSE-TRANS-04,ALT-TRANS-2025-01999,2025-Q4,2025-10-13T19:39:00,MEDIUM,PRIVILEGE_ESCALATION,SIEM-SENSOR-TRANS,AST-TRANS-072,2025-10-13T19:42:00,2025-10-13T19:56:00,2025-10-13T21:56:00,RESOLVED,False,,ANALYST_RAO,False,False,False,CLOSED,DEMO/SYNTHETIC - NOT REAL GOVERNMENT DATA
CSE-TRANS-04,ALT-TRANS-2025-02000,2025-Q4,2025-10-17T13:40:00,HIGH,POLICY_VIOLATION,SIEM-SENSOR-TRANS,AST-TRANS-017,2025-10-17T13:42:00,2025-10-17T13:57:00,2025-10-17T15:57:00,RESOLVED,False,,ANALYST_PATEL,False,False,False,CLOSED,DEMO/SYNTHETIC - NOT REAL GOVERNMENT DATA
CSE-TRANS-04,ALT-TRANS-2025-02001,2025-Q4,2025-11-19T10:26:00,HIGH,DDOS_ATTACK,SIEM-SENSOR-TRANS,AST-TRANS-006,2025-11-19T10:45:00,2025-11-19T10:55:00,2025-11-19T13:55:00,RESOLVED,False,,ANALYST_SHARMA,False,False,False,CLOSED,DEMO/SYNTHETIC - NOT REAL GOVERNMENT DATA
CSE-TRANS-04,ALT-TRANS-2025-02002,2025-Q4,2025-10-04T21:55:00,HIGH,SCADA_COMMAND_ANOMALY,SIEM-SENSOR-TRANS,AST-TRANS-071,2025-10-04T21:57:00,2025-10-04T22:07:00,2025-10-05T00:07:00,RESOLVED,True,2025-10-04T22:27:00,ANALYST_PATEL,False,False,False,CLOSED,DEMO/SYNTHETIC - NOT REAL GOVERNMENT DATA
CSE-TRANS-04,ALT-TRANS-2025-02003,2025-Q4,2025-11-12T06:29:00,MEDIUM,SCADA_COMMAND_ANOMALY,SIEM-SENSOR-TRANS,AST-TRANS-051,2025-11-12T06:46:00,2025-11-12T07:16:00,2025-11-12T09:16:00,RESOLVED,False,,ANALYST_PATEL,False,False,False,CLOSED,DEMO/SYNTHETIC - NOT REAL GOVERNMENT DATA
CSE-TRANS-04,ALT-TRANS-2025-02004,2025-Q4,2025-12-20T04:03:00,LOW,RANSOMWARE,SIEM-SENSOR-TRANS,AST-TRANS-002,2025-12-20T04:07:00,2025-12-20T04:18:00,2025-12-20T05:18:00,RESOLVED,False,,ANALYST_SINGH,False,False,False,CLOSED,DEMO/SYNTHETIC - NOT REAL GOVERNMENT DATA
CSE-TRANS-04,ALT-TRANS-2025-02005,2025-Q4,2025-10-22T05:13:00,LOW,POLICY_VIOLATION,SIEM-SENSOR-TRANS,AST-TRANS-049,2025-10-22T05:20:00,2025-10-22T05:33:00,2025-10-22T08:33:00,RESOLVED,False,,ANALYST_SINGH,False,False,False,CLOSED,DEMO/SYNTHETIC - NOT REAL GOVERNMENT DATA
CSE-TRANS-04,ALT-TRANS-2025-02006,2025-Q4,2025-10-09T18:35:00,CRITICAL,UNAUTHORIZED_ACCESS,SIEM-SENSOR-TRANS,AST-TRANS-087,2025-10-09T18:51:00,2025-10-09T19:05:00,2025-10-09T21:05:00,RESOLVED,False,,ANALYST_VERMA,False,False,False,CLOSED,DEMO/SYNTHETIC - NOT REAL GOVERNMENT DATA
CSE-TRANS-04,ALT-TRANS-2025-02007,2025-Q4,2025-12-16T09:54:00,LOW,MALWARE,SIEM-SENSOR-TRANS,AST-TRANS-085,2025-12-16T10:09:00,2025-12-16T10:25:00,2025-12-16T13:25:00,RESOLVED,False,,ANALYST_PATEL,False,False,False,CLOSED,DEMO/SYNTHETIC - NOT REAL GOVERNMENT DATA
CSE-TRANS-04,ALT-TRANS-2025-02008,2025-Q4,2025-11-09T18:10:00,MEDIUM,DDOS_ATTACK,SIEM-SENSOR-TRANS,AST-TRANS-026,2025-11-09T18:30:00,2025-11-09T19:00:00,2025-11-09T23:00:00,RESOLVED,False,,ANALYST_PATEL,False,False,False,CLOSED,DEMO/SYNTHETIC - NOT REAL GOVERNMENT DATA
CSE-TRANS-04,ALT-TRANS-2025-02009,2025-Q4,2025-11-11T11:38:00,CRITICAL,MALWARE,SIEM-SENSOR-TRANS,AST-TRANS-030,2025-11-11T11:51:00,2025-11-11T12:12:00,2025-11-11T15:12:00,RESOLVED,False,,ANALYST_VERMA,False,False,False,CLOSED,DEMO/SYNTHETIC - NOT REAL GOVERNMENT DATA
CSE-TRANS-04,ALT-TRANS-2025-02010,2025-Q4,2025-10-20T16:41:00,HIGH,DDOS_ATTACK,SIEM-SENSOR-TRANS,AST-TRANS-084,2025-10-20T16:59:00,2025-10-20T17:28:00,2025-10-20T18:28:00,RESOLVED,False,,ANALYST_VERMA,False,False,False,CLOSED,DEMO/SYNTHETIC - NOT REAL GOVERNMENT DATA
CSE-TRANS-04,ALT-TRANS-2025-02011,2025-Q4,2025-10-11T21:38:00,CRITICAL,PRIVILEGE_ESCALATION,SIEM-SENSOR-TRANS,AST-TRANS-072,2025-10-11T21:51:00,2025-10-11T22:07:00,2025-10-11T23:07:00,RESOLVED,False,,ANALYST_SINGH,False,False,False,CLOSED,DEMO/SYNTHETIC - NOT REAL GOVERNMENT DATA
CSE-TRANS-04,ALT-TRANS-2025-02012,2025-Q4,2025-10-20T18:26:00,CRITICAL,UNAUTHORIZED_ACCESS,SIEM-SENSOR-TRANS,AST-TRANS-087,2025-10-20T18:37:00,2025-10-20T18:49:00,2025-10-20T22:49:00,RESOLVED,False,,ANALYST_PATEL,False,False,False,CLOSED,DEMO/SYNTHETIC - NOT REAL GOVERNMENT DATA
CSE-TRANS-04,ALT-TRANS-2025-02013,2025-Q4,2025-11-11T20:42:00,HIGH,UNAUTHORIZED_ACCESS,SIEM-SENSOR-TRANS,AST-TRANS-024,2025-11-11T21:00:00,2025-11-11T21:29:00,2025-11-11T22:29:00,RESOLVED,False,,ANALYST_SINGH,False,False,False,CLOSED,DEMO/SYNTHETIC - NOT REAL GOVERNMENT DATA
CSE-TRANS-04,ALT-TRANS-2025-02014,2025-Q4,2025-11-03T17:05:00,LOW,SCADA_COMMAND_ANOMALY,SIEM-SENSOR-TRANS,AST-TRANS-079,2025-11-03T17:22:00,2025-11-03T17:52:00,2025-11-03T19:52:00,RESOLVED,False,,ANALYST_SHARMA,False,False,False,CLOSED,DEMO/SYNTHETIC - NOT REAL GOVERNMENT DATA
CSE-TRANS-04,ALT-TRANS-2025-02015,2025-Q4,2025-12-06T09:34:00,MEDIUM,DATA_EXFILTRATION,SIEM-SENSOR-TRANS,AST-TRANS-076,2025-12-06T09:37:00,2025-12-06T09:48:00,2025-12-06T11:48:00,RESOLVED,False,,ANALYST_RAO,False,False,False,CLOSED,DEMO/SYNTHETIC - NOT REAL GOVERNMENT DATA
CSE-TRANS-04,ALT-TRANS-2025-02016,2025-Q4,2025-12-06T12:22:00,MEDIUM,UNAUTHORIZED_ACCESS,SIEM-SENSOR-TRANS,AST-TRANS-064,2025-12-06T12:24:00,2025-12-06T12:35:00,2025-12-06T13:35:00,RESOLVED,False,,ANALYST_VERMA,False,False,False,CLOSED,DEMO/SYNTHETIC - NOT REAL GOVERNMENT DATA
CSE-TRANS-04,ALT-TRANS-2025-02017,2025-Q4,2025-10-11T18:57:00,MEDIUM,RANSOMWARE,SIEM-SENSOR-TRANS,AST-TRANS-085,2025-10-11T19:13:00,2025-10-11T19:33:00,2025-10-11T21:33:00,RESOLVED,False,,ANALYST_RAO,False,False,False,CLOSED,DEMO/SYNTHETIC - NOT REAL GOVERNMENT DATA
CSE-TRANS-04,ALT-TRANS-2025-02018,2025-Q4,2025-11-12T11:52:00,LOW,PRIVILEGE_ESCALATION,SIEM-SENSOR-TRANS,AST-TRANS-082,2025-11-12T12:10:00,2025-11-12T12:20:00,2025-11-12T15:20:00,RESOLVED,False,,ANALYST_SINGH,False,False,False,CLOSED,DEMO/SYNTHETIC - NOT REAL GOVERNMENT DATA
CSE-TRANS-04,ALT-TRANS-2025-02019,2025-Q4,2025-10-02T00:06:00,HIGH,SCADA_COMMAND_ANOMALY,SIEM-SENSOR-TRANS,AST-TRANS-015,2025-10-02T00:14:00,2025-10-02T00:36:00,2025-10-02T02:36:00,RESOLVED,False,,ANALYST_VERMA,False,False,False,CLOSED,DEMO/SYNTHETIC - NOT REAL GOVERNMENT DATA
CSE-TRANS-04,ALT-TRANS-2025-02020,2025-Q4,2025-10-24T09:39:00,MEDIUM,DATA_EXFILTRATION,SIEM-SENSOR-TRANS,AST-TRANS-062,2025-10-24T09:41:00,2025-10-24T09:55:00,2025-10-24T12:55:00,RESOLVED,False,,ANALYST_SHARMA,False,False,False,CLOSED,DEMO/SYNTHETIC - NOT REAL GOVERNMENT DATA
CSE-TRANS-04,ALT-TRANS-2025-02021,2025-Q4,2025-11-20T20:28:00,LOW,DATA_EXFILTRATION,SIEM-SENSOR-TRANS,AST-TRANS-089,2025-11-20T20:43:00,2025-11-20T20:54:00,2025-11-20T23:54:00,RESOLVED,False,,ANALYST_RAO,False,False,False,CLOSED,DEMO/SYNTHETIC - NOT REAL GOVERNMENT DATA
CSE-TRANS-04,ALT-TRANS-2025-02022,2025-Q4,2025-12-02T05:53:00,HIGH,POLICY_VIOLATION,SIEM-SENSOR-TRANS,AST-TRANS-063,2025-12-02T06:09:00,2025-12-02T06:31:00,2025-12-02T08:31:00,RESOLVED,False,,ANALYST_RAO,False,False,False,CLOSED,DEMO/SYNTHETIC - NOT REAL GOVERNMENT DATA
CSE-TRANS-04,ALT-TRANS-2025-02023,2025-Q4,2025-10-07T21:34:00,HIGH,POLICY_VIOLATION,SIEM-SENSOR-TRANS,AST-TRANS-017,2025-10-07T21:36:00,2025-10-07T22:05:00,2025-10-07T23:05:00,RESOLVED,False,,ANALYST_PATEL,False,False,False,CLOSED,DEMO/SYNTHETIC - NOT REAL GOVERNMENT DATA
CSE-TRANS-04,ALT-TRANS-2025-02024,2025-Q4,2025-10-08T01:45:00,MEDIUM,DDOS_ATTACK,SIEM-SENSOR-TRANS,AST-TRANS-032,2025-10-08T02:01:00,2025-10-08T02:20:00,2025-10-08T03:20:00,RESOLVED,False,,ANALYST_RAO,False,False,False,CLOSED,DEMO/SYNTHETIC - NOT REAL GOVERNMENT DATA
CSE-TRANS-04,ALT-TRANS-2025-02025,2025-Q4,2025-10-18T01:43:00,HIGH,RANSOMWARE,SIEM-SENSOR-TRANS,AST-TRANS-002,2025-10-18T02:03:00,2025-10-18T02:28:00,2025-10-18T05:28:00,RESOLVED,False,,ANALYST_RAO,False,False,False,CLOSED,DEMO/SYNTHETIC - NOT REAL GOVERNMENT DATA
CSE-TRANS-04,ALT-TRANS-2025-02026,2025-Q4,2025-10-28T13:35:00,MEDIUM,MALWARE,SIEM-SENSOR-TRANS,AST-TRANS-065,2025-10-28T13:49:00,2025-10-28T14:10:00,2025-10-28T18:10:00,RESOLVED,False,,ANALYST_SINGH,False,False,False,CLOSED,DEMO/SYNTHETIC - NOT REAL GOVERNMENT DATA
CSE-TRANS-04,ALT-TRANS-2025-02027,2025-Q4,2025-10-18T10:32:00,MEDIUM,PRIVILEGE_ESCALATION,SIEM-SENSOR-TRANS,AST-TRANS-050,2025-10-18T10:45:00,2025-10-18T10:55:00,2025-10-18T14:55:00,RESOLVED,False,,ANALYST_PATEL,False,False,False,CLOSED,DEMO/SYNTHETIC - NOT REAL GOVERNMENT DATA
CSE-TRANS-04,ALT-TRANS-2025-02028,2025-Q4,2025-12-04T15:33:00,HIGH,DDOS_ATTACK,SIEM-SENSOR-TRANS,AST-TRANS-040,2025-12-04T15:50:00,2025-12-04T16:03:00,2025-12-04T18:03:00,RESOLVED,True,2025-12-04T16:23:00,ANALYST_PATEL,False,False,False,CLOSED,DEMO/SYNTHETIC - NOT REAL GOVERNMENT DATA
CSE-TRANS-04,ALT-TRANS-2025-02029,2025-Q4,2025-10-07T05:21:00,MEDIUM,DDOS_ATTACK,SIEM-SENSOR-TRANS,AST-TRANS-083,2025-10-07T05:33:00,2025-10-07T05:50:00,2025-10-07T07:50:00,RESOLVED,False,,ANALYST_RAO,False,False,False,CLOSED,DEMO/SYNTHETIC - NOT REAL GOVERNMENT DATA
CSE-TRANS-04,ALT-TRANS-2025-02030,2025-Q4,2025-11-14T04:37:00,HIGH,SCADA_COMMAND_ANOMALY,SIEM-SENSOR-TRANS,AST-TRANS-037,2025-11-14T04:53:00,2025-11-14T05:03:00,2025-11-14T08:03:00,RESOLVED,False,,ANALYST_RAO,False,False,False,CLOSED,DEMO/SYNTHETIC - NOT REAL GOVERNMENT DATA
CSE-TRANS-04,ALT-TRANS-2025-02031,2025-Q4,2025-11-09T11:02:00,HIGH,DDOS_ATTACK,SIEM-SENSOR-TRANS,AST-TRANS-028,2025-11-09T11:19:00,2025-11-09T11:30:00,2025-11-09T15:30:00,RESOLVED,False,,ANALYST_VERMA,False,False,False,CLOSED,DEMO/SYNTHETIC - NOT REAL GOVERNMENT DATA
CSE-TRANS-04,ALT-TRANS-2025-02032,2025-Q4,2025-11-12T20:06:00,LOW,SCADA_COMMAND_ANOMALY,SIEM-SENSOR-TRANS,AST-TRANS-014,2025-11-12T20:20:00,2025-11-12T20:50:00,2025-11-12T21:50:00,RESOLVED,False,,ANALYST_PATEL,False,False,False,CLOSED,DEMO/SYNTHETIC - NOT REAL GOVERNMENT DATA
CSE-TRANS-04,ALT-TRANS-2025-02033,2025-Q4,2025-11-16T20:39:00,HIGH,DATA_EXFILTRATION,SIEM-SENSOR-TRANS,AST-TRANS-021,2025-11-16T20:59:00,2025-11-16T21:25:00,2025-11-16T22:25:00,RESOLVED,False,,ANALYST_VERMA,False,False,False,CLOSED,DEMO/SYNTHETIC - NOT REAL GOVERNMENT DATA
CSE-TRANS-04,ALT-TRANS-2025-02034,2025-Q4,2025-11-01T20:09:00,HIGH,POLICY_VIOLATION,SIEM-SENSOR-TRANS,AST-TRANS-060,2025-11-01T20:13:00,2025-11-01T20:39:00,2025-11-01T21:39:00,RESOLVED,False,,ANALYST_SHARMA,False,False,False,CLOSED,DEMO/SYNTHETIC - NOT REAL GOVERNMENT DATA
CSE-TRANS-04,ALT-TRANS-2025-02035,2025-Q4,2025-11-18T14:44:00,MEDIUM,DATA_EXFILTRATION,SIEM-SENSOR-TRANS,AST-TRANS-025,2025-11-18T14:47:00,2025-11-18T15:05:00,2025-11-18T16:05:00,RESOLVED,False,,ANALYST_SINGH,False,False,False,CLOSED,DEMO/SYNTHETIC - NOT REAL GOVERNMENT DATA
CSE-TRANS-04,ALT-TRANS-2025-02036,2025-Q4,2025-12-17T04:28:00,CRITICAL,DATA_EXFILTRATION,SIEM-SENSOR-TRANS,AST-TRANS-029,2025-12-17T04:48:00,2025-12-17T05:06:00,2025-12-17T09:06:00,RESOLVED,False,,ANALYST_SINGH,False,False,False,CLOSED,DEMO/SYNTHETIC - NOT REAL GOVERNMENT DATA
CSE-TRANS-04,ALT-TRANS-2025-02037,2025-Q4,2025-12-17T06:40:00,HIGH,POLICY_VIOLATION,SIEM-SENSOR-TRANS,AST-TRANS-050,2025-12-17T06:59:00,2025-12-17T07:27:00,2025-12-17T09:27:00,RESOLVED,False,,ANALYST_PATEL,False,False,False,CLOSED,DEMO/SYNTHETIC - NOT REAL GOVERNMENT DATA
CSE-TRANS-04,ALT-TRANS-2025-02038,2025-Q4,2025-11-23T02:25:00,MEDIUM,BRUTE_FORCE,SIEM-SENSOR-TRANS,AST-TRANS-090,2025-11-23T02:42:00,2025-11-23T03:06:00,2025-11-23T07:06:00,RESOLVED,False,,ANALYST_PATEL,False,False,False,CLOSED,DEMO/SYNTHETIC - NOT REAL GOVERNMENT DATA
CSE-TRANS-04,ALT-TRANS-2025-02039,2025-Q4,2025-12-07T21:03:00,MEDIUM,RANSOMWARE,SIEM-SENSOR-TRANS,AST-TRANS-011,2025-12-07T21:18:00,2025-12-07T21:48:00,2025-12-08T00:48:00,RESOLVED,False,,ANALYST_PATEL,False,False,False,CLOSED,DEMO/SYNTHETIC - NOT REAL GOVERNMENT DATA
CSE-TRANS-04,ALT-TRANS-2025-02040,2025-Q4,2025-11-27T18:47:00,CRITICAL,UNAUTHORIZED_ACCESS,SIEM-SENSOR-TRANS,AST-TRANS-042,2025-11-27T18:51:00,2025-11-27T19:05:00,2025-11-27T23:05:00,RESOLVED,True,2025-11-27T19:25:00,ANALYST_VERMA,False,False,False,CLOSED,DEMO/SYNTHETIC - NOT REAL GOVERNMENT DATA
CSE-TRANS-04,ALT-TRANS-2025-02041,2025-Q4,2025-11-10T22:54:00,MEDIUM,UNAUTHORIZED_ACCESS,SIEM-SENSOR-TRANS,AST-TRANS-018,2025-11-10T23:05:00,2025-11-10T23:25:00,2025-11-11T02:25:00,RESOLVED,False,,ANALYST_PATEL,False,False,False,CLOSED,DEMO/SYNTHETIC - NOT REAL GOVERNMENT DATA
CSE-TRANS-04,ALT-TRANS-2025-02042,2025-Q4,2025-11-26T13:36:00,HIGH,BRUTE_FORCE,SIEM-SENSOR-TRANS,AST-TRANS-082,2025-11-26T13:51:00,2025-11-26T14:17:00,2025-11-26T15:17:00,RESOLVED,False,,ANALYST_VERMA,False,False,False,CLOSED,DEMO/SYNTHETIC - NOT REAL GOVERNMENT DATA
CSE-TRANS-04,ALT-TRANS-2025-02043,2025-Q4,2025-12-03T16:15:00,MEDIUM,RANSOMWARE,SIEM-SENSOR-TRANS,AST-TRANS-014,2025-12-03T16:24:00,2025-12-03T16:45:00,2025-12-03T19:45:00,RESOLVED,False,,ANALYST_PATEL,False,False,False,CLOSED,DEMO/SYNTHETIC - NOT REAL GOVERNMENT DATA
CSE-TRANS-04,ALT-TRANS-2025-02044,2025-Q4,2025-11-03T10:37:00,MEDIUM,RANSOMWARE,SIEM-SENSOR-TRANS,AST-TRANS-023,2025-11-03T10:55:00,2025-11-03T11:06:00,2025-11-03T13:06:00,RESOLVED,False,,ANALYST_RAO,False,False,False,CLOSED,DEMO/SYNTHETIC - NOT REAL GOVERNMENT DATA
CSE-TRANS-04,ALT-TRANS-2025-02045,2025-Q4,2025-12-03T02:58:00,HIGH,DDOS_ATTACK,SIEM-SENSOR-TRANS,AST-TRANS-023,2025-12-03T03:08:00,2025-12-03T03:24:00,2025-12-03T06:24:00,RESOLVED,False,,ANALYST_SINGH,False,False,False,CLOSED,DEMO/SYNTHETIC - NOT REAL GOVERNMENT DATA
CSE-TRANS-04,ALT-TRANS-2025-02046,2025-Q4,2025-11-06T19:08:00,MEDIUM,DDOS_ATTACK,SIEM-SENSOR-TRANS,AST-TRANS-026,2025-11-06T19:25:00,2025-11-06T19:36:00,2025-11-06T21:36:00,RESOLVED,False,,ANALYST_VERMA,False,False,False,CLOSED,DEMO/SYNTHETIC - NOT REAL GOVERNMENT DATA
CSE-TRANS-04,ALT-TRANS-2025-02047,2025-Q4,2025-10-05T04:33:00,MEDIUM,UNAUTHORIZED_ACCESS,SIEM-SENSOR-TRANS,AST-TRANS-049,2025-10-05T04:50:00,2025-10-05T05:12:00,2025-10-05T07:12:00,RESOLVED,False,,ANALYST_SHARMA,False,False,False,CLOSED,DEMO/SYNTHETIC - NOT REAL GOVERNMENT DATA
CSE-TRANS-04,ALT-TRANS-2025-02048,2025-Q4,2025-10-27T08:43:00,MEDIUM,MALWARE,SIEM-SENSOR-TRANS,AST-TRANS-084,2025-10-27T08:51:00,2025-10-27T09:08:00,2025-10-27T12:08:00,RESOLVED,False,,ANALYST_SINGH,False,False,False,CLOSED,DEMO/SYNTHETIC - NOT REAL GOVERNMENT DATA
CSE-TRANS-04,ALT-TRANS-2025-02049,2025-Q4,2025-11-21T20:11:00,MEDIUM,SCADA_COMMAND_ANOMALY,SIEM-SENSOR-TRANS,AST-TRANS-085,2025-11-21T20:14:00,2025-11-21T20:29:00,2025-11-21T23:29:00,RESOLVED,False,,ANALYST_SINGH,False,False,False,CLOSED,DEMO/SYNTHETIC - NOT REAL GOVERNMENT DATA
CSE-TRANS-04,ALT-TRANS-2025-02050,2025-Q4,2025-10-12T08:43:00,MEDIUM,RANSOMWARE,SIEM-SENSOR-TRANS,AST-TRANS-045,2025-10-12T09:00:00,2025-10-12T09:14:00,2025-10-12T11:14:00,RESOLVED,False,,ANALYST_SHARMA,False,False,False,CLOSED,DEMO/SYNTHETIC - NOT REAL GOVERNMENT DATA
CSE-TRANS-04,ALT-TRANS-2025-02051,2025-Q4,2025-11-16T01:16:00,MEDIUM,DATA_EXFILTRATION,SIEM-SENSOR-TRANS,AST-TRANS-069,2025-11-16T01:23:00,2025-11-16T01:45:00,2025-11-16T02:45:00,RESOLVED,False,,ANALYST_RAO,False,False,False,CLOSED,DEMO/SYNTHETIC - NOT REAL GOVERNMENT DATA
CSE-TRANS-04,ALT-TRANS-2025-02052,2025-Q4,2025-11-01T10:18:00,MEDIUM,MALWARE,SIEM-SENSOR-TRANS,AST-TRANS-022,2025-11-01T10:21:00,2025-11-01T10:41:00,2025-11-01T13:41:00,RESOLVED,False,,ANALYST_RAO,False,False,False,CLOSED,DEMO/SYNTHETIC - NOT REAL GOVERNMENT DATA
CSE-TRANS-04,ALT-TRANS-2025-02053,2025-Q4,2025-10-06T12:57:00,CRITICAL,BRUTE_FORCE,SIEM-SENSOR-TRANS,AST-TRANS-029,2025-10-06T12:59:00,2025-10-06T13:09:00,2025-10-06T16:09:00,RESOLVED,False,,ANALYST_PATEL,False,False,False,CLOSED,DEMO/SYNTHETIC - NOT REAL GOVERNMENT DATA
CSE-TRANS-04,ALT-TRANS-2025-02054,2025-Q4,2025-12-07T19:08:00,MEDIUM,MALWARE,SIEM-SENSOR-TRANS,AST-TRANS-026,2025-12-07T19:11:00,2025-12-07T19:37:00,2025-12-07T23:37:00,RESOLVED,True,2025-12-07T19:57:00,ANALYST_RAO,False,False,False,CLOSED,DEMO/SYNTHETIC - NOT REAL GOVERNMENT DATA
CSE-TRANS-04,ALT-TRANS-2025-02055,2025-Q4,2025-12-11T21:14:00,HIGH,PRIVILEGE_ESCALATION,SIEM-SENSOR-TRANS,AST-TRANS-046,2025-12-11T21:23:00,2025-12-11T21:49:00,2025-12-12T00:49:00,RESOLVED,False,,ANALYST_SINGH,False,False,False,CLOSED,DEMO/SYNTHETIC - NOT REAL GOVERNMENT DATA
CSE-TRANS-04,ALT-TRANS-2025-02056,2025-Q4,2025-10-09T16:49:00,HIGH,DATA_EXFILTRATION,SIEM-SENSOR-TRANS,AST-TRANS-027,2025-10-09T17:09:00,2025-10-09T17:33:00,2025-10-09T20:33:00,RESOLVED,False,,ANALYST_PATEL,False,False,False,CLOSED,DEMO/SYNTHETIC - NOT REAL GOVERNMENT DATA
CSE-TRANS-04,ALT-TRANS-2025-02057,2025-Q4,2025-11-19T18:35:00,CRITICAL,PRIVILEGE_ESCALATION,SIEM-SENSOR-TRANS,AST-TRANS-092,2025-11-19T18:52:00,2025-11-19T19:08:00,2025-11-19T21:08:00,RESOLVED,False,,ANALYST_RAO,False,False,False,CLOSED,DEMO/SYNTHETIC - NOT REAL GOVERNMENT DATA
CSE-TRANS-04,ALT-TRANS-2025-02058,2025-Q4,2025-10-01T14:39:00,LOW,MALWARE,SIEM-SENSOR-TRANS,AST-TRANS-052,2025-10-01T14:41:00,2025-10-01T15:09:00,2025-10-01T18:09:00,RESOLVED,True,2025-10-01T15:29:00,ANALYST_SINGH,False,False,False,CLOSED,DEMO/SYNTHETIC - NOT REAL GOVERNMENT DATA
CSE-TRANS-04,ALT-TRANS-2025-02059,2025-Q4,2025-11-17T00:06:00,MEDIUM,PRIVILEGE_ESCALATION,SIEM-SENSOR-TRANS,AST-TRANS-002,2025-11-17T00:21:00,2025-11-17T00:43:00,2025-11-17T03:43:00,RESOLVED,False,,ANALYST_RAO,False,False,False,CLOSED,DEMO/SYNTHETIC - NOT REAL GOVERNMENT DATA
CSE-TRANS-04,ALT-TRANS-2025-02060,2025-Q4,2025-12-18T20:47:00,CRITICAL,DDOS_ATTACK,SIEM-SENSOR-TRANS,AST-TRANS-042,2025-12-18T21:01:00,2025-12-18T21:29:00,2025-12-19T01:29:00,RESOLVED,False,,ANALYST_PATEL,False,False,False,CLOSED,DEMO/SYNTHETIC - NOT REAL GOVERNMENT DATA
CSE-TRANS-04,ALT-TRANS-2025-02061,2025-Q4,2025-10-18T05:12:00,HIGH,MALWARE,SIEM-SENSOR-TRANS,AST-TRANS-006,2025-10-18T05:21:00,2025-10-18T05:31:00,2025-10-18T06:31:00,RESOLVED,False,,ANALYST_RAO,False,False,False,CLOSED,DEMO/SYNTHETIC - NOT REAL GOVERNMENT DATA
CSE-TRANS-04,ALT-TRANS-2025-02062,2025-Q4,2025-10-09T18:06:00,LOW,DDOS_ATTACK,SIEM-SENSOR-TRANS,AST-TRANS-073,2025-10-09T18:11:00,2025-10-09T18:28:00,2025-10-09T22:28:00,RESOLVED,False,,ANALYST_SINGH,False,False,False,CLOSED,DEMO/SYNTHETIC - NOT REAL GOVERNMENT DATA
CSE-TRANS-04,ALT-TRANS-2025-02063,2025-Q4,2025-10-11T21:51:00,LOW,DATA_EXFILTRATION,SIEM-SENSOR-TRANS,AST-TRANS-092,2025-10-11T21:54:00,2025-10-11T22:08:00,2025-10-12T02:08:00,RESOLVED,False,,ANALYST_VERMA,False,False,False,CLOSED,DEMO/SYNTHETIC - NOT REAL GOVERNMENT DATA
CSE-TRANS-04,ALT-TRANS-2025-02064,2025-Q4,2025-10-28T05:35:00,MEDIUM,BRUTE_FORCE,SIEM-SENSOR-TRANS,AST-TRANS-035,2025-10-28T05:41:00,2025-10-28T06:11:00,2025-10-28T09:11:00,RESOLVED,False,,ANALYST_SHARMA,False,False,False,CLOSED,DEMO/SYNTHETIC - NOT REAL GOVERNMENT DATA
CSE-TRANS-04,ALT-TRANS-2025-02065,2025-Q4,2025-10-19T08:47:00,MEDIUM,MALWARE,SIEM-SENSOR-TRANS,AST-TRANS-037,2025-10-19T08:49:00,2025-10-19T09:03:00,2025-10-19T11:03:00,RESOLVED,False,,ANALYST_VERMA,False,False,False,CLOSED,DEMO/SYNTHETIC - NOT REAL GOVERNMENT DATA
CSE-TRANS-04,ALT-TRANS-2025-02066,2025-Q4,2025-10-08T00:01:00,CRITICAL,MALWARE,SIEM-SENSOR-TRANS,AST-TRANS-058,2025-10-08T00:08:00,2025-10-08T00:35:00,2025-10-08T02:35:00,RESOLVED,False,,ANALYST_PATEL,False,False,False,CLOSED,DEMO/SYNTHETIC - NOT REAL GOVERNMENT DATA
CSE-TRANS-04,ALT-TRANS-2025-02067,2025-Q4,2025-10-31T10:03:00,MEDIUM,POLICY_VIOLATION,SIEM-SENSOR-TRANS,AST-TRANS-073,2025-10-31T10:12:00,2025-10-31T10:32:00,2025-10-31T12:32:00,RESOLVED,False,,ANALYST_SHARMA,False,False,False,CLOSED,DEMO/SYNTHETIC - NOT REAL GOVERNMENT DATA
CSE-TRANS-04,ALT-TRANS-2025-02068,2025-Q4,2025-11-18T03:40:00,LOW,DDOS_ATTACK,SIEM-SENSOR-TRANS,AST-TRANS-024,2025-11-18T03:50:00,2025-11-18T04:16:00,2025-11-18T07:16:00,RESOLVED,False,,ANALYST_PATEL,False,False,False,CLOSED,DEMO/SYNTHETIC - NOT REAL GOVERNMENT DATA
CSE-TRANS-04,ALT-TRANS-2025-02069,2025-Q4,2025-11-18T09:03:00,LOW,SCADA_COMMAND_ANOMALY,SIEM-SENSOR-TRANS,AST-TRANS-077,2025-11-18T09:19:00,2025-11-18T09:47:00,2025-11-18T12:47:00,RESOLVED,False,,ANALYST_SINGH,False,False,False,CLOSED,DEMO/SYNTHETIC - NOT REAL GOVERNMENT DATA
CSE-TRANS-04,ALT-TRANS-2025-02070,2025-Q4,2025-11-05T00:35:00,HIGH,POLICY_VIOLATION,SIEM-SENSOR-TRANS,AST-TRANS-006,2025-11-05T00:38:00,2025-11-05T01:00:00,2025-11-05T03:00:00,RESOLVED,False,,ANALYST_PATEL,False,False,False,CLOSED,DEMO/SYNTHETIC - NOT REAL GOVERNMENT DATA
CSE-TRANS-04,ALT-TRANS-2025-02071,2025-Q4,2025-10-31T12:03:00,HIGH,RANSOMWARE,SIEM-SENSOR-TRANS,AST-TRANS-016,2025-10-31T12:18:00,2025-10-31T12:43:00,2025-10-31T14:43:00,RESOLVED,False,,ANALYST_RAO,False,False,False,CLOSED,DEMO/SYNTHETIC - NOT REAL GOVERNMENT DATA
CSE-TRANS-04,ALT-TRANS-2025-02072,2025-Q4,2025-12-02T23:59:00,LOW,RANSOMWARE,SIEM-SENSOR-TRANS,AST-TRANS-055,2025-12-03T00:19:00,2025-12-03T00:33:00,2025-12-03T03:33:00,RESOLVED,False,,ANALYST_VERMA,False,False,False,CLOSED,DEMO/SYNTHETIC - NOT REAL GOVERNMENT DATA
CSE-TRANS-04,ALT-TRANS-2025-02073,2025-Q4,2025-12-09T18:30:00,MEDIUM,POLICY_VIOLATION,SIEM-SENSOR-TRANS,AST-TRANS-026,2025-12-09T18:37:00,2025-12-09T18:56:00,2025-12-09T20:56:00,RESOLVED,False,,ANALYST_PATEL,False,False,False,CLOSED,DEMO/SYNTHETIC - NOT REAL GOVERNMENT DATA
CSE-TRANS-04,ALT-TRANS-2025-02074,2025-Q4,2025-11-05T13:10:00,MEDIUM,MALWARE,SIEM-SENSOR-TRANS,AST-TRANS-024,2025-11-05T13:28:00,2025-11-05T13:45:00,2025-11-05T15:45:00,RESOLVED,False,,ANALYST_VERMA,False,False,False,CLOSED,DEMO/SYNTHETIC - NOT REAL GOVERNMENT DATA
CSE-TRANS-04,ALT-TRANS-2025-02075,2025-Q4,2025-10-26T16:59:00,HIGH,MALWARE,SIEM-SENSOR-TRANS,AST-TRANS-028,2025-10-26T17:01:00,2025-10-26T17:23:00,2025-10-26T19:23:00,RESOLVED,False,,ANALYST_RAO,False,False,False,CLOSED,DEMO/SYNTHETIC - NOT REAL GOVERNMENT DATA
CSE-TRANS-04,ALT-TRANS-2025-02076,2025-Q4,2025-10-04T18:55:00,MEDIUM,UNAUTHORIZED_ACCESS,SIEM-SENSOR-TRANS,AST-TRANS-093,2025-10-04T19:05:00,2025-10-04T19:24:00,2025-10-04T20:24:00,RESOLVED,False,,ANALYST_SHARMA,False,False,False,CLOSED,DEMO/SYNTHETIC - NOT REAL GOVERNMENT DATA
CSE-TRANS-04,ALT-TRANS-2025-02077,2025-Q4,2025-10-21T05:37:00,LOW,DATA_EXFILTRATION,SIEM-SENSOR-TRANS,AST-TRANS-048,2025-10-21T05:53:00,2025-10-21T06:03:00,2025-10-21T08:03:00,RESOLVED,False,,ANALYST_SINGH,False,False,False,CLOSED,DEMO/SYNTHETIC - NOT REAL GOVERNMENT DATA
CSE-TRANS-04,ALT-TRANS-2025-02078,2025-Q4,2025-11-14T01:17:00,MEDIUM,MALWARE,SIEM-SENSOR-TRANS,AST-TRANS-089,2025-11-14T01:25:00,2025-11-14T01:41:00,2025-11-14T05:41:00,RESOLVED,False,,ANALYST_PATEL,False,False,False,CLOSED,DEMO/SYNTHETIC - NOT REAL GOVERNMENT DATA
CSE-TRANS-04,ALT-TRANS-2025-02079,2025-Q4,2025-10-26T10:35:00,LOW,RANSOMWARE,SIEM-SENSOR-TRANS,AST-TRANS-027,2025-10-26T10:51:00,2025-10-26T11:17:00,2025-10-26T14:17:00,RESOLVED,False,,ANALYST_PATEL,False,False,False,CLOSED,DEMO/SYNTHETIC - NOT REAL GOVERNMENT DATA
CSE-TRANS-04,ALT-TRANS-2025-02080,2025-Q4,2025-12-18T00:21:00,HIGH,UNAUTHORIZED_ACCESS,SIEM-SENSOR-TRANS,AST-TRANS-075,2025-12-18T00:33:00,2025-12-18T01:00:00,2025-12-18T05:00:00,RESOLVED,False,,ANALYST_RAO,False,False,False,CLOSED,DEMO/SYNTHETIC - NOT REAL GOVERNMENT DATA
CSE-TELECOM-05,ALT-TELECOM-2025-02081,2025-Q4,2025-11-14T01:32:00,MEDIUM,MALWARE,SIEM-SENSOR-TELECOM,AST-TELECOM-089,2025-11-14T01:38:00,2025-11-14T02:12:00,2025-11-14T05:12:00,FALSE_POSITIVE,False,,ANALYST_SINGH,True,True,True,CLOSED,DEMO/SYNTHETIC - NOT REAL GOVERNMENT DATA
CSE-TELECOM-05,ALT-TELECOM-2025-02082,2025-Q4,2025-10-02T00:30:00,CRITICAL,DDOS_ATTACK,SIEM-SENSOR-TELECOM,AST-TELECOM-018,2025-10-02T00:45:00,2025-10-02T01:43:00,2025-10-02T09:43:00,FALSE_POSITIVE,False,,ANALYST_PATEL,True,True,True,CLOSED,DEMO/SYNTHETIC - NOT REAL GOVERNMENT DATA
CSE-TELECOM-05,ALT-TELECOM-2025-02083,2025-Q4,2025-11-08T12:43:00,MEDIUM,POLICY_VIOLATION,SIEM-SENSOR-TELECOM,AST-TELECOM-090,2025-11-08T12:48:00,2025-11-08T13:25:00,2025-11-08T19:25:00,FALSE_POSITIVE,False,,ANALYST_VERMA,True,True,True,CLOSED,DEMO/SYNTHETIC - NOT REAL GOVERNMENT DATA
CSE-TELECOM-05,ALT-TELECOM-2025-02084,2025-Q4,2025-11-18T11:02:00,MEDIUM,DDOS_ATTACK,SIEM-SENSOR-TELECOM,AST-TELECOM-035,2025-11-18T11:18:00,2025-11-18T11:38:00,2025-11-18T18:38:00,FALSE_POSITIVE,True,2025-11-18T12:08:00,ANALYST_VERMA,True,True,True,CLOSED,DEMO/SYNTHETIC - NOT REAL GOVERNMENT DATA
CSE-TELECOM-05,ALT-TELECOM-2025-02085,2025-Q4,2025-11-17T20:42:00,MEDIUM,BRUTE_FORCE,SIEM-SENSOR-TELECOM,AST-TELECOM-029,2025-11-17T20:55:00,2025-11-17T21:37:00,2025-11-18T04:37:00,FALSE_POSITIVE,False,,ANALYST_SHARMA,True,True,True,CLOSED,DEMO/SYNTHETIC - NOT REAL GOVERNMENT DATA
CSE-TELECOM-05,ALT-TELECOM-2025-02086,2025-Q4,2025-10-10T04:27:00,MEDIUM,POLICY_VIOLATION,SIEM-SENSOR-TELECOM,AST-TELECOM-108,2025-10-10T04:29:00,2025-10-10T05:25:00,2025-10-10T13:25:00,FALSE_POSITIVE,False,,ANALYST_PATEL,True,True,True,CLOSED,DEMO/SYNTHETIC - NOT REAL GOVERNMENT DATA
CSE-TELECOM-05,ALT-TELECOM-2025-02087,2025-Q4,2025-11-10T18:25:00,HIGH,UNAUTHORIZED_ACCESS,SIEM-SENSOR-TELECOM,AST-TELECOM-064,2025-11-10T18:40:00,2025-11-10T19:17:00,2025-11-10T22:17:00,FALSE_POSITIVE,False,,ANALYST_VERMA,True,True,True,CLOSED,DEMO/SYNTHETIC - NOT REAL GOVERNMENT DATA
CSE-TELECOM-05,ALT-TELECOM-2025-02088,2025-Q4,2025-11-11T06:45:00,HIGH,DDOS_ATTACK,SIEM-SENSOR-TELECOM,AST-TELECOM-082,2025-11-11T06:54:00,2025-11-11T07:22:00,2025-11-11T12:22:00,FALSE_POSITIVE,False,,ANALYST_RAO,True,True,True,CLOSED,DEMO/SYNTHETIC - NOT REAL GOVERNMENT DATA
CSE-TELECOM-05,ALT-TELECOM-2025-02089,2025-Q4,2025-11-07T07:19:00,LOW,RANSOMWARE,SIEM-SENSOR-TELECOM,AST-TELECOM-123,2025-11-07T07:32:00,2025-11-07T08:01:00,2025-11-07T16:01:00,FALSE_POSITIVE,False,,ANALYST_SHARMA,True,True,True,CLOSED,DEMO/SYNTHETIC - NOT REAL GOVERNMENT DATA
CSE-TELECOM-05,ALT-TELECOM-2025-02090,2025-Q4,2025-10-16T01:38:00,CRITICAL,DDOS_ATTACK,SIEM-SENSOR-TELECOM,AST-TELECOM-064,2025-10-16T01:51:00,2025-10-16T02:26:00,2025-10-16T09:26:00,FALSE_POSITIVE,False,,ANALYST_SHARMA,True,True,True,CLOSED,DEMO/SYNTHETIC - NOT REAL GOVERNMENT DATA
CSE-TELECOM-05,ALT-TELECOM-2025-02091,2025-Q4,2025-10-10T23:11:00,HIGH,PRIVILEGE_ESCALATION,SIEM-SENSOR-TELECOM,AST-TELECOM-042,2025-10-10T23:21:00,2025-10-11T00:18:00,2025-10-11T05:18:00,FALSE_POSITIVE,False,,ANALYST_SINGH,True,True,True,CLOSED,DEMO/SYNTHETIC - NOT REAL GOVERNMENT DATA
CSE-TELECOM-05,ALT-TELECOM-2025-02092,2025-Q4,2025-12-10T14:03:00,MEDIUM,DDOS_ATTACK,SIEM-SENSOR-TELECOM,AST-TELECOM-075,2025-12-10T14:10:00,2025-12-10T15:02:00,2025-12-10T20:02:00,FALSE_POSITIVE,False,,ANALYST_RAO,True,True,True,CLOSED,DEMO/SYNTHETIC - NOT REAL GOVERNMENT DATA
CSE-TELECOM-05,ALT-TELECOM-2025-02093,2025-Q4,2025-10-05T14:42:00,MEDIUM,POLICY_VIOLATION,SIEM-SENSOR-TELECOM,AST-TELECOM-021,2025-10-05T14:46:00,2025-10-05T15:08:00,2025-10-05T17:08:00,FALSE_POSITIVE,True,2025-10-05T15:38:00,ANALYST_SHARMA,True,True,True,CLOSED,DEMO/SYNTHETIC - NOT REAL GOVERNMENT DATA
CSE-TELECOM-05,ALT-TELECOM-2025-02094,2025-Q4,2025-11-07T16:49:00,CRITICAL,DDOS_ATTACK,SIEM-SENSOR-TELECOM,AST-TELECOM-077,2025-11-07T16:54:00,2025-11-07T17:21:00,2025-11-08T00:21:00,FALSE_POSITIVE,False,,ANALYST_VERMA,True,True,True,CLOSED,DEMO/SYNTHETIC - NOT REAL GOVERNMENT DATA
CSE-TELECOM-05,ALT-TELECOM-2025-02095,2025-Q4,2025-11-09T22:37:00,MEDIUM,UNAUTHORIZED_ACCESS,SIEM-SENSOR-TELECOM,AST-TELECOM-072,2025-11-09T22:57:00,2025-11-09T23:21:00,2025-11-10T07:21:00,FALSE_POSITIVE,True,2025-11-09T23:51:00,ANALYST_RAO,True,True,True,CLOSED,DEMO/SYNTHETIC - NOT REAL GOVERNMENT DATA
CSE-TELECOM-05,ALT-TELECOM-2025-02096,2025-Q4,2025-10-08T14:10:00,MEDIUM,BRUTE_FORCE,SIEM-SENSOR-TELECOM,AST-TELECOM-076,2025-10-08T14:17:00,2025-10-08T14:38:00,2025-10-08T18:38:00,FALSE_POSITIVE,False,,ANALYST_PATEL,True,True,True,CLOSED,DEMO/SYNTHETIC - NOT REAL GOVERNMENT DATA
CSE-TELECOM-05,ALT-TELECOM-2025-02097,2025-Q4,2025-11-23T09:03:00,LOW,BRUTE_FORCE,SIEM-SENSOR-TELECOM,AST-TELECOM-034,2025-11-23T09:06:00,2025-11-23T09:55:00,2025-11-23T11:55:00,FALSE_POSITIVE,False,,ANALYST_SHARMA,True,True,True,CLOSED,DEMO/SYNTHETIC - NOT REAL GOVERNMENT DATA
CSE-TELECOM-05,ALT-TELECOM-2025-02098,2025-Q4,2025-10-27T02:01:00,LOW,PRIVILEGE_ESCALATION,SIEM-SENSOR-TELECOM,AST-TELECOM-003,2025-10-27T02:05:00,2025-10-27T02:48:00,2025-10-27T09:48:00,FALSE_POSITIVE,False,,ANALYST_VERMA,True,True,True,CLOSED,DEMO/SYNTHETIC - NOT REAL GOVERNMENT DATA
CSE-TELECOM-05,ALT-TELECOM-2025-02099,2025-Q4,2025-11-10T01:24:00,MEDIUM,DDOS_ATTACK,SIEM-SENSOR-TELECOM,AST-TELECOM-114,2025-11-10T01:29:00,2025-11-10T02:06:00,2025-11-10T04:06:00,FALSE_POSITIVE,False,,ANALYST_RAO,True,True,True,CLOSED,DEMO/SYNTHETIC - NOT REAL GOVERNMENT DATA
CSE-TELECOM-05,ALT-TELECOM-2025-02100,2025-Q4,2025-10-10T10:25:00,CRITICAL,PRIVILEGE_ESCALATION,SIEM-SENSOR-TELECOM,AST-TELECOM-031,2025-10-10T10:31:00,2025-10-10T11:20:00,2025-10-10T16:20:00,FALSE_POSITIVE,True,2025-10-10T11:50:00,ANALYST_RAO,True,True,True,CLOSED,DEMO/SYNTHETIC - NOT REAL GOVERNMENT DATA
CSE-TELECOM-05,ALT-TELECOM-2025-02101,2025-Q4,2025-10-20T02:21:00,MEDIUM,SCADA_COMMAND_ANOMALY,SIEM-SENSOR-TELECOM,AST-TELECOM-100,2025-10-20T02:26:00,2025-10-20T03:07:00,2025-10-20T05:07:00,FALSE_POSITIVE,True,2025-10-20T03:37:00,ANALYST_SHARMA,True,True,True,CLOSED,DEMO/SYNTHETIC - NOT REAL GOVERNMENT DATA
CSE-TELECOM-05,ALT-TELECOM-2025-02102,2025-Q4,2025-11-25T05:55:00,MEDIUM,BRUTE_FORCE,SIEM-SENSOR-TELECOM,AST-TELECOM-066,2025-11-25T06:08:00,2025-11-25T07:07:00,2025-11-25T10:07:00,FALSE_POSITIVE,False,,ANALYST_VERMA,True,True,True,CLOSED,DEMO/SYNTHETIC - NOT REAL GOVERNMENT DATA
CSE-TELECOM-05,ALT-TELECOM-2025-02103,2025-Q4,2025-10-14T20:54:00,MEDIUM,PRIVILEGE_ESCALATION,SIEM-SENSOR-TELECOM,AST-TELECOM-003,2025-10-14T21:11:00,2025-10-14T21:42:00,2025-10-15T01:42:00,FALSE_POSITIVE,False,,ANALYST_RAO,True,True,True,CLOSED,DEMO/SYNTHETIC - NOT REAL GOVERNMENT DATA
CSE-TELECOM-05,ALT-TELECOM-2025-02104,2025-Q4,2025-10-05T15:12:00,MEDIUM,BRUTE_FORCE,SIEM-SENSOR-TELECOM,AST-TELECOM-048,2025-10-05T15:14:00,2025-10-05T16:02:00,2025-10-05T19:02:00,FALSE_POSITIVE,False,,ANALYST_VERMA,True,True,True,CLOSED,DEMO/SYNTHETIC - NOT REAL GOVERNMENT DATA
CSE-TELECOM-05,ALT-TELECOM-2025-02105,2025-Q4,2025-11-09T10:52:00,MEDIUM,MALWARE,SIEM-SENSOR-TELECOM,AST-TELECOM-077,2025-11-09T11:11:00,2025-11-09T12:04:00,2025-11-09T17:04:00,FALSE_POSITIVE,False,,ANALYST_SHARMA,True,True,True,CLOSED,DEMO/SYNTHETIC - NOT REAL GOVERNMENT DATA
CSE-TELECOM-05,ALT-TELECOM-2025-02106,2025-Q4,2025-12-18T13:43:00,MEDIUM,PRIVILEGE_ESCALATION,SIEM-SENSOR-TELECOM,AST-TELECOM-059,2025-12-18T13:58:00,2025-12-18T14:20:00,2025-12-18T16:20:00,FALSE_POSITIVE,False,,ANALYST_VERMA,True,True,True,CLOSED,DEMO/SYNTHETIC - NOT REAL GOVERNMENT DATA
CSE-TELECOM-05,ALT-TELECOM-2025-02107,2025-Q4,2025-12-14T23:41:00,MEDIUM,RANSOMWARE,SIEM-SENSOR-TELECOM,AST-TELECOM-020,2025-12-14T23:46:00,2025-12-15T00:23:00,2025-12-15T08:23:00,FALSE_POSITIVE,True,2025-12-15T00:53:00,ANALYST_PATEL,True,True,True,CLOSED,DEMO/SYNTHETIC - NOT REAL GOVERNMENT DATA
CSE-TELECOM-05,ALT-TELECOM-2025-02108,2025-Q4,2025-12-18T21:32:00,HIGH,POLICY_VIOLATION,SIEM-SENSOR-TELECOM,AST-TELECOM-029,2025-12-18T21:38:00,2025-12-18T22:09:00,2025-12-19T04:09:00,FALSE_POSITIVE,False,,ANALYST_PATEL,True,True,True,CLOSED,DEMO/SYNTHETIC - NOT REAL GOVERNMENT DATA
CSE-TELECOM-05,ALT-TELECOM-2025-02109,2025-Q4,2025-11-09T23:04:00,HIGH,DATA_EXFILTRATION,SIEM-SENSOR-TELECOM,AST-TELECOM-039,2025-11-09T23:14:00,2025-11-10T00:14:00,2025-11-10T03:14:00,FALSE_POSITIVE,False,,ANALYST_RAO,True,True,True,CLOSED,DEMO/SYNTHETIC - NOT REAL GOVERNMENT DATA
CSE-TELECOM-05,ALT-TELECOM-2025-02110,2025-Q4,2025-11-12T01:09:00,MEDIUM,DATA_EXFILTRATION,SIEM-SENSOR-TELECOM,AST-TELECOM-045,2025-11-12T01:18:00,2025-11-12T02:12:00,2025-11-12T09:12:00,FALSE_POSITIVE,False,,ANALYST_SINGH,True,True,True,CLOSED,DEMO/SYNTHETIC - NOT REAL GOVERNMENT DATA
CSE-TELECOM-05,ALT-TELECOM-2025-02111,2025-Q4,2025-11-20T13:57:00,HIGH,BRUTE_FORCE,SIEM-SENSOR-TELECOM,AST-TELECOM-022,2025-11-20T14:09:00,2025-11-20T14:33:00,2025-11-20T22:33:00,FALSE_POSITIVE,True,2025-11-20T15:03:00,ANALYST_SHARMA,True,True,True,CLOSED,DEMO/SYNTHETIC - NOT REAL GOVERNMENT DATA
CSE-TELECOM-05,ALT-TELECOM-2025-02112,2025-Q4,2025-10-18T22:56:00,MEDIUM,DATA_EXFILTRATION,SIEM-SENSOR-TELECOM,AST-TELECOM-049,2025-10-18T23:11:00,2025-10-19T00:02:00,2025-10-19T05:02:00,FALSE_POSITIVE,False,,ANALYST_SHARMA,True,True,True,CLOSED,DEMO/SYNTHETIC - NOT REAL GOVERNMENT DATA
CSE-TELECOM-05,ALT-TELECOM-2025-02113,2025-Q4,2025-11-19T14:29:00,MEDIUM,UNAUTHORIZED_ACCESS,SIEM-SENSOR-TELECOM,AST-TELECOM-127,2025-11-19T14:47:00,2025-11-19T15:15:00,2025-11-19T19:15:00,FALSE_POSITIVE,False,,ANALYST_SHARMA,True,True,True,CLOSED,DEMO/SYNTHETIC - NOT REAL GOVERNMENT DATA
CSE-TELECOM-05,ALT-TELECOM-2025-02114,2025-Q4,2025-10-29T20:22:00,CRITICAL,RANSOMWARE,SIEM-SENSOR-TELECOM,AST-TELECOM-049,2025-10-29T20:35:00,2025-10-29T21:24:00,2025-10-30T03:24:00,FALSE_POSITIVE,True,2025-10-29T21:54:00,ANALYST_SHARMA,True,True,True,CLOSED,DEMO/SYNTHETIC - NOT REAL GOVERNMENT DATA
CSE-TELECOM-05,ALT-TELECOM-2025-02115,2025-Q4,2025-12-11T05:42:00,HIGH,DDOS_ATTACK,SIEM-SENSOR-TELECOM,AST-TELECOM-099,2025-12-11T05:56:00,2025-12-11T06:26:00,2025-12-11T08:26:00,FALSE_POSITIVE,True,2025-12-11T06:56:00,ANALYST_SHARMA,True,True,True,CLOSED,DEMO/SYNTHETIC - NOT REAL GOVERNMENT DATA
CSE-TELECOM-05,ALT-TELECOM-2025-02116,2025-Q4,2025-10-20T18:51:00,LOW,BRUTE_FORCE,SIEM-SENSOR-TELECOM,AST-TELECOM-036,2025-10-20T19:05:00,2025-10-20T19:28:00,2025-10-21T02:28:00,FALSE_POSITIVE,False,,ANALYST_SINGH,True,True,True,CLOSED,DEMO/SYNTHETIC - NOT REAL GOVERNMENT DATA
CSE-TELECOM-05,ALT-TELECOM-2025-02117,2025-Q4,2025-12-15T13:49:00,HIGH,BRUTE_FORCE,SIEM-SENSOR-TELECOM,AST-TELECOM-006,2025-12-15T13:59:00,2025-12-15T14:19:00,2025-12-15T21:19:00,FALSE_POSITIVE,False,,ANALYST_PATEL,True,True,True,CLOSED,DEMO/SYNTHETIC - NOT REAL GOVERNMENT DATA
CSE-TELECOM-05,ALT-TELECOM-2025-02118,2025-Q4,2025-10-04T23:36:00,HIGH,POLICY_VIOLATION,SIEM-SENSOR-TELECOM,AST-TELECOM-101,2025-10-04T23:44:00,2025-10-05T00:30:00,2025-10-05T02:30:00,FALSE_POSITIVE,False,,ANALYST_SINGH,True,True,True,CLOSED,DEMO/SYNTHETIC - NOT REAL GOVERNMENT DATA
CSE-TELECOM-05,ALT-TELECOM-2025-02119,2025-Q4,2025-11-23T07:56:00,LOW,RANSOMWARE,SIEM-SENSOR-TELECOM,AST-TELECOM-089,2025-11-23T08:10:00,2025-11-23T08:55:00,2025-11-23T15:55:00,FALSE_POSITIVE,False,,ANALYST_SHARMA,True,True,True,CLOSED,DEMO/SYNTHETIC - NOT REAL GOVERNMENT DATA
CSE-TELECOM-05,ALT-TELECOM-2025-02120,2025-Q4,2025-11-24T00:50:00,MEDIUM,PRIVILEGE_ESCALATION,SIEM-SENSOR-TELECOM,AST-TELECOM-006,2025-11-24T00:52:00,2025-11-24T01:14:00,2025-11-24T05:14:00,FALSE_POSITIVE,False,,ANALYST_PATEL,True,True,True,CLOSED,DEMO/SYNTHETIC - NOT REAL GOVERNMENT DATA
CSE-TELECOM-05,ALT-TELECOM-2025-02121,2025-Q4,2025-12-17T01:35:00,HIGH,DDOS_ATTACK,SIEM-SENSOR-TELECOM,AST-TELECOM-048,2025-12-17T01:38:00,2025-12-17T02:35:00,2025-12-17T10:35:00,FALSE_POSITIVE,False,,ANALYST_RAO,True,True,True,CLOSED,DEMO/SYNTHETIC - NOT REAL GOVERNMENT DATA
CSE-TELECOM-05,ALT-TELECOM-2025-02122,2025-Q4,2025-10-05T11:23:00,LOW,DATA_EXFILTRATION,SIEM-SENSOR-TELECOM,AST-TELECOM-080,2025-10-05T11:43:00,2025-10-05T12:39:00,2025-10-05T19:39:00,FALSE_POSITIVE,False,,ANALYST_SHARMA,True,True,True,CLOSED,DEMO/SYNTHETIC - NOT REAL GOVERNMENT DATA
CSE-TELECOM-05,ALT-TELECOM-2025-02123,2025-Q4,2025-10-17T08:13:00,MEDIUM,DDOS_ATTACK,SIEM-SENSOR-TELECOM,AST-TELECOM-013,2025-10-17T08:15:00,2025-10-17T08:46:00,2025-10-17T14:46:00,FALSE_POSITIVE,False,,ANALYST_RAO,True,True,True,CLOSED,DEMO/SYNTHETIC - NOT REAL GOVERNMENT DATA
CSE-TELECOM-05,ALT-TELECOM-2025-02124,2025-Q4,2025-12-18T01:28:00,MEDIUM,BRUTE_FORCE,SIEM-SENSOR-TELECOM,AST-TELECOM-130,2025-12-18T01:39:00,2025-12-18T02:38:00,2025-12-18T08:38:00,FALSE_POSITIVE,False,,ANALYST_SHARMA,True,True,True,CLOSED,DEMO/SYNTHETIC - NOT REAL GOVERNMENT DATA
CSE-TELECOM-05,ALT-TELECOM-2025-02125,2025-Q4,2025-11-03T19:00:00,HIGH,BRUTE_FORCE,SIEM-SENSOR-TELECOM,AST-TELECOM-116,2025-11-03T19:10:00,2025-11-03T20:06:00,2025-11-04T04:06:00,FALSE_POSITIVE,False,,ANALYST_SINGH,True,True,True,CLOSED,DEMO/SYNTHETIC - NOT REAL GOVERNMENT DATA
CSE-TELECOM-05,ALT-TELECOM-2025-02126,2025-Q4,2025-10-12T03:49:00,MEDIUM,POLICY_VIOLATION,SIEM-SENSOR-TELECOM,AST-TELECOM-086,2025-10-12T03:51:00,2025-10-12T04:13:00,2025-10-12T08:13:00,FALSE_POSITIVE,True,2025-10-12T04:43:00,ANALYST_RAO,True,True,True,CLOSED,DEMO/SYNTHETIC - NOT REAL GOVERNMENT DATA
CSE-TELECOM-05,ALT-TELECOM-2025-02127,2025-Q4,2025-10-26T23:55:00,HIGH,POLICY_VIOLATION,SIEM-SENSOR-TELECOM,AST-TELECOM-091,2025-10-27T00:02:00,2025-10-27T01:01:00,2025-10-27T05:01:00,FALSE_POSITIVE,True,2025-10-27T01:31:00,ANALYST_VERMA,True,True,True,CLOSED,DEMO/SYNTHETIC - NOT REAL GOVERNMENT DATA
CSE-TELECOM-05,ALT-TELECOM-2025-02128,2025-Q4,2025-12-08T07:52:00,MEDIUM,UNAUTHORIZED_ACCESS,SIEM-SENSOR-TELECOM,AST-TELECOM-051,2025-12-08T07:55:00,2025-12-08T08:28:00,2025-12-08T13:28:00,FALSE_POSITIVE,False,,ANALYST_PATEL,True,True,True,CLOSED,DEMO/SYNTHETIC - NOT REAL GOVERNMENT DATA
CSE-TELECOM-05,ALT-TELECOM-2025-02129,2025-Q4,2025-11-26T11:56:00,MEDIUM,PRIVILEGE_ESCALATION,SIEM-SENSOR-TELECOM,AST-TELECOM-053,2025-11-26T12:00:00,2025-11-26T12:40:00,2025-11-26T15:40:00,FALSE_POSITIVE,False,,ANALYST_RAO,True,True,True,CLOSED,DEMO/SYNTHETIC - NOT REAL GOVERNMENT DATA
CSE-TELECOM-05,ALT-TELECOM-2025-02130,2025-Q4,2025-12-03T09:12:00,MEDIUM,MALWARE,SIEM-SENSOR-TELECOM,AST-TELECOM-128,2025-12-03T09:30:00,2025-12-03T09:56:00,2025-12-03T12:56:00,FALSE_POSITIVE,True,2025-12-03T10:26:00,ANALYST_SHARMA,True,True,True,CLOSED,DEMO/SYNTHETIC - NOT REAL GOVERNMENT DATA
CSE-TELECOM-05,ALT-TELECOM-2025-02131,2025-Q4,2025-10-04T06:31:00,MEDIUM,UNAUTHORIZED_ACCESS,SIEM-SENSOR-TELECOM,AST-TELECOM-030,2025-10-04T06:40:00,2025-10-04T07:40:00,2025-10-04T10:40:00,FALSE_POSITIVE,False,,ANALYST_SHARMA,True,True,True,CLOSED,DEMO/SYNTHETIC - NOT REAL GOVERNMENT DATA
CSE-TELECOM-05,ALT-TELECOM-2025-02132,2025-Q4,2025-10-20T07:16:00,LOW,DDOS_ATTACK,SIEM-SENSOR-TELECOM,AST-TELECOM-003,2025-10-20T07:18:00,2025-10-20T08:14:00,2025-10-20T13:14:00,FALSE_POSITIVE,False,,ANALYST_PATEL,True,True,True,CLOSED,DEMO/SYNTHETIC - NOT REAL GOVERNMENT DATA
CSE-TELECOM-05,ALT-TELECOM-2025-02133,2025-Q4,2025-12-08T11:07:00,LOW,DDOS_ATTACK,SIEM-SENSOR-TELECOM,AST-TELECOM-022,2025-12-08T11:09:00,2025-12-08T12:00:00,2025-12-08T17:00:00,FALSE_POSITIVE,False,,ANALYST_PATEL,True,True,True,CLOSED,DEMO/SYNTHETIC - NOT REAL GOVERNMENT DATA
CSE-TELECOM-05,ALT-TELECOM-2025-02134,2025-Q4,2025-12-16T01:17:00,HIGH,DATA_EXFILTRATION,SIEM-SENSOR-TELECOM,AST-TELECOM-103,2025-12-16T01:32:00,2025-12-16T02:01:00,2025-12-16T05:01:00,FALSE_POSITIVE,False,,ANALYST_SHARMA,True,True,True,CLOSED,DEMO/SYNTHETIC - NOT REAL GOVERNMENT DATA
CSE-TELECOM-05,ALT-TELECOM-2025-02135,2025-Q4,2025-11-29T22:53:00,LOW,MALWARE,SIEM-SENSOR-TELECOM,AST-TELECOM-111,2025-11-29T22:55:00,2025-11-29T23:36:00,2025-11-30T03:36:00,FALSE_POSITIVE,False,,ANALYST_SHARMA,True,True,True,CLOSED,DEMO/SYNTHETIC - NOT REAL GOVERNMENT DATA
CSE-TELECOM-05,ALT-TELECOM-2025-02136,2025-Q4,2025-10-05T05:46:00,MEDIUM,MALWARE,SIEM-SENSOR-TELECOM,AST-TELECOM-078,2025-10-05T05:59:00,2025-10-05T06:40:00,2025-10-05T12:40:00,FALSE_POSITIVE,True,2025-10-05T07:10:00,ANALYST_SINGH,True,True,True,CLOSED,DEMO/SYNTHETIC - NOT REAL GOVERNMENT DATA
CSE-TELECOM-05,ALT-TELECOM-2025-02137,2025-Q4,2025-12-07T18:20:00,MEDIUM,SCADA_COMMAND_ANOMALY,SIEM-SENSOR-TELECOM,AST-TELECOM-103,2025-12-07T18:40:00,2025-12-07T19:13:00,2025-12-08T03:13:00,FALSE_POSITIVE,True,2025-12-07T19:43:00,ANALYST_RAO,True,True,True,CLOSED,DEMO/SYNTHETIC - NOT REAL GOVERNMENT DATA
CSE-TELECOM-05,ALT-TELECOM-2025-02138,2025-Q4,2025-11-05T11:12:00,LOW,BRUTE_FORCE,SIEM-SENSOR-TELECOM,AST-TELECOM-011,2025-11-05T11:21:00,2025-11-05T12:15:00,2025-11-05T16:15:00,FALSE_POSITIVE,False,,ANALYST_VERMA,True,True,True,CLOSED,DEMO/SYNTHETIC - NOT REAL GOVERNMENT DATA
CSE-TELECOM-05,ALT-TELECOM-2025-02139,2025-Q4,2025-11-08T09:16:00,HIGH,RANSOMWARE,SIEM-SENSOR-TELECOM,AST-TELECOM-113,2025-11-08T09:30:00,2025-11-08T09:52:00,2025-11-08T15:52:00,FALSE_POSITIVE,False,,ANALYST_VERMA,True,True,True,CLOSED,DEMO/SYNTHETIC - NOT REAL GOVERNMENT DATA
CSE-TELECOM-05,ALT-TELECOM-2025-02140,2025-Q4,2025-10-08T16:21:00,MEDIUM,RANSOMWARE,SIEM-SENSOR-TELECOM,AST-TELECOM-120,2025-10-08T16:32:00,2025-10-08T17:20:00,2025-10-08T22:20:00,FALSE_POSITIVE,False,,ANALYST_PATEL,True,True,True,CLOSED,DEMO/SYNTHETIC - NOT REAL GOVERNMENT DATA
CSE-TELECOM-05,ALT-TELECOM-2025-02141,2025-Q4,2025-10-28T20:16:00,HIGH,UNAUTHORIZED_ACCESS,SIEM-SENSOR-TELECOM,AST-TELECOM-004,2025-10-28T20:27:00,2025-10-28T21:24:00,2025-10-29T00:24:00,FALSE_POSITIVE,False,,ANALYST_VERMA,True,True,True,CLOSED,DEMO/SYNTHETIC - NOT REAL GOVERNMENT DATA
CSE-TELECOM-05,ALT-TELECOM-2025-02142,2025-Q4,2025-12-08T10:10:00,LOW,DATA_EXFILTRATION,SIEM-SENSOR-TELECOM,AST-TELECOM-103,2025-12-08T10:22:00,2025-12-08T10:46:00,2025-12-08T18:46:00,FALSE_POSITIVE,False,,ANALYST_SHARMA,True,True,True,CLOSED,DEMO/SYNTHETIC - NOT REAL GOVERNMENT DATA
CSE-TELECOM-05,ALT-TELECOM-2025-02143,2025-Q4,2025-10-15T13:31:00,MEDIUM,UNAUTHORIZED_ACCESS,SIEM-SENSOR-TELECOM,AST-TELECOM-105,2025-10-15T13:35:00,2025-10-15T13:56:00,2025-10-15T18:56:00,FALSE_POSITIVE,False,,ANALYST_SHARMA,True,True,True,CLOSED,DEMO/SYNTHETIC - NOT REAL GOVERNMENT DATA
CSE-TELECOM-05,ALT-TELECOM-2025-02144,2025-Q4,2025-11-10T16:56:00,MEDIUM,SCADA_COMMAND_ANOMALY,SIEM-SENSOR-TELECOM,AST-TELECOM-041,2025-11-10T17:02:00,2025-11-10T17:45:00,2025-11-11T01:45:00,FALSE_POSITIVE,False,,ANALYST_RAO,True,True,True,CLOSED,DEMO/SYNTHETIC - NOT REAL GOVERNMENT DATA
CSE-TELECOM-05,ALT-TELECOM-2025-02145,2025-Q4,2025-12-13T06:35:00,LOW,DATA_EXFILTRATION,SIEM-SENSOR-TELECOM,AST-TELECOM-011,2025-12-13T06:46:00,2025-12-13T07:46:00,2025-12-13T11:46:00,FALSE_POSITIVE,True,2025-12-13T08:16:00,ANALYST_RAO,True,True,True,CLOSED,DEMO/SYNTHETIC - NOT REAL GOVERNMENT DATA
CSE-TELECOM-05,ALT-TELECOM-2025-02146,2025-Q4,2025-12-13T17:25:00,HIGH,RANSOMWARE,SIEM-SENSOR-TELECOM,AST-TELECOM-065,2025-12-13T17:39:00,2025-12-13T18:37:00,2025-12-14T02:37:00,FALSE_POSITIVE,True,2025-12-13T19:07:00,ANALYST_SINGH,True,True,True,CLOSED,DEMO/SYNTHETIC - NOT REAL GOVERNMENT DATA
CSE-TELECOM-05,ALT-TELECOM-2025-02147,2025-Q4,2025-10-16T08:18:00,MEDIUM,DDOS_ATTACK,SIEM-SENSOR-TELECOM,AST-TELECOM-012,2025-10-16T08:32:00,2025-10-16T09:13:00,2025-10-16T12:13:00,FALSE_POSITIVE,True,2025-10-16T09:43:00,ANALYST_VERMA,True,True,True,CLOSED,DEMO/SYNTHETIC - NOT REAL GOVERNMENT DATA
CSE-TELECOM-05,ALT-TELECOM-2025-02148,2025-Q4,2025-10-29T02:22:00,MEDIUM,RANSOMWARE,SIEM-SENSOR-TELECOM,AST-TELECOM-006,2025-10-29T02:24:00,2025-10-29T03:13:00,2025-10-29T09:13:00,FALSE_POSITIVE,False,,ANALYST_SINGH,True,True,True,CLOSED,DEMO/SYNTHETIC - NOT REAL GOVERNMENT DATA
CSE-TELECOM-05,ALT-TELECOM-2025-02149,2025-Q4,2025-10-06T09:45:00,MEDIUM,POLICY_VIOLATION,SIEM-SENSOR-TELECOM,AST-TELECOM-109,2025-10-06T09:49:00,2025-10-06T10:31:00,2025-10-06T12:31:00,FALSE_POSITIVE,False,,ANALYST_SHARMA,True,True,True,CLOSED,DEMO/SYNTHETIC - NOT REAL GOVERNMENT DATA
CSE-TELECOM-05,ALT-TELECOM-2025-02150,2025-Q4,2025-10-29T07:59:00,LOW,PRIVILEGE_ESCALATION,SIEM-SENSOR-TELECOM,AST-TELECOM-019,2025-10-29T08:17:00,2025-10-29T08:46:00,2025-10-29T14:46:00,FALSE_POSITIVE,False,,ANALYST_VERMA,True,True,True,CLOSED,DEMO/SYNTHETIC - NOT REAL GOVERNMENT DATA
CSE-TELECOM-05,ALT-TELECOM-2025-02151,2025-Q4,2025-11-14T08:48:00,CRITICAL,RANSOMWARE,SIEM-SENSOR-TELECOM,AST-TELECOM-052,2025-11-14T09:07:00,2025-11-14T10:00:00,2025-11-14T12:00:00,FALSE_POSITIVE,False,,ANALYST_SINGH,True,True,True,CLOSED,DEMO/SYNTHETIC - NOT REAL GOVERNMENT DATA
CSE-TELECOM-05,ALT-TELECOM-2025-02152,2025-Q4,2025-12-02T22:19:00,HIGH,PRIVILEGE_ESCALATION,SIEM-SENSOR-TELECOM,AST-TELECOM-007,2025-12-02T22:30:00,2025-12-02T23:04:00,2025-12-03T05:04:00,FALSE_POSITIVE,False,,ANALYST_SINGH,True,True,True,CLOSED,DEMO/SYNTHETIC - NOT REAL GOVERNMENT DATA
CSE-TELECOM-05,ALT-TELECOM-2025-02153,2025-Q4,2025-10-06T06:38:00,MEDIUM,UNAUTHORIZED_ACCESS,SIEM-SENSOR-TELECOM,AST-TELECOM-015,2025-10-06T06:56:00,2025-10-06T07:43:00,2025-10-06T12:43:00,FALSE_POSITIVE,False,,ANALYST_SINGH,True,True,True,CLOSED,DEMO/SYNTHETIC - NOT REAL GOVERNMENT DATA
CSE-TELECOM-05,ALT-TELECOM-2025-02154,2025-Q4,2025-10-01T01:49:00,HIGH,PRIVILEGE_ESCALATION,SIEM-SENSOR-TELECOM,AST-TELECOM-124,2025-10-01T01:52:00,2025-10-01T02:26:00,2025-10-01T07:26:00,FALSE_POSITIVE,False,,ANALYST_SINGH,True,True,True,CLOSED,DEMO/SYNTHETIC - NOT REAL GOVERNMENT DATA
CSE-TELECOM-05,ALT-TELECOM-2025-02155,2025-Q4,2025-10-27T06:24:00,CRITICAL,MALWARE,SIEM-SENSOR-TELECOM,AST-TELECOM-065,2025-10-27T06:34:00,2025-10-27T06:59:00,2025-10-27T10:59:00,FALSE_POSITIVE,False,,ANALYST_SINGH,True,True,True,CLOSED,DEMO/SYNTHETIC - NOT REAL GOVERNMENT DATA
CSE-TELECOM-05,ALT-TELECOM-2025-02156,2025-Q4,2025-10-12T13:47:00,HIGH,PRIVILEGE_ESCALATION,SIEM-SENSOR-TELECOM,AST-TELECOM-112,2025-10-12T13:51:00,2025-10-12T14:28:00,2025-10-12T20:28:00,FALSE_POSITIVE,False,,ANALYST_SINGH,True,True,True,CLOSED,DEMO/SYNTHETIC - NOT REAL GOVERNMENT DATA
CSE-TELECOM-05,ALT-TELECOM-2025-02157,2025-Q4,2025-10-21T22:16:00,MEDIUM,DDOS_ATTACK,SIEM-SENSOR-TELECOM,AST-TELECOM-078,2025-10-21T22:28:00,2025-10-21T22:52:00,2025-10-22T03:52:00,FALSE_POSITIVE,False,,ANALYST_PATEL,True,True,True,CLOSED,DEMO/SYNTHETIC - NOT REAL GOVERNMENT DATA
CSE-TELECOM-05,ALT-TELECOM-2025-02158,2025-Q4,2025-11-16T23:31:00,MEDIUM,UNAUTHORIZED_ACCESS,SIEM-SENSOR-TELECOM,AST-TELECOM-100,2025-11-16T23:41:00,2025-11-17T00:26:00,2025-11-17T02:26:00,FALSE_POSITIVE,True,2025-11-17T00:56:00,ANALYST_SHARMA,True,True,True,CLOSED,DEMO/SYNTHETIC - NOT REAL GOVERNMENT DATA
CSE-TELECOM-05,ALT-TELECOM-2025-02159,2025-Q4,2025-10-12T19:24:00,HIGH,UNAUTHORIZED_ACCESS,SIEM-SENSOR-TELECOM,AST-TELECOM-016,2025-10-12T19:30:00,2025-10-12T20:10:00,2025-10-13T01:10:00,FALSE_POSITIVE,False,,ANALYST_PATEL,True,True,True,CLOSED,DEMO/SYNTHETIC - NOT REAL GOVERNMENT DATA
CSE-TELECOM-05,ALT-TELECOM-2025-02160,2025-Q4,2025-10-26T21:21:00,LOW,DDOS_ATTACK,SIEM-SENSOR-TELECOM,AST-TELECOM-033,2025-10-26T21:39:00,2025-10-26T22:14:00,2025-10-27T05:14:00,FALSE_POSITIVE,False,,ANALYST_SINGH,True,True,True,CLOSED,DEMO/SYNTHETIC - NOT REAL GOVERNMENT DATA
CSE-TELECOM-05,ALT-TELECOM-2025-02161,2025-Q4,2025-12-01T15:24:00,HIGH,UNAUTHORIZED_ACCESS,SIEM-SENSOR-TELECOM,AST-TELECOM-035,2025-12-01T15:35:00,2025-12-01T16:25:00,2025-12-02T00:25:00,FALSE_POSITIVE,True,2025-12-01T16:55:00,ANALYST_VERMA,True,True,True,CLOSED,DEMO/SYNTHETIC - NOT REAL GOVERNMENT DATA
CSE-TELECOM-05,ALT-TELECOM-2025-02162,2025-Q4,2025-11-14T03:56:00,HIGH,DATA_EXFILTRATION,SIEM-SENSOR-TELECOM,AST-TELECOM-002,2025-11-14T04:15:00,2025-11-14T04:45:00,2025-11-14T09:45:00,FALSE_POSITIVE,False,,ANALYST_VERMA,True,True,True,CLOSED,DEMO/SYNTHETIC - NOT REAL GOVERNMENT DATA
CSE-TELECOM-05,ALT-TELECOM-2025-02163,2025-Q4,2025-11-25T10:11:00,MEDIUM,DDOS_ATTACK,SIEM-SENSOR-TELECOM,AST-TELECOM-123,2025-11-25T10:25:00,2025-11-25T10:56:00,2025-11-25T15:56:00,FALSE_POSITIVE,False,,ANALYST_RAO,True,True,True,CLOSED,DEMO/SYNTHETIC - NOT REAL GOVERNMENT DATA
CSE-TELECOM-05,ALT-TELECOM-2025-02164,2025-Q4,2025-11-03T00:14:00,MEDIUM,SCADA_COMMAND_ANOMALY,SIEM-SENSOR-TELECOM,AST-TELECOM-064,2025-11-03T00:30:00,2025-11-03T01:13:00,2025-11-03T07:13:00,FALSE_POSITIVE,False,,ANALYST_PATEL,True,True,True,CLOSED,DEMO/SYNTHETIC - NOT REAL GOVERNMENT DATA
CSE-TELECOM-05,ALT-TELECOM-2025-02165,2025-Q4,2025-11-08T20:10:00,HIGH,UNAUTHORIZED_ACCESS,SIEM-SENSOR-TELECOM,AST-TELECOM-068,2025-11-08T20:13:00,2025-11-08T20:54:00,2025-11-09T00:54:00,FALSE_POSITIVE,False,,ANALYST_SINGH,True,True,True,CLOSED,DEMO/SYNTHETIC - NOT REAL GOVERNMENT DATA
CSE-TELECOM-05,ALT-TELECOM-2025-02166,2025-Q4,2025-12-03T12:22:00,MEDIUM,RANSOMWARE,SIEM-SENSOR-TELECOM,AST-TELECOM-003,2025-12-03T12:41:00,2025-12-03T13:30:00,2025-12-03T18:30:00,FALSE_POSITIVE,False,,ANALYST_SHARMA,True,True,True,CLOSED,DEMO/SYNTHETIC - NOT REAL GOVERNMENT DATA
CSE-TELECOM-05,ALT-TELECOM-2025-02167,2025-Q4,2025-10-22T14:03:00,HIGH,RANSOMWARE,SIEM-SENSOR-TELECOM,AST-TELECOM-085,2025-10-22T14:21:00,2025-10-22T15:09:00,2025-10-22T17:09:00,FALSE_POSITIVE,False,,ANALYST_VERMA,True,True,True,CLOSED,DEMO/SYNTHETIC - NOT REAL GOVERNMENT DATA
CSE-TELECOM-05,ALT-TELECOM-2025-02168,2025-Q4,2025-11-15T22:33:00,HIGH,DATA_EXFILTRATION,SIEM-SENSOR-TELECOM,AST-TELECOM-058,2025-11-15T22:39:00,2025-11-15T23:36:00,2025-11-16T05:36:00,FALSE_POSITIVE,False,,ANALYST_SHARMA,True,True,True,CLOSED,DEMO/SYNTHETIC - NOT REAL GOVERNMENT DATA
CSE-TELECOM-05,ALT-TELECOM-2025-02169,2025-Q4,2025-11-29T22:15:00,MEDIUM,DATA_EXFILTRATION,SIEM-SENSOR-TELECOM,AST-TELECOM-070,2025-11-29T22:25:00,2025-11-29T22:48:00,2025-11-30T01:48:00,FALSE_POSITIVE,False,,ANALYST_VERMA,True,True,True,CLOSED,DEMO/SYNTHETIC - NOT REAL GOVERNMENT DATA
CSE-TELECOM-05,ALT-TELECOM-2025-02170,2025-Q4,2025-11-03T17:48:00,CRITICAL,DDOS_ATTACK,SIEM-SENSOR-TELECOM,AST-TELECOM-099,2025-11-03T18:07:00,2025-11-03T19:07:00,2025-11-04T01:07:00,FALSE_POSITIVE,True,2025-11-03T19:37:00,ANALYST_PATEL,True,True,True,CLOSED,DEMO/SYNTHETIC - NOT REAL GOVERNMENT DATA
CSE-TELECOM-05,ALT-TELECOM-2025-02171,2025-Q4,2025-11-27T12:12:00,LOW,DATA_EXFILTRATION,SIEM-SENSOR-TELECOM,AST-TELECOM-045,2025-11-27T12:19:00,2025-11-27T12:58:00,2025-11-27T17:58:00,FALSE_POSITIVE,False,,ANALYST_SINGH,True,True,True,CLOSED,DEMO/SYNTHETIC - NOT REAL GOVERNMENT DATA
CSE-TELECOM-05,ALT-TELECOM-2025-02172,2025-Q4,2025-11-14T14:35:00,MEDIUM,POLICY_VIOLATION,SIEM-SENSOR-TELECOM,AST-TELECOM-022,2025-11-14T14:50:00,2025-11-14T15:17:00,2025-11-14T23:17:00,FALSE_POSITIVE,False,,ANALYST_RAO,True,True,True,CLOSED,DEMO/SYNTHETIC - NOT REAL GOVERNMENT DATA
CSE-TELECOM-05,ALT-TELECOM-2025-02173,2025-Q4,2025-12-02T06:24:00,LOW,BRUTE_FORCE,SIEM-SENSOR-TELECOM,AST-TELECOM-061,2025-12-02T06:41:00,2025-12-02T07:13:00,2025-12-02T09:13:00,FALSE_POSITIVE,False,,ANALYST_PATEL,True,True,True,CLOSED,DEMO/SYNTHETIC - NOT REAL GOVERNMENT DATA
CSE-TELECOM-05,ALT-TELECOM-2025-02174,2025-Q4,2025-10-28T02:36:00,MEDIUM,BRUTE_FORCE,SIEM-SENSOR-TELECOM,AST-TELECOM-102,2025-10-28T02:51:00,2025-10-28T03:18:00,2025-10-28T08:18:00,FALSE_POSITIVE,True,2025-10-28T03:48:00,ANALYST_SINGH,True,True,True,CLOSED,DEMO/SYNTHETIC - NOT REAL GOVERNMENT DATA
CSE-TELECOM-05,ALT-TELECOM-2025-02175,2025-Q4,2025-11-20T19:46:00,MEDIUM,DDOS_ATTACK,SIEM-SENSOR-TELECOM,AST-TELECOM-123,2025-11-20T19:53:00,2025-11-20T20:17:00,2025-11-21T02:17:00,FALSE_POSITIVE,True,2025-11-20T20:47:00,ANALYST_SINGH,True,True,True,CLOSED,DEMO/SYNTHETIC - NOT REAL GOVERNMENT DATA
CSE-TELECOM-05,ALT-TELECOM-2025-02176,2025-Q4,2025-12-12T20:40:00,HIGH,DATA_EXFILTRATION,SIEM-SENSOR-TELECOM,AST-TELECOM-127,2025-12-12T20:59:00,2025-12-12T21:46:00,2025-12-13T02:46:00,FALSE_POSITIVE,True,2025-12-12T22:16:00,ANALYST_SINGH,True,True,True,CLOSED,DEMO/SYNTHETIC - NOT REAL GOVERNMENT DATA
CSE-TELECOM-05,ALT-TELECOM-2025-02177,2025-Q4,2025-11-28T03:25:00,LOW,BRUTE_FORCE,SIEM-SENSOR-TELECOM,AST-TELECOM-069,2025-11-28T03:45:00,2025-11-28T04:27:00,2025-11-28T09:27:00,FALSE_POSITIVE,False,,ANALYST_PATEL,True,True,True,CLOSED,DEMO/SYNTHETIC - NOT REAL GOVERNMENT DATA
CSE-TELECOM-05,ALT-TELECOM-2025-02178,2025-Q4,2025-12-08T11:44:00,HIGH,PRIVILEGE_ESCALATION,SIEM-SENSOR-TELECOM,AST-TELECOM-039,2025-12-08T12:02:00,2025-12-08T12:25:00,2025-12-08T14:25:00,FALSE_POSITIVE,False,,ANALYST_PATEL,True,True,True,CLOSED,DEMO/SYNTHETIC - NOT REAL GOVERNMENT DATA
CSE-TELECOM-05,ALT-TELECOM-2025-02179,2025-Q4,2025-10-25T09:48:00,CRITICAL,POLICY_VIOLATION,SIEM-SENSOR-TELECOM,AST-TELECOM-062,2025-10-25T10:00:00,2025-10-25T10:37:00,2025-10-25T13:37:00,FALSE_POSITIVE,False,,ANALYST_RAO,True,True,True,CLOSED,DEMO/SYNTHETIC - NOT REAL GOVERNMENT DATA
CSE-TELECOM-05,ALT-TELECOM-2025-02180,2025-Q4,2025-12-01T03:04:00,HIGH,PRIVILEGE_ESCALATION,SIEM-SENSOR-TELECOM,AST-TELECOM-048,2025-12-01T03:08:00,2025-12-01T04:03:00,2025-12-01T06:03:00,FALSE_POSITIVE,False,,ANALYST_VERMA,True,True,True,CLOSED,DEMO/SYNTHETIC - NOT REAL GOVERNMENT DATA
CSE-TELECOM-05,ALT-TELECOM-2025-02181,2025-Q4,2025-11-12T02:28:00,CRITICAL,UNAUTHORIZED_ACCESS,SIEM-SENSOR-TELECOM,AST-TELECOM-116,2025-11-12T02:43:00,2025-11-12T03:32:00,2025-11-12T08:32:00,FALSE_POSITIVE,False,,ANALYST_SHARMA,True,True,True,CLOSED,DEMO/SYNTHETIC - NOT REAL GOVERNMENT DATA
CSE-TELECOM-05,ALT-TELECOM-2025-02182,2025-Q4,2025-12-17T06:52:00,LOW,RANSOMWARE,SIEM-SENSOR-TELECOM,AST-TELECOM-025,2025-12-17T07:03:00,2025-12-17T07:43:00,2025-12-17T10:43:00,FALSE_POSITIVE,False,,ANALYST_SINGH,True,True,True,CLOSED,DEMO/SYNTHETIC - NOT REAL GOVERNMENT DATA
CSE-TELECOM-05,ALT-TELECOM-2025-02183,2025-Q4,2025-11-07T05:22:00,HIGH,UNAUTHORIZED_ACCESS,SIEM-SENSOR-TELECOM,AST-TELECOM-058,2025-11-07T05:31:00,2025-11-07T06:06:00,2025-11-07T13:06:00,FALSE_POSITIVE,False,,ANALYST_RAO,True,True,True,CLOSED,DEMO/SYNTHETIC - NOT REAL GOVERNMENT DATA
CSE-TELECOM-05,ALT-TELECOM-2025-02184,2025-Q4,2025-10-23T23:05:00,CRITICAL,MALWARE,SIEM-SENSOR-TELECOM,AST-TELECOM-087,2025-10-23T23:19:00,2025-10-24T00:07:00,2025-10-24T04:07:00,FALSE_POSITIVE,False,,ANALYST_RAO,True,True,True,CLOSED,DEMO/SYNTHETIC - NOT REAL GOVERNMENT DATA
CSE-TELECOM-05,ALT-TELECOM-2025-02185,2025-Q4,2025-12-16T02:18:00,MEDIUM,PRIVILEGE_ESCALATION,SIEM-SENSOR-TELECOM,AST-TELECOM-115,2025-12-16T02:21:00,2025-12-16T02:55:00,2025-12-16T04:55:00,FALSE_POSITIVE,False,,ANALYST_SINGH,True,True,True,CLOSED,DEMO/SYNTHETIC - NOT REAL GOVERNMENT DATA
CSE-TELECOM-05,ALT-TELECOM-2025-02186,2025-Q4,2025-11-16T13:34:00,MEDIUM,MALWARE,SIEM-SENSOR-TELECOM,AST-TELECOM-095,2025-11-16T13:42:00,2025-11-16T14:13:00,2025-11-16T16:13:00,FALSE_POSITIVE,True,2025-11-16T14:43:00,ANALYST_PATEL,True,True,True,CLOSED,DEMO/SYNTHETIC - NOT REAL GOVERNMENT DATA
CSE-TELECOM-05,ALT-TELECOM-2025-02187,2025-Q4,2025-10-28T10:19:00,MEDIUM,RANSOMWARE,SIEM-SENSOR-TELECOM,AST-TELECOM-102,2025-10-28T10:37:00,2025-10-28T11:29:00,2025-10-28T18:29:00,FALSE_POSITIVE,False,,ANALYST_SINGH,True,True,True,CLOSED,DEMO/SYNTHETIC - NOT REAL GOVERNMENT DATA
CSE-TELECOM-05,ALT-TELECOM-2025-02188,2025-Q4,2025-11-25T16:27:00,HIGH,DATA_EXFILTRATION,SIEM-SENSOR-TELECOM,AST-TELECOM-080,2025-11-25T16:47:00,2025-11-25T17:39:00,2025-11-25T19:39:00,FALSE_POSITIVE,True,2025-11-25T18:09:00,ANALYST_RAO,True,True,True,CLOSED,DEMO/SYNTHETIC - NOT REAL GOVERNMENT DATA
CSE-TELECOM-05,ALT-TELECOM-2025-02189,2025-Q4,2025-11-21T06:48:00,HIGH,DDOS_ATTACK,SIEM-SENSOR-TELECOM,AST-TELECOM-115,2025-11-21T07:08:00,2025-11-21T07:36:00,2025-11-21T14:36:00,FALSE_POSITIVE,True,2025-11-21T08:06:00,ANALYST_VERMA,True,True,True,CLOSED,DEMO/SYNTHETIC - NOT REAL GOVERNMENT DATA
CSE-TELECOM-05,ALT-TELECOM-2025-02190,2025-Q4,2025-10-03T08:08:00,LOW,DATA_EXFILTRATION,SIEM-SENSOR-TELECOM,AST-TELECOM-038,2025-10-03T08:14:00,2025-10-03T08:38:00,2025-10-03T10:38:00,FALSE_POSITIVE,False,,ANALYST_PATEL,True,True,True,CLOSED,DEMO/SYNTHETIC - NOT REAL GOVERNMENT DATA
CSE-TELECOM-05,ALT-TELECOM-2025-02191,2025-Q4,2025-11-27T08:13:00,MEDIUM,PRIVILEGE_ESCALATION,SIEM-SENSOR-TELECOM,AST-TELECOM-013,2025-11-27T08:30:00,2025-11-27T09:24:00,2025-11-27T12:24:00,FALSE_POSITIVE,True,2025-11-27T09:54:00,ANALYST_SINGH,True,True,True,CLOSED,DEMO/SYNTHETIC - NOT REAL GOVERNMENT DATA
CSE-TELECOM-05,ALT-TELECOM-2025-02192,2025-Q4,2025-10-27T16:30:00,HIGH,BRUTE_FORCE,SIEM-SENSOR-TELECOM,AST-TELECOM-025,2025-10-27T16:32:00,2025-10-27T17:05:00,2025-10-27T23:05:00,FALSE_POSITIVE,True,2025-10-27T17:35:00,ANALYST_VERMA,True,True,True,CLOSED,DEMO/SYNTHETIC - NOT REAL GOVERNMENT DATA
CSE-TELECOM-05,ALT-TELECOM-2025-02193,2025-Q4,2025-12-15T19:32:00,HIGH,UNAUTHORIZED_ACCESS,SIEM-SENSOR-TELECOM,AST-TELECOM-027,2025-12-15T19:34:00,2025-12-15T20:17:00,2025-12-16T02:17:00,FALSE_POSITIVE,False,,ANALYST_RAO,True,True,True,CLOSED,DEMO/SYNTHETIC - NOT REAL GOVERNMENT DATA
CSE-TELECOM-05,ALT-TELECOM-2025-02194,2025-Q4,2025-11-08T15:27:00,CRITICAL,SCADA_COMMAND_ANOMALY,SIEM-SENSOR-TELECOM,AST-TELECOM-016,2025-11-08T15:45:00,2025-11-08T16:07:00,2025-11-08T19:07:00,FALSE_POSITIVE,True,2025-11-08T16:37:00,ANALYST_SINGH,True,True,True,CLOSED,DEMO/SYNTHETIC - NOT REAL GOVERNMENT DATA
CSE-TELECOM-05,ALT-TELECOM-2025-02195,2025-Q4,2025-10-04T00:55:00,LOW,DATA_EXFILTRATION,SIEM-SENSOR-TELECOM,AST-TELECOM-108,2025-10-04T00:57:00,2025-10-04T01:22:00,2025-10-04T09:22:00,FALSE_POSITIVE,False,,ANALYST_PATEL,True,True,True,CLOSED,DEMO/SYNTHETIC - NOT REAL GOVERNMENT DATA
CSE-TELECOM-05,ALT-TELECOM-2025-02196,2025-Q4,2025-11-05T06:58:00,HIGH,UNAUTHORIZED_ACCESS,SIEM-SENSOR-TELECOM,AST-TELECOM-092,2025-11-05T07:08:00,2025-11-05T07:40:00,2025-11-05T10:40:00,FALSE_POSITIVE,True,2025-11-05T08:10:00,ANALYST_SINGH,True,True,True,CLOSED,DEMO/SYNTHETIC - NOT REAL GOVERNMENT DATA
CSE-TELECOM-05,ALT-TELECOM-2025-02197,2025-Q4,2025-10-14T03:58:00,LOW,DATA_EXFILTRATION,SIEM-SENSOR-TELECOM,AST-TELECOM-086,2025-10-14T04:04:00,2025-10-14T05:00:00,2025-10-14T07:00:00,FALSE_POSITIVE,False,,ANALYST_PATEL,True,True,True,CLOSED,DEMO/SYNTHETIC - NOT REAL GOVERNMENT DATA
CSE-TELECOM-05,ALT-TELECOM-2025-02198,2025-Q4,2025-10-14T19:24:00,LOW,UNAUTHORIZED_ACCESS,SIEM-SENSOR-TELECOM,AST-TELECOM-018,2025-10-14T19:38:00,2025-10-14T20:16:00,2025-10-14T22:16:00,FALSE_POSITIVE,False,,ANALYST_VERMA,True,True,True,CLOSED,DEMO/SYNTHETIC - NOT REAL GOVERNMENT DATA
CSE-TELECOM-05,ALT-TELECOM-2025-02199,2025-Q4,2025-12-12T04:01:00,LOW,PRIVILEGE_ESCALATION,SIEM-SENSOR-TELECOM,AST-TELECOM-078,2025-12-12T04:09:00,2025-12-12T04:54:00,2025-12-12T06:54:00,FALSE_POSITIVE,False,,ANALYST_PATEL,True,True,True,CLOSED,DEMO/SYNTHETIC - NOT REAL GOVERNMENT DATA
CSE-TELECOM-05,ALT-TELECOM-2025-02200,2025-Q4,2025-10-10T13:52:00,MEDIUM,BRUTE_FORCE,SIEM-SENSOR-TELECOM,AST-TELECOM-022,2025-10-10T14:00:00,2025-10-10T14:46:00,2025-10-10T16:46:00,FALSE_POSITIVE,False,,ANALYST_RAO,True,True,True,CLOSED,DEMO/SYNTHETIC - NOT REAL GOVERNMENT DATA
CSE-TELECOM-05,ALT-TELECOM-2025-02201,2025-Q4,2025-12-17T09:23:00,MEDIUM,RANSOMWARE,SIEM-SENSOR-TELECOM,AST-TELECOM-069,2025-12-17T09:40:00,2025-12-17T10:13:00,2025-12-17T13:13:00,FALSE_POSITIVE,True,2025-12-17T10:43:00,ANALYST_PATEL,True,True,True,CLOSED,DEMO/SYNTHETIC - NOT REAL GOVERNMENT DATA
CSE-TELECOM-05,ALT-TELECOM-2025-02202,2025-Q4,2025-11-22T01:07:00,MEDIUM,PRIVILEGE_ESCALATION,SIEM-SENSOR-TELECOM,AST-TELECOM-052,2025-11-22T01:20:00,2025-11-22T01:54:00,2025-11-22T04:54:00,FALSE_POSITIVE,False,,ANALYST_SHARMA,True,True,True,CLOSED,DEMO/SYNTHETIC - NOT REAL GOVERNMENT DATA
CSE-TELECOM-05,ALT-TELECOM-2025-02203,2025-Q4,2025-11-25T23:11:00,LOW,SCADA_COMMAND_ANOMALY,SIEM-SENSOR-TELECOM,AST-TELECOM-005,2025-11-25T23:28:00,2025-11-25T23:50:00,2025-11-26T03:50:00,FALSE_POSITIVE,False,,ANALYST_RAO,True,True,True,CLOSED,DEMO/SYNTHETIC - NOT REAL GOVERNMENT DATA
CSE-TELECOM-05,ALT-TELECOM-2025-02204,2025-Q4,2025-11-12T10:22:00,LOW,BRUTE_FORCE,SIEM-SENSOR-TELECOM,AST-TELECOM-104,2025-11-12T10:30:00,2025-11-12T11:00:00,2025-11-12T18:00:00,FALSE_POSITIVE,False,,ANALYST_PATEL,True,True,True,CLOSED,DEMO/SYNTHETIC - NOT REAL GOVERNMENT DATA
CSE-TELECOM-05,ALT-TELECOM-2025-02205,2025-Q4,2025-11-27T21:50:00,HIGH,BRUTE_FORCE,SIEM-SENSOR-TELECOM,AST-TELECOM-053,2025-11-27T21:58:00,2025-11-27T22:54:00,2025-11-28T00:54:00,FALSE_POSITIVE,False,,ANALYST_RAO,True,True,True,CLOSED,DEMO/SYNTHETIC - NOT REAL GOVERNMENT DATA
CSE-TELECOM-05,ALT-TELECOM-2025-02206,2025-Q4,2025-10-31T16:41:00,MEDIUM,BRUTE_FORCE,SIEM-SENSOR-TELECOM,AST-TELECOM-102,2025-10-31T16:58:00,2025-10-31T17:46:00,2025-11-01T00:46:00,FALSE_POSITIVE,True,2025-10-31T18:16:00,ANALYST_SINGH,True,True,True,CLOSED,DEMO/SYNTHETIC - NOT REAL GOVERNMENT DATA
CSE-TELECOM-05,ALT-TELECOM-2025-02207,2025-Q4,2025-11-16T04:04:00,LOW,PRIVILEGE_ESCALATION,SIEM-SENSOR-TELECOM,AST-TELECOM-130,2025-11-16T04:22:00,2025-11-16T04:44:00,2025-11-16T08:44:00,FALSE_POSITIVE,False,,ANALYST_SINGH,True,True,True,CLOSED,DEMO/SYNTHETIC - NOT REAL GOVERNMENT DATA
CSE-TELECOM-05,ALT-TELECOM-2025-02208,2025-Q4,2025-11-03T04:37:00,CRITICAL,SCADA_COMMAND_ANOMALY,SIEM-SENSOR-TELECOM,AST-TELECOM-037,2025-11-03T04:56:00,2025-11-03T05:56:00,2025-11-03T09:56:00,FALSE_POSITIVE,False,,ANALYST_RAO,True,True,True,CLOSED,DEMO/SYNTHETIC - NOT REAL GOVERNMENT DATA
CSE-TELECOM-05,ALT-TELECOM-2025-02209,2025-Q4,2025-10-26T19:45:00,LOW,SCADA_COMMAND_ANOMALY,SIEM-SENSOR-TELECOM,AST-TELECOM-012,2025-10-26T20:02:00,2025-10-26T20:23:00,2025-10-26T23:23:00,FALSE_POSITIVE,False,,ANALYST_VERMA,True,True,True,CLOSED,DEMO/SYNTHETIC - NOT REAL GOVERNMENT DATA
CSE-TELECOM-05,ALT-TELECOM-2025-02210,2025-Q4,2025-10-11T04:03:00,MEDIUM,SCADA_COMMAND_ANOMALY,SIEM-SENSOR-TELECOM,AST-TELECOM-105,2025-10-11T04:14:00,2025-10-11T05:07:00,2025-10-11T09:07:00,FALSE_POSITIVE,False,,ANALYST_PATEL,True,True,True,CLOSED,DEMO/SYNTHETIC - NOT REAL GOVERNMENT DATA
CSE-TELECOM-05,ALT-TELECOM-2025-02211,2025-Q4,2025-11-02T16:29:00,LOW,BRUTE_FORCE,SIEM-SENSOR-TELECOM,AST-TELECOM-049,2025-11-02T16:31:00,2025-11-02T17:28:00,2025-11-02T21:28:00,FALSE_POSITIVE,False,,ANALYST_RAO,True,True,True,CLOSED,DEMO/SYNTHETIC - NOT REAL GOVERNMENT DATA
CSE-TELECOM-05,ALT-TELECOM-2025-02212,2025-Q4,2025-11-05T00:20:00,CRITICAL,BRUTE_FORCE,SIEM-SENSOR-TELECOM,AST-TELECOM-026,2025-11-05T00:34:00,2025-11-05T00:58:00,2025-11-05T05:58:00,FALSE_POSITIVE,False,,ANALYST_VERMA,True,True,True,CLOSED,DEMO/SYNTHETIC - NOT REAL GOVERNMENT DATA
CSE-TELECOM-05,ALT-TELECOM-2025-02213,2025-Q4,2025-10-01T01:17:00,MEDIUM,PRIVILEGE_ESCALATION,SIEM-SENSOR-TELECOM,AST-TELECOM-078,2025-10-01T01:23:00,2025-10-01T01:55:00,2025-10-01T08:55:00,FALSE_POSITIVE,False,,ANALYST_SHARMA,True,True,True,CLOSED,DEMO/SYNTHETIC - NOT REAL GOVERNMENT DATA
CSE-TELECOM-05,ALT-TELECOM-2025-02214,2025-Q4,2025-10-02T23:37:00,HIGH,PRIVILEGE_ESCALATION,SIEM-SENSOR-TELECOM,AST-TELECOM-043,2025-10-02T23:49:00,2025-10-03T00:24:00,2025-10-03T07:24:00,FALSE_POSITIVE,False,,ANALYST_RAO,True,True,True,CLOSED,DEMO/SYNTHETIC - NOT REAL GOVERNMENT DATA
CSE-TELECOM-05,ALT-TELECOM-2025-02215,2025-Q4,2025-10-19T10:53:00,MEDIUM,BRUTE_FORCE,SIEM-SENSOR-TELECOM,AST-TELECOM-070,2025-10-19T10:58:00,2025-10-19T11:27:00,2025-10-19T18:27:00,FALSE_POSITIVE,False,,ANALYST_RAO,True,True,True,CLOSED,DEMO/SYNTHETIC - NOT REAL GOVERNMENT DATA
CSE-TELECOM-05,ALT-TELECOM-2025-02216,2025-Q4,2025-12-12T17:28:00,CRITICAL,UNAUTHORIZED_ACCESS,SIEM-SENSOR-TELECOM,AST-TELECOM-049,2025-12-12T17:33:00,2025-12-12T18:14:00,2025-12-12T21:14:00,FALSE_POSITIVE,False,,ANALYST_VERMA,True,True,True,CLOSED,DEMO/SYNTHETIC - NOT REAL GOVERNMENT DATA
CSE-TELECOM-05,ALT-TELECOM-2025-02217,2025-Q4,2025-10-14T15:51:00,MEDIUM,BRUTE_FORCE,SIEM-SENSOR-TELECOM,AST-TELECOM-025,2025-10-14T16:09:00,2025-10-14T16:43:00,2025-10-14T19:43:00,FALSE_POSITIVE,False,,ANALYST_RAO,True,True,True,CLOSED,DEMO/SYNTHETIC - NOT REAL GOVERNMENT DATA
CSE-TELECOM-05,ALT-TELECOM-2025-02218,2025-Q4,2025-12-16T12:47:00,HIGH,MALWARE,SIEM-SENSOR-TELECOM,AST-TELECOM-106,2025-12-16T12:53:00,2025-12-16T13:20:00,2025-12-16T18:20:00,FALSE_POSITIVE,False,,ANALYST_SHARMA,True,True,True,CLOSED,DEMO/SYNTHETIC - NOT REAL GOVERNMENT DATA
CSE-TELECOM-05,ALT-TELECOM-2025-02219,2025-Q4,2025-11-22T22:36:00,HIGH,BRUTE_FORCE,SIEM-SENSOR-TELECOM,AST-TELECOM-016,2025-11-22T22:40:00,2025-11-22T23:04:00,2025-11-23T02:04:00,FALSE_POSITIVE,False,,ANALYST_SHARMA,True,True,True,CLOSED,DEMO/SYNTHETIC - NOT REAL GOVERNMENT DATA
CSE-TELECOM-05,ALT-TELECOM-2025-02220,2025-Q4,2025-10-29T22:01:00,HIGH,POLICY_VIOLATION,SIEM-SENSOR-TELECOM,AST-TELECOM-098,2025-10-29T22:14:00,2025-10-29T23:14:00,2025-10-30T04:14:00,FALSE_POSITIVE,False,,ANALYST_RAO,True,True,True,CLOSED,DEMO/SYNTHETIC - NOT REAL GOVERNMENT DATA
CSE-POWER-01,ALT-POWER-2026-02221,2026-Q1,2026-02-01T05:14:00,HIGH,RANSOMWARE,SIEM-SENSOR-POWER,AST-POWER-050,2026-02-01T05:25:00,2026-02-01T05:43:00,2026-02-01T09:43:00,FALSE_POSITIVE,True,2026-02-01T06:13:00,ANALYST_PATEL,True,True,True,CLOSED,DEMO/SYNTHETIC - NOT REAL GOVERNMENT DATA
CSE-POWER-01,ALT-POWER-2026-02222,2026-Q1,2026-02-06T12:57:00,CRITICAL,UNAUTHORIZED_ACCESS,SIEM-SENSOR-POWER,AST-POWER-063,2026-02-06T13:00:00,2026-02-06T13:25:00,2026-02-06T16:25:00,TRUE_POSITIVE,False,,ANALYST_RAO,True,True,True,CLOSED,DEMO/SYNTHETIC - NOT REAL GOVERNMENT DATA
CSE-POWER-01,ALT-POWER-2026-02223,2026-Q1,2026-03-07T21:55:00,MEDIUM,UNAUTHORIZED_ACCESS,SIEM-SENSOR-POWER,AST-POWER-044,2026-03-07T22:08:00,2026-03-07T22:23:00,2026-03-08T04:23:00,FALSE_POSITIVE,False,,ANALYST_PATEL,True,True,True,CLOSED,DEMO/SYNTHETIC - NOT REAL GOVERNMENT DATA
CSE-POWER-01,ALT-POWER-2026-02224,2026-Q1,2026-02-04T05:33:00,MEDIUM,DDOS_ATTACK,SIEM-SENSOR-POWER,AST-POWER-070,2026-02-04T05:47:00,2026-02-04T06:06:00,2026-02-04T10:06:00,FALSE_POSITIVE,False,,ANALYST_VERMA,True,True,True,CLOSED,DEMO/SYNTHETIC - NOT REAL GOVERNMENT DATA
CSE-POWER-01,ALT-POWER-2026-02225,2026-Q1,2026-01-11T00:44:00,HIGH,MALWARE,SIEM-SENSOR-POWER,AST-POWER-060,2026-01-11T00:49:00,2026-01-11T01:34:00,2026-01-11T03:34:00,FALSE_POSITIVE,False,,ANALYST_RAO,True,True,True,CLOSED,DEMO/SYNTHETIC - NOT REAL GOVERNMENT DATA
CSE-POWER-01,ALT-POWER-2026-02226,2026-Q1,2026-02-17T18:05:00,LOW,PRIVILEGE_ESCALATION,SIEM-SENSOR-POWER,AST-POWER-059,2026-02-17T18:23:00,2026-02-17T19:01:00,2026-02-17T21:01:00,FALSE_POSITIVE,False,,ANALYST_PATEL,True,True,True,CLOSED,DEMO/SYNTHETIC - NOT REAL GOVERNMENT DATA
CSE-POWER-01,ALT-POWER-2026-02227,2026-Q1,2026-03-12T09:37:00,HIGH,PRIVILEGE_ESCALATION,SIEM-SENSOR-POWER,AST-POWER-022,2026-03-12T09:52:00,2026-03-12T10:15:00,2026-03-12T13:15:00,FALSE_POSITIVE,False,,ANALYST_PATEL,True,True,True,CLOSED,DEMO/SYNTHETIC - NOT REAL GOVERNMENT DATA
CSE-POWER-01,ALT-POWER-2026-02228,2026-Q1,2026-01-18T04:06:00,HIGH,MALWARE,SIEM-SENSOR-POWER,AST-POWER-071,2026-01-18T04:12:00,2026-01-18T04:35:00,2026-01-18T10:35:00,FALSE_POSITIVE,False,,ANALYST_RAO,True,True,True,CLOSED,DEMO/SYNTHETIC - NOT REAL GOVERNMENT DATA
CSE-POWER-01,ALT-POWER-2026-02229,2026-Q1,2026-01-22T18:34:00,CRITICAL,SCADA_COMMAND_ANOMALY,SIEM-SENSOR-POWER,AST-POWER-020,2026-01-22T18:38:00,2026-01-22T19:13:00,2026-01-23T00:13:00,TRUE_POSITIVE,False,,ANALYST_PATEL,True,True,True,CLOSED,DEMO/SYNTHETIC - NOT REAL GOVERNMENT DATA
CSE-POWER-01,ALT-POWER-2026-02230,2026-Q1,2026-01-23T12:20:00,MEDIUM,RANSOMWARE,SIEM-SENSOR-POWER,AST-POWER-034,2026-01-23T12:23:00,2026-01-23T12:47:00,2026-01-23T16:47:00,FALSE_POSITIVE,False,,ANALYST_VERMA,True,True,True,CLOSED,DEMO/SYNTHETIC - NOT REAL GOVERNMENT DATA
CSE-POWER-01,ALT-POWER-2026-02231,2026-Q1,2026-01-15T07:06:00,HIGH,DDOS_ATTACK,SIEM-SENSOR-POWER,AST-POWER-018,2026-01-15T07:15:00,2026-01-15T07:31:00,2026-01-15T10:31:00,FALSE_POSITIVE,True,2026-01-15T08:01:00,ANALYST_RAO,True,True,True,CLOSED,DEMO/SYNTHETIC - NOT REAL GOVERNMENT DATA
CSE-POWER-01,ALT-POWER-2026-02232,2026-Q1,2026-01-18T08:54:00,CRITICAL,SCADA_COMMAND_ANOMALY,SIEM-SENSOR-POWER,AST-POWER-015,2026-01-18T09:02:00,2026-01-18T09:19:00,2026-01-18T13:19:00,TRUE_POSITIVE,False,,ANALYST_SHARMA,True,True,True,CLOSED,DEMO/SYNTHETIC - NOT REAL GOVERNMENT DATA
CSE-POWER-01,ALT-POWER-2026-02233,2026-Q1,2026-02-24T09:53:00,HIGH,BRUTE_FORCE,SIEM-SENSOR-POWER,AST-POWER-037,2026-02-24T10:09:00,2026-02-24T10:44:00,2026-02-24T15:44:00,FALSE_POSITIVE,False,,ANALYST_VERMA,True,True,True,CLOSED,DEMO/SYNTHETIC - NOT REAL GOVERNMENT DATA
CSE-POWER-01,ALT-POWER-2026-02234,2026-Q1,2026-01-04T11:21:00,MEDIUM,MALWARE,SIEM-SENSOR-POWER,AST-POWER-018,2026-01-04T11:38:00,2026-01-04T11:53:00,2026-01-04T14:53:00,FALSE_POSITIVE,False,,ANALYST_SINGH,True,True,True,CLOSED,DEMO/SYNTHETIC - NOT REAL GOVERNMENT DATA
CSE-POWER-01,ALT-POWER-2026-02235,2026-Q1,2026-03-14T14:25:00,MEDIUM,POLICY_VIOLATION,SIEM-SENSOR-POWER,AST-POWER-079,2026-03-14T14:43:00,2026-03-14T15:27:00,2026-03-14T20:27:00,FALSE_POSITIVE,False,,ANALYST_PATEL,True,True,True,CLOSED,DEMO/SYNTHETIC - NOT REAL GOVERNMENT DATA
CSE-POWER-01,ALT-POWER-2026-02236,2026-Q1,2026-03-17T13:41:00,MEDIUM,BRUTE_FORCE,SIEM-SENSOR-POWER,AST-POWER-009,2026-03-17T13:54:00,2026-03-17T14:09:00,2026-03-17T19:09:00,FALSE_POSITIVE,False,,ANALYST_VERMA,True,True,True,CLOSED,DEMO/SYNTHETIC - NOT REAL GOVERNMENT DATA
CSE-POWER-01,ALT-POWER-2026-02237,2026-Q1,2026-03-21T19:24:00,HIGH,POLICY_VIOLATION,SIEM-SENSOR-POWER,AST-POWER-052,2026-03-21T19:32:00,2026-03-21T20:05:00,2026-03-22T01:05:00,FALSE_POSITIVE,False,,ANALYST_VERMA,True,True,True,CLOSED,DEMO/SYNTHETIC - NOT REAL GOVERNMENT DATA
CSE-POWER-01,ALT-POWER-2026-02238,2026-Q1,2026-01-06T14:07:00,LOW,DATA_EXFILTRATION,SIEM-SENSOR-POWER,AST-POWER-064,2026-01-06T14:10:00,2026-01-06T14:46:00,2026-01-06T18:46:00,FALSE_POSITIVE,False,,ANALYST_RAO,True,True,True,CLOSED,DEMO/SYNTHETIC - NOT REAL GOVERNMENT DATA
CSE-POWER-01,ALT-POWER-2026-02239,2026-Q1,2026-01-13T02:09:00,LOW,POLICY_VIOLATION,SIEM-SENSOR-POWER,AST-POWER-002,2026-01-13T02:15:00,2026-01-13T02:34:00,2026-01-13T06:34:00,FALSE_POSITIVE,False,,ANALYST_RAO,True,True,True,CLOSED,DEMO/SYNTHETIC - NOT REAL GOVERNMENT DATA
CSE-POWER-01,ALT-POWER-2026-02240,2026-Q1,2026-01-31T20:45:00,LOW,RANSOMWARE,SIEM-SENSOR-POWER,AST-POWER-071,2026-01-31T20:56:00,2026-01-31T21:18:00,2026-02-01T00:18:00,FALSE_POSITIVE,True,2026-01-31T21:48:00,ANALYST_SHARMA,True,True,True,CLOSED,DEMO/SYNTHETIC - NOT REAL GOVERNMENT DATA
CSE-POWER-01,ALT-POWER-2026-02241,2026-Q1,2026-01-10T13:25:00,MEDIUM,POLICY_VIOLATION,SIEM-SENSOR-POWER,AST-POWER-040,2026-01-10T13:40:00,2026-01-10T14:13:00,2026-01-10T19:13:00,FALSE_POSITIVE,True,2026-01-10T14:43:00,ANALYST_RAO,True,True,True,CLOSED,DEMO/SYNTHETIC - NOT REAL GOVERNMENT DATA
CSE-POWER-01,ALT-POWER-2026-02242,2026-Q1,2026-03-19T16:51:00,MEDIUM,PRIVILEGE_ESCALATION,SIEM-SENSOR-POWER,AST-POWER-009,2026-03-19T16:56:00,2026-03-19T17:22:00,2026-03-19T22:22:00,FALSE_POSITIVE,False,,ANALYST_SHARMA,True,True,True,CLOSED,DEMO/SYNTHETIC - NOT REAL GOVERNMENT DATA
CSE-POWER-01,ALT-POWER-2026-02243,2026-Q1,2026-01-31T18:03:00,LOW,POLICY_VIOLATION,SIEM-SENSOR-POWER,AST-POWER-016,2026-01-31T18:16:00,2026-01-31T19:00:00,2026-02-01T01:00:00,FALSE_POSITIVE,False,,ANALYST_RAO,True,True,True,CLOSED,DEMO/SYNTHETIC - NOT REAL GOVERNMENT DATA
CSE-POWER-01,ALT-POWER-2026-02244,2026-Q1,2026-02-08T04:13:00,HIGH,MALWARE,SIEM-SENSOR-POWER,AST-POWER-039,2026-02-08T04:31:00,2026-02-08T05:03:00,2026-02-08T09:03:00,FALSE_POSITIVE,False,,ANALYST_RAO,True,True,True,CLOSED,DEMO/SYNTHETIC - NOT REAL GOVERNMENT DATA
CSE-POWER-01,ALT-POWER-2026-02245,2026-Q1,2026-03-16T06:28:00,CRITICAL,SCADA_COMMAND_ANOMALY,SIEM-SENSOR-POWER,AST-POWER-083,2026-03-16T06:45:00,2026-03-16T07:11:00,2026-03-16T09:11:00,TRUE_POSITIVE,False,,ANALYST_PATEL,True,True,True,CLOSED,DEMO/SYNTHETIC - NOT REAL GOVERNMENT DATA
CSE-POWER-01,ALT-POWER-2026-02246,2026-Q1,2026-03-08T21:01:00,HIGH,POLICY_VIOLATION,SIEM-SENSOR-POWER,AST-POWER-081,2026-03-08T21:05:00,2026-03-08T21:48:00,2026-03-09T02:48:00,FALSE_POSITIVE,False,,ANALYST_SHARMA,True,True,True,CLOSED,DEMO/SYNTHETIC - NOT REAL GOVERNMENT DATA
CSE-POWER-01,ALT-POWER-2026-02247,2026-Q1,2026-03-22T09:17:00,CRITICAL,SCADA_COMMAND_ANOMALY,SIEM-SENSOR-POWER,AST-POWER-063,2026-03-22T09:35:00,2026-03-22T10:09:00,2026-03-22T14:09:00,TRUE_POSITIVE,False,,ANALYST_RAO,True,True,True,CLOSED,DEMO/SYNTHETIC - NOT REAL GOVERNMENT DATA
CSE-POWER-01,ALT-POWER-2026-02248,2026-Q1,2026-01-22T08:19:00,LOW,POLICY_VIOLATION,SIEM-SENSOR-POWER,AST-POWER-078,2026-01-22T08:33:00,2026-01-22T09:00:00,2026-01-22T14:00:00,FALSE_POSITIVE,False,,ANALYST_VERMA,True,True,True,CLOSED,DEMO/SYNTHETIC - NOT REAL GOVERNMENT DATA
CSE-POWER-01,ALT-POWER-2026-02249,2026-Q1,2026-03-10T12:50:00,LOW,POLICY_VIOLATION,SIEM-SENSOR-POWER,AST-POWER-015,2026-03-10T13:09:00,2026-03-10T13:40:00,2026-03-10T15:40:00,FALSE_POSITIVE,False,,ANALYST_SHARMA,True,True,True,CLOSED,DEMO/SYNTHETIC - NOT REAL GOVERNMENT DATA
CSE-POWER-01,ALT-POWER-2026-02250,2026-Q1,2026-03-04T22:28:00,MEDIUM,DATA_EXFILTRATION,SIEM-SENSOR-POWER,AST-POWER-058,2026-03-04T22:39:00,2026-03-04T23:12:00,2026-03-05T04:12:00,FALSE_POSITIVE,False,,ANALYST_SINGH,True,True,True,CLOSED,DEMO/SYNTHETIC - NOT REAL GOVERNMENT DATA
CSE-POWER-01,ALT-POWER-2026-02251,2026-Q1,2026-02-07T11:44:00,CRITICAL,RANSOMWARE,SIEM-SENSOR-POWER,AST-POWER-083,2026-02-07T12:02:00,2026-02-07T12:43:00,2026-02-07T18:43:00,TRUE_POSITIVE,False,,ANALYST_SHARMA,True,True,True,CLOSED,DEMO/SYNTHETIC - NOT REAL GOVERNMENT DATA
CSE-POWER-01,ALT-POWER-2026-02252,2026-Q1,2026-01-14T10:26:00,HIGH,DATA_EXFILTRATION,SIEM-SENSOR-POWER,AST-POWER-016,2026-01-14T10:38:00,2026-01-14T11:01:00,2026-01-14T15:01:00,FALSE_POSITIVE,False,,ANALYST_VERMA,True,True,True,CLOSED,DEMO/SYNTHETIC - NOT REAL GOVERNMENT DATA
CSE-POWER-01,ALT-POWER-2026-02253,2026-Q1,2026-02-26T19:29:00,MEDIUM,UNAUTHORIZED_ACCESS,SIEM-SENSOR-POWER,AST-POWER-059,2026-02-26T19:32:00,2026-02-26T20:02:00,2026-02-27T01:02:00,FALSE_POSITIVE,False,,ANALYST_PATEL,True,True,True,CLOSED,DEMO/SYNTHETIC - NOT REAL GOVERNMENT DATA
CSE-POWER-01,ALT-POWER-2026-02254,2026-Q1,2026-03-22T20:23:00,HIGH,RANSOMWARE,SIEM-SENSOR-POWER,AST-POWER-004,2026-03-22T20:27:00,2026-03-22T20:57:00,2026-03-22T23:57:00,FALSE_POSITIVE,True,2026-03-22T21:27:00,ANALYST_SHARMA,True,True,True,CLOSED,DEMO/SYNTHETIC - NOT REAL GOVERNMENT DATA
CSE-POWER-01,ALT-POWER-2026-02255,2026-Q1,2026-02-03T03:09:00,HIGH,PRIVILEGE_ESCALATION,SIEM-SENSOR-POWER,AST-POWER-076,2026-02-03T03:14:00,2026-02-03T03:49:00,2026-02-03T06:49:00,FALSE_POSITIVE,False,,ANALYST_VERMA,True,True,True,CLOSED,DEMO/SYNTHETIC - NOT REAL GOVERNMENT DATA
CSE-POWER-01,ALT-POWER-2026-02256,2026-Q1,2026-03-12T11:24:00,HIGH,MALWARE,SIEM-SENSOR-POWER,AST-POWER-034,2026-03-12T11:37:00,2026-03-12T12:03:00,2026-03-12T16:03:00,FALSE_POSITIVE,False,,ANALYST_SHARMA,True,True,True,CLOSED,DEMO/SYNTHETIC - NOT REAL GOVERNMENT DATA
CSE-POWER-01,ALT-POWER-2026-02257,2026-Q1,2026-03-22T05:20:00,LOW,BRUTE_FORCE,SIEM-SENSOR-POWER,AST-POWER-064,2026-03-22T05:31:00,2026-03-22T06:06:00,2026-03-22T12:06:00,FALSE_POSITIVE,False,,ANALYST_SINGH,True,True,True,CLOSED,DEMO/SYNTHETIC - NOT REAL GOVERNMENT DATA
CSE-POWER-01,ALT-POWER-2026-02258,2026-Q1,2026-02-21T09:58:00,CRITICAL,DATA_EXFILTRATION,SIEM-SENSOR-POWER,AST-POWER-028,2026-02-21T10:09:00,2026-02-21T10:28:00,2026-02-21T16:28:00,TRUE_POSITIVE,False,,ANALYST_SINGH,True,True,True,CLOSED,DEMO/SYNTHETIC - NOT REAL GOVERNMENT DATA
CSE-POWER-01,ALT-POWER-2026-02259,2026-Q1,2026-01-18T04:01:00,CRITICAL,SCADA_COMMAND_ANOMALY,SIEM-SENSOR-POWER,AST-POWER-010,2026-01-18T04:16:00,2026-01-18T04:40:00,2026-01-18T10:40:00,TRUE_POSITIVE,False,,ANALYST_SHARMA,True,True,True,CLOSED,DEMO/SYNTHETIC - NOT REAL GOVERNMENT DATA
CSE-POWER-01,ALT-POWER-2026-02260,2026-Q1,2026-02-21T01:29:00,CRITICAL,SCADA_COMMAND_ANOMALY,SIEM-SENSOR-POWER,AST-POWER-008,2026-02-21T01:39:00,2026-02-21T02:10:00,2026-02-21T07:10:00,TRUE_POSITIVE,False,,ANALYST_SHARMA,True,True,True,CLOSED,DEMO/SYNTHETIC - NOT REAL GOVERNMENT DATA
CSE-POWER-01,ALT-POWER-2026-02261,2026-Q1,2026-02-23T01:39:00,HIGH,RANSOMWARE,SIEM-SENSOR-POWER,AST-POWER-057,2026-02-23T01:52:00,2026-02-23T02:08:00,2026-02-23T04:08:00,FALSE_POSITIVE,False,,ANALYST_VERMA,True,True,True,CLOSED,DEMO/SYNTHETIC - NOT REAL GOVERNMENT DATA
CSE-POWER-01,ALT-POWER-2026-02262,2026-Q1,2026-01-21T03:47:00,HIGH,DDOS_ATTACK,SIEM-SENSOR-POWER,AST-POWER-080,2026-01-21T03:54:00,2026-01-21T04:10:00,2026-01-21T08:10:00,FALSE_POSITIVE,False,,ANALYST_VERMA,True,True,True,CLOSED,DEMO/SYNTHETIC - NOT REAL GOVERNMENT DATA
CSE-POWER-01,ALT-POWER-2026-02263,2026-Q1,2026-02-24T23:22:00,CRITICAL,DDOS_ATTACK,SIEM-SENSOR-POWER,AST-POWER-081,2026-02-24T23:34:00,2026-02-25T00:18:00,2026-02-25T06:18:00,TRUE_POSITIVE,False,,ANALYST_SHARMA,True,True,True,CLOSED,DEMO/SYNTHETIC - NOT REAL GOVERNMENT DATA
CSE-POWER-01,ALT-POWER-2026-02264,2026-Q1,2026-03-08T08:17:00,MEDIUM,MALWARE,SIEM-SENSOR-POWER,AST-POWER-028,2026-03-08T08:27:00,2026-03-08T09:00:00,2026-03-08T13:00:00,FALSE_POSITIVE,True,2026-03-08T09:30:00,ANALYST_SINGH,True,True,True,CLOSED,DEMO/SYNTHETIC - NOT REAL GOVERNMENT DATA
CSE-POWER-01,ALT-POWER-2026-02265,2026-Q1,2026-01-04T01:50:00,LOW,MALWARE,SIEM-SENSOR-POWER,AST-POWER-005,2026-01-04T02:10:00,2026-01-04T02:37:00,2026-01-04T07:37:00,FALSE_POSITIVE,False,,ANALYST_PATEL,True,True,True,CLOSED,DEMO/SYNTHETIC - NOT REAL GOVERNMENT DATA
CSE-POWER-01,ALT-POWER-2026-02266,2026-Q1,2026-01-08T13:09:00,CRITICAL,SCADA_COMMAND_ANOMALY,SIEM-SENSOR-POWER,AST-POWER-047,2026-01-08T13:25:00,2026-01-08T13:50:00,2026-01-08T15:50:00,TRUE_POSITIVE,False,,ANALYST_SHARMA,True,True,True,CLOSED,DEMO/SYNTHETIC - NOT REAL GOVERNMENT DATA
CSE-POWER-01,ALT-POWER-2026-02267,2026-Q1,2026-03-19T12:30:00,HIGH,MALWARE,SIEM-SENSOR-POWER,AST-POWER-074,2026-03-19T12:32:00,2026-03-19T12:57:00,2026-03-19T18:57:00,FALSE_POSITIVE,False,,ANALYST_SINGH,True,True,True,CLOSED,DEMO/SYNTHETIC - NOT REAL GOVERNMENT DATA
CSE-POWER-01,ALT-POWER-2026-02268,2026-Q1,2026-01-30T02:17:00,MEDIUM,RANSOMWARE,SIEM-SENSOR-POWER,AST-POWER-035,2026-01-30T02:24:00,2026-01-30T02:40:00,2026-01-30T07:40:00,FALSE_POSITIVE,False,,ANALYST_VERMA,True,True,True,CLOSED,DEMO/SYNTHETIC - NOT REAL GOVERNMENT DATA
CSE-POWER-01,ALT-POWER-2026-02269,2026-Q1,2026-01-28T02:50:00,MEDIUM,POLICY_VIOLATION,SIEM-SENSOR-POWER,AST-POWER-059,2026-01-28T02:57:00,2026-01-28T03:16:00,2026-01-28T09:16:00,FALSE_POSITIVE,False,,ANALYST_VERMA,True,True,True,CLOSED,DEMO/SYNTHETIC - NOT REAL GOVERNMENT DATA
CSE-POWER-01,ALT-POWER-2026-02270,2026-Q1,2026-03-18T10:58:00,HIGH,RANSOMWARE,SIEM-SENSOR-POWER,AST-POWER-052,2026-03-18T11:09:00,2026-03-18T11:29:00,2026-03-18T17:29:00,FALSE_POSITIVE,False,,ANALYST_SINGH,True,True,True,CLOSED,DEMO/SYNTHETIC - NOT REAL GOVERNMENT DATA
CSE-POWER-01,ALT-POWER-2026-02271,2026-Q1,2026-01-05T02:31:00,MEDIUM,POLICY_VIOLATION,SIEM-SENSOR-POWER,AST-POWER-068,2026-01-05T02:39:00,2026-01-05T03:22:00,2026-01-05T09:22:00,FALSE_POSITIVE,False,,ANALYST_SINGH,True,True,True,CLOSED,DEMO/SYNTHETIC - NOT REAL GOVERNMENT DATA
CSE-POWER-01,ALT-POWER-2026-02272,2026-Q1,2026-01-16T03:04:00,MEDIUM,UNAUTHORIZED_ACCESS,SIEM-SENSOR-POWER,AST-POWER-084,2026-01-16T03:11:00,2026-01-16T03:47:00,2026-01-16T09:47:00,FALSE_POSITIVE,True,2026-01-16T04:17:00,ANALYST_RAO,True,True,True,CLOSED,DEMO/SYNTHETIC - NOT REAL GOVERNMENT DATA
CSE-POWER-01,ALT-POWER-2026-02273,2026-Q1,2026-01-29T11:59:00,LOW,MALWARE,SIEM-SENSOR-POWER,AST-POWER-027,2026-01-29T12:16:00,2026-01-29T12:41:00,2026-01-29T14:41:00,FALSE_POSITIVE,False,,ANALYST_SINGH,True,True,True,CLOSED,DEMO/SYNTHETIC - NOT REAL GOVERNMENT DATA
CSE-POWER-01,ALT-POWER-2026-02274,2026-Q1,2026-01-04T12:41:00,CRITICAL,SCADA_COMMAND_ANOMALY,SIEM-SENSOR-POWER,AST-POWER-036,2026-01-04T12:55:00,2026-01-04T13:27:00,2026-01-04T17:27:00,TRUE_POSITIVE,False,,ANALYST_PATEL,True,True,True,CLOSED,DEMO/SYNTHETIC - NOT REAL GOVERNMENT DATA
CSE-POWER-01,ALT-POWER-2026-02275,2026-Q1,2026-02-22T01:17:00,MEDIUM,MALWARE,SIEM-SENSOR-POWER,AST-POWER-054,2026-02-22T01:31:00,2026-02-22T02:09:00,2026-02-22T06:09:00,FALSE_POSITIVE,False,,ANALYST_SHARMA,True,True,True,CLOSED,DEMO/SYNTHETIC - NOT REAL GOVERNMENT DATA
CSE-POWER-01,ALT-POWER-2026-02276,2026-Q1,2026-03-01T18:15:00,CRITICAL,SCADA_COMMAND_ANOMALY,SIEM-SENSOR-POWER,AST-POWER-061,2026-03-01T18:21:00,2026-03-01T18:39:00,2026-03-01T22:39:00,TRUE_POSITIVE,False,,ANALYST_SHARMA,True,True,True,CLOSED,DEMO/SYNTHETIC - NOT REAL GOVERNMENT DATA
CSE-POWER-01,ALT-POWER-2026-02277,2026-Q1,2026-02-18T02:47:00,HIGH,UNAUTHORIZED_ACCESS,SIEM-SENSOR-POWER,AST-POWER-040,2026-02-18T03:01:00,2026-02-18T03:18:00,2026-02-18T05:18:00,FALSE_POSITIVE,True,2026-02-18T03:48:00,ANALYST_SINGH,True,True,True,CLOSED,DEMO/SYNTHETIC - NOT REAL GOVERNMENT DATA
CSE-POWER-01,ALT-POWER-2026-02278,2026-Q1,2026-03-20T13:42:00,MEDIUM,PRIVILEGE_ESCALATION,SIEM-SENSOR-POWER,AST-POWER-034,2026-03-20T13:46:00,2026-03-20T14:19:00,2026-03-20T16:19:00,FALSE_POSITIVE,False,,ANALYST_RAO,True,True,True,CLOSED,DEMO/SYNTHETIC - NOT REAL GOVERNMENT DATA
CSE-POWER-01,ALT-POWER-2026-02279,2026-Q1,2026-03-04T14:55:00,CRITICAL,DDOS_ATTACK,SIEM-SENSOR-POWER,AST-POWER-059,2026-03-04T15:07:00,2026-03-04T15:22:00,2026-03-04T18:22:00,TRUE_POSITIVE,False,,ANALYST_SHARMA,True,True,True,CLOSED,DEMO/SYNTHETIC - NOT REAL GOVERNMENT DATA
CSE-POWER-01,ALT-POWER-2026-02280,2026-Q1,2026-02-11T13:49:00,MEDIUM,MALWARE,SIEM-SENSOR-POWER,AST-POWER-031,2026-02-11T13:56:00,2026-02-11T14:35:00,2026-02-11T18:35:00,FALSE_POSITIVE,False,,ANALYST_SINGH,True,True,True,CLOSED,DEMO/SYNTHETIC - NOT REAL GOVERNMENT DATA
CSE-POWER-01,ALT-POWER-2026-02281,2026-Q1,2026-02-11T12:00:00,HIGH,PRIVILEGE_ESCALATION,SIEM-SENSOR-POWER,AST-POWER-012,2026-02-11T12:20:00,2026-02-11T12:53:00,2026-02-11T14:53:00,FALSE_POSITIVE,False,,ANALYST_SHARMA,True,True,True,CLOSED,DEMO/SYNTHETIC - NOT REAL GOVERNMENT DATA
CSE-POWER-01,ALT-POWER-2026-02282,2026-Q1,2026-02-10T12:46:00,CRITICAL,DDOS_ATTACK,SIEM-SENSOR-POWER,AST-POWER-063,2026-02-10T12:50:00,2026-02-10T13:29:00,2026-02-10T15:29:00,TRUE_POSITIVE,False,,ANALYST_PATEL,True,True,True,CLOSED,DEMO/SYNTHETIC - NOT REAL GOVERNMENT DATA
CSE-POWER-01,ALT-POWER-2026-02283,2026-Q1,2026-01-10T15:32:00,HIGH,MALWARE,SIEM-SENSOR-POWER,AST-POWER-045,2026-01-10T15:39:00,2026-01-10T16:15:00,2026-01-10T21:15:00,FALSE_POSITIVE,True,2026-01-10T16:45:00,ANALYST_PATEL,True,True,True,CLOSED,DEMO/SYNTHETIC - NOT REAL GOVERNMENT DATA
CSE-POWER-01,ALT-POWER-2026-02284,2026-Q1,2026-03-16T02:25:00,HIGH,MALWARE,SIEM-SENSOR-POWER,AST-POWER-019,2026-03-16T02:31:00,2026-03-16T03:15:00,2026-03-16T07:15:00,FALSE_POSITIVE,True,2026-03-16T03:45:00,ANALYST_VERMA,True,True,True,CLOSED,DEMO/SYNTHETIC - NOT REAL GOVERNMENT DATA
CSE-POWER-01,ALT-POWER-2026-02285,2026-Q1,2026-02-02T02:35:00,HIGH,POLICY_VIOLATION,SIEM-SENSOR-POWER,AST-POWER-050,2026-02-02T02:52:00,2026-02-02T03:19:00,2026-02-02T07:19:00,FALSE_POSITIVE,False,,ANALYST_SHARMA,True,True,True,CLOSED,DEMO/SYNTHETIC - NOT REAL GOVERNMENT DATA
CSE-POWER-01,ALT-POWER-2026-02286,2026-Q1,2026-01-21T05:42:00,HIGH,PRIVILEGE_ESCALATION,SIEM-SENSOR-POWER,AST-POWER-067,2026-01-21T05:51:00,2026-01-21T06:19:00,2026-01-21T11:19:00,FALSE_POSITIVE,True,2026-01-21T06:49:00,ANALYST_PATEL,True,True,True,CLOSED,DEMO/SYNTHETIC - NOT REAL GOVERNMENT DATA
CSE-POWER-01,ALT-POWER-2026-02287,2026-Q1,2026-03-16T17:13:00,CRITICAL,UNAUTHORIZED_ACCESS,SIEM-SENSOR-POWER,AST-POWER-066,2026-03-16T17:21:00,2026-03-16T17:51:00,2026-03-16T23:51:00,TRUE_POSITIVE,False,,ANALYST_VERMA,True,True,True,CLOSED,DEMO/SYNTHETIC - NOT REAL GOVERNMENT DATA
CSE-POWER-01,ALT-POWER-2026-02288,2026-Q1,2026-01-28T12:54:00,MEDIUM,PRIVILEGE_ESCALATION,SIEM-SENSOR-POWER,AST-POWER-082,2026-01-28T13:01:00,2026-01-28T13:43:00,2026-01-28T18:43:00,FALSE_POSITIVE,False,,ANALYST_PATEL,True,True,True,CLOSED,DEMO/SYNTHETIC - NOT REAL GOVERNMENT DATA
CSE-POWER-01,ALT-POWER-2026-02289,2026-Q1,2026-03-08T00:34:00,LOW,POLICY_VIOLATION,SIEM-SENSOR-POWER,AST-POWER-076,2026-03-08T00:49:00,2026-03-08T01:14:00,2026-03-08T04:14:00,FALSE_POSITIVE,True,2026-03-08T01:44:00,ANALYST_RAO,True,True,True,CLOSED,DEMO/SYNTHETIC - NOT REAL GOVERNMENT DATA
CSE-POWER-01,ALT-POWER-2026-02290,2026-Q1,2026-01-19T15:23:00,CRITICAL,SCADA_COMMAND_ANOMALY,SIEM-SENSOR-POWER,AST-POWER-053,2026-01-19T15:33:00,2026-01-19T16:03:00,2026-01-19T18:03:00,TRUE_POSITIVE,False,,ANALYST_SHARMA,True,True,True,CLOSED,DEMO/SYNTHETIC - NOT REAL GOVERNMENT DATA
CSE-POWER-01,ALT-POWER-2026-02291,2026-Q1,2026-03-21T04:35:00,CRITICAL,POLICY_VIOLATION,SIEM-SENSOR-POWER,AST-POWER-012,2026-03-21T04:41:00,2026-03-21T05:17:00,2026-03-21T07:17:00,TRUE_POSITIVE,False,,ANALYST_RAO,True,True,True,CLOSED,DEMO/SYNTHETIC - NOT REAL GOVERNMENT DATA
CSE-POWER-01,ALT-POWER-2026-02292,2026-Q1,2026-01-28T15:18:00,HIGH,MALWARE,SIEM-SENSOR-POWER,AST-POWER-064,2026-01-28T15:27:00,2026-01-28T16:00:00,2026-01-28T19:00:00,FALSE_POSITIVE,False,,ANALYST_PATEL,True,True,True,CLOSED,DEMO/SYNTHETIC - NOT REAL GOVERNMENT DATA
CSE-POWER-01,ALT-POWER-2026-02293,2026-Q1,2026-02-22T23:45:00,HIGH,DATA_EXFILTRATION,SIEM-SENSOR-POWER,AST-POWER-074,2026-02-22T23:55:00,2026-02-23T00:15:00,2026-02-23T05:15:00,FALSE_POSITIVE,False,,ANALYST_RAO,True,True,True,CLOSED,DEMO/SYNTHETIC - NOT REAL GOVERNMENT DATA
CSE-POWER-01,ALT-POWER-2026-02294,2026-Q1,2026-01-17T19:15:00,MEDIUM,RANSOMWARE,SIEM-SENSOR-POWER,AST-POWER-051,2026-01-17T19:33:00,2026-01-17T19:54:00,2026-01-17T22:54:00,FALSE_POSITIVE,False,,ANALYST_PATEL,True,True,True,CLOSED,DEMO/SYNTHETIC - NOT REAL GOVERNMENT DATA
CSE-POWER-01,ALT-POWER-2026-02295,2026-Q1,2026-03-02T05:51:00,LOW,BRUTE_FORCE,SIEM-SENSOR-POWER,AST-POWER-079,2026-03-02T06:09:00,2026-03-02T06:27:00,2026-03-02T11:27:00,FALSE_POSITIVE,False,,ANALYST_RAO,True,True,True,CLOSED,DEMO/SYNTHETIC - NOT REAL GOVERNMENT DATA
CSE-POWER-01,ALT-POWER-2026-02296,2026-Q1,2026-01-04T18:51:00,HIGH,UNAUTHORIZED_ACCESS,SIEM-SENSOR-POWER,AST-POWER-077,2026-01-04T19:10:00,2026-01-04T19:48:00,2026-01-04T21:48:00,FALSE_POSITIVE,False,,ANALYST_PATEL,True,True,True,CLOSED,DEMO/SYNTHETIC - NOT REAL GOVERNMENT DATA
CSE-POWER-01,ALT-POWER-2026-02297,2026-Q1,2026-03-21T06:14:00,HIGH,MALWARE,SIEM-SENSOR-POWER,AST-POWER-057,2026-03-21T06:24:00,2026-03-21T07:03:00,2026-03-21T11:03:00,FALSE_POSITIVE,False,,ANALYST_VERMA,True,True,True,CLOSED,DEMO/SYNTHETIC - NOT REAL GOVERNMENT DATA
CSE-POWER-01,ALT-POWER-2026-02298,2026-Q1,2026-01-17T05:30:00,HIGH,DATA_EXFILTRATION,SIEM-SENSOR-POWER,AST-POWER-018,2026-01-17T05:47:00,2026-01-17T06:09:00,2026-01-17T09:09:00,FALSE_POSITIVE,False,,ANALYST_SINGH,True,True,True,CLOSED,DEMO/SYNTHETIC - NOT REAL GOVERNMENT DATA
CSE-POWER-01,ALT-POWER-2026-02299,2026-Q1,2026-03-03T05:11:00,LOW,BRUTE_FORCE,SIEM-SENSOR-POWER,AST-POWER-041,2026-03-03T05:20:00,2026-03-03T05:39:00,2026-03-03T09:39:00,FALSE_POSITIVE,True,2026-03-03T06:09:00,ANALYST_RAO,True,True,True,CLOSED,DEMO/SYNTHETIC - NOT REAL GOVERNMENT DATA
CSE-POWER-01,ALT-POWER-2026-02300,2026-Q1,2026-03-21T18:12:00,MEDIUM,MALWARE,SIEM-SENSOR-POWER,AST-POWER-073,2026-03-21T18:22:00,2026-03-21T18:48:00,2026-03-21T20:48:00,FALSE_POSITIVE,True,2026-03-21T19:18:00,ANALYST_SINGH,True,True,True,CLOSED,DEMO/SYNTHETIC - NOT REAL GOVERNMENT DATA
CSE-POWER-01,ALT-POWER-2026-02301,2026-Q1,2026-02-13T22:49:00,MEDIUM,DDOS_ATTACK,SIEM-SENSOR-POWER,AST-POWER-001,2026-02-13T23:03:00,2026-02-13T23:23:00,2026-02-14T03:23:00,FALSE_POSITIVE,False,,ANALYST_PATEL,True,True,True,CLOSED,DEMO/SYNTHETIC - NOT REAL GOVERNMENT DATA
CSE-POWER-01,ALT-POWER-2026-02302,2026-Q1,2026-01-14T07:12:00,HIGH,DDOS_ATTACK,SIEM-SENSOR-POWER,AST-POWER-001,2026-01-14T07:28:00,2026-01-14T07:53:00,2026-01-14T10:53:00,FALSE_POSITIVE,False,,ANALYST_RAO,True,True,True,CLOSED,DEMO/SYNTHETIC - NOT REAL GOVERNMENT DATA
CSE-POWER-01,ALT-POWER-2026-02303,2026-Q1,2026-02-21T12:47:00,HIGH,POLICY_VIOLATION,SIEM-SENSOR-POWER,AST-POWER-009,2026-02-21T13:05:00,2026-02-21T13:22:00,2026-02-21T16:22:00,FALSE_POSITIVE,False,,ANALYST_SHARMA,True,True,True,CLOSED,DEMO/SYNTHETIC - NOT REAL GOVERNMENT DATA
CSE-POWER-01,ALT-POWER-2026-02304,2026-Q1,2026-01-18T21:00:00,HIGH,RANSOMWARE,SIEM-SENSOR-POWER,AST-POWER-074,2026-01-18T21:20:00,2026-01-18T21:57:00,2026-01-18T23:57:00,FALSE_POSITIVE,False,,ANALYST_SHARMA,True,True,True,CLOSED,DEMO/SYNTHETIC - NOT REAL GOVERNMENT DATA
CSE-POWER-01,ALT-POWER-2026-02305,2026-Q1,2026-02-21T10:59:00,HIGH,UNAUTHORIZED_ACCESS,SIEM-SENSOR-POWER,AST-POWER-053,2026-02-21T11:14:00,2026-02-21T11:47:00,2026-02-21T17:47:00,FALSE_POSITIVE,False,,ANALYST_VERMA,True,True,True,CLOSED,DEMO/SYNTHETIC - NOT REAL GOVERNMENT DATA
CSE-POWER-01,ALT-POWER-2026-02306,2026-Q1,2026-01-09T12:29:00,LOW,DDOS_ATTACK,SIEM-SENSOR-POWER,AST-POWER-084,2026-01-09T12:42:00,2026-01-09T13:16:00,2026-01-09T19:16:00,FALSE_POSITIVE,False,,ANALYST_RAO,True,True,True,CLOSED,DEMO/SYNTHETIC - NOT REAL GOVERNMENT DATA
CSE-POWER-01,ALT-POWER-2026-02307,2026-Q1,2026-03-18T12:52:00,HIGH,POLICY_VIOLATION,SIEM-SENSOR-POWER,AST-POWER-052,2026-03-18T12:59:00,2026-03-18T13:18:00,2026-03-18T16:18:00,FALSE_POSITIVE,False,,ANALYST_SHARMA,True,True,True,CLOSED,DEMO/SYNTHETIC - NOT REAL GOVERNMENT DATA
CSE-POWER-01,ALT-POWER-2026-02308,2026-Q1,2026-02-09T18:45:00,HIGH,PRIVILEGE_ESCALATION,SIEM-SENSOR-POWER,AST-POWER-014,2026-02-09T18:54:00,2026-02-09T19:23:00,2026-02-09T21:23:00,FALSE_POSITIVE,False,,ANALYST_RAO,True,True,True,CLOSED,DEMO/SYNTHETIC - NOT REAL GOVERNMENT DATA
CSE-POWER-01,ALT-POWER-2026-02309,2026-Q1,2026-01-26T21:16:00,LOW,DATA_EXFILTRATION,SIEM-SENSOR-POWER,AST-POWER-078,2026-01-26T21:31:00,2026-01-26T21:50:00,2026-01-27T02:50:00,FALSE_POSITIVE,True,2026-01-26T22:20:00,ANALYST_SHARMA,True,True,True,CLOSED,DEMO/SYNTHETIC - NOT REAL GOVERNMENT DATA
CSE-POWER-01,ALT-POWER-2026-02310,2026-Q1,2026-03-02T08:45:00,LOW,MALWARE,SIEM-SENSOR-POWER,AST-POWER-024,2026-03-02T08:50:00,2026-03-02T09:32:00,2026-03-02T12:32:00,FALSE_POSITIVE,False,,ANALYST_VERMA,True,True,True,CLOSED,DEMO/SYNTHETIC - NOT REAL GOVERNMENT DATA
CSE-POWER-01,ALT-POWER-2026-02311,2026-Q1,2026-01-14T22:50:00,HIGH,POLICY_VIOLATION,SIEM-SENSOR-POWER,AST-POWER-025,2026-01-14T22:54:00,2026-01-14T23:30:00,2026-01-15T05:30:00,FALSE_POSITIVE,True,2026-01-15T00:00:00,ANALYST_PATEL,True,True,True,CLOSED,DEMO/SYNTHETIC - NOT REAL GOVERNMENT DATA
CSE-POWER-01,ALT-POWER-2026-02312,2026-Q1,2026-01-30T08:28:00,CRITICAL,SCADA_COMMAND_ANOMALY,SIEM-SENSOR-POWER,AST-POWER-013,2026-01-30T08:35:00,2026-01-30T09:08:00,2026-01-30T13:08:00,TRUE_POSITIVE,False,,ANALYST_SHARMA,True,True,True,CLOSED,DEMO/SYNTHETIC - NOT REAL GOVERNMENT DATA
CSE-POWER-01,ALT-POWER-2026-02313,2026-Q1,2026-03-11T07:46:00,HIGH,UNAUTHORIZED_ACCESS,SIEM-SENSOR-POWER,AST-POWER-065,2026-03-11T07:55:00,2026-03-11T08:15:00,2026-03-11T13:15:00,FALSE_POSITIVE,True,2026-03-11T08:45:00,ANALYST_VERMA,True,True,True,CLOSED,DEMO/SYNTHETIC - NOT REAL GOVERNMENT DATA
CSE-POWER-01,ALT-POWER-2026-02314,2026-Q1,2026-02-08T10:13:00,MEDIUM,PRIVILEGE_ESCALATION,SIEM-SENSOR-POWER,AST-POWER-012,2026-02-08T10:25:00,2026-02-08T11:00:00,2026-02-08T16:00:00,FALSE_POSITIVE,False,,ANALYST_VERMA,True,True,True,CLOSED,DEMO/SYNTHETIC - NOT REAL GOVERNMENT DATA
CSE-POWER-01,ALT-POWER-2026-02315,2026-Q1,2026-02-07T07:04:00,MEDIUM,BRUTE_FORCE,SIEM-SENSOR-POWER,AST-POWER-078,2026-02-07T07:18:00,2026-02-07T07:40:00,2026-02-07T10:40:00,FALSE_POSITIVE,False,,ANALYST_SHARMA,True,True,True,CLOSED,DEMO/SYNTHETIC - NOT REAL GOVERNMENT DATA
CSE-POWER-01,ALT-POWER-2026-02316,2026-Q1,2026-03-22T02:44:00,HIGH,DATA_EXFILTRATION,SIEM-SENSOR-POWER,AST-POWER-028,2026-03-22T03:02:00,2026-03-22T03:47:00,2026-03-22T06:47:00,FALSE_POSITIVE,False,,ANALYST_VERMA,True,True,True,CLOSED,DEMO/SYNTHETIC - NOT REAL GOVERNMENT DATA
CSE-POWER-01,ALT-POWER-2026-02317,2026-Q1,2026-01-14T15:51:00,HIGH,MALWARE,SIEM-SENSOR-POWER,AST-POWER-019,2026-01-14T16:05:00,2026-01-14T16:49:00,2026-01-14T22:49:00,FALSE_POSITIVE,True,2026-01-14T17:19:00,ANALYST_SHARMA,True,True,True,CLOSED,DEMO/SYNTHETIC - NOT REAL GOVERNMENT DATA
CSE-POWER-01,ALT-POWER-2026-02318,2026-Q1,2026-03-17T23:16:00,HIGH,SCADA_COMMAND_ANOMALY,SIEM-SENSOR-POWER,AST-POWER-006,2026-03-17T23:34:00,2026-03-18T00:18:00,2026-03-18T04:18:00,FALSE_POSITIVE,False,,ANALYST_VERMA,True,True,True,CLOSED,DEMO/SYNTHETIC - NOT REAL GOVERNMENT DATA
CSE-POWER-01,ALT-POWER-2026-02319,2026-Q1,2026-01-16T21:35:00,HIGH,BRUTE_FORCE,SIEM-SENSOR-POWER,AST-POWER-073,2026-01-16T21:39:00,2026-01-16T22:07:00,2026-01-17T01:07:00,FALSE_POSITIVE,False,,ANALYST_PATEL,True,True,True,CLOSED,DEMO/SYNTHETIC - NOT REAL GOVERNMENT DATA
CSE-POWER-01,ALT-POWER-2026-02320,2026-Q1,2026-02-07T19:38:00,CRITICAL,PRIVILEGE_ESCALATION,SIEM-SENSOR-POWER,AST-POWER-032,2026-02-07T19:50:00,2026-02-07T20:08:00,2026-02-07T23:08:00,TRUE_POSITIVE,False,,ANALYST_SINGH,True,True,True,CLOSED,DEMO/SYNTHETIC - NOT REAL GOVERNMENT DATA
CSE-POWER-01,ALT-POWER-2026-02321,2026-Q1,2026-01-28T16:27:00,CRITICAL,SCADA_COMMAND_ANOMALY,SIEM-SENSOR-POWER,AST-POWER-060,2026-01-28T16:41:00,2026-01-28T16:58:00,2026-01-28T21:58:00,TRUE_POSITIVE,False,,ANALYST_RAO,True,True,True,CLOSED,DEMO/SYNTHETIC - NOT REAL GOVERNMENT DATA
CSE-POWER-01,ALT-POWER-2026-02322,2026-Q1,2026-01-13T13:52:00,CRITICAL,SCADA_COMMAND_ANOMALY,SIEM-SENSOR-POWER,AST-POWER-029,2026-01-13T13:54:00,2026-01-13T14:24:00,2026-01-13T17:24:00,TRUE_POSITIVE,False,,ANALYST_SINGH,True,True,True,CLOSED,DEMO/SYNTHETIC - NOT REAL GOVERNMENT DATA
CSE-POWER-01,ALT-POWER-2026-02323,2026-Q1,2026-02-18T15:05:00,CRITICAL,POLICY_VIOLATION,SIEM-SENSOR-POWER,AST-POWER-001,2026-02-18T15:18:00,2026-02-18T16:03:00,2026-02-18T19:03:00,TRUE_POSITIVE,False,,ANALYST_SINGH,True,True,True,CLOSED,DEMO/SYNTHETIC - NOT REAL GOVERNMENT DATA
CSE-POWER-01,ALT-POWER-2026-02324,2026-Q1,2026-01-10T05:06:00,HIGH,SCADA_COMMAND_ANOMALY,SIEM-SENSOR-POWER,AST-POWER-077,2026-01-10T05:08:00,2026-01-10T05:44:00,2026-01-10T10:44:00,FALSE_POSITIVE,False,,ANALYST_RAO,True,True,True,CLOSED,DEMO/SYNTHETIC - NOT REAL GOVERNMENT DATA
CSE-POWER-01,ALT-POWER-2026-02325,2026-Q1,2026-02-27T04:38:00,HIGH,MALWARE,SIEM-SENSOR-POWER,AST-POWER-007,2026-02-27T04:42:00,2026-02-27T05:14:00,2026-02-27T10:14:00,FALSE_POSITIVE,True,2026-02-27T05:44:00,ANALYST_RAO,True,True,True,CLOSED,DEMO/SYNTHETIC - NOT REAL GOVERNMENT DATA
CSE-POWER-01,ALT-POWER-2026-02326,2026-Q1,2026-01-26T02:39:00,MEDIUM,BRUTE_FORCE,SIEM-SENSOR-POWER,AST-POWER-083,2026-01-26T02:55:00,2026-01-26T03:27:00,2026-01-26T08:27:00,FALSE_POSITIVE,False,,ANALYST_SINGH,True,True,True,CLOSED,DEMO/SYNTHETIC - NOT REAL GOVERNMENT DATA
CSE-POWER-01,ALT-POWER-2026-02327,2026-Q1,2026-03-13T12:44:00,HIGH,DATA_EXFILTRATION,SIEM-SENSOR-POWER,AST-POWER-002,2026-03-13T12:50:00,2026-03-13T13:25:00,2026-03-13T17:25:00,FALSE_POSITIVE,False,,ANALYST_SHARMA,True,True,True,CLOSED,DEMO/SYNTHETIC - NOT REAL GOVERNMENT DATA
CSE-POWER-01,ALT-POWER-2026-02328,2026-Q1,2026-01-16T14:21:00,HIGH,UNAUTHORIZED_ACCESS,SIEM-SENSOR-POWER,AST-POWER-034,2026-01-16T14:26:00,2026-01-16T14:54:00,2026-01-16T16:54:00,FALSE_POSITIVE,False,,ANALYST_SINGH,True,True,True,CLOSED,DEMO/SYNTHETIC - NOT REAL GOVERNMENT DATA
CSE-POWER-01,ALT-POWER-2026-02329,2026-Q1,2026-01-30T17:54:00,MEDIUM,DATA_EXFILTRATION,SIEM-SENSOR-POWER,AST-POWER-007,2026-01-30T18:10:00,2026-01-30T18:29:00,2026-01-30T23:29:00,FALSE_POSITIVE,False,,ANALYST_VERMA,True,True,True,CLOSED,DEMO/SYNTHETIC - NOT REAL GOVERNMENT DATA
CSE-POWER-01,ALT-POWER-2026-02330,2026-Q1,2026-02-26T13:52:00,HIGH,UNAUTHORIZED_ACCESS,SIEM-SENSOR-POWER,AST-POWER-075,2026-02-26T13:56:00,2026-02-26T14:19:00,2026-02-26T17:19:00,FALSE_POSITIVE,False,,ANALYST_RAO,True,True,True,CLOSED,DEMO/SYNTHETIC - NOT REAL GOVERNMENT DATA
CSE-POWER-01,ALT-POWER-2026-02331,2026-Q1,2026-01-08T19:22:00,HIGH,DDOS_ATTACK,SIEM-SENSOR-POWER,AST-POWER-008,2026-01-08T19:40:00,2026-01-08T20:05:00,2026-01-09T00:05:00,FALSE_POSITIVE,True,2026-01-08T20:35:00,ANALYST_VERMA,True,True,True,CLOSED,DEMO/SYNTHETIC - NOT REAL GOVERNMENT DATA
CSE-POWER-01,ALT-POWER-2026-02332,2026-Q1,2026-03-08T05:12:00,CRITICAL,SCADA_COMMAND_ANOMALY,SIEM-SENSOR-POWER,AST-POWER-080,2026-03-08T05:27:00,2026-03-08T05:57:00,2026-03-08T11:57:00,TRUE_POSITIVE,False,,ANALYST_PATEL,True,True,True,CLOSED,DEMO/SYNTHETIC - NOT REAL GOVERNMENT DATA
CSE-POWER-01,ALT-POWER-2026-02333,2026-Q1,2026-01-28T09:12:00,LOW,SCADA_COMMAND_ANOMALY,SIEM-SENSOR-POWER,AST-POWER-047,2026-01-28T09:32:00,2026-01-28T09:50:00,2026-01-28T15:50:00,FALSE_POSITIVE,False,,ANALYST_PATEL,True,True,True,CLOSED,DEMO/SYNTHETIC - NOT REAL GOVERNMENT DATA
CSE-POWER-01,ALT-POWER-2026-02334,2026-Q1,2026-02-22T07:32:00,HIGH,DDOS_ATTACK,SIEM-SENSOR-POWER,AST-POWER-085,2026-02-22T07:38:00,2026-02-22T07:57:00,2026-02-22T11:57:00,FALSE_POSITIVE,False,,ANALYST_PATEL,True,True,True,CLOSED,DEMO/SYNTHETIC - NOT REAL GOVERNMENT DATA
CSE-POWER-01,ALT-POWER-2026-02335,2026-Q1,2026-02-04T07:31:00,MEDIUM,RANSOMWARE,SIEM-SENSOR-POWER,AST-POWER-054,2026-02-04T07:38:00,2026-02-04T08:09:00,2026-02-04T13:09:00,FALSE_POSITIVE,True,2026-02-04T08:39:00,ANALYST_SINGH,True,True,True,CLOSED,DEMO/SYNTHETIC - NOT REAL GOVERNMENT DATA
CSE-POWER-01,ALT-POWER-2026-02336,2026-Q1,2026-01-15T13:23:00,LOW,PRIVILEGE_ESCALATION,SIEM-SENSOR-POWER,AST-POWER-077,2026-01-15T13:36:00,2026-01-15T13:57:00,2026-01-15T19:57:00,FALSE_POSITIVE,False,,ANALYST_RAO,True,True,True,CLOSED,DEMO/SYNTHETIC - NOT REAL GOVERNMENT DATA
CSE-POWER-01,ALT-POWER-2026-02337,2026-Q1,2026-01-07T13:42:00,HIGH,PRIVILEGE_ESCALATION,SIEM-SENSOR-POWER,AST-POWER-065,2026-01-07T13:52:00,2026-01-07T14:24:00,2026-01-07T19:24:00,FALSE_POSITIVE,True,2026-01-07T14:54:00,ANALYST_VERMA,True,True,True,CLOSED,DEMO/SYNTHETIC - NOT REAL GOVERNMENT DATA
CSE-POWER-01,ALT-POWER-2026-02338,2026-Q1,2026-01-08T19:36:00,MEDIUM,MALWARE,SIEM-SENSOR-POWER,AST-POWER-067,2026-01-08T19:48:00,2026-01-08T20:25:00,2026-01-09T00:25:00,FALSE_POSITIVE,True,2026-01-08T20:55:00,ANALYST_RAO,True,True,True,CLOSED,DEMO/SYNTHETIC - NOT REAL GOVERNMENT DATA
CSE-POWER-01,ALT-POWER-2026-02339,2026-Q1,2026-03-20T09:58:00,CRITICAL,SCADA_COMMAND_ANOMALY,SIEM-SENSOR-POWER,AST-POWER-073,2026-03-20T10:08:00,2026-03-20T10:28:00,2026-03-20T12:28:00,TRUE_POSITIVE,False,,ANALYST_SHARMA,True,True,True,CLOSED,DEMO/SYNTHETIC - NOT REAL GOVERNMENT DATA
CSE-POWER-01,ALT-POWER-2026-02340,2026-Q1,2026-02-15T08:19:00,MEDIUM,UNAUTHORIZED_ACCESS,SIEM-SENSOR-POWER,AST-POWER-075,2026-02-15T08:35:00,2026-02-15T09:16:00,2026-02-15T14:16:00,FALSE_POSITIVE,True,2026-02-15T09:46:00,ANALYST_SINGH,True,True,True,CLOSED,DEMO/SYNTHETIC - NOT REAL GOVERNMENT DATA
CSE-POWER-01,ALT-POWER-2026-02341,2026-Q1,2026-03-12T11:31:00,HIGH,DATA_EXFILTRATION,SIEM-SENSOR-POWER,AST-POWER-003,2026-03-12T11:38:00,2026-03-12T12:16:00,2026-03-12T17:16:00,FALSE_POSITIVE,False,,ANALYST_RAO,True,True,True,CLOSED,DEMO/SYNTHETIC - NOT REAL GOVERNMENT DATA
CSE-POWER-01,ALT-POWER-2026-02342,2026-Q1,2026-03-01T00:12:00,HIGH,POLICY_VIOLATION,SIEM-SENSOR-POWER,AST-POWER-056,2026-03-01T00:21:00,2026-03-01T00:37:00,2026-03-01T05:37:00,FALSE_POSITIVE,False,,ANALYST_SINGH,True,True,True,CLOSED,DEMO/SYNTHETIC - NOT REAL GOVERNMENT DATA
CSE-POWER-01,ALT-POWER-2026-02343,2026-Q1,2026-02-26T18:51:00,MEDIUM,PRIVILEGE_ESCALATION,SIEM-SENSOR-POWER,AST-POWER-010,2026-02-26T19:11:00,2026-02-26T19:26:00,2026-02-27T00:26:00,FALSE_POSITIVE,False,,ANALYST_SHARMA,True,True,True,CLOSED,DEMO/SYNTHETIC - NOT REAL GOVERNMENT DATA
CSE-POWER-01,ALT-POWER-2026-02344,2026-Q1,2026-01-13T19:54:00,HIGH,POLICY_VIOLATION,SIEM-SENSOR-POWER,AST-POWER-022,2026-01-13T20:04:00,2026-01-13T20:49:00,2026-01-14T01:49:00,FALSE_POSITIVE,True,2026-01-13T21:19:00,ANALYST_VERMA,True,True,True,CLOSED,DEMO/SYNTHETIC - NOT REAL GOVERNMENT DATA
CSE-POWER-01,ALT-POWER-2026-02345,2026-Q1,2026-01-06T08:07:00,MEDIUM,BRUTE_FORCE,SIEM-SENSOR-POWER,AST-POWER-064,2026-01-06T08:25:00,2026-01-06T08:44:00,2026-01-06T14:44:00,FALSE_POSITIVE,True,2026-01-06T09:14:00,ANALYST_SHARMA,True,True,True,CLOSED,DEMO/SYNTHETIC - NOT REAL GOVERNMENT DATA
CSE-POWER-01,ALT-POWER-2026-02346,2026-Q1,2026-01-19T10:05:00,MEDIUM,RANSOMWARE,SIEM-SENSOR-POWER,AST-POWER-080,2026-01-19T10:07:00,2026-01-19T10:27:00,2026-01-19T16:27:00,FALSE_POSITIVE,False,,ANALYST_SHARMA,True,True,True,CLOSED,DEMO/SYNTHETIC - NOT REAL GOVERNMENT DATA
CSE-POWER-01,ALT-POWER-2026-02347,2026-Q1,2026-01-12T09:28:00,HIGH,POLICY_VIOLATION,SIEM-SENSOR-POWER,AST-POWER-023,2026-01-12T09:48:00,2026-01-12T10:04:00,2026-01-12T14:04:00,FALSE_POSITIVE,False,,ANALYST_PATEL,True,True,True,CLOSED,DEMO/SYNTHETIC - NOT REAL GOVERNMENT DATA
CSE-POWER-01,ALT-POWER-2026-02348,2026-Q1,2026-02-11T04:15:00,HIGH,RANSOMWARE,SIEM-SENSOR-POWER,AST-POWER-080,2026-02-11T04:25:00,2026-02-11T04:59:00,2026-02-11T09:59:00,FALSE_POSITIVE,False,,ANALYST_SHARMA,True,True,True,CLOSED,DEMO/SYNTHETIC - NOT REAL GOVERNMENT DATA
CSE-POWER-01,ALT-POWER-2026-02349,2026-Q1,2026-02-07T10:24:00,LOW,DATA_EXFILTRATION,SIEM-SENSOR-POWER,AST-POWER-037,2026-02-07T10:38:00,2026-02-07T11:00:00,2026-02-07T14:00:00,FALSE_POSITIVE,True,2026-02-07T11:30:00,ANALYST_VERMA,True,True,True,CLOSED,DEMO/SYNTHETIC - NOT REAL GOVERNMENT DATA
CSE-POWER-01,ALT-POWER-2026-02350,2026-Q1,2026-03-13T17:57:00,HIGH,DDOS_ATTACK,SIEM-SENSOR-POWER,AST-POWER-044,2026-03-13T18:17:00,2026-03-13T19:01:00,2026-03-13T21:01:00,FALSE_POSITIVE,True,2026-03-13T19:31:00,ANALYST_SHARMA,True,True,True,CLOSED,DEMO/SYNTHETIC - NOT REAL GOVERNMENT DATA
CSE-POWER-01,ALT-POWER-2026-02351,2026-Q1,2026-02-07T17:12:00,MEDIUM,SCADA_COMMAND_ANOMALY,SIEM-SENSOR-POWER,AST-POWER-018,2026-02-07T17:16:00,2026-02-07T17:37:00,2026-02-07T19:37:00,FALSE_POSITIVE,True,2026-02-07T18:07:00,ANALYST_RAO,True,True,True,CLOSED,DEMO/SYNTHETIC - NOT REAL GOVERNMENT DATA
CSE-POWER-01,ALT-POWER-2026-02352,2026-Q1,2026-02-21T21:49:00,MEDIUM,DATA_EXFILTRATION,SIEM-SENSOR-POWER,AST-POWER-075,2026-02-21T21:57:00,2026-02-21T22:23:00,2026-02-22T04:23:00,FALSE_POSITIVE,True,2026-02-21T22:53:00,ANALYST_SHARMA,True,True,True,CLOSED,DEMO/SYNTHETIC - NOT REAL GOVERNMENT DATA
CSE-POWER-01,ALT-POWER-2026-02353,2026-Q1,2026-01-16T15:43:00,HIGH,RANSOMWARE,SIEM-SENSOR-POWER,AST-POWER-027,2026-01-16T15:52:00,2026-01-16T16:36:00,2026-01-16T18:36:00,FALSE_POSITIVE,False,,ANALYST_RAO,True,True,True,CLOSED,DEMO/SYNTHETIC - NOT REAL GOVERNMENT DATA
CSE-POWER-01,ALT-POWER-2026-02354,2026-Q1,2026-02-28T03:35:00,MEDIUM,MALWARE,SIEM-SENSOR-POWER,AST-POWER-013,2026-02-28T03:42:00,2026-02-28T03:59:00,2026-02-28T08:59:00,FALSE_POSITIVE,False,,ANALYST_PATEL,True,True,True,CLOSED,DEMO/SYNTHETIC - NOT REAL GOVERNMENT DATA
CSE-POWER-01,ALT-POWER-2026-02355,2026-Q1,2026-01-25T18:10:00,LOW,BRUTE_FORCE,SIEM-SENSOR-POWER,AST-POWER-068,2026-01-25T18:26:00,2026-01-25T19:01:00,2026-01-26T01:01:00,FALSE_POSITIVE,True,2026-01-25T19:31:00,ANALYST_SINGH,True,True,True,CLOSED,DEMO/SYNTHETIC - NOT REAL GOVERNMENT DATA
CSE-POWER-01,ALT-POWER-2026-02356,2026-Q1,2026-01-04T17:51:00,LOW,UNAUTHORIZED_ACCESS,SIEM-SENSOR-POWER,AST-POWER-020,2026-01-04T18:10:00,2026-01-04T18:42:00,2026-01-04T21:42:00,FALSE_POSITIVE,False,,ANALYST_VERMA,True,True,True,CLOSED,DEMO/SYNTHETIC - NOT REAL GOVERNMENT DATA
CSE-POWER-01,ALT-POWER-2026-02357,2026-Q1,2026-03-03T00:49:00,MEDIUM,PRIVILEGE_ESCALATION,SIEM-SENSOR-POWER,AST-POWER-058,2026-03-03T01:01:00,2026-03-03T01:23:00,2026-03-03T05:23:00,FALSE_POSITIVE,False,,ANALYST_PATEL,True,True,True,CLOSED,DEMO/SYNTHETIC - NOT REAL GOVERNMENT DATA
CSE-POWER-01,ALT-POWER-2026-02358,2026-Q1,2026-01-09T02:38:00,MEDIUM,RANSOMWARE,SIEM-SENSOR-POWER,AST-POWER-045,2026-01-09T02:54:00,2026-01-09T03:31:00,2026-01-09T06:31:00,FALSE_POSITIVE,False,,ANALYST_RAO,True,True,True,CLOSED,DEMO/SYNTHETIC - NOT REAL GOVERNMENT DATA
CSE-POWER-01,ALT-POWER-2026-02359,2026-Q1,2026-03-14T22:25:00,CRITICAL,MALWARE,SIEM-SENSOR-POWER,AST-POWER-030,2026-03-14T22:35:00,2026-03-14T23:20:00,2026-03-15T05:20:00,TRUE_POSITIVE,False,,ANALYST_PATEL,True,True,True,CLOSED,DEMO/SYNTHETIC - NOT REAL GOVERNMENT DATA
CSE-POWER-01,ALT-POWER-2026-02360,2026-Q1,2026-01-19T01:14:00,CRITICAL,BRUTE_FORCE,SIEM-SENSOR-POWER,AST-POWER-034,2026-01-19T01:16:00,2026-01-19T01:50:00,2026-01-19T03:50:00,TRUE_POSITIVE,False,,ANALYST_RAO,True,True,True,CLOSED,DEMO/SYNTHETIC - NOT REAL GOVERNMENT DATA
CSE-POWER-01,ALT-POWER-2026-02361,2026-Q1,2026-03-18T20:01:00,MEDIUM,PRIVILEGE_ESCALATION,SIEM-SENSOR-POWER,AST-POWER-062,2026-03-18T20:19:00,2026-03-18T21:02:00,2026-03-19T02:02:00,FALSE_POSITIVE,False,,ANALYST_VERMA,True,True,True,CLOSED,DEMO/SYNTHETIC - NOT REAL GOVERNMENT DATA
CSE-POWER-01,ALT-POWER-2026-02362,2026-Q1,2026-01-31T18:40:00,MEDIUM,BRUTE_FORCE,SIEM-SENSOR-POWER,AST-POWER-004,2026-01-31T18:57:00,2026-01-31T19:19:00,2026-01-31T22:19:00,FALSE_POSITIVE,True,2026-01-31T19:49:00,ANALYST_SINGH,True,True,True,CLOSED,DEMO/SYNTHETIC - NOT REAL GOVERNMENT DATA
CSE-POWER-01,ALT-POWER-2026-02363,2026-Q1,2026-02-26T12:20:00,MEDIUM,DATA_EXFILTRATION,SIEM-SENSOR-POWER,AST-POWER-070,2026-02-26T12:27:00,2026-02-26T13:04:00,2026-02-26T17:04:00,FALSE_POSITIVE,False,,ANALYST_SHARMA,True,True,True,CLOSED,DEMO/SYNTHETIC - NOT REAL GOVERNMENT DATA
CSE-POWER-01,ALT-POWER-2026-02364,2026-Q1,2026-03-20T18:45:00,CRITICAL,PRIVILEGE_ESCALATION,SIEM-SENSOR-POWER,AST-POWER-071,2026-03-20T18:57:00,2026-03-20T19:35:00,2026-03-20T22:35:00,TRUE_POSITIVE,False,,ANALYST_RAO,True,True,True,CLOSED,DEMO/SYNTHETIC - NOT REAL GOVERNMENT DATA
CSE-POWER-01,ALT-POWER-2026-02365,2026-Q1,2026-01-04T02:00:00,MEDIUM,BRUTE_FORCE,SIEM-SENSOR-POWER,AST-POWER-082,2026-01-04T02:11:00,2026-01-04T02:35:00,2026-01-04T06:35:00,FALSE_POSITIVE,False,,ANALYST_RAO,True,True,True,CLOSED,DEMO/SYNTHETIC - NOT REAL GOVERNMENT DATA
CSE-POWER-01,ALT-POWER-2026-02366,2026-Q1,2026-03-18T04:00:00,HIGH,UNAUTHORIZED_ACCESS,SIEM-SENSOR-POWER,AST-POWER-047,2026-03-18T04:19:00,2026-03-18T05:01:00,2026-03-18T10:01:00,FALSE_POSITIVE,True,2026-03-18T05:31:00,ANALYST_SHARMA,True,True,True,CLOSED,DEMO/SYNTHETIC - NOT REAL GOVERNMENT DATA
CSE-POWER-01,ALT-POWER-2026-02367,2026-Q1,2026-01-25T21:08:00,CRITICAL,POLICY_VIOLATION,SIEM-SENSOR-POWER,AST-POWER-059,2026-01-25T21:11:00,2026-01-25T21:30:00,2026-01-26T01:30:00,TRUE_POSITIVE,False,,ANALYST_RAO,True,True,True,CLOSED,DEMO/SYNTHETIC - NOT REAL GOVERNMENT DATA
CSE-POWER-01,ALT-POWER-2026-02368,2026-Q1,2026-02-02T23:57:00,MEDIUM,SCADA_COMMAND_ANOMALY,SIEM-SENSOR-POWER,AST-POWER-031,2026-02-03T00:01:00,2026-02-03T00:16:00,2026-02-03T03:16:00,FALSE_POSITIVE,True,2026-02-03T00:46:00,ANALYST_PATEL,True,True,True,CLOSED,DEMO/SYNTHETIC - NOT REAL GOVERNMENT DATA
CSE-POWER-01,ALT-POWER-2026-02369,2026-Q1,2026-01-14T23:03:00,CRITICAL,SCADA_COMMAND_ANOMALY,SIEM-SENSOR-POWER,AST-POWER-066,2026-01-14T23:06:00,2026-01-14T23:25:00,2026-01-15T05:25:00,TRUE_POSITIVE,False,,ANALYST_SHARMA,True,True,True,CLOSED,DEMO/SYNTHETIC - NOT REAL GOVERNMENT DATA
CSE-POWER-01,ALT-POWER-2026-02370,2026-Q1,2026-02-28T05:38:00,HIGH,POLICY_VIOLATION,SIEM-SENSOR-POWER,AST-POWER-042,2026-02-28T05:43:00,2026-02-28T06:02:00,2026-02-28T11:02:00,FALSE_POSITIVE,True,2026-02-28T06:32:00,ANALYST_RAO,True,True,True,CLOSED,DEMO/SYNTHETIC - NOT REAL GOVERNMENT DATA
CSE-POWER-01,ALT-POWER-2026-02371,2026-Q1,2026-01-08T20:03:00,HIGH,DDOS_ATTACK,SIEM-SENSOR-POWER,AST-POWER-084,2026-01-08T20:11:00,2026-01-08T20:48:00,2026-01-08T22:48:00,FALSE_POSITIVE,False,,ANALYST_VERMA,True,True,True,CLOSED,DEMO/SYNTHETIC - NOT REAL GOVERNMENT DATA
CSE-POWER-01,ALT-POWER-2026-02372,2026-Q1,2026-01-21T11:06:00,HIGH,DDOS_ATTACK,SIEM-SENSOR-POWER,AST-POWER-056,2026-01-21T11:13:00,2026-01-21T11:31:00,2026-01-21T14:31:00,FALSE_POSITIVE,False,,ANALYST_PATEL,True,True,True,CLOSED,DEMO/SYNTHETIC - NOT REAL GOVERNMENT DATA
CSE-POWER-01,ALT-POWER-2026-02373,2026-Q1,2026-02-23T05:06:00,LOW,RANSOMWARE,SIEM-SENSOR-POWER,AST-POWER-039,2026-02-23T05:26:00,2026-02-23T06:09:00,2026-02-23T10:09:00,FALSE_POSITIVE,False,,ANALYST_RAO,True,True,True,CLOSED,DEMO/SYNTHETIC - NOT REAL GOVERNMENT DATA
CSE-POWER-01,ALT-POWER-2026-02374,2026-Q1,2026-02-17T12:59:00,HIGH,MALWARE,SIEM-SENSOR-POWER,AST-POWER-009,2026-02-17T13:06:00,2026-02-17T13:40:00,2026-02-17T17:40:00,FALSE_POSITIVE,False,,ANALYST_PATEL,True,True,True,CLOSED,DEMO/SYNTHETIC - NOT REAL GOVERNMENT DATA
CSE-POWER-01,ALT-POWER-2026-02375,2026-Q1,2026-01-05T18:57:00,MEDIUM,DATA_EXFILTRATION,SIEM-SENSOR-POWER,AST-POWER-039,2026-01-05T19:08:00,2026-01-05T19:38:00,2026-01-05T23:38:00,FALSE_POSITIVE,False,,ANALYST_SHARMA,True,True,True,CLOSED,DEMO/SYNTHETIC - NOT REAL GOVERNMENT DATA
CSE-POWER-01,ALT-POWER-2026-02376,2026-Q1,2026-02-24T06:48:00,HIGH,SCADA_COMMAND_ANOMALY,SIEM-SENSOR-POWER,AST-POWER-023,2026-02-24T07:03:00,2026-02-24T07:47:00,2026-02-24T11:47:00,FALSE_POSITIVE,False,,ANALYST_RAO,True,True,True,CLOSED,DEMO/SYNTHETIC - NOT REAL GOVERNMENT DATA
CSE-POWER-01,ALT-POWER-2026-02377,2026-Q1,2026-02-15T17:27:00,LOW,POLICY_VIOLATION,SIEM-SENSOR-POWER,AST-POWER-056,2026-02-15T17:47:00,2026-02-15T18:13:00,2026-02-15T22:13:00,FALSE_POSITIVE,False,,ANALYST_SINGH,True,True,True,CLOSED,DEMO/SYNTHETIC - NOT REAL GOVERNMENT DATA
CSE-POWER-01,ALT-POWER-2026-02378,2026-Q1,2026-01-01T10:07:00,HIGH,PRIVILEGE_ESCALATION,SIEM-SENSOR-POWER,AST-POWER-007,2026-01-01T10:23:00,2026-01-01T10:57:00,2026-01-01T16:57:00,FALSE_POSITIVE,False,,ANALYST_SINGH,True,True,True,CLOSED,DEMO/SYNTHETIC - NOT REAL GOVERNMENT DATA
CSE-POWER-01,ALT-POWER-2026-02379,2026-Q1,2026-02-05T10:04:00,CRITICAL,SCADA_COMMAND_ANOMALY,SIEM-SENSOR-POWER,AST-POWER-001,2026-02-05T10:10:00,2026-02-05T10:52:00,2026-02-05T14:52:00,TRUE_POSITIVE,False,,ANALYST_RAO,True,True,True,CLOSED,DEMO/SYNTHETIC - NOT REAL GOVERNMENT DATA
CSE-POWER-01,ALT-POWER-2026-02380,2026-Q1,2026-02-22T16:29:00,CRITICAL,DDOS_ATTACK,SIEM-SENSOR-POWER,AST-POWER-034,2026-02-22T16:46:00,2026-02-22T17:20:00,2026-02-22T21:20:00,TRUE_POSITIVE,False,,ANALYST_SINGH,True,True,True,CLOSED,DEMO/SYNTHETIC - NOT REAL GOVERNMENT DATA
CSE-POWER-01,ALT-POWER-2026-02381,2026-Q1,2026-01-06T23:34:00,CRITICAL,DDOS_ATTACK,SIEM-SENSOR-POWER,AST-POWER-053,2026-01-06T23:48:00,2026-01-07T00:10:00,2026-01-07T06:10:00,TRUE_POSITIVE,False,,ANALYST_SHARMA,True,True,True,CLOSED,DEMO/SYNTHETIC - NOT REAL GOVERNMENT DATA
CSE-POWER-01,ALT-POWER-2026-02382,2026-Q1,2026-01-24T16:23:00,CRITICAL,SCADA_COMMAND_ANOMALY,SIEM-SENSOR-POWER,AST-POWER-054,2026-01-24T16:39:00,2026-01-24T17:04:00,2026-01-24T19:04:00,TRUE_POSITIVE,False,,ANALYST_VERMA,True,True,True,CLOSED,DEMO/SYNTHETIC - NOT REAL GOVERNMENT DATA
CSE-POWER-01,ALT-POWER-2026-02383,2026-Q1,2026-03-22T20:10:00,CRITICAL,MALWARE,SIEM-SENSOR-POWER,AST-POWER-043,2026-03-22T20:15:00,2026-03-22T20:35:00,2026-03-22T23:35:00,TRUE_POSITIVE,False,,ANALYST_VERMA,True,True,True,CLOSED,DEMO/SYNTHETIC - NOT REAL GOVERNMENT DATA
CSE-POWER-01,ALT-POWER-2026-02384,2026-Q1,2026-03-13T00:11:00,HIGH,DATA_EXFILTRATION,SIEM-SENSOR-POWER,AST-POWER-034,2026-03-13T00:17:00,2026-03-13T01:00:00,2026-03-13T06:00:00,FALSE_POSITIVE,False,,ANALYST_SINGH,True,True,True,CLOSED,DEMO/SYNTHETIC - NOT REAL GOVERNMENT DATA
CSE-POWER-01,ALT-POWER-2026-02385,2026-Q1,2026-02-11T23:06:00,LOW,DATA_EXFILTRATION,SIEM-SENSOR-POWER,AST-POWER-066,2026-02-11T23:16:00,2026-02-11T23:49:00,2026-02-12T04:49:00,FALSE_POSITIVE,False,,ANALYST_SINGH,True,True,True,CLOSED,DEMO/SYNTHETIC - NOT REAL GOVERNMENT DATA
CSE-POWER-01,ALT-POWER-2026-02386,2026-Q1,2026-01-13T04:43:00,HIGH,PRIVILEGE_ESCALATION,SIEM-SENSOR-POWER,AST-POWER-036,2026-01-13T05:02:00,2026-01-13T05:36:00,2026-01-13T08:36:00,FALSE_POSITIVE,False,,ANALYST_RAO,True,True,True,CLOSED,DEMO/SYNTHETIC - NOT REAL GOVERNMENT DATA
CSE-POWER-01,ALT-POWER-2026-02387,2026-Q1,2026-03-11T10:14:00,LOW,RANSOMWARE,SIEM-SENSOR-POWER,AST-POWER-043,2026-03-11T10:25:00,2026-03-11T10:58:00,2026-03-11T16:58:00,FALSE_POSITIVE,False,,ANALYST_PATEL,True,True,True,CLOSED,DEMO/SYNTHETIC - NOT REAL GOVERNMENT DATA
CSE-POWER-01,ALT-POWER-2026-02388,2026-Q1,2026-03-20T02:27:00,HIGH,RANSOMWARE,SIEM-SENSOR-POWER,AST-POWER-045,2026-03-20T02:39:00,2026-03-20T02:58:00,2026-03-20T05:58:00,FALSE_POSITIVE,False,,ANALYST_PATEL,True,True,True,CLOSED,DEMO/SYNTHETIC - NOT REAL GOVERNMENT DATA
CSE-POWER-01,ALT-POWER-2026-02389,2026-Q1,2026-03-02T20:43:00,HIGH,MALWARE,SIEM-SENSOR-POWER,AST-POWER-001,2026-03-02T20:46:00,2026-03-02T21:03:00,2026-03-03T03:03:00,FALSE_POSITIVE,True,2026-03-02T21:33:00,ANALYST_PATEL,True,True,True,CLOSED,DEMO/SYNTHETIC - NOT REAL GOVERNMENT DATA
CSE-POWER-01,ALT-POWER-2026-02390,2026-Q1,2026-02-08T18:29:00,CRITICAL,SCADA_COMMAND_ANOMALY,SIEM-SENSOR-POWER,AST-POWER-011,2026-02-08T18:44:00,2026-02-08T19:06:00,2026-02-08T22:06:00,TRUE_POSITIVE,False,,ANALYST_RAO,True,True,True,CLOSED,DEMO/SYNTHETIC - NOT REAL GOVERNMENT DATA
CSE-POWER-01,ALT-POWER-2026-02391,2026-Q1,2026-02-24T00:36:00,HIGH,BRUTE_FORCE,SIEM-SENSOR-POWER,AST-POWER-007,2026-02-24T00:38:00,2026-02-24T01:02:00,2026-02-24T05:02:00,FALSE_POSITIVE,False,,ANALYST_RAO,True,True,True,CLOSED,DEMO/SYNTHETIC - NOT REAL GOVERNMENT DATA
CSE-POWER-01,ALT-POWER-2026-02392,2026-Q1,2026-02-19T20:54:00,CRITICAL,DATA_EXFILTRATION,SIEM-SENSOR-POWER,AST-POWER-008,2026-02-19T21:07:00,2026-02-19T21:41:00,2026-02-20T02:41:00,TRUE_POSITIVE,False,,ANALYST_SHARMA,True,True,True,CLOSED,DEMO/SYNTHETIC - NOT REAL GOVERNMENT DATA
CSE-POWER-01,ALT-POWER-2026-02393,2026-Q1,2026-02-16T16:13:00,HIGH,DATA_EXFILTRATION,SIEM-SENSOR-POWER,AST-POWER-046,2026-02-16T16:23:00,2026-02-16T16:43:00,2026-02-16T18:43:00,FALSE_POSITIVE,True,2026-02-16T17:13:00,ANALYST_PATEL,True,True,True,CLOSED,DEMO/SYNTHETIC - NOT REAL GOVERNMENT DATA
CSE-POWER-01,ALT-POWER-2026-02394,2026-Q1,2026-02-08T05:01:00,MEDIUM,DATA_EXFILTRATION,SIEM-SENSOR-POWER,AST-POWER-012,2026-02-08T05:08:00,2026-02-08T05:40:00,2026-02-08T10:40:00,FALSE_POSITIVE,False,,ANALYST_PATEL,True,True,True,CLOSED,DEMO/SYNTHETIC - NOT REAL GOVERNMENT DATA
CSE-POWER-01,ALT-POWER-2026-02395,2026-Q1,2026-03-01T17:28:00,CRITICAL,SCADA_COMMAND_ANOMALY,SIEM-SENSOR-POWER,AST-POWER-048,2026-03-01T17:33:00,2026-03-01T17:58:00,2026-03-01T19:58:00,TRUE_POSITIVE,False,,ANALYST_RAO,True,True,True,CLOSED,DEMO/SYNTHETIC - NOT REAL GOVERNMENT DATA
CSE-POWER-01,ALT-POWER-2026-02396,2026-Q1,2026-03-19T01:36:00,CRITICAL,SCADA_COMMAND_ANOMALY,SIEM-SENSOR-POWER,AST-POWER-058,2026-03-19T01:38:00,2026-03-19T02:19:00,2026-03-19T07:19:00,TRUE_POSITIVE,False,,ANALYST_SINGH,True,True,True,CLOSED,DEMO/SYNTHETIC - NOT REAL GOVERNMENT DATA
CSE-POWER-01,ALT-POWER-2026-02397,2026-Q1,2026-03-16T12:42:00,LOW,DDOS_ATTACK,SIEM-SENSOR-POWER,AST-POWER-012,2026-03-16T13:02:00,2026-03-16T13:25:00,2026-03-16T15:25:00,FALSE_POSITIVE,True,2026-03-16T13:55:00,ANALYST_SINGH,True,True,True,CLOSED,DEMO/SYNTHETIC - NOT REAL GOVERNMENT DATA
CSE-POWER-01,ALT-POWER-2026-02398,2026-Q1,2026-01-13T05:52:00,HIGH,SCADA_COMMAND_ANOMALY,SIEM-SENSOR-POWER,AST-POWER-027,2026-01-13T06:04:00,2026-01-13T06:43:00,2026-01-13T10:43:00,FALSE_POSITIVE,False,,ANALYST_SINGH,True,True,True,CLOSED,DEMO/SYNTHETIC - NOT REAL GOVERNMENT DATA
CSE-POWER-01,ALT-POWER-2026-02399,2026-Q1,2026-02-16T17:10:00,HIGH,UNAUTHORIZED_ACCESS,SIEM-SENSOR-POWER,AST-POWER-053,2026-02-16T17:16:00,2026-02-16T17:59:00,2026-02-16T20:59:00,FALSE_POSITIVE,False,,ANALYST_PATEL,True,True,True,CLOSED,DEMO/SYNTHETIC - NOT REAL GOVERNMENT DATA
CSE-POWER-01,ALT-POWER-2026-02400,2026-Q1,2026-01-15T11:24:00,HIGH,DATA_EXFILTRATION,SIEM-SENSOR-POWER,AST-POWER-077,2026-01-15T11:39:00,2026-01-15T12:22:00,2026-01-15T14:22:00,FALSE_POSITIVE,False,,ANALYST_SHARMA,True,True,True,CLOSED,DEMO/SYNTHETIC - NOT REAL GOVERNMENT DATA
CSE-POWER-01,ALT-POWER-2026-02401,2026-Q1,2026-01-23T15:27:00,CRITICAL,SCADA_COMMAND_ANOMALY,SIEM-SENSOR-POWER,AST-POWER-029,2026-01-23T15:31:00,2026-01-23T16:07:00,2026-01-23T19:07:00,TRUE_POSITIVE,False,,ANALYST_RAO,True,True,True,CLOSED,DEMO/SYNTHETIC - NOT REAL GOVERNMENT DATA
CSE-POWER-01,ALT-POWER-2026-02402,2026-Q1,2026-01-04T19:48:00,LOW,PRIVILEGE_ESCALATION,SIEM-SENSOR-POWER,AST-POWER-076,2026-01-04T20:08:00,2026-01-04T20:26:00,2026-01-05T00:26:00,FALSE_POSITIVE,False,,ANALYST_SINGH,True,True,True,CLOSED,DEMO/SYNTHETIC - NOT REAL GOVERNMENT DATA
CSE-POWER-01,ALT-POWER-2026-02403,2026-Q1,2026-02-03T19:16:00,LOW,SCADA_COMMAND_ANOMALY,SIEM-SENSOR-POWER,AST-POWER-045,2026-02-03T19:24:00,2026-02-03T19:45:00,2026-02-04T00:45:00,FALSE_POSITIVE,False,,ANALYST_SINGH,True,True,True,CLOSED,DEMO/SYNTHETIC - NOT REAL GOVERNMENT DATA
CSE-POWER-01,ALT-POWER-2026-02404,2026-Q1,2026-02-04T18:44:00,CRITICAL,POLICY_VIOLATION,SIEM-SENSOR-POWER,AST-POWER-068,2026-02-04T18:46:00,2026-02-04T19:04:00,2026-02-05T01:04:00,TRUE_POSITIVE,False,,ANALYST_SINGH,True,True,True,CLOSED,DEMO/SYNTHETIC - NOT REAL GOVERNMENT DATA
CSE-POWER-01,ALT-POWER-2026-02405,2026-Q1,2026-03-08T02:40:00,MEDIUM,BRUTE_FORCE,SIEM-SENSOR-POWER,AST-POWER-016,2026-03-08T02:49:00,2026-03-08T03:29:00,2026-03-08T08:29:00,FALSE_POSITIVE,False,,ANALYST_VERMA,True,True,True,CLOSED,DEMO/SYNTHETIC - NOT REAL GOVERNMENT DATA
CSE-POWER-01,ALT-POWER-2026-02406,2026-Q1,2026-01-21T06:12:00,CRITICAL,SCADA_COMMAND_ANOMALY,SIEM-SENSOR-POWER,AST-POWER-036,2026-01-21T06:28:00,2026-01-21T06:43:00,2026-01-21T11:43:00,TRUE_POSITIVE,False,,ANALYST_SHARMA,True,True,True,CLOSED,DEMO/SYNTHETIC - NOT REAL GOVERNMENT DATA
CSE-POWER-01,ALT-POWER-2026-02407,2026-Q1,2026-01-13T04:31:00,HIGH,DDOS_ATTACK,SIEM-SENSOR-POWER,AST-POWER-031,2026-01-13T04:49:00,2026-01-13T05:19:00,2026-01-13T11:19:00,FALSE_POSITIVE,False,,ANALYST_VERMA,True,True,True,CLOSED,DEMO/SYNTHETIC - NOT REAL GOVERNMENT DATA
CSE-POWER-01,ALT-POWER-2026-02408,2026-Q1,2026-03-07T23:04:00,CRITICAL,MALWARE,SIEM-SENSOR-POWER,AST-POWER-007,2026-03-07T23:10:00,2026-03-07T23:30:00,2026-03-08T01:30:00,TRUE_POSITIVE,False,,ANALYST_PATEL,True,True,True,CLOSED,DEMO/SYNTHETIC - NOT REAL GOVERNMENT DATA
CSE-POWER-01,ALT-POWER-2026-02409,2026-Q1,2026-02-09T09:33:00,HIGH,RANSOMWARE,SIEM-SENSOR-POWER,AST-POWER-041,2026-02-09T09:50:00,2026-02-09T10:21:00,2026-02-09T16:21:00,FALSE_POSITIVE,True,2026-02-09T10:51:00,ANALYST_SHARMA,True,True,True,CLOSED,DEMO/SYNTHETIC - NOT REAL GOVERNMENT DATA
CSE-POWER-01,ALT-POWER-2026-02410,2026-Q1,2026-02-02T18:22:00,HIGH,UNAUTHORIZED_ACCESS,SIEM-SENSOR-POWER,AST-POWER-038,2026-02-02T18:34:00,2026-02-02T19:08:00,2026-02-03T01:08:00,FALSE_POSITIVE,True,2026-02-02T19:38:00,ANALYST_VERMA,True,True,True,CLOSED,DEMO/SYNTHETIC - NOT REAL GOVERNMENT DATA
CSE-POWER-01,ALT-POWER-2026-02411,2026-Q1,2026-03-22T05:32:00,HIGH,MALWARE,SIEM-SENSOR-POWER,AST-POWER-036,2026-03-22T05:49:00,2026-03-22T06:05:00,2026-03-22T08:05:00,FALSE_POSITIVE,False,,ANALYST_SHARMA,True,True,True,CLOSED,DEMO/SYNTHETIC - NOT REAL GOVERNMENT DATA
CSE-POWER-01,ALT-POWER-2026-02412,2026-Q1,2026-01-29T20:50:00,CRITICAL,SCADA_COMMAND_ANOMALY,SIEM-SENSOR-POWER,AST-POWER-036,2026-01-29T21:00:00,2026-01-29T21:16:00,2026-01-30T00:16:00,TRUE_POSITIVE,False,,ANALYST_VERMA,True,True,True,CLOSED,DEMO/SYNTHETIC - NOT REAL GOVERNMENT DATA
CSE-POWER-01,ALT-POWER-2026-02413,2026-Q1,2026-01-08T10:47:00,MEDIUM,MALWARE,SIEM-SENSOR-POWER,AST-POWER-043,2026-01-08T11:04:00,2026-01-08T11:26:00,2026-01-08T14:26:00,FALSE_POSITIVE,True,2026-01-08T11:56:00,ANALYST_SHARMA,True,True,True,CLOSED,DEMO/SYNTHETIC - NOT REAL GOVERNMENT DATA
CSE-POWER-01,ALT-POWER-2026-02414,2026-Q1,2026-01-15T07:26:00,HIGH,MALWARE,SIEM-SENSOR-POWER,AST-POWER-007,2026-01-15T07:38:00,2026-01-15T08:20:00,2026-01-15T11:20:00,FALSE_POSITIVE,False,,ANALYST_SHARMA,True,True,True,CLOSED,DEMO/SYNTHETIC - NOT REAL GOVERNMENT DATA
CSE-POWER-01,ALT-POWER-2026-02415,2026-Q1,2026-03-04T19:26:00,HIGH,DATA_EXFILTRATION,SIEM-SENSOR-POWER,AST-POWER-052,2026-03-04T19:30:00,2026-03-04T19:47:00,2026-03-05T00:47:00,FALSE_POSITIVE,False,,ANALYST_VERMA,True,True,True,CLOSED,DEMO/SYNTHETIC - NOT REAL GOVERNMENT DATA
CSE-POWER-01,ALT-POWER-2026-02416,2026-Q1,2026-01-02T20:03:00,HIGH,UNAUTHORIZED_ACCESS,SIEM-SENSOR-POWER,AST-POWER-066,2026-01-02T20:08:00,2026-01-02T20:49:00,2026-01-02T23:49:00,FALSE_POSITIVE,False,,ANALYST_VERMA,True,True,True,CLOSED,DEMO/SYNTHETIC - NOT REAL GOVERNMENT DATA
CSE-POWER-01,ALT-POWER-2026-02417,2026-Q1,2026-02-28T21:24:00,HIGH,PRIVILEGE_ESCALATION,SIEM-SENSOR-POWER,AST-POWER-028,2026-02-28T21:30:00,2026-02-28T22:11:00,2026-03-01T04:11:00,FALSE_POSITIVE,True,2026-02-28T22:41:00,ANALYST_SINGH,True,True,True,CLOSED,DEMO/SYNTHETIC - NOT REAL GOVERNMENT DATA
CSE-POWER-01,ALT-POWER-2026-02418,2026-Q1,2026-02-01T23:21:00,CRITICAL,BRUTE_FORCE,SIEM-SENSOR-POWER,AST-POWER-031,2026-02-01T23:31:00,2026-02-02T00:15:00,2026-02-02T06:15:00,TRUE_POSITIVE,False,,ANALYST_RAO,True,True,True,CLOSED,DEMO/SYNTHETIC - NOT REAL GOVERNMENT DATA
CSE-POWER-01,ALT-POWER-2026-02419,2026-Q1,2026-02-18T17:58:00,MEDIUM,PRIVILEGE_ESCALATION,SIEM-SENSOR-POWER,AST-POWER-004,2026-02-18T18:04:00,2026-02-18T18:45:00,2026-02-19T00:45:00,FALSE_POSITIVE,True,2026-02-18T19:15:00,ANALYST_PATEL,True,True,True,CLOSED,DEMO/SYNTHETIC - NOT REAL GOVERNMENT DATA
CSE-POWER-01,ALT-POWER-2026-02420,2026-Q1,2026-02-06T16:37:00,LOW,DATA_EXFILTRATION,SIEM-SENSOR-POWER,AST-POWER-046,2026-02-06T16:57:00,2026-02-06T17:20:00,2026-02-06T23:20:00,FALSE_POSITIVE,False,,ANALYST_RAO,True,True,True,CLOSED,DEMO/SYNTHETIC - NOT REAL GOVERNMENT DATA
CSE-POWER-01,ALT-POWER-2026-02421,2026-Q1,2026-03-01T04:42:00,LOW,UNAUTHORIZED_ACCESS,SIEM-SENSOR-POWER,AST-POWER-037,2026-03-01T04:52:00,2026-03-01T05:32:00,2026-03-01T09:32:00,FALSE_POSITIVE,False,,ANALYST_SINGH,True,True,True,CLOSED,DEMO/SYNTHETIC - NOT REAL GOVERNMENT DATA
CSE-POWER-01,ALT-POWER-2026-02422,2026-Q1,2026-02-27T11:26:00,CRITICAL,SCADA_COMMAND_ANOMALY,SIEM-SENSOR-POWER,AST-POWER-001,2026-02-27T11:40:00,2026-02-27T12:05:00,2026-02-27T14:05:00,TRUE_POSITIVE,False,,ANALYST_RAO,True,True,True,CLOSED,DEMO/SYNTHETIC - NOT REAL GOVERNMENT DATA
CSE-POWER-01,ALT-POWER-2026-02423,2026-Q1,2026-02-06T09:16:00,HIGH,PRIVILEGE_ESCALATION,SIEM-SENSOR-POWER,AST-POWER-063,2026-02-06T09:34:00,2026-02-06T09:51:00,2026-02-06T13:51:00,FALSE_POSITIVE,False,,ANALYST_RAO,True,True,True,CLOSED,DEMO/SYNTHETIC - NOT REAL GOVERNMENT DATA
CSE-POWER-01,ALT-POWER-2026-02424,2026-Q1,2026-01-21T10:08:00,MEDIUM,SCADA_COMMAND_ANOMALY,SIEM-SENSOR-POWER,AST-POWER-066,2026-01-21T10:22:00,2026-01-21T10:46:00,2026-01-21T15:46:00,FALSE_POSITIVE,False,,ANALYST_PATEL,True,True,True,CLOSED,DEMO/SYNTHETIC - NOT REAL GOVERNMENT DATA
CSE-POWER-01,ALT-POWER-2026-02425,2026-Q1,2026-03-13T19:14:00,LOW,DATA_EXFILTRATION,SIEM-SENSOR-POWER,AST-POWER-031,2026-03-13T19:31:00,2026-03-13T20:15:00,2026-03-14T02:15:00,FALSE_POSITIVE,False,,ANALYST_SHARMA,True,True,True,CLOSED,DEMO/SYNTHETIC - NOT REAL GOVERNMENT DATA
CSE-POWER-01,ALT-POWER-2026-02426,2026-Q1,2026-03-18T03:14:00,MEDIUM,POLICY_VIOLATION,SIEM-SENSOR-POWER,AST-POWER-044,2026-03-18T03:32:00,2026-03-18T03:54:00,2026-03-18T09:54:00,FALSE_POSITIVE,True,2026-03-18T04:24:00,ANALYST_RAO,True,True,True,CLOSED,DEMO/SYNTHETIC - NOT REAL GOVERNMENT DATA
CSE-POWER-01,ALT-POWER-2026-02427,2026-Q1,2026-01-17T23:49:00,LOW,BRUTE_FORCE,SIEM-SENSOR-POWER,AST-POWER-047,2026-01-17T23:55:00,2026-01-18T00:15:00,2026-01-18T04:15:00,FALSE_POSITIVE,True,2026-01-18T00:45:00,ANALYST_RAO,True,True,True,CLOSED,DEMO/SYNTHETIC - NOT REAL GOVERNMENT DATA
CSE-POWER-01,ALT-POWER-2026-02428,2026-Q1,2026-01-01T22:13:00,LOW,RANSOMWARE,SIEM-SENSOR-POWER,AST-POWER-036,2026-01-01T22:20:00,2026-01-01T22:44:00,2026-01-02T03:44:00,FALSE_POSITIVE,True,2026-01-01T23:14:00,ANALYST_SHARMA,True,True,True,CLOSED,DEMO/SYNTHETIC - NOT REAL GOVERNMENT DATA
CSE-POWER-01,ALT-POWER-2026-02429,2026-Q1,2026-02-28T04:02:00,HIGH,BRUTE_FORCE,SIEM-SENSOR-POWER,AST-POWER-077,2026-02-28T04:15:00,2026-02-28T04:36:00,2026-02-28T09:36:00,FALSE_POSITIVE,True,2026-02-28T05:06:00,ANALYST_SINGH,True,True,True,CLOSED,DEMO/SYNTHETIC - NOT REAL GOVERNMENT DATA
CSE-POWER-01,ALT-POWER-2026-02430,2026-Q1,2026-01-07T13:15:00,CRITICAL,SCADA_COMMAND_ANOMALY,SIEM-SENSOR-POWER,AST-POWER-078,2026-01-07T13:34:00,2026-01-07T14:17:00,2026-01-07T19:17:00,TRUE_POSITIVE,False,,ANALYST_PATEL,True,True,True,CLOSED,DEMO/SYNTHETIC - NOT REAL GOVERNMENT DATA
CSE-POWER-01,ALT-POWER-2026-02431,2026-Q1,2026-02-28T06:14:00,LOW,MALWARE,SIEM-SENSOR-POWER,AST-POWER-013,2026-02-28T06:32:00,2026-02-28T06:57:00,2026-02-28T12:57:00,FALSE_POSITIVE,True,2026-02-28T07:27:00,ANALYST_SHARMA,True,True,True,CLOSED,DEMO/SYNTHETIC - NOT REAL GOVERNMENT DATA
CSE-POWER-01,ALT-POWER-2026-02432,2026-Q1,2026-02-16T11:43:00,LOW,MALWARE,SIEM-SENSOR-POWER,AST-POWER-054,2026-02-16T11:50:00,2026-02-16T12:35:00,2026-02-16T14:35:00,FALSE_POSITIVE,False,,ANALYST_VERMA,True,True,True,CLOSED,DEMO/SYNTHETIC - NOT REAL GOVERNMENT DATA
CSE-POWER-01,ALT-POWER-2026-02433,2026-Q1,2026-02-17T03:46:00,CRITICAL,SCADA_COMMAND_ANOMALY,SIEM-SENSOR-POWER,AST-POWER-065,2026-02-17T04:06:00,2026-02-17T04:37:00,2026-02-17T06:37:00,TRUE_POSITIVE,False,,ANALYST_PATEL,True,True,True,CLOSED,DEMO/SYNTHETIC - NOT REAL GOVERNMENT DATA
CSE-POWER-01,ALT-POWER-2026-02434,2026-Q1,2026-03-09T03:58:00,CRITICAL,DATA_EXFILTRATION,SIEM-SENSOR-POWER,AST-POWER-024,2026-03-09T04:03:00,2026-03-09T04:33:00,2026-03-09T10:33:00,TRUE_POSITIVE,False,,ANALYST_PATEL,True,True,True,CLOSED,DEMO/SYNTHETIC - NOT REAL GOVERNMENT DATA
CSE-POWER-01,ALT-POWER-2026-02435,2026-Q1,2026-01-31T09:08:00,MEDIUM,UNAUTHORIZED_ACCESS,SIEM-SENSOR-POWER,AST-POWER-053,2026-01-31T09:16:00,2026-01-31T09:37:00,2026-01-31T15:37:00,FALSE_POSITIVE,False,,ANALYST_RAO,True,True,True,CLOSED,DEMO/SYNTHETIC - NOT REAL GOVERNMENT DATA
CSE-POWER-01,ALT-POWER-2026-02436,2026-Q1,2026-02-10T10:12:00,MEDIUM,RANSOMWARE,SIEM-SENSOR-POWER,AST-POWER-025,2026-02-10T10:32:00,2026-02-10T11:08:00,2026-02-10T16:08:00,FALSE_POSITIVE,False,,ANALYST_RAO,True,True,True,CLOSED,DEMO/SYNTHETIC - NOT REAL GOVERNMENT DATA
CSE-POWER-01,ALT-POWER-2026-02437,2026-Q1,2026-02-26T04:40:00,CRITICAL,SCADA_COMMAND_ANOMALY,SIEM-SENSOR-POWER,AST-POWER-073,2026-02-26T04:47:00,2026-02-26T05:11:00,2026-02-26T08:11:00,TRUE_POSITIVE,False,,ANALYST_VERMA,True,True,True,CLOSED,DEMO/SYNTHETIC - NOT REAL GOVERNMENT DATA
CSE-POWER-01,ALT-POWER-2026-02438,2026-Q1,2026-02-05T06:52:00,MEDIUM,UNAUTHORIZED_ACCESS,SIEM-SENSOR-POWER,AST-POWER-004,2026-02-05T06:56:00,2026-02-05T07:32:00,2026-02-05T12:32:00,FALSE_POSITIVE,True,2026-02-05T08:02:00,ANALYST_PATEL,True,True,True,CLOSED,DEMO/SYNTHETIC - NOT REAL GOVERNMENT DATA
CSE-POWER-01,ALT-POWER-2026-02439,2026-Q1,2026-01-29T04:18:00,MEDIUM,UNAUTHORIZED_ACCESS,SIEM-SENSOR-POWER,AST-POWER-085,2026-01-29T04:35:00,2026-01-29T05:14:00,2026-01-29T08:14:00,FALSE_POSITIVE,False,,ANALYST_PATEL,True,True,True,CLOSED,DEMO/SYNTHETIC - NOT REAL GOVERNMENT DATA
CSE-POWER-01,ALT-POWER-2026-02440,2026-Q1,2026-01-31T18:47:00,CRITICAL,SCADA_COMMAND_ANOMALY,SIEM-SENSOR-POWER,AST-POWER-018,2026-01-31T18:54:00,2026-01-31T19:20:00,2026-02-01T00:20:00,TRUE_POSITIVE,False,,ANALYST_SHARMA,True,True,True,CLOSED,DEMO/SYNTHETIC - NOT REAL GOVERNMENT DATA
CSE-POWER-01,ALT-POWER-2026-02441,2026-Q1,2026-03-21T17:37:00,HIGH,BRUTE_FORCE,SIEM-SENSOR-POWER,AST-POWER-007,2026-03-21T17:48:00,2026-03-21T18:30:00,2026-03-21T20:30:00,FALSE_POSITIVE,False,,ANALYST_VERMA,True,True,True,CLOSED,DEMO/SYNTHETIC - NOT REAL GOVERNMENT DATA
CSE-POWER-01,ALT-POWER-2026-02442,2026-Q1,2026-03-06T21:11:00,HIGH,MALWARE,SIEM-SENSOR-POWER,AST-POWER-036,2026-03-06T21:24:00,2026-03-06T21:44:00,2026-03-06T23:44:00,FALSE_POSITIVE,False,,ANALYST_RAO,True,True,True,CLOSED,DEMO/SYNTHETIC - NOT REAL GOVERNMENT DATA
CSE-POWER-01,ALT-POWER-2026-02443,2026-Q1,2026-03-15T18:40:00,MEDIUM,PRIVILEGE_ESCALATION,SIEM-SENSOR-POWER,AST-POWER-019,2026-03-15T18:48:00,2026-03-15T19:05:00,2026-03-15T21:05:00,FALSE_POSITIVE,False,,ANALYST_PATEL,True,True,True,CLOSED,DEMO/SYNTHETIC - NOT REAL GOVERNMENT DATA
CSE-POWER-01,ALT-POWER-2026-02444,2026-Q1,2026-03-05T16:36:00,HIGH,DDOS_ATTACK,SIEM-SENSOR-POWER,AST-POWER-052,2026-03-05T16:39:00,2026-03-05T17:23:00,2026-03-05T19:23:00,FALSE_POSITIVE,False,,ANALYST_RAO,True,True,True,CLOSED,DEMO/SYNTHETIC - NOT REAL GOVERNMENT DATA
CSE-POWER-01,ALT-POWER-2026-02445,2026-Q1,2026-01-07T01:23:00,HIGH,UNAUTHORIZED_ACCESS,SIEM-SENSOR-POWER,AST-POWER-019,2026-01-07T01:39:00,2026-01-07T02:06:00,2026-01-07T04:06:00,FALSE_POSITIVE,True,2026-01-07T02:36:00,ANALYST_SINGH,True,True,True,CLOSED,DEMO/SYNTHETIC - NOT REAL GOVERNMENT DATA
CSE-POWER-01,ALT-POWER-2026-02446,2026-Q1,2026-01-17T07:06:00,HIGH,PRIVILEGE_ESCALATION,SIEM-SENSOR-POWER,AST-POWER-061,2026-01-17T07:10:00,2026-01-17T07:25:00,2026-01-17T09:25:00,FALSE_POSITIVE,True,2026-01-17T07:55:00,ANALYST_RAO,True,True,True,CLOSED,DEMO/SYNTHETIC - NOT REAL GOVERNMENT DATA
CSE-POWER-01,ALT-POWER-2026-02447,2026-Q1,2026-02-19T13:48:00,HIGH,POLICY_VIOLATION,SIEM-SENSOR-POWER,AST-POWER-040,2026-02-19T14:08:00,2026-02-19T14:47:00,2026-02-19T19:47:00,FALSE_POSITIVE,False,,ANALYST_VERMA,True,True,True,CLOSED,DEMO/SYNTHETIC - NOT REAL GOVERNMENT DATA
CSE-POWER-01,ALT-POWER-2026-02448,2026-Q1,2026-01-31T17:17:00,LOW,POLICY_VIOLATION,SIEM-SENSOR-POWER,AST-POWER-082,2026-01-31T17:36:00,2026-01-31T17:59:00,2026-01-31T21:59:00,FALSE_POSITIVE,False,,ANALYST_SHARMA,True,True,True,CLOSED,DEMO/SYNTHETIC - NOT REAL GOVERNMENT DATA
CSE-POWER-01,ALT-POWER-2026-02449,2026-Q1,2026-01-30T01:59:00,CRITICAL,SCADA_COMMAND_ANOMALY,SIEM-SENSOR-POWER,AST-POWER-010,2026-01-30T02:06:00,2026-01-30T02:27:00,2026-01-30T07:27:00,TRUE_POSITIVE,False,,ANALYST_PATEL,True,True,True,CLOSED,DEMO/SYNTHETIC - NOT REAL GOVERNMENT DATA
CSE-POWER-01,ALT-POWER-2026-02450,2026-Q1,2026-01-25T15:08:00,HIGH,BRUTE_FORCE,SIEM-SENSOR-POWER,AST-POWER-012,2026-01-25T15:26:00,2026-01-25T16:10:00,2026-01-25T18:10:00,FALSE_POSITIVE,False,,ANALYST_VERMA,True,True,True,CLOSED,DEMO/SYNTHETIC - NOT REAL GOVERNMENT DATA
CSE-POWER-01,ALT-POWER-2026-02451,2026-Q1,2026-01-27T23:05:00,CRITICAL,SCADA_COMMAND_ANOMALY,SIEM-SENSOR-POWER,AST-POWER-030,2026-01-27T23:07:00,2026-01-27T23:33:00,2026-01-28T01:33:00,TRUE_POSITIVE,False,,ANALYST_SINGH,True,True,True,CLOSED,DEMO/SYNTHETIC - NOT REAL GOVERNMENT DATA
CSE-POWER-01,ALT-POWER-2026-02452,2026-Q1,2026-02-19T14:43:00,HIGH,MALWARE,SIEM-SENSOR-POWER,AST-POWER-045,2026-02-19T14:49:00,2026-02-19T15:22:00,2026-02-19T18:22:00,FALSE_POSITIVE,False,,ANALYST_VERMA,True,True,True,CLOSED,DEMO/SYNTHETIC - NOT REAL GOVERNMENT DATA
CSE-POWER-01,ALT-POWER-2026-02453,2026-Q1,2026-02-20T10:52:00,MEDIUM,DATA_EXFILTRATION,SIEM-SENSOR-POWER,AST-POWER-064,2026-02-20T11:01:00,2026-02-20T11:41:00,2026-02-20T13:41:00,FALSE_POSITIVE,False,,ANALYST_SINGH,True,True,True,CLOSED,DEMO/SYNTHETIC - NOT REAL GOVERNMENT DATA
CSE-POWER-01,ALT-POWER-2026-02454,2026-Q1,2026-02-17T11:57:00,HIGH,UNAUTHORIZED_ACCESS,SIEM-SENSOR-POWER,AST-POWER-027,2026-02-17T12:09:00,2026-02-17T12:31:00,2026-02-17T16:31:00,FALSE_POSITIVE,False,,ANALYST_SINGH,True,True,True,CLOSED,DEMO/SYNTHETIC - NOT REAL GOVERNMENT DATA
CSE-POWER-01,ALT-POWER-2026-02455,2026-Q1,2026-02-06T05:53:00,LOW,POLICY_VIOLATION,SIEM-SENSOR-POWER,AST-POWER-021,2026-02-06T06:08:00,2026-02-06T06:36:00,2026-02-06T11:36:00,FALSE_POSITIVE,False,,ANALYST_RAO,True,True,True,CLOSED,DEMO/SYNTHETIC - NOT REAL GOVERNMENT DATA
CSE-POWER-01,ALT-POWER-2026-02456,2026-Q1,2026-01-17T05:26:00,LOW,POLICY_VIOLATION,SIEM-SENSOR-POWER,AST-POWER-050,2026-01-17T05:43:00,2026-01-17T06:07:00,2026-01-17T11:07:00,FALSE_POSITIVE,False,,ANALYST_SHARMA,True,True,True,CLOSED,DEMO/SYNTHETIC - NOT REAL GOVERNMENT DATA
CSE-POWER-01,ALT-POWER-2026-02457,2026-Q1,2026-02-15T10:10:00,MEDIUM,DATA_EXFILTRATION,SIEM-SENSOR-POWER,AST-POWER-022,2026-02-15T10:23:00,2026-02-15T10:57:00,2026-02-15T15:57:00,FALSE_POSITIVE,False,,ANALYST_SHARMA,True,True,True,CLOSED,DEMO/SYNTHETIC - NOT REAL GOVERNMENT DATA
CSE-POWER-01,ALT-POWER-2026-02458,2026-Q1,2026-02-16T09:38:00,HIGH,UNAUTHORIZED_ACCESS,SIEM-SENSOR-POWER,AST-POWER-049,2026-02-16T09:47:00,2026-02-16T10:17:00,2026-02-16T12:17:00,FALSE_POSITIVE,False,,ANALYST_RAO,True,True,True,CLOSED,DEMO/SYNTHETIC - NOT REAL GOVERNMENT DATA
CSE-POWER-01,ALT-POWER-2026-02459,2026-Q1,2026-02-20T01:44:00,MEDIUM,DATA_EXFILTRATION,SIEM-SENSOR-POWER,AST-POWER-066,2026-02-20T02:01:00,2026-02-20T02:45:00,2026-02-20T05:45:00,FALSE_POSITIVE,True,2026-02-20T03:15:00,ANALYST_PATEL,True,True,True,CLOSED,DEMO/SYNTHETIC - NOT REAL GOVERNMENT DATA
CSE-POWER-01,ALT-POWER-2026-02460,2026-Q1,2026-01-16T11:24:00,MEDIUM,RANSOMWARE,SIEM-SENSOR-POWER,AST-POWER-073,2026-01-16T11:37:00,2026-01-16T11:57:00,2026-01-16T13:57:00,FALSE_POSITIVE,True,2026-01-16T12:27:00,ANALYST_PATEL,True,True,True,CLOSED,DEMO/SYNTHETIC - NOT REAL GOVERNMENT DATA
CSE-POWER-01,ALT-POWER-2026-02461,2026-Q1,2026-02-10T08:51:00,CRITICAL,SCADA_COMMAND_ANOMALY,SIEM-SENSOR-POWER,AST-POWER-045,2026-02-10T09:01:00,2026-02-10T09:22:00,2026-02-10T14:22:00,TRUE_POSITIVE,False,,ANALYST_SHARMA,True,True,True,CLOSED,DEMO/SYNTHETIC - NOT REAL GOVERNMENT DATA
CSE-POWER-01,ALT-POWER-2026-02462,2026-Q1,2026-03-20T01:45:00,HIGH,SCADA_COMMAND_ANOMALY,SIEM-SENSOR-POWER,AST-POWER-004,2026-03-20T02:03:00,2026-03-20T02:25:00,2026-03-20T06:25:00,FALSE_POSITIVE,False,,ANALYST_PATEL,True,True,True,CLOSED,DEMO/SYNTHETIC - NOT REAL GOVERNMENT DATA
CSE-POWER-01,ALT-POWER-2026-02463,2026-Q1,2026-02-17T11:32:00,MEDIUM,RANSOMWARE,SIEM-SENSOR-POWER,AST-POWER-055,2026-02-17T11:44:00,2026-02-17T12:07:00,2026-02-17T18:07:00,FALSE_POSITIVE,False,,ANALYST_RAO,True,True,True,CLOSED,DEMO/SYNTHETIC - NOT REAL GOVERNMENT DATA
CSE-POWER-01,ALT-POWER-2026-02464,2026-Q1,2026-02-27T18:36:00,MEDIUM,POLICY_VIOLATION,SIEM-SENSOR-POWER,AST-POWER-034,2026-02-27T18:49:00,2026-02-27T19:27:00,2026-02-27T23:27:00,FALSE_POSITIVE,False,,ANALYST_VERMA,True,True,True,CLOSED,DEMO/SYNTHETIC - NOT REAL GOVERNMENT DATA
CSE-POWER-01,ALT-POWER-2026-02465,2026-Q1,2026-01-08T23:49:00,MEDIUM,RANSOMWARE,SIEM-SENSOR-POWER,AST-POWER-050,2026-01-08T23:56:00,2026-01-09T00:36:00,2026-01-09T05:36:00,FALSE_POSITIVE,False,,ANALYST_PATEL,True,True,True,CLOSED,DEMO/SYNTHETIC - NOT REAL GOVERNMENT DATA
CSE-POWER-01,ALT-POWER-2026-02466,2026-Q1,2026-03-16T15:56:00,MEDIUM,PRIVILEGE_ESCALATION,SIEM-SENSOR-POWER,AST-POWER-008,2026-03-16T16:14:00,2026-03-16T16:56:00,2026-03-16T21:56:00,FALSE_POSITIVE,False,,ANALYST_SINGH,True,True,True,CLOSED,DEMO/SYNTHETIC - NOT REAL GOVERNMENT DATA
CSE-POWER-01,ALT-POWER-2026-02467,2026-Q1,2026-01-24T10:14:00,CRITICAL,SCADA_COMMAND_ANOMALY,SIEM-SENSOR-POWER,AST-POWER-043,2026-01-24T10:16:00,2026-01-24T10:48:00,2026-01-24T15:48:00,TRUE_POSITIVE,False,,ANALYST_PATEL,True,True,True,CLOSED,DEMO/SYNTHETIC - NOT REAL GOVERNMENT DATA
CSE-POWER-01,ALT-POWER-2026-02468,2026-Q1,2026-02-26T16:43:00,MEDIUM,DATA_EXFILTRATION,SIEM-SENSOR-POWER,AST-POWER-048,2026-02-26T16:48:00,2026-02-26T17:30:00,2026-02-26T23:30:00,FALSE_POSITIVE,False,,ANALYST_SHARMA,True,True,True,CLOSED,DEMO/SYNTHETIC - NOT REAL GOVERNMENT DATA
CSE-POWER-01,ALT-POWER-2026-02469,2026-Q1,2026-01-21T09:26:00,HIGH,MALWARE,SIEM-SENSOR-POWER,AST-POWER-060,2026-01-21T09:33:00,2026-01-21T09:54:00,2026-01-21T14:54:00,FALSE_POSITIVE,False,,ANALYST_RAO,True,True,True,CLOSED,DEMO/SYNTHETIC - NOT REAL GOVERNMENT DATA
CSE-POWER-01,ALT-POWER-2026-02470,2026-Q1,2026-01-03T00:46:00,CRITICAL,PRIVILEGE_ESCALATION,SIEM-SENSOR-POWER,AST-POWER-079,2026-01-03T00:54:00,2026-01-03T01:19:00,2026-01-03T03:19:00,TRUE_POSITIVE,False,,ANALYST_SINGH,True,True,True,CLOSED,DEMO/SYNTHETIC - NOT REAL GOVERNMENT DATA
CSE-BANK-02,ALT-BANK-2026-02471,2026-Q1,2026-03-13T15:22:00,HIGH,PRIVILEGE_ESCALATION,SIEM-SENSOR-BANK,AST-BANK-027,2026-03-13T15:25:00,2026-03-13T15:26:00,2026-03-13T15:28:00,BENIGN,False,,ANALYST_VERMA,False,False,False,CLOSED,DEMO/SYNTHETIC - NOT REAL GOVERNMENT DATA
CSE-BANK-02,ALT-BANK-2026-02472,2026-Q1,2026-02-18T02:14:00,HIGH,UNAUTHORIZED_ACCESS,SIEM-SENSOR-BANK,AST-BANK-009,2026-02-18T02:25:00,2026-02-18T02:26:00,2026-02-18T02:30:00,BENIGN,False,,ANALYST_RAO,False,False,False,CLOSED,DEMO/SYNTHETIC - NOT REAL GOVERNMENT DATA
CSE-BANK-02,ALT-BANK-2026-02473,2026-Q1,2026-02-05T03:39:00,LOW,MALWARE,SIEM-SENSOR-BANK,AST-BANK-091,2026-02-05T03:50:00,2026-02-05T03:51:00,2026-02-05T03:52:00,BENIGN,False,,ANALYST_PATEL,False,False,False,CLOSED,DEMO/SYNTHETIC - NOT REAL GOVERNMENT DATA
CSE-BANK-02,ALT-BANK-2026-02474,2026-Q1,2026-01-28T13:31:00,HIGH,UNAUTHORIZED_ACCESS,SIEM-SENSOR-BANK,AST-BANK-050,2026-01-28T13:40:00,2026-01-28T13:41:00,2026-01-28T13:43:00,BENIGN,False,,ANALYST_PATEL,False,False,False,CLOSED,DEMO/SYNTHETIC - NOT REAL GOVERNMENT DATA
CSE-BANK-02,ALT-BANK-2026-02475,2026-Q1,2026-03-09T18:17:00,CRITICAL,BRUTE_FORCE,SIEM-SENSOR-BANK,AST-BANK-059,2026-03-09T18:25:00,2026-03-09T18:26:00,2026-03-09T18:27:00,BENIGN,False,,ANALYST_SHARMA,False,False,False,CLOSED,DEMO/SYNTHETIC - NOT REAL GOVERNMENT DATA
CSE-BANK-02,ALT-BANK-2026-02476,2026-Q1,2026-02-01T22:31:00,CRITICAL,POLICY_VIOLATION,SIEM-SENSOR-BANK,AST-BANK-013,2026-02-01T22:41:00,2026-02-01T22:42:00,2026-02-01T22:46:00,BENIGN,False,,ANALYST_PATEL,False,False,False,CLOSED,DEMO/SYNTHETIC - NOT REAL GOVERNMENT DATA
CSE-BANK-02,ALT-BANK-2026-02477,2026-Q1,2026-02-28T18:03:00,HIGH,POLICY_VIOLATION,SIEM-SENSOR-BANK,AST-BANK-103,2026-02-28T18:20:00,2026-02-28T18:21:00,2026-02-28T18:23:00,BENIGN,False,,ANALYST_VERMA,False,False,False,CLOSED,DEMO/SYNTHETIC - NOT REAL GOVERNMENT DATA
CSE-BANK-02,ALT-BANK-2026-02478,2026-Q1,2026-01-14T13:51:00,HIGH,MALWARE,SIEM-SENSOR-BANK,AST-BANK-058,2026-01-14T13:58:00,2026-01-14T13:59:00,2026-01-14T14:03:00,BENIGN,False,,ANALYST_RAO,False,False,False,CLOSED,DEMO/SYNTHETIC - NOT REAL GOVERNMENT DATA
CSE-BANK-02,ALT-BANK-2026-02479,2026-Q1,2026-02-09T13:59:00,CRITICAL,UNAUTHORIZED_ACCESS,SIEM-SENSOR-BANK,AST-BANK-003,2026-02-09T14:15:00,2026-02-09T14:16:00,2026-02-09T14:20:00,BENIGN,False,,ANALYST_SINGH,False,False,False,CLOSED,DEMO/SYNTHETIC - NOT REAL GOVERNMENT DATA
CSE-BANK-02,ALT-BANK-2026-02480,2026-Q1,2026-02-07T01:00:00,HIGH,POLICY_VIOLATION,SIEM-SENSOR-BANK,AST-BANK-008,2026-02-07T01:18:00,2026-02-07T01:19:00,2026-02-07T01:21:00,BENIGN,False,,ANALYST_SHARMA,False,False,False,CLOSED,DEMO/SYNTHETIC - NOT REAL GOVERNMENT DATA
CSE-BANK-02,ALT-BANK-2026-02481,2026-Q1,2026-01-17T11:40:00,HIGH,DDOS_ATTACK,SIEM-SENSOR-BANK,AST-BANK-049,2026-01-17T11:59:00,2026-01-17T12:00:00,2026-01-17T12:01:00,BENIGN,False,,ANALYST_SHARMA,False,False,False,CLOSED,DEMO/SYNTHETIC - NOT REAL GOVERNMENT DATA
CSE-BANK-02,ALT-BANK-2026-02482,2026-Q1,2026-02-18T03:00:00,HIGH,PRIVILEGE_ESCALATION,SIEM-SENSOR-BANK,AST-BANK-101,2026-02-18T03:16:00,2026-02-18T03:17:00,2026-02-18T03:18:00,BENIGN,False,,ANALYST_VERMA,False,False,False,CLOSED,DEMO/SYNTHETIC - NOT REAL GOVERNMENT DATA
CSE-BANK-02,ALT-BANK-2026-02483,2026-Q1,2026-01-01T15:03:00,MEDIUM,BRUTE_FORCE,SIEM-SENSOR-BANK,AST-BANK-001,2026-01-01T15:09:00,2026-01-01T15:10:00,2026-01-01T15:12:00,BENIGN,False,,ANALYST_VERMA,False,False,False,CLOSED,DEMO/SYNTHETIC - NOT REAL GOVERNMENT DATA
CSE-BANK-02,ALT-BANK-2026-02484,2026-Q1,2026-01-22T22:25:00,HIGH,RANSOMWARE,SIEM-SENSOR-BANK,AST-BANK-112,2026-01-22T22:28:00,2026-01-22T22:29:00,2026-01-22T22:32:00,BENIGN,False,,ANALYST_PATEL,False,False,False,CLOSED,DEMO/SYNTHETIC - NOT REAL GOVERNMENT DATA
CSE-BANK-02,ALT-BANK-2026-02485,2026-Q1,2026-01-13T23:02:00,CRITICAL,BRUTE_FORCE,SIEM-SENSOR-BANK,AST-BANK-098,2026-01-13T23:06:00,2026-01-13T23:07:00,2026-01-13T23:11:00,BENIGN,False,,ANALYST_PATEL,False,False,False,CLOSED,DEMO/SYNTHETIC - NOT REAL GOVERNMENT DATA
CSE-BANK-02,ALT-BANK-2026-02486,2026-Q1,2026-03-14T06:50:00,CRITICAL,BRUTE_FORCE,SIEM-SENSOR-BANK,AST-BANK-001,2026-03-14T07:06:00,2026-03-14T07:07:00,2026-03-14T07:11:00,BENIGN,False,,ANALYST_SINGH,False,False,False,CLOSED,DEMO/SYNTHETIC - NOT REAL GOVERNMENT DATA
CSE-BANK-02,ALT-BANK-2026-02487,2026-Q1,2026-03-20T16:57:00,HIGH,BRUTE_FORCE,SIEM-SENSOR-BANK,AST-BANK-006,2026-03-20T17:08:00,2026-03-20T17:09:00,2026-03-20T17:12:00,BENIGN,False,,ANALYST_SHARMA,False,False,False,CLOSED,DEMO/SYNTHETIC - NOT REAL GOVERNMENT DATA
CSE-BANK-02,ALT-BANK-2026-02488,2026-Q1,2026-01-11T02:50:00,MEDIUM,DDOS_ATTACK,SIEM-SENSOR-BANK,AST-BANK-030,2026-01-11T03:09:00,2026-01-11T03:10:00,2026-01-11T03:12:00,BENIGN,False,,ANALYST_VERMA,False,False,False,CLOSED,DEMO/SYNTHETIC - NOT REAL GOVERNMENT DATA
CSE-BANK-02,ALT-BANK-2026-02489,2026-Q1,2026-02-16T03:36:00,HIGH,MALWARE,SIEM-SENSOR-BANK,AST-BANK-117,2026-02-16T03:48:00,2026-02-16T03:49:00,2026-02-16T03:53:00,BENIGN,False,,ANALYST_PATEL,False,False,False,CLOSED,DEMO/SYNTHETIC - NOT REAL GOVERNMENT DATA
CSE-BANK-02,ALT-BANK-2026-02490,2026-Q1,2026-01-16T13:28:00,CRITICAL,BRUTE_FORCE,SIEM-SENSOR-BANK,AST-BANK-115,2026-01-16T13:30:00,2026-01-16T13:31:00,2026-01-16T13:33:00,BENIGN,False,,ANALYST_SINGH,False,False,False,CLOSED,DEMO/SYNTHETIC - NOT REAL GOVERNMENT DATA
CSE-BANK-02,ALT-BANK-2026-02491,2026-Q1,2026-02-11T08:54:00,HIGH,DDOS_ATTACK,SIEM-SENSOR-BANK,AST-BANK-041,2026-02-11T08:57:00,2026-02-11T08:58:00,2026-02-11T09:00:00,BENIGN,False,,ANALYST_RAO,False,False,False,CLOSED,DEMO/SYNTHETIC - NOT REAL GOVERNMENT DATA
CSE-BANK-02,ALT-BANK-2026-02492,2026-Q1,2026-02-05T23:10:00,LOW,BRUTE_FORCE,SIEM-SENSOR-BANK,AST-BANK-109,2026-02-05T23:16:00,2026-02-05T23:17:00,2026-02-05T23:20:00,BENIGN,False,,ANALYST_PATEL,False,False,False,CLOSED,DEMO/SYNTHETIC - NOT REAL GOVERNMENT DATA
CSE-BANK-02,ALT-BANK-2026-02493,2026-Q1,2026-02-03T20:33:00,CRITICAL,POLICY_VIOLATION,SIEM-SENSOR-BANK,AST-BANK-045,2026-02-03T20:45:00,2026-02-03T20:46:00,2026-02-03T20:47:00,BENIGN,False,,ANALYST_PATEL,False,False,False,CLOSED,DEMO/SYNTHETIC - NOT REAL GOVERNMENT DATA
CSE-BANK-02,ALT-BANK-2026-02494,2026-Q1,2026-01-22T09:09:00,LOW,MALWARE,SIEM-SENSOR-BANK,AST-BANK-054,2026-01-22T09:18:00,2026-01-22T09:19:00,2026-01-22T09:22:00,BENIGN,False,,ANALYST_VERMA,False,False,False,CLOSED,DEMO/SYNTHETIC - NOT REAL GOVERNMENT DATA
CSE-BANK-02,ALT-BANK-2026-02495,2026-Q1,2026-01-15T21:29:00,HIGH,DATA_EXFILTRATION,SIEM-SENSOR-BANK,AST-BANK-065,2026-01-15T21:46:00,2026-01-15T21:47:00,2026-01-15T21:48:00,BENIGN,False,,ANALYST_SINGH,False,False,False,CLOSED,DEMO/SYNTHETIC - NOT REAL GOVERNMENT DATA
CSE-BANK-02,ALT-BANK-2026-02496,2026-Q1,2026-01-25T04:00:00,CRITICAL,DDOS_ATTACK,SIEM-SENSOR-BANK,AST-BANK-012,2026-01-25T04:06:00,2026-01-25T04:07:00,2026-01-25T04:08:00,BENIGN,False,,ANALYST_VERMA,False,False,False,CLOSED,DEMO/SYNTHETIC - NOT REAL GOVERNMENT DATA
CSE-BANK-02,ALT-BANK-2026-02497,2026-Q1,2026-01-31T03:49:00,HIGH,POLICY_VIOLATION,SIEM-SENSOR-BANK,AST-BANK-055,2026-01-31T03:59:00,2026-01-31T04:00:00,2026-01-31T04:03:00,BENIGN,False,,ANALYST_SINGH,False,False,False,CLOSED,DEMO/SYNTHETIC - NOT REAL GOVERNMENT DATA
CSE-BANK-02,ALT-BANK-2026-02498,2026-Q1,2026-03-08T05:11:00,HIGH,POLICY_VIOLATION,SIEM-SENSOR-BANK,AST-BANK-071,2026-03-08T05:28:00,2026-03-08T05:29:00,2026-03-08T05:31:00,BENIGN,False,,ANALYST_SHARMA,False,False,False,CLOSED,DEMO/SYNTHETIC - NOT REAL GOVERNMENT DATA
CSE-BANK-02,ALT-BANK-2026-02499,2026-Q1,2026-03-20T01:02:00,LOW,DATA_EXFILTRATION,SIEM-SENSOR-BANK,AST-BANK-079,2026-03-20T01:11:00,2026-03-20T01:12:00,2026-03-20T01:13:00,BENIGN,False,,ANALYST_SINGH,False,False,False,CLOSED,DEMO/SYNTHETIC - NOT REAL GOVERNMENT DATA
CSE-BANK-02,ALT-BANK-2026-02500,2026-Q1,2026-02-19T13:25:00,MEDIUM,DDOS_ATTACK,SIEM-SENSOR-BANK,AST-BANK-023,2026-02-19T13:39:00,2026-02-19T13:40:00,2026-02-19T13:41:00,BENIGN,False,,ANALYST_PATEL,False,False,False,CLOSED,DEMO/SYNTHETIC - NOT REAL GOVERNMENT DATA
CSE-BANK-02,ALT-BANK-2026-02501,2026-Q1,2026-03-19T13:41:00,HIGH,BRUTE_FORCE,SIEM-SENSOR-BANK,AST-BANK-117,2026-03-19T13:51:00,2026-03-19T13:52:00,2026-03-19T13:56:00,BENIGN,False,,ANALYST_SHARMA,False,False,False,CLOSED,DEMO/SYNTHETIC - NOT REAL GOVERNMENT DATA
CSE-BANK-02,ALT-BANK-2026-02502,2026-Q1,2026-01-16T13:19:00,MEDIUM,PRIVILEGE_ESCALATION,SIEM-SENSOR-BANK,AST-BANK-111,2026-01-16T13:31:00,2026-01-16T13:32:00,2026-01-16T13:35:00,BENIGN,False,,ANALYST_RAO,False,False,False,CLOSED,DEMO/SYNTHETIC - NOT REAL GOVERNMENT DATA
CSE-BANK-02,ALT-BANK-2026-02503,2026-Q1,2026-02-22T11:29:00,HIGH,BRUTE_FORCE,SIEM-SENSOR-BANK,AST-BANK-032,2026-02-22T11:34:00,2026-02-22T11:35:00,2026-02-22T11:38:00,BENIGN,False,,ANALYST_SINGH,False,False,False,CLOSED,DEMO/SYNTHETIC - NOT REAL GOVERNMENT DATA
CSE-BANK-02,ALT-BANK-2026-02504,2026-Q1,2026-01-26T08:10:00,HIGH,RANSOMWARE,SIEM-SENSOR-BANK,AST-BANK-082,2026-01-26T08:28:00,2026-01-26T08:29:00,2026-01-26T08:33:00,BENIGN,False,,ANALYST_VERMA,False,False,False,CLOSED,DEMO/SYNTHETIC - NOT REAL GOVERNMENT DATA
CSE-BANK-02,ALT-BANK-2026-02505,2026-Q1,2026-01-28T04:59:00,MEDIUM,MALWARE,SIEM-SENSOR-BANK,AST-BANK-104,2026-01-28T05:13:00,2026-01-28T05:14:00,2026-01-28T05:18:00,BENIGN,False,,ANALYST_SINGH,False,False,False,CLOSED,DEMO/SYNTHETIC - NOT REAL GOVERNMENT DATA
CSE-BANK-02,ALT-BANK-2026-02506,2026-Q1,2026-02-02T23:34:00,HIGH,MALWARE,SIEM-SENSOR-BANK,AST-BANK-064,2026-02-02T23:45:00,2026-02-02T23:46:00,2026-02-02T23:50:00,BENIGN,False,,ANALYST_RAO,False,False,False,CLOSED,DEMO/SYNTHETIC - NOT REAL GOVERNMENT DATA
CSE-BANK-02,ALT-BANK-2026-02507,2026-Q1,2026-02-09T10:40:00,CRITICAL,UNAUTHORIZED_ACCESS,SIEM-SENSOR-BANK,AST-BANK-025,2026-02-09T10:42:00,2026-02-09T10:43:00,2026-02-09T10:45:00,BENIGN,False,,ANALYST_SHARMA,False,False,False,CLOSED,DEMO/SYNTHETIC - NOT REAL GOVERNMENT DATA
CSE-BANK-02,ALT-BANK-2026-02508,2026-Q1,2026-01-13T09:14:00,HIGH,PRIVILEGE_ESCALATION,SIEM-SENSOR-BANK,AST-BANK-097,2026-01-13T09:25:00,2026-01-13T09:26:00,2026-01-13T09:29:00,BENIGN,False,,ANALYST_PATEL,False,False,False,CLOSED,DEMO/SYNTHETIC - NOT REAL GOVERNMENT DATA
CSE-BANK-02,ALT-BANK-2026-02509,2026-Q1,2026-01-26T17:35:00,CRITICAL,RANSOMWARE,SIEM-SENSOR-BANK,AST-BANK-018,2026-01-26T17:46:00,2026-01-26T17:47:00,2026-01-26T17:50:00,BENIGN,False,,ANALYST_VERMA,False,False,False,CLOSED,DEMO/SYNTHETIC - NOT REAL GOVERNMENT DATA
CSE-BANK-02,ALT-BANK-2026-02510,2026-Q1,2026-02-01T06:22:00,HIGH,SCADA_COMMAND_ANOMALY,SIEM-SENSOR-BANK,AST-BANK-104,2026-02-01T06:28:00,2026-02-01T06:29:00,2026-02-01T06:33:00,BENIGN,False,,ANALYST_VERMA,False,False,False,CLOSED,DEMO/SYNTHETIC - NOT REAL GOVERNMENT DATA
CSE-BANK-02,ALT-BANK-2026-02511,2026-Q1,2026-02-16T15:42:00,HIGH,MALWARE,SIEM-SENSOR-BANK,AST-BANK-086,2026-02-16T15:51:00,2026-02-16T15:52:00,2026-02-16T15:53:00,BENIGN,False,,ANALYST_SHARMA,False,False,False,CLOSED,DEMO/SYNTHETIC - NOT REAL GOVERNMENT DATA
CSE-BANK-02,ALT-BANK-2026-02512,2026-Q1,2026-01-15T06:14:00,MEDIUM,POLICY_VIOLATION,SIEM-SENSOR-BANK,AST-BANK-082,2026-01-15T06:18:00,2026-01-15T06:19:00,2026-01-15T06:20:00,BENIGN,False,,ANALYST_SINGH,False,False,False,CLOSED,DEMO/SYNTHETIC - NOT REAL GOVERNMENT DATA
CSE-BANK-02,ALT-BANK-2026-02513,2026-Q1,2026-02-28T15:00:00,CRITICAL,DATA_EXFILTRATION,SIEM-SENSOR-BANK,AST-BANK-113,2026-02-28T15:05:00,2026-02-28T15:06:00,2026-02-28T15:07:00,BENIGN,False,,ANALYST_SHARMA,False,False,False,CLOSED,DEMO/SYNTHETIC - NOT REAL GOVERNMENT DATA
CSE-BANK-02,ALT-BANK-2026-02514,2026-Q1,2026-02-15T23:49:00,HIGH,DDOS_ATTACK,SIEM-SENSOR-BANK,AST-BANK-108,2026-02-15T23:57:00,2026-02-15T23:58:00,2026-02-15T23:59:00,BENIGN,False,,ANALYST_VERMA,False,False,False,CLOSED,DEMO/SYNTHETIC - NOT REAL GOVERNMENT DATA
CSE-BANK-02,ALT-BANK-2026-02515,2026-Q1,2026-02-15T07:39:00,CRITICAL,SCADA_COMMAND_ANOMALY,SIEM-SENSOR-BANK,AST-BANK-010,2026-02-15T07:52:00,2026-02-15T07:53:00,2026-02-15T07:57:00,BENIGN,False,,ANALYST_SHARMA,False,False,False,CLOSED,DEMO/SYNTHETIC - NOT REAL GOVERNMENT DATA
CSE-BANK-02,ALT-BANK-2026-02516,2026-Q1,2026-02-21T10:02:00,HIGH,BRUTE_FORCE,SIEM-SENSOR-BANK,AST-BANK-049,2026-02-21T10:18:00,2026-02-21T10:19:00,2026-02-21T10:22:00,BENIGN,False,,ANALYST_VERMA,False,False,False,CLOSED,DEMO/SYNTHETIC - NOT REAL GOVERNMENT DATA
CSE-BANK-02,ALT-BANK-2026-02517,2026-Q1,2026-01-03T11:56:00,HIGH,MALWARE,SIEM-SENSOR-BANK,AST-BANK-016,2026-01-03T12:00:00,2026-01-03T12:01:00,2026-01-03T12:02:00,BENIGN,False,,ANALYST_RAO,False,False,False,CLOSED,DEMO/SYNTHETIC - NOT REAL GOVERNMENT DATA
CSE-BANK-02,ALT-BANK-2026-02518,2026-Q1,2026-03-19T17:53:00,CRITICAL,UNAUTHORIZED_ACCESS,SIEM-SENSOR-BANK,AST-BANK-083,2026-03-19T18:03:00,2026-03-19T18:04:00,2026-03-19T18:07:00,BENIGN,False,,ANALYST_PATEL,False,False,False,CLOSED,DEMO/SYNTHETIC - NOT REAL GOVERNMENT DATA
CSE-BANK-02,ALT-BANK-2026-02519,2026-Q1,2026-01-29T00:02:00,CRITICAL,POLICY_VIOLATION,SIEM-SENSOR-BANK,AST-BANK-029,2026-01-29T00:04:00,2026-01-29T00:05:00,2026-01-29T00:09:00,BENIGN,False,,ANALYST_VERMA,False,False,False,CLOSED,DEMO/SYNTHETIC - NOT REAL GOVERNMENT DATA
CSE-BANK-02,ALT-BANK-2026-02520,2026-Q1,2026-02-12T12:36:00,CRITICAL,POLICY_VIOLATION,SIEM-SENSOR-BANK,AST-BANK-083,2026-02-12T12:44:00,2026-02-12T12:45:00,2026-02-12T12:46:00,BENIGN,False,,ANALYST_SINGH,False,False,False,CLOSED,DEMO/SYNTHETIC - NOT REAL GOVERNMENT DATA
CSE-BANK-02,ALT-BANK-2026-02521,2026-Q1,2026-03-09T05:24:00,MEDIUM,MALWARE,SIEM-SENSOR-BANK,AST-BANK-112,2026-03-09T05:40:00,2026-03-09T05:41:00,2026-03-09T05:45:00,BENIGN,False,,ANALYST_SINGH,False,False,False,CLOSED,DEMO/SYNTHETIC - NOT REAL GOVERNMENT DATA
CSE-BANK-02,ALT-BANK-2026-02522,2026-Q1,2026-01-13T02:19:00,CRITICAL,UNAUTHORIZED_ACCESS,SIEM-SENSOR-BANK,AST-BANK-059,2026-01-13T02:28:00,2026-01-13T02:29:00,2026-01-13T02:33:00,BENIGN,False,,ANALYST_RAO,False,False,False,CLOSED,DEMO/SYNTHETIC - NOT REAL GOVERNMENT DATA
CSE-BANK-02,ALT-BANK-2026-02523,2026-Q1,2026-01-11T08:06:00,CRITICAL,MALWARE,SIEM-SENSOR-BANK,AST-BANK-056,2026-01-11T08:12:00,2026-01-11T08:13:00,2026-01-11T08:15:00,BENIGN,False,,ANALYST_RAO,False,False,False,CLOSED,DEMO/SYNTHETIC - NOT REAL GOVERNMENT DATA
CSE-BANK-02,ALT-BANK-2026-02524,2026-Q1,2026-01-04T12:42:00,LOW,DATA_EXFILTRATION,SIEM-SENSOR-BANK,AST-BANK-094,2026-01-04T12:47:00,2026-01-04T12:48:00,2026-01-04T12:51:00,BENIGN,False,,ANALYST_SINGH,False,False,False,CLOSED,DEMO/SYNTHETIC - NOT REAL GOVERNMENT DATA
CSE-BANK-02,ALT-BANK-2026-02525,2026-Q1,2026-03-06T23:12:00,MEDIUM,SCADA_COMMAND_ANOMALY,SIEM-SENSOR-BANK,AST-BANK-112,2026-03-06T23:27:00,2026-03-06T23:28:00,2026-03-06T23:32:00,BENIGN,False,,ANALYST_SHARMA,False,False,False,CLOSED,DEMO/SYNTHETIC - NOT REAL GOVERNMENT DATA
CSE-BANK-02,ALT-BANK-2026-02526,2026-Q1,2026-01-18T22:34:00,MEDIUM,PRIVILEGE_ESCALATION,SIEM-SENSOR-BANK,AST-BANK-117,2026-01-18T22:37:00,2026-01-18T22:38:00,2026-01-18T22:41:00,BENIGN,False,,ANALYST_RAO,False,False,False,CLOSED,DEMO/SYNTHETIC - NOT REAL GOVERNMENT DATA
CSE-BANK-02,ALT-BANK-2026-02527,2026-Q1,2026-03-02T08:15:00,HIGH,DATA_EXFILTRATION,SIEM-SENSOR-BANK,AST-BANK-063,2026-03-02T08:21:00,2026-03-02T08:22:00,2026-03-02T08:26:00,BENIGN,False,,ANALYST_RAO,False,False,False,CLOSED,DEMO/SYNTHETIC - NOT REAL GOVERNMENT DATA
CSE-BANK-02,ALT-BANK-2026-02528,2026-Q1,2026-01-21T20:19:00,HIGH,POLICY_VIOLATION,SIEM-SENSOR-BANK,AST-BANK-117,2026-01-21T20:38:00,2026-01-21T20:39:00,2026-01-21T20:41:00,BENIGN,False,,ANALYST_PATEL,False,False,False,CLOSED,DEMO/SYNTHETIC - NOT REAL GOVERNMENT DATA
CSE-BANK-02,ALT-BANK-2026-02529,2026-Q1,2026-01-24T09:21:00,HIGH,DATA_EXFILTRATION,SIEM-SENSOR-BANK,AST-BANK-004,2026-01-24T09:27:00,2026-01-24T09:28:00,2026-01-24T09:29:00,BENIGN,False,,ANALYST_RAO,False,False,False,CLOSED,DEMO/SYNTHETIC - NOT REAL GOVERNMENT DATA
CSE-BANK-02,ALT-BANK-2026-02530,2026-Q1,2026-01-03T00:07:00,HIGH,DDOS_ATTACK,SIEM-SENSOR-BANK,AST-BANK-016,2026-01-03T00:24:00,2026-01-03T00:25:00,2026-01-03T00:29:00,BENIGN,False,,ANALYST_SHARMA,False,False,False,CLOSED,DEMO/SYNTHETIC - NOT REAL GOVERNMENT DATA
CSE-BANK-02,ALT-BANK-2026-02531,2026-Q1,2026-03-09T10:51:00,CRITICAL,RANSOMWARE,SIEM-SENSOR-BANK,AST-BANK-073,2026-03-09T11:04:00,2026-03-09T11:05:00,2026-03-09T11:09:00,BENIGN,False,,ANALYST_SHARMA,False,False,False,CLOSED,DEMO/SYNTHETIC - NOT REAL GOVERNMENT DATA
CSE-BANK-02,ALT-BANK-2026-02532,2026-Q1,2026-03-21T17:24:00,HIGH,MALWARE,SIEM-SENSOR-BANK,AST-BANK-096,2026-03-21T17:31:00,2026-03-21T17:32:00,2026-03-21T17:34:00,BENIGN,False,,ANALYST_SINGH,False,False,False,CLOSED,DEMO/SYNTHETIC - NOT REAL GOVERNMENT DATA
CSE-BANK-02,ALT-BANK-2026-02533,2026-Q1,2026-01-31T18:21:00,MEDIUM,UNAUTHORIZED_ACCESS,SIEM-SENSOR-BANK,AST-BANK-005,2026-01-31T18:34:00,2026-01-31T18:35:00,2026-01-31T18:38:00,BENIGN,False,,ANALYST_VERMA,False,False,False,CLOSED,DEMO/SYNTHETIC - NOT REAL GOVERNMENT DATA
CSE-BANK-02,ALT-BANK-2026-02534,2026-Q1,2026-03-18T10:55:00,HIGH,PRIVILEGE_ESCALATION,SIEM-SENSOR-BANK,AST-BANK-052,2026-03-18T11:11:00,2026-03-18T11:12:00,2026-03-18T11:16:00,BENIGN,False,,ANALYST_VERMA,False,False,False,CLOSED,DEMO/SYNTHETIC - NOT REAL GOVERNMENT DATA
CSE-BANK-02,ALT-BANK-2026-02535,2026-Q1,2026-01-28T03:11:00,MEDIUM,MALWARE,SIEM-SENSOR-BANK,AST-BANK-040,2026-01-28T03:29:00,2026-01-28T03:30:00,2026-01-28T03:34:00,BENIGN,False,,ANALYST_RAO,False,False,False,CLOSED,DEMO/SYNTHETIC - NOT REAL GOVERNMENT DATA
CSE-BANK-02,ALT-BANK-2026-02536,2026-Q1,2026-01-16T07:06:00,MEDIUM,BRUTE_FORCE,SIEM-SENSOR-BANK,AST-BANK-009,2026-01-16T07:19:00,2026-01-16T07:20:00,2026-01-16T07:21:00,BENIGN,False,,ANALYST_SINGH,False,False,False,CLOSED,DEMO/SYNTHETIC - NOT REAL GOVERNMENT DATA
CSE-BANK-02,ALT-BANK-2026-02537,2026-Q1,2026-01-27T11:35:00,CRITICAL,MALWARE,SIEM-SENSOR-BANK,AST-BANK-115,2026-01-27T11:55:00,2026-01-27T11:56:00,2026-01-27T11:58:00,BENIGN,False,,ANALYST_RAO,False,False,False,CLOSED,DEMO/SYNTHETIC - NOT REAL GOVERNMENT DATA
CSE-BANK-02,ALT-BANK-2026-02538,2026-Q1,2026-01-16T10:05:00,HIGH,DATA_EXFILTRATION,SIEM-SENSOR-BANK,AST-BANK-040,2026-01-16T10:24:00,2026-01-16T10:25:00,2026-01-16T10:29:00,BENIGN,False,,ANALYST_VERMA,False,False,False,CLOSED,DEMO/SYNTHETIC - NOT REAL GOVERNMENT DATA
CSE-BANK-02,ALT-BANK-2026-02539,2026-Q1,2026-03-12T15:04:00,HIGH,BRUTE_FORCE,SIEM-SENSOR-BANK,AST-BANK-030,2026-03-12T15:12:00,2026-03-12T15:13:00,2026-03-12T15:16:00,BENIGN,False,,ANALYST_RAO,False,False,False,CLOSED,DEMO/SYNTHETIC - NOT REAL GOVERNMENT DATA
CSE-BANK-02,ALT-BANK-2026-02540,2026-Q1,2026-03-07T21:37:00,CRITICAL,UNAUTHORIZED_ACCESS,SIEM-SENSOR-BANK,AST-BANK-117,2026-03-07T21:47:00,2026-03-07T21:48:00,2026-03-07T21:50:00,BENIGN,False,,ANALYST_RAO,False,False,False,CLOSED,DEMO/SYNTHETIC - NOT REAL GOVERNMENT DATA
CSE-BANK-02,ALT-BANK-2026-02541,2026-Q1,2026-02-12T13:10:00,MEDIUM,POLICY_VIOLATION,SIEM-SENSOR-BANK,AST-BANK-028,2026-02-12T13:25:00,2026-02-12T13:26:00,2026-02-12T13:29:00,BENIGN,False,,ANALYST_PATEL,False,False,False,CLOSED,DEMO/SYNTHETIC - NOT REAL GOVERNMENT DATA
CSE-BANK-02,ALT-BANK-2026-02542,2026-Q1,2026-01-26T03:27:00,CRITICAL,MALWARE,SIEM-SENSOR-BANK,AST-BANK-001,2026-01-26T03:33:00,2026-01-26T03:34:00,2026-01-26T03:38:00,BENIGN,False,,ANALYST_PATEL,False,False,False,CLOSED,DEMO/SYNTHETIC - NOT REAL GOVERNMENT DATA
CSE-BANK-02,ALT-BANK-2026-02543,2026-Q1,2026-03-10T21:46:00,MEDIUM,SCADA_COMMAND_ANOMALY,SIEM-SENSOR-BANK,AST-BANK-038,2026-03-10T22:03:00,2026-03-10T22:04:00,2026-03-10T22:08:00,BENIGN,False,,ANALYST_VERMA,False,False,False,CLOSED,DEMO/SYNTHETIC - NOT REAL GOVERNMENT DATA
CSE-BANK-02,ALT-BANK-2026-02544,2026-Q1,2026-02-10T07:25:00,HIGH,MALWARE,SIEM-SENSOR-BANK,AST-BANK-007,2026-02-10T07:41:00,2026-02-10T07:42:00,2026-02-10T07:45:00,BENIGN,False,,ANALYST_PATEL,False,False,False,CLOSED,DEMO/SYNTHETIC - NOT REAL GOVERNMENT DATA
CSE-BANK-02,ALT-BANK-2026-02545,2026-Q1,2026-01-05T12:24:00,HIGH,BRUTE_FORCE,SIEM-SENSOR-BANK,AST-BANK-088,2026-01-05T12:43:00,2026-01-05T12:44:00,2026-01-05T12:47:00,BENIGN,False,,ANALYST_VERMA,False,False,False,CLOSED,DEMO/SYNTHETIC - NOT REAL GOVERNMENT DATA
CSE-BANK-02,ALT-BANK-2026-02546,2026-Q1,2026-02-20T16:21:00,HIGH,DATA_EXFILTRATION,SIEM-SENSOR-BANK,AST-BANK-038,2026-02-20T16:36:00,2026-02-20T16:37:00,2026-02-20T16:40:00,BENIGN,False,,ANALYST_SHARMA,False,False,False,CLOSED,DEMO/SYNTHETIC - NOT REAL GOVERNMENT DATA
CSE-BANK-02,ALT-BANK-2026-02547,2026-Q1,2026-03-15T07:13:00,CRITICAL,BRUTE_FORCE,SIEM-SENSOR-BANK,AST-BANK-012,2026-03-15T07:27:00,2026-03-15T07:28:00,2026-03-15T07:31:00,BENIGN,False,,ANALYST_RAO,False,False,False,CLOSED,DEMO/SYNTHETIC - NOT REAL GOVERNMENT DATA
CSE-BANK-02,ALT-BANK-2026-02548,2026-Q1,2026-02-09T00:10:00,HIGH,MALWARE,SIEM-SENSOR-BANK,AST-BANK-013,2026-02-09T00:13:00,2026-02-09T00:14:00,2026-02-09T00:18:00,BENIGN,False,,ANALYST_PATEL,False,False,False,CLOSED,DEMO/SYNTHETIC - NOT REAL GOVERNMENT DATA
CSE-BANK-02,ALT-BANK-2026-02549,2026-Q1,2026-01-02T22:15:00,MEDIUM,DDOS_ATTACK,SIEM-SENSOR-BANK,AST-BANK-032,2026-01-02T22:24:00,2026-01-02T22:25:00,2026-01-02T22:28:00,BENIGN,False,,ANALYST_VERMA,False,False,False,CLOSED,DEMO/SYNTHETIC - NOT REAL GOVERNMENT DATA
CSE-BANK-02,ALT-BANK-2026-02550,2026-Q1,2026-03-12T10:55:00,CRITICAL,BRUTE_FORCE,SIEM-SENSOR-BANK,AST-BANK-055,2026-03-12T11:09:00,2026-03-12T11:10:00,2026-03-12T11:11:00,BENIGN,False,,ANALYST_RAO,False,False,False,CLOSED,DEMO/SYNTHETIC - NOT REAL GOVERNMENT DATA
CSE-BANK-02,ALT-BANK-2026-02551,2026-Q1,2026-01-26T22:57:00,CRITICAL,POLICY_VIOLATION,SIEM-SENSOR-BANK,AST-BANK-095,2026-01-26T23:15:00,2026-01-26T23:16:00,2026-01-26T23:20:00,BENIGN,False,,ANALYST_VERMA,False,False,False,CLOSED,DEMO/SYNTHETIC - NOT REAL GOVERNMENT DATA
CSE-BANK-02,ALT-BANK-2026-02552,2026-Q1,2026-01-11T20:42:00,CRITICAL,DATA_EXFILTRATION,SIEM-SENSOR-BANK,AST-BANK-088,2026-01-11T20:52:00,2026-01-11T20:53:00,2026-01-11T20:56:00,BENIGN,False,,ANALYST_RAO,False,False,False,CLOSED,DEMO/SYNTHETIC - NOT REAL GOVERNMENT DATA
CSE-BANK-02,ALT-BANK-2026-02553,2026-Q1,2026-01-26T00:00:00,HIGH,DATA_EXFILTRATION,SIEM-SENSOR-BANK,AST-BANK-101,2026-01-26T00:16:00,2026-01-26T00:17:00,2026-01-26T00:21:00,BENIGN,False,,ANALYST_RAO,False,False,False,CLOSED,DEMO/SYNTHETIC - NOT REAL GOVERNMENT DATA
CSE-BANK-02,ALT-BANK-2026-02554,2026-Q1,2026-03-02T09:07:00,HIGH,DATA_EXFILTRATION,SIEM-SENSOR-BANK,AST-BANK-116,2026-03-02T09:20:00,2026-03-02T09:21:00,2026-03-02T09:22:00,BENIGN,False,,ANALYST_SINGH,False,False,False,CLOSED,DEMO/SYNTHETIC - NOT REAL GOVERNMENT DATA
CSE-BANK-02,ALT-BANK-2026-02555,2026-Q1,2026-03-06T06:06:00,HIGH,RANSOMWARE,SIEM-SENSOR-BANK,AST-BANK-097,2026-03-06T06:19:00,2026-03-06T06:20:00,2026-03-06T06:22:00,BENIGN,False,,ANALYST_VERMA,False,False,False,CLOSED,DEMO/SYNTHETIC - NOT REAL GOVERNMENT DATA
CSE-BANK-02,ALT-BANK-2026-02556,2026-Q1,2026-02-01T22:27:00,CRITICAL,PRIVILEGE_ESCALATION,SIEM-SENSOR-BANK,AST-BANK-059,2026-02-01T22:43:00,2026-02-01T22:44:00,2026-02-01T22:48:00,BENIGN,False,,ANALYST_RAO,False,False,False,CLOSED,DEMO/SYNTHETIC - NOT REAL GOVERNMENT DATA
CSE-BANK-02,ALT-BANK-2026-02557,2026-Q1,2026-02-21T01:29:00,LOW,MALWARE,SIEM-SENSOR-BANK,AST-BANK-106,2026-02-21T01:31:00,2026-02-21T01:32:00,2026-02-21T01:36:00,BENIGN,False,,ANALYST_RAO,False,False,False,CLOSED,DEMO/SYNTHETIC - NOT REAL GOVERNMENT DATA
CSE-BANK-02,ALT-BANK-2026-02558,2026-Q1,2026-02-18T13:27:00,CRITICAL,DDOS_ATTACK,SIEM-SENSOR-BANK,AST-BANK-074,2026-02-18T13:29:00,2026-02-18T13:30:00,2026-02-18T13:33:00,BENIGN,False,,ANALYST_RAO,False,False,False,CLOSED,DEMO/SYNTHETIC - NOT REAL GOVERNMENT DATA
CSE-BANK-02,ALT-BANK-2026-02559,2026-Q1,2026-01-19T13:05:00,LOW,DDOS_ATTACK,SIEM-SENSOR-BANK,AST-BANK-066,2026-01-19T13:20:00,2026-01-19T13:21:00,2026-01-19T13:24:00,BENIGN,False,,ANALYST_PATEL,False,False,False,CLOSED,DEMO/SYNTHETIC - NOT REAL GOVERNMENT DATA
CSE-BANK-02,ALT-BANK-2026-02560,2026-Q1,2026-01-27T04:24:00,MEDIUM,DATA_EXFILTRATION,SIEM-SENSOR-BANK,AST-BANK-064,2026-01-27T04:29:00,2026-01-27T04:30:00,2026-01-27T04:33:00,BENIGN,False,,ANALYST_RAO,False,False,False,CLOSED,DEMO/SYNTHETIC - NOT REAL GOVERNMENT DATA
CSE-BANK-02,ALT-BANK-2026-02561,2026-Q1,2026-02-04T00:43:00,MEDIUM,DATA_EXFILTRATION,SIEM-SENSOR-BANK,AST-BANK-026,2026-02-04T00:58:00,2026-02-04T00:59:00,2026-02-04T01:02:00,BENIGN,False,,ANALYST_PATEL,False,False,False,CLOSED,DEMO/SYNTHETIC - NOT REAL GOVERNMENT DATA
CSE-BANK-02,ALT-BANK-2026-02562,2026-Q1,2026-01-27T10:37:00,MEDIUM,DDOS_ATTACK,SIEM-SENSOR-BANK,AST-BANK-007,2026-01-27T10:39:00,2026-01-27T10:40:00,2026-01-27T10:41:00,BENIGN,False,,ANALYST_SHARMA,False,False,False,CLOSED,DEMO/SYNTHETIC - NOT REAL GOVERNMENT DATA
CSE-BANK-02,ALT-BANK-2026-02563,2026-Q1,2026-01-20T00:57:00,HIGH,BRUTE_FORCE,SIEM-SENSOR-BANK,AST-BANK-050,2026-01-20T01:15:00,2026-01-20T01:16:00,2026-01-20T01:17:00,BENIGN,False,,ANALYST_VERMA,False,False,False,CLOSED,DEMO/SYNTHETIC - NOT REAL GOVERNMENT DATA
CSE-BANK-02,ALT-BANK-2026-02564,2026-Q1,2026-03-17T06:45:00,HIGH,MALWARE,SIEM-SENSOR-BANK,AST-BANK-062,2026-03-17T07:05:00,2026-03-17T07:06:00,2026-03-17T07:07:00,BENIGN,False,,ANALYST_SHARMA,False,False,False,CLOSED,DEMO/SYNTHETIC - NOT REAL GOVERNMENT DATA
CSE-BANK-02,ALT-BANK-2026-02565,2026-Q1,2026-03-06T18:36:00,MEDIUM,SCADA_COMMAND_ANOMALY,SIEM-SENSOR-BANK,AST-BANK-108,2026-03-06T18:55:00,2026-03-06T18:56:00,2026-03-06T19:00:00,BENIGN,False,,ANALYST_SHARMA,False,False,False,CLOSED,DEMO/SYNTHETIC - NOT REAL GOVERNMENT DATA
CSE-BANK-02,ALT-BANK-2026-02566,2026-Q1,2026-01-17T03:26:00,HIGH,BRUTE_FORCE,SIEM-SENSOR-BANK,AST-BANK-109,2026-01-17T03:30:00,2026-01-17T03:31:00,2026-01-17T03:35:00,BENIGN,False,,ANALYST_PATEL,False,False,False,CLOSED,DEMO/SYNTHETIC - NOT REAL GOVERNMENT DATA
CSE-BANK-02,ALT-BANK-2026-02567,2026-Q1,2026-02-16T14:26:00,MEDIUM,BRUTE_FORCE,SIEM-SENSOR-BANK,AST-BANK-066,2026-02-16T14:44:00,2026-02-16T14:45:00,2026-02-16T14:49:00,BENIGN,False,,ANALYST_SHARMA,False,False,False,CLOSED,DEMO/SYNTHETIC - NOT REAL GOVERNMENT DATA
CSE-BANK-02,ALT-BANK-2026-02568,2026-Q1,2026-02-10T23:08:00,CRITICAL,MALWARE,SIEM-SENSOR-BANK,AST-BANK-040,2026-02-10T23:12:00,2026-02-10T23:13:00,2026-02-10T23:16:00,BENIGN,False,,ANALYST_PATEL,False,False,False,CLOSED,DEMO/SYNTHETIC - NOT REAL GOVERNMENT DATA
CSE-BANK-02,ALT-BANK-2026-02569,2026-Q1,2026-01-17T21:33:00,HIGH,MALWARE,SIEM-SENSOR-BANK,AST-BANK-066,2026-01-17T21:47:00,2026-01-17T21:48:00,2026-01-17T21:52:00,BENIGN,False,,ANALYST_SHARMA,False,False,False,CLOSED,DEMO/SYNTHETIC - NOT REAL GOVERNMENT DATA
CSE-BANK-02,ALT-BANK-2026-02570,2026-Q1,2026-02-13T23:05:00,HIGH,POLICY_VIOLATION,SIEM-SENSOR-BANK,AST-BANK-026,2026-02-13T23:13:00,2026-02-13T23:14:00,2026-02-13T23:15:00,BENIGN,False,,ANALYST_SHARMA,False,False,False,CLOSED,DEMO/SYNTHETIC - NOT REAL GOVERNMENT DATA
CSE-BANK-02,ALT-BANK-2026-02571,2026-Q1,2026-03-20T14:57:00,CRITICAL,RANSOMWARE,SIEM-SENSOR-BANK,AST-BANK-015,2026-03-20T15:09:00,2026-03-20T15:10:00,2026-03-20T15:12:00,BENIGN,False,,ANALYST_VERMA,False,False,False,CLOSED,DEMO/SYNTHETIC - NOT REAL GOVERNMENT DATA
CSE-BANK-02,ALT-BANK-2026-02572,2026-Q1,2026-03-04T21:27:00,MEDIUM,PRIVILEGE_ESCALATION,SIEM-SENSOR-BANK,AST-BANK-044,2026-03-04T21:36:00,2026-03-04T21:37:00,2026-03-04T21:41:00,BENIGN,False,,ANALYST_PATEL,False,False,False,CLOSED,DEMO/SYNTHETIC - NOT REAL GOVERNMENT DATA
CSE-BANK-02,ALT-BANK-2026-02573,2026-Q1,2026-02-17T02:05:00,MEDIUM,MALWARE,SIEM-SENSOR-BANK,AST-BANK-042,2026-02-17T02:20:00,2026-02-17T02:21:00,2026-02-17T02:24:00,BENIGN,False,,ANALYST_SINGH,False,False,False,CLOSED,DEMO/SYNTHETIC - NOT REAL GOVERNMENT DATA
CSE-BANK-02,ALT-BANK-2026-02574,2026-Q1,2026-01-28T19:07:00,HIGH,POLICY_VIOLATION,SIEM-SENSOR-BANK,AST-BANK-013,2026-01-28T19:17:00,2026-01-28T19:18:00,2026-01-28T19:20:00,BENIGN,False,,ANALYST_RAO,False,False,False,CLOSED,DEMO/SYNTHETIC - NOT REAL GOVERNMENT DATA
CSE-BANK-02,ALT-BANK-2026-02575,2026-Q1,2026-02-22T05:34:00,CRITICAL,RANSOMWARE,SIEM-SENSOR-BANK,AST-BANK-037,2026-02-22T05:43:00,2026-02-22T05:44:00,2026-02-22T05:47:00,BENIGN,False,,ANALYST_SHARMA,False,False,False,CLOSED,DEMO/SYNTHETIC - NOT REAL GOVERNMENT DATA
CSE-BANK-02,ALT-BANK-2026-02576,2026-Q1,2026-01-04T06:12:00,CRITICAL,UNAUTHORIZED_ACCESS,SIEM-SENSOR-BANK,AST-BANK-092,2026-01-04T06:23:00,2026-01-04T06:24:00,2026-01-04T06:28:00,BENIGN,False,,ANALYST_SINGH,False,False,False,CLOSED,DEMO/SYNTHETIC - NOT REAL GOVERNMENT DATA
CSE-BANK-02,ALT-BANK-2026-02577,2026-Q1,2026-03-06T14:20:00,HIGH,DATA_EXFILTRATION,SIEM-SENSOR-BANK,AST-BANK-055,2026-03-06T14:31:00,2026-03-06T14:32:00,2026-03-06T14:35:00,BENIGN,False,,ANALYST_RAO,False,False,False,CLOSED,DEMO/SYNTHETIC - NOT REAL GOVERNMENT DATA
CSE-BANK-02,ALT-BANK-2026-02578,2026-Q1,2026-03-10T04:07:00,HIGH,POLICY_VIOLATION,SIEM-SENSOR-BANK,AST-BANK-028,2026-03-10T04:26:00,2026-03-10T04:27:00,2026-03-10T04:29:00,BENIGN,False,,ANALYST_PATEL,False,False,False,CLOSED,DEMO/SYNTHETIC - NOT REAL GOVERNMENT DATA
CSE-BANK-02,ALT-BANK-2026-02579,2026-Q1,2026-01-14T04:57:00,HIGH,PRIVILEGE_ESCALATION,SIEM-SENSOR-BANK,AST-BANK-066,2026-01-14T05:14:00,2026-01-14T05:15:00,2026-01-14T05:19:00,BENIGN,False,,ANALYST_PATEL,False,False,False,CLOSED,DEMO/SYNTHETIC - NOT REAL GOVERNMENT DATA
CSE-BANK-02,ALT-BANK-2026-02580,2026-Q1,2026-02-05T01:57:00,MEDIUM,UNAUTHORIZED_ACCESS,SIEM-SENSOR-BANK,AST-BANK-028,2026-02-05T02:09:00,2026-02-05T02:10:00,2026-02-05T02:11:00,BENIGN,False,,ANALYST_SHARMA,False,False,False,CLOSED,DEMO/SYNTHETIC - NOT REAL GOVERNMENT DATA
CSE-BANK-02,ALT-BANK-2026-02581,2026-Q1,2026-02-18T11:03:00,HIGH,DDOS_ATTACK,SIEM-SENSOR-BANK,AST-BANK-042,2026-02-18T11:23:00,2026-02-18T11:24:00,2026-02-18T11:28:00,BENIGN,False,,ANALYST_SINGH,False,False,False,CLOSED,DEMO/SYNTHETIC - NOT REAL GOVERNMENT DATA
CSE-BANK-02,ALT-BANK-2026-02582,2026-Q1,2026-01-29T17:31:00,MEDIUM,DATA_EXFILTRATION,SIEM-SENSOR-BANK,AST-BANK-062,2026-01-29T17:35:00,2026-01-29T17:36:00,2026-01-29T17:38:00,BENIGN,False,,ANALYST_SINGH,False,False,False,CLOSED,DEMO/SYNTHETIC - NOT REAL GOVERNMENT DATA
CSE-BANK-02,ALT-BANK-2026-02583,2026-Q1,2026-01-22T10:47:00,CRITICAL,SCADA_COMMAND_ANOMALY,SIEM-SENSOR-BANK,AST-BANK-107,2026-01-22T10:57:00,2026-01-22T10:58:00,2026-01-22T10:59:00,BENIGN,False,,ANALYST_VERMA,False,False,False,CLOSED,DEMO/SYNTHETIC - NOT REAL GOVERNMENT DATA
CSE-BANK-02,ALT-BANK-2026-02584,2026-Q1,2026-01-04T13:23:00,MEDIUM,MALWARE,SIEM-SENSOR-BANK,AST-BANK-079,2026-01-04T13:39:00,2026-01-04T13:40:00,2026-01-04T13:44:00,BENIGN,False,,ANALYST_PATEL,False,False,False,CLOSED,DEMO/SYNTHETIC - NOT REAL GOVERNMENT DATA
CSE-BANK-02,ALT-BANK-2026-02585,2026-Q1,2026-02-16T13:48:00,CRITICAL,UNAUTHORIZED_ACCESS,SIEM-SENSOR-BANK,AST-BANK-113,2026-02-16T14:05:00,2026-02-16T14:06:00,2026-02-16T14:07:00,BENIGN,False,,ANALYST_SINGH,False,False,False,CLOSED,DEMO/SYNTHETIC - NOT REAL GOVERNMENT DATA
CSE-BANK-02,ALT-BANK-2026-02586,2026-Q1,2026-01-31T19:14:00,CRITICAL,DDOS_ATTACK,SIEM-SENSOR-BANK,AST-BANK-057,2026-01-31T19:30:00,2026-01-31T19:31:00,2026-01-31T19:34:00,BENIGN,False,,ANALYST_SINGH,False,False,False,CLOSED,DEMO/SYNTHETIC - NOT REAL GOVERNMENT DATA
CSE-BANK-02,ALT-BANK-2026-02587,2026-Q1,2026-02-09T03:02:00,MEDIUM,SCADA_COMMAND_ANOMALY,SIEM-SENSOR-BANK,AST-BANK-033,2026-02-09T03:22:00,2026-02-09T03:23:00,2026-02-09T03:27:00,BENIGN,False,,ANALYST_VERMA,False,False,False,CLOSED,DEMO/SYNTHETIC - NOT REAL GOVERNMENT DATA
CSE-BANK-02,ALT-BANK-2026-02588,2026-Q1,2026-01-15T16:11:00,LOW,UNAUTHORIZED_ACCESS,SIEM-SENSOR-BANK,AST-BANK-116,2026-01-15T16:19:00,2026-01-15T16:20:00,2026-01-15T16:23:00,BENIGN,False,,ANALYST_SHARMA,False,False,False,CLOSED,DEMO/SYNTHETIC - NOT REAL GOVERNMENT DATA
CSE-BANK-02,ALT-BANK-2026-02589,2026-Q1,2026-02-01T10:47:00,MEDIUM,MALWARE,SIEM-SENSOR-BANK,AST-BANK-062,2026-02-01T11:04:00,2026-02-01T11:05:00,2026-02-01T11:07:00,BENIGN,False,,ANALYST_SHARMA,False,False,False,CLOSED,DEMO/SYNTHETIC - NOT REAL GOVERNMENT DATA
CSE-BANK-02,ALT-BANK-2026-02590,2026-Q1,2026-01-18T01:13:00,CRITICAL,UNAUTHORIZED_ACCESS,SIEM-SENSOR-BANK,AST-BANK-056,2026-01-18T01:27:00,2026-01-18T01:28:00,2026-01-18T01:31:00,BENIGN,False,,ANALYST_SINGH,False,False,False,CLOSED,DEMO/SYNTHETIC - NOT REAL GOVERNMENT DATA
CSE-BANK-02,ALT-BANK-2026-02591,2026-Q1,2026-02-25T22:23:00,CRITICAL,SCADA_COMMAND_ANOMALY,SIEM-SENSOR-BANK,AST-BANK-120,2026-02-25T22:40:00,2026-02-25T22:41:00,2026-02-25T22:45:00,BENIGN,False,,ANALYST_RAO,False,False,False,CLOSED,DEMO/SYNTHETIC - NOT REAL GOVERNMENT DATA
CSE-BANK-02,ALT-BANK-2026-02592,2026-Q1,2026-03-21T14:33:00,HIGH,DATA_EXFILTRATION,SIEM-SENSOR-BANK,AST-BANK-045,2026-03-21T14:50:00,2026-03-21T14:51:00,2026-03-21T14:54:00,BENIGN,False,,ANALYST_PATEL,False,False,False,CLOSED,DEMO/SYNTHETIC - NOT REAL GOVERNMENT DATA
CSE-BANK-02,ALT-BANK-2026-02593,2026-Q1,2026-03-01T22:37:00,HIGH,BRUTE_FORCE,SIEM-SENSOR-BANK,AST-BANK-038,2026-03-01T22:41:00,2026-03-01T22:42:00,2026-03-01T22:46:00,BENIGN,False,,ANALYST_PATEL,False,False,False,CLOSED,DEMO/SYNTHETIC - NOT REAL GOVERNMENT DATA
CSE-BANK-02,ALT-BANK-2026-02594,2026-Q1,2026-03-19T09:26:00,CRITICAL,UNAUTHORIZED_ACCESS,SIEM-SENSOR-BANK,AST-BANK-120,2026-03-19T09:46:00,2026-03-19T09:47:00,2026-03-19T09:49:00,BENIGN,False,,ANALYST_SINGH,False,False,False,CLOSED,DEMO/SYNTHETIC - NOT REAL GOVERNMENT DATA
CSE-BANK-02,ALT-BANK-2026-02595,2026-Q1,2026-01-29T20:45:00,HIGH,PRIVILEGE_ESCALATION,SIEM-SENSOR-BANK,AST-BANK-013,2026-01-29T21:04:00,2026-01-29T21:05:00,2026-01-29T21:07:00,BENIGN,False,,ANALYST_SHARMA,False,False,False,CLOSED,DEMO/SYNTHETIC - NOT REAL GOVERNMENT DATA
CSE-BANK-02,ALT-BANK-2026-02596,2026-Q1,2026-01-18T15:42:00,HIGH,DDOS_ATTACK,SIEM-SENSOR-BANK,AST-BANK-051,2026-01-18T15:57:00,2026-01-18T15:58:00,2026-01-18T16:01:00,BENIGN,False,,ANALYST_PATEL,False,False,False,CLOSED,DEMO/SYNTHETIC - NOT REAL GOVERNMENT DATA
CSE-BANK-02,ALT-BANK-2026-02597,2026-Q1,2026-01-19T00:01:00,CRITICAL,DDOS_ATTACK,SIEM-SENSOR-BANK,AST-BANK-104,2026-01-19T00:04:00,2026-01-19T00:05:00,2026-01-19T00:07:00,BENIGN,False,,ANALYST_RAO,False,False,False,CLOSED,DEMO/SYNTHETIC - NOT REAL GOVERNMENT DATA
CSE-BANK-02,ALT-BANK-2026-02598,2026-Q1,2026-01-07T10:58:00,CRITICAL,BRUTE_FORCE,SIEM-SENSOR-BANK,AST-BANK-013,2026-01-07T11:05:00,2026-01-07T11:06:00,2026-01-07T11:07:00,BENIGN,False,,ANALYST_RAO,False,False,False,CLOSED,DEMO/SYNTHETIC - NOT REAL GOVERNMENT DATA
CSE-BANK-02,ALT-BANK-2026-02599,2026-Q1,2026-02-26T13:23:00,MEDIUM,RANSOMWARE,SIEM-SENSOR-BANK,AST-BANK-028,2026-02-26T13:30:00,2026-02-26T13:31:00,2026-02-26T13:34:00,BENIGN,False,,ANALYST_RAO,False,False,False,CLOSED,DEMO/SYNTHETIC - NOT REAL GOVERNMENT DATA
CSE-BANK-02,ALT-BANK-2026-02600,2026-Q1,2026-03-02T13:03:00,CRITICAL,DDOS_ATTACK,SIEM-SENSOR-BANK,AST-BANK-111,2026-03-02T13:05:00,2026-03-02T13:06:00,2026-03-02T13:09:00,BENIGN,False,,ANALYST_SHARMA,False,False,False,CLOSED,DEMO/SYNTHETIC - NOT REAL GOVERNMENT DATA
CSE-BANK-02,ALT-BANK-2026-02601,2026-Q1,2026-03-22T21:36:00,CRITICAL,POLICY_VIOLATION,SIEM-SENSOR-BANK,AST-BANK-007,2026-03-22T21:48:00,2026-03-22T21:49:00,2026-03-22T21:51:00,BENIGN,False,,ANALYST_RAO,False,False,False,CLOSED,DEMO/SYNTHETIC - NOT REAL GOVERNMENT DATA
CSE-BANK-02,ALT-BANK-2026-02602,2026-Q1,2026-03-08T13:34:00,HIGH,BRUTE_FORCE,SIEM-SENSOR-BANK,AST-BANK-019,2026-03-08T13:50:00,2026-03-08T13:51:00,2026-03-08T13:55:00,BENIGN,False,,ANALYST_PATEL,False,False,False,CLOSED,DEMO/SYNTHETIC - NOT REAL GOVERNMENT DATA
CSE-BANK-02,ALT-BANK-2026-02603,2026-Q1,2026-03-04T12:09:00,CRITICAL,RANSOMWARE,SIEM-SENSOR-BANK,AST-BANK-043,2026-03-04T12:21:00,2026-03-04T12:22:00,2026-03-04T12:26:00,BENIGN,False,,ANALYST_RAO,False,False,False,CLOSED,DEMO/SYNTHETIC - NOT REAL GOVERNMENT DATA
CSE-BANK-02,ALT-BANK-2026-02604,2026-Q1,2026-01-09T08:46:00,CRITICAL,BRUTE_FORCE,SIEM-SENSOR-BANK,AST-BANK-045,2026-01-09T09:04:00,2026-01-09T09:05:00,2026-01-09T09:07:00,BENIGN,False,,ANALYST_VERMA,False,False,False,CLOSED,DEMO/SYNTHETIC - NOT REAL GOVERNMENT DATA
CSE-BANK-02,ALT-BANK-2026-02605,2026-Q1,2026-02-08T17:52:00,MEDIUM,PRIVILEGE_ESCALATION,SIEM-SENSOR-BANK,AST-BANK-032,2026-02-08T17:59:00,2026-02-08T18:00:00,2026-02-08T18:01:00,BENIGN,False,,ANALYST_SHARMA,False,False,False,CLOSED,DEMO/SYNTHETIC - NOT REAL GOVERNMENT DATA
CSE-BANK-02,ALT-BANK-2026-02606,2026-Q1,2026-02-12T18:59:00,CRITICAL,UNAUTHORIZED_ACCESS,SIEM-SENSOR-BANK,AST-BANK-100,2026-02-12T19:06:00,2026-02-12T19:07:00,2026-02-12T19:10:00,BENIGN,False,,ANALYST_SHARMA,False,False,False,CLOSED,DEMO/SYNTHETIC - NOT REAL GOVERNMENT DATA
CSE-BANK-02,ALT-BANK-2026-02607,2026-Q1,2026-01-14T21:28:00,CRITICAL,DDOS_ATTACK,SIEM-SENSOR-BANK,AST-BANK-092,2026-01-14T21:35:00,2026-01-14T21:36:00,2026-01-14T21:38:00,BENIGN,False,,ANALYST_RAO,False,False,False,CLOSED,DEMO/SYNTHETIC - NOT REAL GOVERNMENT DATA
CSE-BANK-02,ALT-BANK-2026-02608,2026-Q1,2026-03-04T23:15:00,CRITICAL,RANSOMWARE,SIEM-SENSOR-BANK,AST-BANK-039,2026-03-04T23:26:00,2026-03-04T23:27:00,2026-03-04T23:28:00,BENIGN,False,,ANALYST_VERMA,False,False,False,CLOSED,DEMO/SYNTHETIC - NOT REAL GOVERNMENT DATA
CSE-BANK-02,ALT-BANK-2026-02609,2026-Q1,2026-02-07T20:28:00,CRITICAL,SCADA_COMMAND_ANOMALY,SIEM-SENSOR-BANK,AST-BANK-074,2026-02-07T20:42:00,2026-02-07T20:43:00,2026-02-07T20:45:00,BENIGN,False,,ANALYST_SINGH,False,False,False,CLOSED,DEMO/SYNTHETIC - NOT REAL GOVERNMENT DATA
CSE-BANK-02,ALT-BANK-2026-02610,2026-Q1,2026-01-10T15:50:00,MEDIUM,DATA_EXFILTRATION,SIEM-SENSOR-BANK,AST-BANK-094,2026-01-10T15:57:00,2026-01-10T15:58:00,2026-01-10T15:59:00,BENIGN,False,,ANALYST_VERMA,False,False,False,CLOSED,DEMO/SYNTHETIC - NOT REAL GOVERNMENT DATA
CSE-BANK-02,ALT-BANK-2026-02611,2026-Q1,2026-01-14T15:08:00,HIGH,DATA_EXFILTRATION,SIEM-SENSOR-BANK,AST-BANK-070,2026-01-14T15:12:00,2026-01-14T15:13:00,2026-01-14T15:16:00,BENIGN,False,,ANALYST_VERMA,False,False,False,CLOSED,DEMO/SYNTHETIC - NOT REAL GOVERNMENT DATA
CSE-BANK-02,ALT-BANK-2026-02612,2026-Q1,2026-01-12T15:49:00,HIGH,UNAUTHORIZED_ACCESS,SIEM-SENSOR-BANK,AST-BANK-094,2026-01-12T16:09:00,2026-01-12T16:10:00,2026-01-12T16:14:00,BENIGN,False,,ANALYST_SINGH,False,False,False,CLOSED,DEMO/SYNTHETIC - NOT REAL GOVERNMENT DATA
CSE-BANK-02,ALT-BANK-2026-02613,2026-Q1,2026-01-31T02:14:00,CRITICAL,UNAUTHORIZED_ACCESS,SIEM-SENSOR-BANK,AST-BANK-085,2026-01-31T02:34:00,2026-01-31T02:35:00,2026-01-31T02:39:00,BENIGN,False,,ANALYST_RAO,False,False,False,CLOSED,DEMO/SYNTHETIC - NOT REAL GOVERNMENT DATA
CSE-BANK-02,ALT-BANK-2026-02614,2026-Q1,2026-01-11T19:57:00,HIGH,PRIVILEGE_ESCALATION,SIEM-SENSOR-BANK,AST-BANK-012,2026-01-11T20:11:00,2026-01-11T20:12:00,2026-01-11T20:16:00,BENIGN,False,,ANALYST_PATEL,False,False,False,CLOSED,DEMO/SYNTHETIC - NOT REAL GOVERNMENT DATA
CSE-BANK-02,ALT-BANK-2026-02615,2026-Q1,2026-01-22T15:05:00,CRITICAL,POLICY_VIOLATION,SIEM-SENSOR-BANK,AST-BANK-007,2026-01-22T15:17:00,2026-01-22T15:18:00,2026-01-22T15:22:00,BENIGN,False,,ANALYST_SINGH,False,False,False,CLOSED,DEMO/SYNTHETIC - NOT REAL GOVERNMENT DATA
CSE-BANK-02,ALT-BANK-2026-02616,2026-Q1,2026-03-06T13:10:00,MEDIUM,RANSOMWARE,SIEM-SENSOR-BANK,AST-BANK-057,2026-03-06T13:23:00,2026-03-06T13:24:00,2026-03-06T13:28:00,BENIGN,False,,ANALYST_PATEL,False,False,False,CLOSED,DEMO/SYNTHETIC - NOT REAL GOVERNMENT DATA
CSE-BANK-02,ALT-BANK-2026-02617,2026-Q1,2026-03-01T03:11:00,CRITICAL,RANSOMWARE,SIEM-SENSOR-BANK,AST-BANK-110,2026-03-01T03:15:00,2026-03-01T03:16:00,2026-03-01T03:20:00,BENIGN,False,,ANALYST_PATEL,False,False,False,CLOSED,DEMO/SYNTHETIC - NOT REAL GOVERNMENT DATA
CSE-BANK-02,ALT-BANK-2026-02618,2026-Q1,2026-02-18T23:47:00,HIGH,POLICY_VIOLATION,SIEM-SENSOR-BANK,AST-BANK-082,2026-02-18T23:49:00,2026-02-18T23:50:00,2026-02-18T23:52:00,BENIGN,False,,ANALYST_SHARMA,False,False,False,CLOSED,DEMO/SYNTHETIC - NOT REAL GOVERNMENT DATA
CSE-BANK-02,ALT-BANK-2026-02619,2026-Q1,2026-01-22T20:28:00,HIGH,DDOS_ATTACK,SIEM-SENSOR-BANK,AST-BANK-100,2026-01-22T20:38:00,2026-01-22T20:39:00,2026-01-22T20:42:00,BENIGN,False,,ANALYST_VERMA,False,False,False,CLOSED,DEMO/SYNTHETIC - NOT REAL GOVERNMENT DATA
CSE-BANK-02,ALT-BANK-2026-02620,2026-Q1,2026-02-13T05:28:00,HIGH,DATA_EXFILTRATION,SIEM-SENSOR-BANK,AST-BANK-026,2026-02-13T05:30:00,2026-02-13T05:31:00,2026-02-13T05:33:00,BENIGN,False,,ANALYST_SHARMA,False,False,False,CLOSED,DEMO/SYNTHETIC - NOT REAL GOVERNMENT DATA
CSE-BANK-02,ALT-BANK-2026-02621,2026-Q1,2026-03-19T17:31:00,HIGH,UNAUTHORIZED_ACCESS,SIEM-SENSOR-BANK,AST-BANK-054,2026-03-19T17:46:00,2026-03-19T17:47:00,2026-03-19T17:50:00,BENIGN,False,,ANALYST_RAO,False,False,False,CLOSED,DEMO/SYNTHETIC - NOT REAL GOVERNMENT DATA
CSE-BANK-02,ALT-BANK-2026-02622,2026-Q1,2026-03-14T09:47:00,HIGH,SCADA_COMMAND_ANOMALY,SIEM-SENSOR-BANK,AST-BANK-054,2026-03-14T09:58:00,2026-03-14T09:59:00,2026-03-14T10:03:00,BENIGN,False,,ANALYST_PATEL,False,False,False,CLOSED,DEMO/SYNTHETIC - NOT REAL GOVERNMENT DATA
CSE-BANK-02,ALT-BANK-2026-02623,2026-Q1,2026-02-04T19:45:00,CRITICAL,MALWARE,SIEM-SENSOR-BANK,AST-BANK-001,2026-02-04T20:05:00,2026-02-04T20:06:00,2026-02-04T20:08:00,BENIGN,False,,ANALYST_VERMA,False,False,False,CLOSED,DEMO/SYNTHETIC - NOT REAL GOVERNMENT DATA
CSE-BANK-02,ALT-BANK-2026-02624,2026-Q1,2026-01-22T12:35:00,MEDIUM,DDOS_ATTACK,SIEM-SENSOR-BANK,AST-BANK-065,2026-01-22T12:37:00,2026-01-22T12:38:00,2026-01-22T12:40:00,BENIGN,False,,ANALYST_SINGH,False,False,False,CLOSED,DEMO/SYNTHETIC - NOT REAL GOVERNMENT DATA
CSE-BANK-02,ALT-BANK-2026-02625,2026-Q1,2026-02-17T23:50:00,HIGH,PRIVILEGE_ESCALATION,SIEM-SENSOR-BANK,AST-BANK-101,2026-02-18T00:02:00,2026-02-18T00:03:00,2026-02-18T00:07:00,BENIGN,False,,ANALYST_RAO,False,False,False,CLOSED,DEMO/SYNTHETIC - NOT REAL GOVERNMENT DATA
CSE-BANK-02,ALT-BANK-2026-02626,2026-Q1,2026-02-19T10:13:00,CRITICAL,MALWARE,SIEM-SENSOR-BANK,AST-BANK-034,2026-02-19T10:24:00,2026-02-19T10:25:00,2026-02-19T10:27:00,BENIGN,False,,ANALYST_SINGH,False,False,False,CLOSED,DEMO/SYNTHETIC - NOT REAL GOVERNMENT DATA
CSE-BANK-02,ALT-BANK-2026-02627,2026-Q1,2026-01-03T16:07:00,CRITICAL,MALWARE,SIEM-SENSOR-BANK,AST-BANK-023,2026-01-03T16:23:00,2026-01-03T16:24:00,2026-01-03T16:27:00,BENIGN,False,,ANALYST_RAO,False,False,False,CLOSED,DEMO/SYNTHETIC - NOT REAL GOVERNMENT DATA
CSE-BANK-02,ALT-BANK-2026-02628,2026-Q1,2026-01-03T08:04:00,CRITICAL,DDOS_ATTACK,SIEM-SENSOR-BANK,AST-BANK-051,2026-01-03T08:13:00,2026-01-03T08:14:00,2026-01-03T08:17:00,BENIGN,False,,ANALYST_RAO,False,False,False,CLOSED,DEMO/SYNTHETIC - NOT REAL GOVERNMENT DATA
CSE-BANK-02,ALT-BANK-2026-02629,2026-Q1,2026-01-01T18:17:00,MEDIUM,PRIVILEGE_ESCALATION,SIEM-SENSOR-BANK,AST-BANK-048,2026-01-01T18:26:00,2026-01-01T18:27:00,2026-01-01T18:28:00,BENIGN,False,,ANALYST_SINGH,False,False,False,CLOSED,DEMO/SYNTHETIC - NOT REAL GOVERNMENT DATA
CSE-BANK-02,ALT-BANK-2026-02630,2026-Q1,2026-03-14T04:42:00,LOW,DDOS_ATTACK,SIEM-SENSOR-BANK,AST-BANK-023,2026-03-14T04:52:00,2026-03-14T04:53:00,2026-03-14T04:57:00,BENIGN,False,,ANALYST_VERMA,False,False,False,CLOSED,DEMO/SYNTHETIC - NOT REAL GOVERNMENT DATA
CSE-BANK-02,ALT-BANK-2026-02631,2026-Q1,2026-01-01T06:35:00,CRITICAL,SCADA_COMMAND_ANOMALY,SIEM-SENSOR-BANK,AST-BANK-008,2026-01-01T06:39:00,2026-01-01T06:40:00,2026-01-01T06:41:00,BENIGN,False,,ANALYST_SINGH,False,False,False,CLOSED,DEMO/SYNTHETIC - NOT REAL GOVERNMENT DATA
CSE-BANK-02,ALT-BANK-2026-02632,2026-Q1,2026-01-07T04:16:00,HIGH,SCADA_COMMAND_ANOMALY,SIEM-SENSOR-BANK,AST-BANK-087,2026-01-07T04:26:00,2026-01-07T04:27:00,2026-01-07T04:28:00,BENIGN,False,,ANALYST_SINGH,False,False,False,CLOSED,DEMO/SYNTHETIC - NOT REAL GOVERNMENT DATA
CSE-BANK-02,ALT-BANK-2026-02633,2026-Q1,2026-03-22T14:41:00,HIGH,DDOS_ATTACK,SIEM-SENSOR-BANK,AST-BANK-079,2026-03-22T14:50:00,2026-03-22T14:51:00,2026-03-22T14:53:00,BENIGN,False,,ANALYST_SINGH,False,False,False,CLOSED,DEMO/SYNTHETIC - NOT REAL GOVERNMENT DATA
CSE-BANK-02,ALT-BANK-2026-02634,2026-Q1,2026-03-20T06:15:00,HIGH,RANSOMWARE,SIEM-SENSOR-BANK,AST-BANK-068,2026-03-20T06:30:00,2026-03-20T06:31:00,2026-03-20T06:33:00,BENIGN,False,,ANALYST_SINGH,False,False,False,CLOSED,DEMO/SYNTHETIC - NOT REAL GOVERNMENT DATA
CSE-BANK-02,ALT-BANK-2026-02635,2026-Q1,2026-03-12T23:50:00,HIGH,SCADA_COMMAND_ANOMALY,SIEM-SENSOR-BANK,AST-BANK-020,2026-03-13T00:08:00,2026-03-13T00:09:00,2026-03-13T00:10:00,BENIGN,False,,ANALYST_RAO,False,False,False,CLOSED,DEMO/SYNTHETIC - NOT REAL GOVERNMENT DATA
CSE-BANK-02,ALT-BANK-2026-02636,2026-Q1,2026-02-27T06:35:00,MEDIUM,DDOS_ATTACK,SIEM-SENSOR-BANK,AST-BANK-069,2026-02-27T06:49:00,2026-02-27T06:50:00,2026-02-27T06:53:00,BENIGN,False,,ANALYST_SHARMA,False,False,False,CLOSED,DEMO/SYNTHETIC - NOT REAL GOVERNMENT DATA
CSE-BANK-02,ALT-BANK-2026-02637,2026-Q1,2026-01-19T07:21:00,CRITICAL,RANSOMWARE,SIEM-SENSOR-BANK,AST-BANK-062,2026-01-19T07:38:00,2026-01-19T07:39:00,2026-01-19T07:41:00,BENIGN,False,,ANALYST_PATEL,False,False,False,CLOSED,DEMO/SYNTHETIC - NOT REAL GOVERNMENT DATA
CSE-BANK-02,ALT-BANK-2026-02638,2026-Q1,2026-03-22T11:08:00,CRITICAL,SCADA_COMMAND_ANOMALY,SIEM-SENSOR-BANK,AST-BANK-004,2026-03-22T11:26:00,2026-03-22T11:27:00,2026-03-22T11:30:00,BENIGN,False,,ANALYST_SINGH,False,False,False,CLOSED,DEMO/SYNTHETIC - NOT REAL GOVERNMENT DATA
CSE-BANK-02,ALT-BANK-2026-02639,2026-Q1,2026-03-18T12:01:00,HIGH,RANSOMWARE,SIEM-SENSOR-BANK,AST-BANK-119,2026-03-18T12:08:00,2026-03-18T12:09:00,2026-03-18T12:12:00,BENIGN,False,,ANALYST_RAO,False,False,False,CLOSED,DEMO/SYNTHETIC - NOT REAL GOVERNMENT DATA
CSE-BANK-02,ALT-BANK-2026-02640,2026-Q1,2026-01-08T17:25:00,HIGH,MALWARE,SIEM-SENSOR-BANK,AST-BANK-053,2026-01-08T17:32:00,2026-01-08T17:33:00,2026-01-08T17:34:00,BENIGN,False,,ANALYST_SINGH,False,False,False,CLOSED,DEMO/SYNTHETIC - NOT REAL GOVERNMENT DATA
CSE-BANK-02,ALT-BANK-2026-02641,2026-Q1,2026-01-08T14:25:00,HIGH,POLICY_VIOLATION,SIEM-SENSOR-BANK,AST-BANK-104,2026-01-08T14:40:00,2026-01-08T14:41:00,2026-01-08T14:45:00,BENIGN,False,,ANALYST_PATEL,False,False,False,CLOSED,DEMO/SYNTHETIC - NOT REAL GOVERNMENT DATA
CSE-BANK-02,ALT-BANK-2026-02642,2026-Q1,2026-01-30T22:38:00,HIGH,SCADA_COMMAND_ANOMALY,SIEM-SENSOR-BANK,AST-BANK-009,2026-01-30T22:41:00,2026-01-30T22:42:00,2026-01-30T22:45:00,BENIGN,False,,ANALYST_PATEL,False,False,False,CLOSED,DEMO/SYNTHETIC - NOT REAL GOVERNMENT DATA
CSE-BANK-02,ALT-BANK-2026-02643,2026-Q1,2026-03-15T14:16:00,LOW,SCADA_COMMAND_ANOMALY,SIEM-SENSOR-BANK,AST-BANK-101,2026-03-15T14:36:00,2026-03-15T14:37:00,2026-03-15T14:39:00,BENIGN,False,,ANALYST_PATEL,False,False,False,CLOSED,DEMO/SYNTHETIC - NOT REAL GOVERNMENT DATA
CSE-BANK-02,ALT-BANK-2026-02644,2026-Q1,2026-02-16T06:44:00,HIGH,UNAUTHORIZED_ACCESS,SIEM-SENSOR-BANK,AST-BANK-086,2026-02-16T06:51:00,2026-02-16T06:52:00,2026-02-16T06:55:00,BENIGN,False,,ANALYST_SINGH,False,False,False,CLOSED,DEMO/SYNTHETIC - NOT REAL GOVERNMENT DATA
CSE-BANK-02,ALT-BANK-2026-02645,2026-Q1,2026-01-18T12:07:00,CRITICAL,RANSOMWARE,SIEM-SENSOR-BANK,AST-BANK-031,2026-01-18T12:17:00,2026-01-18T12:18:00,2026-01-18T12:22:00,BENIGN,False,,ANALYST_VERMA,False,False,False,CLOSED,DEMO/SYNTHETIC - NOT REAL GOVERNMENT DATA
CSE-BANK-02,ALT-BANK-2026-02646,2026-Q1,2026-03-05T06:24:00,HIGH,SCADA_COMMAND_ANOMALY,SIEM-SENSOR-BANK,AST-BANK-069,2026-03-05T06:29:00,2026-03-05T06:30:00,2026-03-05T06:34:00,BENIGN,False,,ANALYST_RAO,False,False,False,CLOSED,DEMO/SYNTHETIC - NOT REAL GOVERNMENT DATA
CSE-BANK-02,ALT-BANK-2026-02647,2026-Q1,2026-02-20T02:13:00,CRITICAL,DATA_EXFILTRATION,SIEM-SENSOR-BANK,AST-BANK-003,2026-02-20T02:22:00,2026-02-20T02:23:00,2026-02-20T02:26:00,BENIGN,False,,ANALYST_SINGH,False,False,False,CLOSED,DEMO/SYNTHETIC - NOT REAL GOVERNMENT DATA
CSE-BANK-02,ALT-BANK-2026-02648,2026-Q1,2026-03-02T05:16:00,HIGH,RANSOMWARE,SIEM-SENSOR-BANK,AST-BANK-077,2026-03-02T05:29:00,2026-03-02T05:30:00,2026-03-02T05:34:00,BENIGN,False,,ANALYST_PATEL,False,False,False,CLOSED,DEMO/SYNTHETIC - NOT REAL GOVERNMENT DATA
CSE-BANK-02,ALT-BANK-2026-02649,2026-Q1,2026-01-19T12:42:00,HIGH,PRIVILEGE_ESCALATION,SIEM-SENSOR-BANK,AST-BANK-005,2026-01-19T12:58:00,2026-01-19T12:59:00,2026-01-19T13:01:00,BENIGN,False,,ANALYST_SHARMA,False,False,False,CLOSED,DEMO/SYNTHETIC - NOT REAL GOVERNMENT DATA
CSE-BANK-02,ALT-BANK-2026-02650,2026-Q1,2026-03-12T21:45:00,CRITICAL,RANSOMWARE,SIEM-SENSOR-BANK,AST-BANK-066,2026-03-12T22:03:00,2026-03-12T22:04:00,2026-03-12T22:05:00,BENIGN,False,,ANALYST_RAO,False,False,False,CLOSED,DEMO/SYNTHETIC - NOT REAL GOVERNMENT DATA
CSE-BANK-02,ALT-BANK-2026-02651,2026-Q1,2026-01-04T18:39:00,MEDIUM,SCADA_COMMAND_ANOMALY,SIEM-SENSOR-BANK,AST-BANK-055,2026-01-04T18:59:00,2026-01-04T19:00:00,2026-01-04T19:02:00,BENIGN,False,,ANALYST_SINGH,False,False,False,CLOSED,DEMO/SYNTHETIC - NOT REAL GOVERNMENT DATA
CSE-BANK-02,ALT-BANK-2026-02652,2026-Q1,2026-02-04T20:51:00,MEDIUM,PRIVILEGE_ESCALATION,SIEM-SENSOR-BANK,AST-BANK-089,2026-02-04T21:03:00,2026-02-04T21:04:00,2026-02-04T21:05:00,BENIGN,False,,ANALYST_SHARMA,False,False,False,CLOSED,DEMO/SYNTHETIC - NOT REAL GOVERNMENT DATA
CSE-BANK-02,ALT-BANK-2026-02653,2026-Q1,2026-03-20T00:19:00,HIGH,POLICY_VIOLATION,SIEM-SENSOR-BANK,AST-BANK-096,2026-03-20T00:32:00,2026-03-20T00:33:00,2026-03-20T00:37:00,BENIGN,False,,ANALYST_VERMA,False,False,False,CLOSED,DEMO/SYNTHETIC - NOT REAL GOVERNMENT DATA
CSE-BANK-02,ALT-BANK-2026-02654,2026-Q1,2026-02-17T08:14:00,MEDIUM,PRIVILEGE_ESCALATION,SIEM-SENSOR-BANK,AST-BANK-031,2026-02-17T08:25:00,2026-02-17T08:26:00,2026-02-17T08:30:00,BENIGN,False,,ANALYST_SINGH,False,False,False,CLOSED,DEMO/SYNTHETIC - NOT REAL GOVERNMENT DATA
CSE-BANK-02,ALT-BANK-2026-02655,2026-Q1,2026-01-08T15:31:00,MEDIUM,POLICY_VIOLATION,SIEM-SENSOR-BANK,AST-BANK-059,2026-01-08T15:37:00,2026-01-08T15:38:00,2026-01-08T15:40:00,BENIGN,False,,ANALYST_VERMA,False,False,False,CLOSED,DEMO/SYNTHETIC - NOT REAL GOVERNMENT DATA
CSE-BANK-02,ALT-BANK-2026-02656,2026-Q1,2026-02-24T09:55:00,LOW,BRUTE_FORCE,SIEM-SENSOR-BANK,AST-BANK-097,2026-02-24T10:04:00,2026-02-24T10:05:00,2026-02-24T10:07:00,BENIGN,False,,ANALYST_RAO,False,False,False,CLOSED,DEMO/SYNTHETIC - NOT REAL GOVERNMENT DATA
CSE-BANK-02,ALT-BANK-2026-02657,2026-Q1,2026-01-02T04:31:00,CRITICAL,POLICY_VIOLATION,SIEM-SENSOR-BANK,AST-BANK-100,2026-01-02T04:34:00,2026-01-02T04:35:00,2026-01-02T04:39:00,BENIGN,False,,ANALYST_RAO,False,False,False,CLOSED,DEMO/SYNTHETIC - NOT REAL GOVERNMENT DATA
CSE-BANK-02,ALT-BANK-2026-02658,2026-Q1,2026-02-23T19:30:00,MEDIUM,DDOS_ATTACK,SIEM-SENSOR-BANK,AST-BANK-089,2026-02-23T19:39:00,2026-02-23T19:40:00,2026-02-23T19:41:00,BENIGN,False,,ANALYST_PATEL,False,False,False,CLOSED,DEMO/SYNTHETIC - NOT REAL GOVERNMENT DATA
CSE-BANK-02,ALT-BANK-2026-02659,2026-Q1,2026-01-14T08:22:00,CRITICAL,SCADA_COMMAND_ANOMALY,SIEM-SENSOR-BANK,AST-BANK-049,2026-01-14T08:24:00,2026-01-14T08:25:00,2026-01-14T08:26:00,BENIGN,False,,ANALYST_PATEL,False,False,False,CLOSED,DEMO/SYNTHETIC - NOT REAL GOVERNMENT DATA
CSE-BANK-02,ALT-BANK-2026-02660,2026-Q1,2026-02-25T16:57:00,MEDIUM,MALWARE,SIEM-SENSOR-BANK,AST-BANK-098,2026-02-25T17:14:00,2026-02-25T17:15:00,2026-02-25T17:18:00,BENIGN,False,,ANALYST_SHARMA,False,False,False,CLOSED,DEMO/SYNTHETIC - NOT REAL GOVERNMENT DATA
CSE-BANK-02,ALT-BANK-2026-02661,2026-Q1,2026-01-07T00:25:00,HIGH,BRUTE_FORCE,SIEM-SENSOR-BANK,AST-BANK-045,2026-01-07T00:43:00,2026-01-07T00:44:00,2026-01-07T00:47:00,BENIGN,False,,ANALYST_RAO,False,False,False,CLOSED,DEMO/SYNTHETIC - NOT REAL GOVERNMENT DATA
CSE-BANK-02,ALT-BANK-2026-02662,2026-Q1,2026-03-14T07:55:00,HIGH,MALWARE,SIEM-SENSOR-BANK,AST-BANK-111,2026-03-14T08:05:00,2026-03-14T08:06:00,2026-03-14T08:09:00,BENIGN,False,,ANALYST_VERMA,False,False,False,CLOSED,DEMO/SYNTHETIC - NOT REAL GOVERNMENT DATA
CSE-BANK-02,ALT-BANK-2026-02663,2026-Q1,2026-02-10T11:27:00,HIGH,RANSOMWARE,SIEM-SENSOR-BANK,AST-BANK-024,2026-02-10T11:32:00,2026-02-10T11:33:00,2026-02-10T11:36:00,BENIGN,False,,ANALYST_VERMA,False,False,False,CLOSED,DEMO/SYNTHETIC - NOT REAL GOVERNMENT DATA
CSE-BANK-02,ALT-BANK-2026-02664,2026-Q1,2026-03-10T19:19:00,CRITICAL,BRUTE_FORCE,SIEM-SENSOR-BANK,AST-BANK-025,2026-03-10T19:39:00,2026-03-10T19:40:00,2026-03-10T19:43:00,BENIGN,False,,ANALYST_PATEL,False,False,False,CLOSED,DEMO/SYNTHETIC - NOT REAL GOVERNMENT DATA
CSE-BANK-02,ALT-BANK-2026-02665,2026-Q1,2026-01-11T14:25:00,HIGH,RANSOMWARE,SIEM-SENSOR-BANK,AST-BANK-027,2026-01-11T14:34:00,2026-01-11T14:35:00,2026-01-11T14:36:00,BENIGN,False,,ANALYST_SHARMA,False,False,False,CLOSED,DEMO/SYNTHETIC - NOT REAL GOVERNMENT DATA
CSE-BANK-02,ALT-BANK-2026-02666,2026-Q1,2026-02-10T13:37:00,HIGH,UNAUTHORIZED_ACCESS,SIEM-SENSOR-BANK,AST-BANK-062,2026-02-10T13:50:00,2026-02-10T13:51:00,2026-02-10T13:55:00,BENIGN,False,,ANALYST_SHARMA,False,False,False,CLOSED,DEMO/SYNTHETIC - NOT REAL GOVERNMENT DATA
CSE-BANK-02,ALT-BANK-2026-02667,2026-Q1,2026-03-18T11:45:00,CRITICAL,DDOS_ATTACK,SIEM-SENSOR-BANK,AST-BANK-106,2026-03-18T12:00:00,2026-03-18T12:01:00,2026-03-18T12:02:00,BENIGN,False,,ANALYST_VERMA,False,False,False,CLOSED,DEMO/SYNTHETIC - NOT REAL GOVERNMENT DATA
CSE-BANK-02,ALT-BANK-2026-02668,2026-Q1,2026-01-09T04:33:00,MEDIUM,DATA_EXFILTRATION,SIEM-SENSOR-BANK,AST-BANK-006,2026-01-09T04:38:00,2026-01-09T04:39:00,2026-01-09T04:40:00,BENIGN,False,,ANALYST_PATEL,False,False,False,CLOSED,DEMO/SYNTHETIC - NOT REAL GOVERNMENT DATA
CSE-BANK-02,ALT-BANK-2026-02669,2026-Q1,2026-01-25T00:43:00,HIGH,RANSOMWARE,SIEM-SENSOR-BANK,AST-BANK-107,2026-01-25T00:49:00,2026-01-25T00:50:00,2026-01-25T00:51:00,BENIGN,False,,ANALYST_PATEL,False,False,False,CLOSED,DEMO/SYNTHETIC - NOT REAL GOVERNMENT DATA
CSE-BANK-02,ALT-BANK-2026-02670,2026-Q1,2026-02-05T10:08:00,HIGH,SCADA_COMMAND_ANOMALY,SIEM-SENSOR-BANK,AST-BANK-075,2026-02-05T10:28:00,2026-02-05T10:29:00,2026-02-05T10:33:00,BENIGN,False,,ANALYST_PATEL,False,False,False,CLOSED,DEMO/SYNTHETIC - NOT REAL GOVERNMENT DATA
CSE-BANK-02,ALT-BANK-2026-02671,2026-Q1,2026-01-18T16:36:00,LOW,RANSOMWARE,SIEM-SENSOR-BANK,AST-BANK-001,2026-01-18T16:55:00,2026-01-18T16:56:00,2026-01-18T16:59:00,BENIGN,False,,ANALYST_VERMA,False,False,False,CLOSED,DEMO/SYNTHETIC - NOT REAL GOVERNMENT DATA
CSE-BANK-02,ALT-BANK-2026-02672,2026-Q1,2026-01-19T02:32:00,HIGH,PRIVILEGE_ESCALATION,SIEM-SENSOR-BANK,AST-BANK-050,2026-01-19T02:51:00,2026-01-19T02:52:00,2026-01-19T02:54:00,BENIGN,False,,ANALYST_SHARMA,False,False,False,CLOSED,DEMO/SYNTHETIC - NOT REAL GOVERNMENT DATA
CSE-BANK-02,ALT-BANK-2026-02673,2026-Q1,2026-01-14T18:06:00,CRITICAL,DDOS_ATTACK,SIEM-SENSOR-BANK,AST-BANK-007,2026-01-14T18:25:00,2026-01-14T18:26:00,2026-01-14T18:29:00,BENIGN,False,,ANALYST_RAO,False,False,False,CLOSED,DEMO/SYNTHETIC - NOT REAL GOVERNMENT DATA
CSE-BANK-02,ALT-BANK-2026-02674,2026-Q1,2026-03-09T18:26:00,HIGH,SCADA_COMMAND_ANOMALY,SIEM-SENSOR-BANK,AST-BANK-009,2026-03-09T18:36:00,2026-03-09T18:37:00,2026-03-09T18:40:00,BENIGN,False,,ANALYST_PATEL,False,False,False,CLOSED,DEMO/SYNTHETIC - NOT REAL GOVERNMENT DATA
CSE-BANK-02,ALT-BANK-2026-02675,2026-Q1,2026-01-02T19:55:00,CRITICAL,DDOS_ATTACK,SIEM-SENSOR-BANK,AST-BANK-046,2026-01-02T20:11:00,2026-01-02T20:12:00,2026-01-02T20:13:00,BENIGN,False,,ANALYST_RAO,False,False,False,CLOSED,DEMO/SYNTHETIC - NOT REAL GOVERNMENT DATA
CSE-BANK-02,ALT-BANK-2026-02676,2026-Q1,2026-03-21T05:57:00,HIGH,UNAUTHORIZED_ACCESS,SIEM-SENSOR-BANK,AST-BANK-088,2026-03-21T06:07:00,2026-03-21T06:08:00,2026-03-21T06:12:00,BENIGN,False,,ANALYST_RAO,False,False,False,CLOSED,DEMO/SYNTHETIC - NOT REAL GOVERNMENT DATA
CSE-BANK-02,ALT-BANK-2026-02677,2026-Q1,2026-02-09T16:30:00,CRITICAL,DDOS_ATTACK,SIEM-SENSOR-BANK,AST-BANK-049,2026-02-09T16:39:00,2026-02-09T16:40:00,2026-02-09T16:41:00,BENIGN,False,,ANALYST_VERMA,False,False,False,CLOSED,DEMO/SYNTHETIC - NOT REAL GOVERNMENT DATA
CSE-BANK-02,ALT-BANK-2026-02678,2026-Q1,2026-01-07T11:25:00,LOW,DATA_EXFILTRATION,SIEM-SENSOR-BANK,AST-BANK-035,2026-01-07T11:30:00,2026-01-07T11:31:00,2026-01-07T11:34:00,BENIGN,False,,ANALYST_SINGH,False,False,False,CLOSED,DEMO/SYNTHETIC - NOT REAL GOVERNMENT DATA
CSE-BANK-02,ALT-BANK-2026-02679,2026-Q1,2026-01-13T04:53:00,MEDIUM,RANSOMWARE,SIEM-SENSOR-BANK,AST-BANK-118,2026-01-13T04:56:00,2026-01-13T04:57:00,2026-01-13T05:01:00,BENIGN,False,,ANALYST_RAO,False,False,False,CLOSED,DEMO/SYNTHETIC - NOT REAL GOVERNMENT DATA
CSE-BANK-02,ALT-BANK-2026-02680,2026-Q1,2026-02-17T12:27:00,MEDIUM,PRIVILEGE_ESCALATION,SIEM-SENSOR-BANK,AST-BANK-004,2026-02-17T12:29:00,2026-02-17T12:30:00,2026-02-17T12:33:00,BENIGN,False,,ANALYST_RAO,False,False,False,CLOSED,DEMO/SYNTHETIC - NOT REAL GOVERNMENT DATA
CSE-BANK-02,ALT-BANK-2026-02681,2026-Q1,2026-02-28T13:21:00,HIGH,RANSOMWARE,SIEM-SENSOR-BANK,AST-BANK-106,2026-02-28T13:41:00,2026-02-28T13:42:00,2026-02-28T13:44:00,BENIGN,False,,ANALYST_SINGH,False,False,False,CLOSED,DEMO/SYNTHETIC - NOT REAL GOVERNMENT DATA
CSE-BANK-02,ALT-BANK-2026-02682,2026-Q1,2026-03-16T03:59:00,HIGH,POLICY_VIOLATION,SIEM-SENSOR-BANK,AST-BANK-035,2026-03-16T04:15:00,2026-03-16T04:16:00,2026-03-16T04:18:00,BENIGN,False,,ANALYST_VERMA,False,False,False,CLOSED,DEMO/SYNTHETIC - NOT REAL GOVERNMENT DATA
CSE-BANK-02,ALT-BANK-2026-02683,2026-Q1,2026-03-14T18:02:00,MEDIUM,PRIVILEGE_ESCALATION,SIEM-SENSOR-BANK,AST-BANK-112,2026-03-14T18:06:00,2026-03-14T18:07:00,2026-03-14T18:11:00,BENIGN,False,,ANALYST_VERMA,False,False,False,CLOSED,DEMO/SYNTHETIC - NOT REAL GOVERNMENT DATA
CSE-BANK-02,ALT-BANK-2026-02684,2026-Q1,2026-01-03T18:07:00,CRITICAL,POLICY_VIOLATION,SIEM-SENSOR-BANK,AST-BANK-055,2026-01-03T18:24:00,2026-01-03T18:25:00,2026-01-03T18:26:00,BENIGN,False,,ANALYST_RAO,False,False,False,CLOSED,DEMO/SYNTHETIC - NOT REAL GOVERNMENT DATA
CSE-BANK-02,ALT-BANK-2026-02685,2026-Q1,2026-02-09T05:16:00,HIGH,RANSOMWARE,SIEM-SENSOR-BANK,AST-BANK-022,2026-02-09T05:21:00,2026-02-09T05:22:00,2026-02-09T05:23:00,BENIGN,False,,ANALYST_SHARMA,False,False,False,CLOSED,DEMO/SYNTHETIC - NOT REAL GOVERNMENT DATA
CSE-BANK-02,ALT-BANK-2026-02686,2026-Q1,2026-03-22T18:03:00,CRITICAL,DDOS_ATTACK,SIEM-SENSOR-BANK,AST-BANK-098,2026-03-22T18:12:00,2026-03-22T18:13:00,2026-03-22T18:17:00,BENIGN,False,,ANALYST_VERMA,False,False,False,CLOSED,DEMO/SYNTHETIC - NOT REAL GOVERNMENT DATA
CSE-BANK-02,ALT-BANK-2026-02687,2026-Q1,2026-02-27T06:40:00,LOW,BRUTE_FORCE,SIEM-SENSOR-BANK,AST-BANK-101,2026-02-27T06:49:00,2026-02-27T06:50:00,2026-02-27T06:51:00,BENIGN,False,,ANALYST_VERMA,False,False,False,CLOSED,DEMO/SYNTHETIC - NOT REAL GOVERNMENT DATA
CSE-BANK-02,ALT-BANK-2026-02688,2026-Q1,2026-03-10T07:06:00,LOW,PRIVILEGE_ESCALATION,SIEM-SENSOR-BANK,AST-BANK-021,2026-03-10T07:23:00,2026-03-10T07:24:00,2026-03-10T07:25:00,BENIGN,False,,ANALYST_VERMA,False,False,False,CLOSED,DEMO/SYNTHETIC - NOT REAL GOVERNMENT DATA
CSE-BANK-02,ALT-BANK-2026-02689,2026-Q1,2026-02-19T06:51:00,CRITICAL,MALWARE,SIEM-SENSOR-BANK,AST-BANK-066,2026-02-19T07:01:00,2026-02-19T07:02:00,2026-02-19T07:04:00,BENIGN,False,,ANALYST_SINGH,False,False,False,CLOSED,DEMO/SYNTHETIC - NOT REAL GOVERNMENT DATA
CSE-BANK-02,ALT-BANK-2026-02690,2026-Q1,2026-02-16T13:20:00,HIGH,SCADA_COMMAND_ANOMALY,SIEM-SENSOR-BANK,AST-BANK-051,2026-02-16T13:39:00,2026-02-16T13:40:00,2026-02-16T13:41:00,BENIGN,False,,ANALYST_SINGH,False,False,False,CLOSED,DEMO/SYNTHETIC - NOT REAL GOVERNMENT DATA
CSE-BANK-02,ALT-BANK-2026-02691,2026-Q1,2026-02-12T17:02:00,CRITICAL,PRIVILEGE_ESCALATION,SIEM-SENSOR-BANK,AST-BANK-117,2026-02-12T17:22:00,2026-02-12T17:23:00,2026-02-12T17:26:00,BENIGN,False,,ANALYST_PATEL,False,False,False,CLOSED,DEMO/SYNTHETIC - NOT REAL GOVERNMENT DATA
CSE-BANK-02,ALT-BANK-2026-02692,2026-Q1,2026-01-28T17:07:00,HIGH,PRIVILEGE_ESCALATION,SIEM-SENSOR-BANK,AST-BANK-111,2026-01-28T17:11:00,2026-01-28T17:12:00,2026-01-28T17:15:00,BENIGN,False,,ANALYST_SHARMA,False,False,False,CLOSED,DEMO/SYNTHETIC - NOT REAL GOVERNMENT DATA
CSE-BANK-02,ALT-BANK-2026-02693,2026-Q1,2026-02-04T07:43:00,HIGH,PRIVILEGE_ESCALATION,SIEM-SENSOR-BANK,AST-BANK-059,2026-02-04T07:48:00,2026-02-04T07:49:00,2026-02-04T07:50:00,BENIGN,False,,ANALYST_PATEL,False,False,False,CLOSED,DEMO/SYNTHETIC - NOT REAL GOVERNMENT DATA
CSE-BANK-02,ALT-BANK-2026-02694,2026-Q1,2026-03-03T14:39:00,LOW,DATA_EXFILTRATION,SIEM-SENSOR-BANK,AST-BANK-080,2026-03-03T14:50:00,2026-03-03T14:51:00,2026-03-03T14:52:00,BENIGN,False,,ANALYST_SHARMA,False,False,False,CLOSED,DEMO/SYNTHETIC - NOT REAL GOVERNMENT DATA
CSE-BANK-02,ALT-BANK-2026-02695,2026-Q1,2026-01-15T09:17:00,HIGH,BRUTE_FORCE,SIEM-SENSOR-BANK,AST-BANK-114,2026-01-15T09:29:00,2026-01-15T09:30:00,2026-01-15T09:33:00,BENIGN,False,,ANALYST_PATEL,False,False,False,CLOSED,DEMO/SYNTHETIC - NOT REAL GOVERNMENT DATA
CSE-BANK-02,ALT-BANK-2026-02696,2026-Q1,2026-01-15T14:05:00,CRITICAL,DDOS_ATTACK,SIEM-SENSOR-BANK,AST-BANK-118,2026-01-15T14:20:00,2026-01-15T14:21:00,2026-01-15T14:23:00,BENIGN,False,,ANALYST_RAO,False,False,False,CLOSED,DEMO/SYNTHETIC - NOT REAL GOVERNMENT DATA
CSE-BANK-02,ALT-BANK-2026-02697,2026-Q1,2026-02-20T12:27:00,HIGH,PRIVILEGE_ESCALATION,SIEM-SENSOR-BANK,AST-BANK-038,2026-02-20T12:39:00,2026-02-20T12:40:00,2026-02-20T12:42:00,BENIGN,False,,ANALYST_RAO,False,False,False,CLOSED,DEMO/SYNTHETIC - NOT REAL GOVERNMENT DATA
CSE-BANK-02,ALT-BANK-2026-02698,2026-Q1,2026-02-21T07:31:00,LOW,POLICY_VIOLATION,SIEM-SENSOR-BANK,AST-BANK-055,2026-02-21T07:44:00,2026-02-21T07:45:00,2026-02-21T07:48:00,BENIGN,False,,ANALYST_SINGH,False,False,False,CLOSED,DEMO/SYNTHETIC - NOT REAL GOVERNMENT DATA
CSE-BANK-02,ALT-BANK-2026-02699,2026-Q1,2026-01-06T05:42:00,CRITICAL,DATA_EXFILTRATION,SIEM-SENSOR-BANK,AST-BANK-119,2026-01-06T05:51:00,2026-01-06T05:52:00,2026-01-06T05:53:00,BENIGN,False,,ANALYST_VERMA,False,False,False,CLOSED,DEMO/SYNTHETIC - NOT REAL GOVERNMENT DATA
CSE-BANK-02,ALT-BANK-2026-02700,2026-Q1,2026-02-24T05:11:00,HIGH,DATA_EXFILTRATION,SIEM-SENSOR-BANK,AST-BANK-066,2026-02-24T05:16:00,2026-02-24T05:17:00,2026-02-24T05:21:00,BENIGN,False,,ANALYST_RAO,False,False,False,CLOSED,DEMO/SYNTHETIC - NOT REAL GOVERNMENT DATA
CSE-BANK-02,ALT-BANK-2026-02701,2026-Q1,2026-01-13T09:24:00,MEDIUM,SCADA_COMMAND_ANOMALY,SIEM-SENSOR-BANK,AST-BANK-067,2026-01-13T09:38:00,2026-01-13T09:39:00,2026-01-13T09:41:00,BENIGN,False,,ANALYST_VERMA,False,False,False,CLOSED,DEMO/SYNTHETIC - NOT REAL GOVERNMENT DATA
CSE-BANK-02,ALT-BANK-2026-02702,2026-Q1,2026-03-10T01:42:00,HIGH,RANSOMWARE,SIEM-SENSOR-BANK,AST-BANK-026,2026-03-10T01:55:00,2026-03-10T01:56:00,2026-03-10T01:57:00,BENIGN,False,,ANALYST_SHARMA,False,False,False,CLOSED,DEMO/SYNTHETIC - NOT REAL GOVERNMENT DATA
CSE-BANK-02,ALT-BANK-2026-02703,2026-Q1,2026-03-22T06:04:00,HIGH,RANSOMWARE,SIEM-SENSOR-BANK,AST-BANK-045,2026-03-22T06:09:00,2026-03-22T06:10:00,2026-03-22T06:11:00,BENIGN,False,,ANALYST_SINGH,False,False,False,CLOSED,DEMO/SYNTHETIC - NOT REAL GOVERNMENT DATA
CSE-BANK-02,ALT-BANK-2026-02704,2026-Q1,2026-02-26T00:10:00,HIGH,DATA_EXFILTRATION,SIEM-SENSOR-BANK,AST-BANK-061,2026-02-26T00:21:00,2026-02-26T00:22:00,2026-02-26T00:25:00,BENIGN,False,,ANALYST_VERMA,False,False,False,CLOSED,DEMO/SYNTHETIC - NOT REAL GOVERNMENT DATA
CSE-BANK-02,ALT-BANK-2026-02705,2026-Q1,2026-02-28T18:50:00,CRITICAL,MALWARE,SIEM-SENSOR-BANK,AST-BANK-096,2026-02-28T18:59:00,2026-02-28T19:00:00,2026-02-28T19:01:00,BENIGN,False,,ANALYST_VERMA,False,False,False,CLOSED,DEMO/SYNTHETIC - NOT REAL GOVERNMENT DATA
CSE-BANK-02,ALT-BANK-2026-02706,2026-Q1,2026-03-03T12:04:00,HIGH,DDOS_ATTACK,SIEM-SENSOR-BANK,AST-BANK-072,2026-03-03T12:11:00,2026-03-03T12:12:00,2026-03-03T12:15:00,BENIGN,False,,ANALYST_VERMA,False,False,False,CLOSED,DEMO/SYNTHETIC - NOT REAL GOVERNMENT DATA
CSE-BANK-02,ALT-BANK-2026-02707,2026-Q1,2026-03-08T17:21:00,HIGH,SCADA_COMMAND_ANOMALY,SIEM-SENSOR-BANK,AST-BANK-120,2026-03-08T17:29:00,2026-03-08T17:30:00,2026-03-08T17:31:00,BENIGN,False,,ANALYST_RAO,False,False,False,CLOSED,DEMO/SYNTHETIC - NOT REAL GOVERNMENT DATA
CSE-BANK-02,ALT-BANK-2026-02708,2026-Q1,2026-01-28T20:45:00,MEDIUM,POLICY_VIOLATION,SIEM-SENSOR-BANK,AST-BANK-039,2026-01-28T21:03:00,2026-01-28T21:04:00,2026-01-28T21:08:00,BENIGN,False,,ANALYST_SHARMA,False,False,False,CLOSED,DEMO/SYNTHETIC - NOT REAL GOVERNMENT DATA
CSE-BANK-02,ALT-BANK-2026-02709,2026-Q1,2026-02-05T00:55:00,HIGH,POLICY_VIOLATION,SIEM-SENSOR-BANK,AST-BANK-020,2026-02-05T01:10:00,2026-02-05T01:11:00,2026-02-05T01:12:00,BENIGN,False,,ANALYST_PATEL,False,False,False,CLOSED,DEMO/SYNTHETIC - NOT REAL GOVERNMENT DATA
CSE-BANK-02,ALT-BANK-2026-02710,2026-Q1,2026-03-04T11:26:00,HIGH,POLICY_VIOLATION,SIEM-SENSOR-BANK,AST-BANK-076,2026-03-04T11:29:00,2026-03-04T11:30:00,2026-03-04T11:34:00,BENIGN,False,,ANALYST_PATEL,False,False,False,CLOSED,DEMO/SYNTHETIC - NOT REAL GOVERNMENT DATA
CSE-BANK-02,ALT-BANK-2026-02711,2026-Q1,2026-01-16T16:57:00,CRITICAL,DATA_EXFILTRATION,SIEM-SENSOR-BANK,AST-BANK-034,2026-01-16T17:09:00,2026-01-16T17:10:00,2026-01-16T17:11:00,BENIGN,False,,ANALYST_VERMA,False,False,False,CLOSED,DEMO/SYNTHETIC - NOT REAL GOVERNMENT DATA
CSE-BANK-02,ALT-BANK-2026-02712,2026-Q1,2026-01-12T16:02:00,HIGH,DATA_EXFILTRATION,SIEM-SENSOR-BANK,AST-BANK-043,2026-01-12T16:06:00,2026-01-12T16:07:00,2026-01-12T16:09:00,BENIGN,False,,ANALYST_RAO,False,False,False,CLOSED,DEMO/SYNTHETIC - NOT REAL GOVERNMENT DATA
CSE-BANK-02,ALT-BANK-2026-02713,2026-Q1,2026-02-07T03:23:00,LOW,SCADA_COMMAND_ANOMALY,SIEM-SENSOR-BANK,AST-BANK-056,2026-02-07T03:34:00,2026-02-07T03:35:00,2026-02-07T03:38:00,BENIGN,False,,ANALYST_VERMA,False,False,False,CLOSED,DEMO/SYNTHETIC - NOT REAL GOVERNMENT DATA
CSE-BANK-02,ALT-BANK-2026-02714,2026-Q1,2026-02-24T02:42:00,HIGH,DDOS_ATTACK,SIEM-SENSOR-BANK,AST-BANK-033,2026-02-24T02:47:00,2026-02-24T02:48:00,2026-02-24T02:51:00,BENIGN,False,,ANALYST_PATEL,False,False,False,CLOSED,DEMO/SYNTHETIC - NOT REAL GOVERNMENT DATA
CSE-BANK-02,ALT-BANK-2026-02715,2026-Q1,2026-02-09T10:13:00,LOW,POLICY_VIOLATION,SIEM-SENSOR-BANK,AST-BANK-089,2026-02-09T10:20:00,2026-02-09T10:21:00,2026-02-09T10:22:00,BENIGN,False,,ANALYST_RAO,False,False,False,CLOSED,DEMO/SYNTHETIC - NOT REAL GOVERNMENT DATA
CSE-BANK-02,ALT-BANK-2026-02716,2026-Q1,2026-02-16T12:39:00,CRITICAL,DDOS_ATTACK,SIEM-SENSOR-BANK,AST-BANK-087,2026-02-16T12:53:00,2026-02-16T12:54:00,2026-02-16T12:57:00,BENIGN,False,,ANALYST_SHARMA,False,False,False,CLOSED,DEMO/SYNTHETIC - NOT REAL GOVERNMENT DATA
CSE-BANK-02,ALT-BANK-2026-02717,2026-Q1,2026-01-10T11:56:00,HIGH,RANSOMWARE,SIEM-SENSOR-BANK,AST-BANK-061,2026-01-10T12:14:00,2026-01-10T12:15:00,2026-01-10T12:18:00,BENIGN,False,,ANALYST_SINGH,False,False,False,CLOSED,DEMO/SYNTHETIC - NOT REAL GOVERNMENT DATA
CSE-BANK-02,ALT-BANK-2026-02718,2026-Q1,2026-01-01T23:39:00,CRITICAL,DATA_EXFILTRATION,SIEM-SENSOR-BANK,AST-BANK-010,2026-01-01T23:57:00,2026-01-01T23:58:00,2026-01-01T23:59:00,BENIGN,False,,ANALYST_SINGH,False,False,False,CLOSED,DEMO/SYNTHETIC - NOT REAL GOVERNMENT DATA
CSE-BANK-02,ALT-BANK-2026-02719,2026-Q1,2026-01-02T19:00:00,HIGH,PRIVILEGE_ESCALATION,SIEM-SENSOR-BANK,AST-BANK-062,2026-01-02T19:11:00,2026-01-02T19:12:00,2026-01-02T19:15:00,BENIGN,False,,ANALYST_SHARMA,False,False,False,CLOSED,DEMO/SYNTHETIC - NOT REAL GOVERNMENT DATA
CSE-BANK-02,ALT-BANK-2026-02720,2026-Q1,2026-01-14T09:37:00,HIGH,DATA_EXFILTRATION,SIEM-SENSOR-BANK,AST-BANK-075,2026-01-14T09:49:00,2026-01-14T09:50:00,2026-01-14T09:52:00,BENIGN,False,,ANALYST_RAO,False,False,False,CLOSED,DEMO/SYNTHETIC - NOT REAL GOVERNMENT DATA
CSE-BANK-02,ALT-BANK-2026-02721,2026-Q1,2026-03-11T15:54:00,CRITICAL,SCADA_COMMAND_ANOMALY,SIEM-SENSOR-BANK,AST-BANK-005,2026-03-11T16:01:00,2026-03-11T16:02:00,2026-03-11T16:06:00,BENIGN,False,,ANALYST_SINGH,False,False,False,CLOSED,DEMO/SYNTHETIC - NOT REAL GOVERNMENT DATA
CSE-BANK-02,ALT-BANK-2026-02722,2026-Q1,2026-02-24T23:04:00,MEDIUM,SCADA_COMMAND_ANOMALY,SIEM-SENSOR-BANK,AST-BANK-007,2026-02-24T23:14:00,2026-02-24T23:15:00,2026-02-24T23:17:00,BENIGN,False,,ANALYST_PATEL,False,False,False,CLOSED,DEMO/SYNTHETIC - NOT REAL GOVERNMENT DATA
CSE-BANK-02,ALT-BANK-2026-02723,2026-Q1,2026-03-08T02:24:00,MEDIUM,DATA_EXFILTRATION,SIEM-SENSOR-BANK,AST-BANK-068,2026-03-08T02:40:00,2026-03-08T02:41:00,2026-03-08T02:43:00,BENIGN,False,,ANALYST_VERMA,False,False,False,CLOSED,DEMO/SYNTHETIC - NOT REAL GOVERNMENT DATA
CSE-BANK-02,ALT-BANK-2026-02724,2026-Q1,2026-01-03T19:38:00,CRITICAL,UNAUTHORIZED_ACCESS,SIEM-SENSOR-BANK,AST-BANK-101,2026-01-03T19:52:00,2026-01-03T19:53:00,2026-01-03T19:56:00,BENIGN,False,,ANALYST_RAO,False,False,False,CLOSED,DEMO/SYNTHETIC - NOT REAL GOVERNMENT DATA
CSE-BANK-02,ALT-BANK-2026-02725,2026-Q1,2026-02-02T10:00:00,CRITICAL,UNAUTHORIZED_ACCESS,SIEM-SENSOR-BANK,AST-BANK-049,2026-02-02T10:10:00,2026-02-02T10:11:00,2026-02-02T10:14:00,BENIGN,False,,ANALYST_SHARMA,False,False,False,CLOSED,DEMO/SYNTHETIC - NOT REAL GOVERNMENT DATA
CSE-BANK-02,ALT-BANK-2026-02726,2026-Q1,2026-01-16T21:39:00,HIGH,SCADA_COMMAND_ANOMALY,SIEM-SENSOR-BANK,AST-BANK-011,2026-01-16T21:56:00,2026-01-16T21:57:00,2026-01-16T21:59:00,BENIGN,False,,ANALYST_PATEL,False,False,False,CLOSED,DEMO/SYNTHETIC - NOT REAL GOVERNMENT DATA
CSE-BANK-02,ALT-BANK-2026-02727,2026-Q1,2026-01-28T01:01:00,CRITICAL,DDOS_ATTACK,SIEM-SENSOR-BANK,AST-BANK-031,2026-01-28T01:17:00,2026-01-28T01:18:00,2026-01-28T01:20:00,BENIGN,False,,ANALYST_VERMA,False,False,False,CLOSED,DEMO/SYNTHETIC - NOT REAL GOVERNMENT DATA
CSE-BANK-02,ALT-BANK-2026-02728,2026-Q1,2026-01-22T06:50:00,HIGH,DDOS_ATTACK,SIEM-SENSOR-BANK,AST-BANK-079,2026-01-22T06:53:00,2026-01-22T06:54:00,2026-01-22T06:57:00,BENIGN,False,,ANALYST_RAO,False,False,False,CLOSED,DEMO/SYNTHETIC - NOT REAL GOVERNMENT DATA
CSE-BANK-02,ALT-BANK-2026-02729,2026-Q1,2026-01-27T04:58:00,HIGH,UNAUTHORIZED_ACCESS,SIEM-SENSOR-BANK,AST-BANK-043,2026-01-27T05:01:00,2026-01-27T05:02:00,2026-01-27T05:05:00,BENIGN,False,,ANALYST_PATEL,False,False,False,CLOSED,DEMO/SYNTHETIC - NOT REAL GOVERNMENT DATA
CSE-BANK-02,ALT-BANK-2026-02730,2026-Q1,2026-03-01T07:22:00,CRITICAL,MALWARE,SIEM-SENSOR-BANK,AST-BANK-022,2026-03-01T07:35:00,2026-03-01T07:36:00,2026-03-01T07:39:00,BENIGN,False,,ANALYST_SINGH,False,False,False,CLOSED,DEMO/SYNTHETIC - NOT REAL GOVERNMENT DATA
CSE-BANK-02,ALT-BANK-2026-02731,2026-Q1,2026-03-17T06:03:00,LOW,PRIVILEGE_ESCALATION,SIEM-SENSOR-BANK,AST-BANK-111,2026-03-17T06:23:00,2026-03-17T06:24:00,2026-03-17T06:28:00,BENIGN,False,,ANALYST_VERMA,False,False,False,CLOSED,DEMO/SYNTHETIC - NOT REAL GOVERNMENT DATA
CSE-BANK-02,ALT-BANK-2026-02732,2026-Q1,2026-02-09T11:06:00,CRITICAL,PRIVILEGE_ESCALATION,SIEM-SENSOR-BANK,AST-BANK-104,2026-02-09T11:26:00,2026-02-09T11:27:00,2026-02-09T11:31:00,BENIGN,False,,ANALYST_PATEL,False,False,False,CLOSED,DEMO/SYNTHETIC - NOT REAL GOVERNMENT DATA
CSE-BANK-02,ALT-BANK-2026-02733,2026-Q1,2026-02-07T04:26:00,CRITICAL,DDOS_ATTACK,SIEM-SENSOR-BANK,AST-BANK-106,2026-02-07T04:28:00,2026-02-07T04:29:00,2026-02-07T04:33:00,BENIGN,False,,ANALYST_SHARMA,False,False,False,CLOSED,DEMO/SYNTHETIC - NOT REAL GOVERNMENT DATA
CSE-BANK-02,ALT-BANK-2026-02734,2026-Q1,2026-01-21T14:16:00,MEDIUM,PRIVILEGE_ESCALATION,SIEM-SENSOR-BANK,AST-BANK-012,2026-01-21T14:25:00,2026-01-21T14:26:00,2026-01-21T14:27:00,BENIGN,False,,ANALYST_RAO,False,False,False,CLOSED,DEMO/SYNTHETIC - NOT REAL GOVERNMENT DATA
CSE-BANK-02,ALT-BANK-2026-02735,2026-Q1,2026-02-19T09:05:00,MEDIUM,BRUTE_FORCE,SIEM-SENSOR-BANK,AST-BANK-090,2026-02-19T09:20:00,2026-02-19T09:21:00,2026-02-19T09:24:00,BENIGN,False,,ANALYST_VERMA,False,False,False,CLOSED,DEMO/SYNTHETIC - NOT REAL GOVERNMENT DATA
CSE-BANK-02,ALT-BANK-2026-02736,2026-Q1,2026-01-07T20:48:00,CRITICAL,PRIVILEGE_ESCALATION,SIEM-SENSOR-BANK,AST-BANK-119,2026-01-07T20:55:00,2026-01-07T20:56:00,2026-01-07T21:00:00,BENIGN,False,,ANALYST_RAO,False,False,False,CLOSED,DEMO/SYNTHETIC - NOT REAL GOVERNMENT DATA
CSE-BANK-02,ALT-BANK-2026-02737,2026-Q1,2026-01-06T01:26:00,CRITICAL,MALWARE,SIEM-SENSOR-BANK,AST-BANK-022,2026-01-06T01:44:00,2026-01-06T01:45:00,2026-01-06T01:48:00,BENIGN,False,,ANALYST_VERMA,False,False,False,CLOSED,DEMO/SYNTHETIC - NOT REAL GOVERNMENT DATA
CSE-BANK-02,ALT-BANK-2026-02738,2026-Q1,2026-01-27T11:54:00,HIGH,RANSOMWARE,SIEM-SENSOR-BANK,AST-BANK-069,2026-01-27T12:06:00,2026-01-27T12:07:00,2026-01-27T12:10:00,BENIGN,False,,ANALYST_PATEL,False,False,False,CLOSED,DEMO/SYNTHETIC - NOT REAL GOVERNMENT DATA
CSE-BANK-02,ALT-BANK-2026-02739,2026-Q1,2026-02-17T17:36:00,CRITICAL,PRIVILEGE_ESCALATION,SIEM-SENSOR-BANK,AST-BANK-009,2026-02-17T17:46:00,2026-02-17T17:47:00,2026-02-17T17:51:00,BENIGN,False,,ANALYST_SINGH,False,False,False,CLOSED,DEMO/SYNTHETIC - NOT REAL GOVERNMENT DATA
CSE-BANK-02,ALT-BANK-2026-02740,2026-Q1,2026-02-11T05:38:00,CRITICAL,POLICY_VIOLATION,SIEM-SENSOR-BANK,AST-BANK-059,2026-02-11T05:52:00,2026-02-11T05:53:00,2026-02-11T05:56:00,BENIGN,False,,ANALYST_RAO,False,False,False,CLOSED,DEMO/SYNTHETIC - NOT REAL GOVERNMENT DATA
CSE-BANK-02,ALT-BANK-2026-02741,2026-Q1,2026-02-10T03:10:00,HIGH,SCADA_COMMAND_ANOMALY,SIEM-SENSOR-BANK,AST-BANK-087,2026-02-10T03:22:00,2026-02-10T03:23:00,2026-02-10T03:27:00,BENIGN,False,,ANALYST_PATEL,False,False,False,CLOSED,DEMO/SYNTHETIC - NOT REAL GOVERNMENT DATA
CSE-BANK-02,ALT-BANK-2026-02742,2026-Q1,2026-01-26T17:12:00,HIGH,DDOS_ATTACK,SIEM-SENSOR-BANK,AST-BANK-055,2026-01-26T17:28:00,2026-01-26T17:29:00,2026-01-26T17:30:00,BENIGN,False,,ANALYST_RAO,False,False,False,CLOSED,DEMO/SYNTHETIC - NOT REAL GOVERNMENT DATA
CSE-BANK-02,ALT-BANK-2026-02743,2026-Q1,2026-01-27T02:47:00,CRITICAL,MALWARE,SIEM-SENSOR-BANK,AST-BANK-017,2026-01-27T02:56:00,2026-01-27T02:57:00,2026-01-27T02:59:00,BENIGN,False,,ANALYST_SHARMA,False,False,False,CLOSED,DEMO/SYNTHETIC - NOT REAL GOVERNMENT DATA
CSE-BANK-02,ALT-BANK-2026-02744,2026-Q1,2026-03-08T15:22:00,MEDIUM,DATA_EXFILTRATION,SIEM-SENSOR-BANK,AST-BANK-023,2026-03-08T15:33:00,2026-03-08T15:34:00,2026-03-08T15:37:00,BENIGN,False,,ANALYST_SHARMA,False,False,False,CLOSED,DEMO/SYNTHETIC - NOT REAL GOVERNMENT DATA
CSE-BANK-02,ALT-BANK-2026-02745,2026-Q1,2026-01-28T10:18:00,HIGH,PRIVILEGE_ESCALATION,SIEM-SENSOR-BANK,AST-BANK-097,2026-01-28T10:29:00,2026-01-28T10:30:00,2026-01-28T10:32:00,BENIGN,False,,ANALYST_SINGH,False,False,False,CLOSED,DEMO/SYNTHETIC - NOT REAL GOVERNMENT DATA
CSE-BANK-02,ALT-BANK-2026-02746,2026-Q1,2026-03-21T13:56:00,HIGH,RANSOMWARE,SIEM-SENSOR-BANK,AST-BANK-072,2026-03-21T14:09:00,2026-03-21T14:10:00,2026-03-21T14:12:00,BENIGN,False,,ANALYST_VERMA,False,False,False,CLOSED,DEMO/SYNTHETIC - NOT REAL GOVERNMENT DATA
CSE-BANK-02,ALT-BANK-2026-02747,2026-Q1,2026-02-17T09:13:00,CRITICAL,RANSOMWARE,SIEM-SENSOR-BANK,AST-BANK-044,2026-02-17T09:25:00,2026-02-17T09:26:00,2026-02-17T09:28:00,BENIGN,False,,ANALYST_VERMA,False,False,False,CLOSED,DEMO/SYNTHETIC - NOT REAL GOVERNMENT DATA
CSE-BANK-02,ALT-BANK-2026-02748,2026-Q1,2026-01-09T11:04:00,HIGH,DATA_EXFILTRATION,SIEM-SENSOR-BANK,AST-BANK-102,2026-01-09T11:19:00,2026-01-09T11:20:00,2026-01-09T11:21:00,BENIGN,False,,ANALYST_SINGH,False,False,False,CLOSED,DEMO/SYNTHETIC - NOT REAL GOVERNMENT DATA
CSE-BANK-02,ALT-BANK-2026-02749,2026-Q1,2026-02-25T17:46:00,HIGH,MALWARE,SIEM-SENSOR-BANK,AST-BANK-096,2026-02-25T18:03:00,2026-02-25T18:04:00,2026-02-25T18:05:00,BENIGN,False,,ANALYST_RAO,False,False,False,CLOSED,DEMO/SYNTHETIC - NOT REAL GOVERNMENT DATA
CSE-BANK-02,ALT-BANK-2026-02750,2026-Q1,2026-02-15T15:49:00,HIGH,BRUTE_FORCE,SIEM-SENSOR-BANK,AST-BANK-003,2026-02-15T15:52:00,2026-02-15T15:53:00,2026-02-15T15:54:00,BENIGN,False,,ANALYST_PATEL,False,False,False,CLOSED,DEMO/SYNTHETIC - NOT REAL GOVERNMENT DATA
CSE-BANK-02,ALT-BANK-2026-02751,2026-Q1,2026-01-05T06:52:00,CRITICAL,MALWARE,SIEM-SENSOR-BANK,AST-BANK-114,2026-01-05T06:58:00,2026-01-05T06:59:00,2026-01-05T07:01:00,BENIGN,False,,ANALYST_SHARMA,False,False,False,CLOSED,DEMO/SYNTHETIC - NOT REAL GOVERNMENT DATA
CSE-BANK-02,ALT-BANK-2026-02752,2026-Q1,2026-03-16T10:23:00,CRITICAL,BRUTE_FORCE,SIEM-SENSOR-BANK,AST-BANK-111,2026-03-16T10:41:00,2026-03-16T10:42:00,2026-03-16T10:44:00,BENIGN,False,,ANALYST_SINGH,False,False,False,CLOSED,DEMO/SYNTHETIC - NOT REAL GOVERNMENT DATA
CSE-BANK-02,ALT-BANK-2026-02753,2026-Q1,2026-01-18T06:09:00,HIGH,DATA_EXFILTRATION,SIEM-SENSOR-BANK,AST-BANK-013,2026-01-18T06:15:00,2026-01-18T06:16:00,2026-01-18T06:18:00,BENIGN,False,,ANALYST_RAO,False,False,False,CLOSED,DEMO/SYNTHETIC - NOT REAL GOVERNMENT DATA
CSE-BANK-02,ALT-BANK-2026-02754,2026-Q1,2026-02-22T07:40:00,CRITICAL,MALWARE,SIEM-SENSOR-BANK,AST-BANK-015,2026-02-22T07:50:00,2026-02-22T07:51:00,2026-02-22T07:54:00,BENIGN,False,,ANALYST_RAO,False,False,False,CLOSED,DEMO/SYNTHETIC - NOT REAL GOVERNMENT DATA
CSE-BANK-02,ALT-BANK-2026-02755,2026-Q1,2026-01-26T15:06:00,HIGH,UNAUTHORIZED_ACCESS,SIEM-SENSOR-BANK,AST-BANK-035,2026-01-26T15:11:00,2026-01-26T15:12:00,2026-01-26T15:16:00,BENIGN,False,,ANALYST_RAO,False,False,False,CLOSED,DEMO/SYNTHETIC - NOT REAL GOVERNMENT DATA
CSE-BANK-02,ALT-BANK-2026-02756,2026-Q1,2026-03-04T17:55:00,HIGH,SCADA_COMMAND_ANOMALY,SIEM-SENSOR-BANK,AST-BANK-065,2026-03-04T17:59:00,2026-03-04T18:00:00,2026-03-04T18:01:00,BENIGN,False,,ANALYST_SHARMA,False,False,False,CLOSED,DEMO/SYNTHETIC - NOT REAL GOVERNMENT DATA
CSE-BANK-02,ALT-BANK-2026-02757,2026-Q1,2026-02-15T19:06:00,CRITICAL,DDOS_ATTACK,SIEM-SENSOR-BANK,AST-BANK-069,2026-02-15T19:13:00,2026-02-15T19:14:00,2026-02-15T19:16:00,BENIGN,False,,ANALYST_RAO,False,False,False,CLOSED,DEMO/SYNTHETIC - NOT REAL GOVERNMENT DATA
CSE-BANK-02,ALT-BANK-2026-02758,2026-Q1,2026-01-23T22:43:00,HIGH,PRIVILEGE_ESCALATION,SIEM-SENSOR-BANK,AST-BANK-046,2026-01-23T22:58:00,2026-01-23T22:59:00,2026-01-23T23:00:00,BENIGN,False,,ANALYST_RAO,False,False,False,CLOSED,DEMO/SYNTHETIC - NOT REAL GOVERNMENT DATA
CSE-BANK-02,ALT-BANK-2026-02759,2026-Q1,2026-01-27T06:45:00,HIGH,RANSOMWARE,SIEM-SENSOR-BANK,AST-BANK-012,2026-01-27T06:57:00,2026-01-27T06:58:00,2026-01-27T07:02:00,BENIGN,False,,ANALYST_SHARMA,False,False,False,CLOSED,DEMO/SYNTHETIC - NOT REAL GOVERNMENT DATA
CSE-BANK-02,ALT-BANK-2026-02760,2026-Q1,2026-01-11T18:29:00,CRITICAL,RANSOMWARE,SIEM-SENSOR-BANK,AST-BANK-091,2026-01-11T18:34:00,2026-01-11T18:35:00,2026-01-11T18:38:00,BENIGN,False,,ANALYST_PATEL,False,False,False,CLOSED,DEMO/SYNTHETIC - NOT REAL GOVERNMENT DATA
CSE-BANK-02,ALT-BANK-2026-02761,2026-Q1,2026-02-07T10:21:00,CRITICAL,SCADA_COMMAND_ANOMALY,SIEM-SENSOR-BANK,AST-BANK-094,2026-02-07T10:36:00,2026-02-07T10:37:00,2026-02-07T10:39:00,BENIGN,False,,ANALYST_SINGH,False,False,False,CLOSED,DEMO/SYNTHETIC - NOT REAL GOVERNMENT DATA
CSE-BANK-02,ALT-BANK-2026-02762,2026-Q1,2026-03-22T12:00:00,MEDIUM,RANSOMWARE,SIEM-SENSOR-BANK,AST-BANK-043,2026-03-22T12:11:00,2026-03-22T12:12:00,2026-03-22T12:13:00,BENIGN,False,,ANALYST_SINGH,False,False,False,CLOSED,DEMO/SYNTHETIC - NOT REAL GOVERNMENT DATA
CSE-BANK-02,ALT-BANK-2026-02763,2026-Q1,2026-03-16T07:00:00,HIGH,SCADA_COMMAND_ANOMALY,SIEM-SENSOR-BANK,AST-BANK-056,2026-03-16T07:04:00,2026-03-16T07:05:00,2026-03-16T07:08:00,BENIGN,False,,ANALYST_PATEL,False,False,False,CLOSED,DEMO/SYNTHETIC - NOT REAL GOVERNMENT DATA
CSE-BANK-02,ALT-BANK-2026-02764,2026-Q1,2026-01-02T15:44:00,HIGH,POLICY_VIOLATION,SIEM-SENSOR-BANK,AST-BANK-073,2026-01-02T16:04:00,2026-01-02T16:05:00,2026-01-02T16:07:00,BENIGN,False,,ANALYST_SINGH,False,False,False,CLOSED,DEMO/SYNTHETIC - NOT REAL GOVERNMENT DATA
CSE-BANK-02,ALT-BANK-2026-02765,2026-Q1,2026-03-09T03:36:00,LOW,BRUTE_FORCE,SIEM-SENSOR-BANK,AST-BANK-114,2026-03-09T03:47:00,2026-03-09T03:48:00,2026-03-09T03:52:00,BENIGN,False,,ANALYST_PATEL,False,False,False,CLOSED,DEMO/SYNTHETIC - NOT REAL GOVERNMENT DATA
CSE-BANK-02,ALT-BANK-2026-02766,2026-Q1,2026-01-16T05:15:00,LOW,BRUTE_FORCE,SIEM-SENSOR-BANK,AST-BANK-077,2026-01-16T05:18:00,2026-01-16T05:19:00,2026-01-16T05:21:00,BENIGN,False,,ANALYST_SHARMA,False,False,False,CLOSED,DEMO/SYNTHETIC - NOT REAL GOVERNMENT DATA
CSE-BANK-02,ALT-BANK-2026-02767,2026-Q1,2026-02-16T10:07:00,HIGH,PRIVILEGE_ESCALATION,SIEM-SENSOR-BANK,AST-BANK-067,2026-02-16T10:15:00,2026-02-16T10:16:00,2026-02-16T10:20:00,BENIGN,False,,ANALYST_SINGH,False,False,False,CLOSED,DEMO/SYNTHETIC - NOT REAL GOVERNMENT DATA
CSE-BANK-02,ALT-BANK-2026-02768,2026-Q1,2026-01-27T10:13:00,CRITICAL,POLICY_VIOLATION,SIEM-SENSOR-BANK,AST-BANK-005,2026-01-27T10:31:00,2026-01-27T10:32:00,2026-01-27T10:36:00,BENIGN,False,,ANALYST_VERMA,False,False,False,CLOSED,DEMO/SYNTHETIC - NOT REAL GOVERNMENT DATA
CSE-BANK-02,ALT-BANK-2026-02769,2026-Q1,2026-02-22T13:32:00,HIGH,SCADA_COMMAND_ANOMALY,SIEM-SENSOR-BANK,AST-BANK-048,2026-02-22T13:42:00,2026-02-22T13:43:00,2026-02-22T13:45:00,BENIGN,False,,ANALYST_PATEL,False,False,False,CLOSED,DEMO/SYNTHETIC - NOT REAL GOVERNMENT DATA
CSE-BANK-02,ALT-BANK-2026-02770,2026-Q1,2026-01-09T02:24:00,CRITICAL,BRUTE_FORCE,SIEM-SENSOR-BANK,AST-BANK-008,2026-01-09T02:37:00,2026-01-09T02:38:00,2026-01-09T02:39:00,BENIGN,False,,ANALYST_SINGH,False,False,False,CLOSED,DEMO/SYNTHETIC - NOT REAL GOVERNMENT DATA
CSE-BANK-02,ALT-BANK-2026-02771,2026-Q1,2026-02-09T22:39:00,CRITICAL,POLICY_VIOLATION,SIEM-SENSOR-BANK,AST-BANK-027,2026-02-09T22:53:00,2026-02-09T22:54:00,2026-02-09T22:57:00,BENIGN,False,,ANALYST_PATEL,False,False,False,CLOSED,DEMO/SYNTHETIC - NOT REAL GOVERNMENT DATA
CSE-BANK-02,ALT-BANK-2026-02772,2026-Q1,2026-02-07T23:12:00,CRITICAL,PRIVILEGE_ESCALATION,SIEM-SENSOR-BANK,AST-BANK-046,2026-02-07T23:29:00,2026-02-07T23:30:00,2026-02-07T23:31:00,BENIGN,False,,ANALYST_SINGH,False,False,False,CLOSED,DEMO/SYNTHETIC - NOT REAL GOVERNMENT DATA
CSE-BANK-02,ALT-BANK-2026-02773,2026-Q1,2026-01-06T06:43:00,CRITICAL,MALWARE,SIEM-SENSOR-BANK,AST-BANK-060,2026-01-06T07:03:00,2026-01-06T07:04:00,2026-01-06T07:08:00,BENIGN,False,,ANALYST_RAO,False,False,False,CLOSED,DEMO/SYNTHETIC - NOT REAL GOVERNMENT DATA
CSE-BANK-02,ALT-BANK-2026-02774,2026-Q1,2026-01-06T17:58:00,HIGH,PRIVILEGE_ESCALATION,SIEM-SENSOR-BANK,AST-BANK-071,2026-01-06T18:14:00,2026-01-06T18:15:00,2026-01-06T18:17:00,BENIGN,False,,ANALYST_SINGH,False,False,False,CLOSED,DEMO/SYNTHETIC - NOT REAL GOVERNMENT DATA
CSE-BANK-02,ALT-BANK-2026-02775,2026-Q1,2026-02-12T16:19:00,CRITICAL,MALWARE,SIEM-SENSOR-BANK,AST-BANK-025,2026-02-12T16:29:00,2026-02-12T16:30:00,2026-02-12T16:33:00,BENIGN,False,,ANALYST_SHARMA,False,False,False,CLOSED,DEMO/SYNTHETIC - NOT REAL GOVERNMENT DATA
CSE-BANK-02,ALT-BANK-2026-02776,2026-Q1,2026-02-12T05:47:00,CRITICAL,PRIVILEGE_ESCALATION,SIEM-SENSOR-BANK,AST-BANK-091,2026-02-12T06:02:00,2026-02-12T06:03:00,2026-02-12T06:04:00,BENIGN,False,,ANALYST_PATEL,False,False,False,CLOSED,DEMO/SYNTHETIC - NOT REAL GOVERNMENT DATA
CSE-BANK-02,ALT-BANK-2026-02777,2026-Q1,2026-02-24T04:41:00,LOW,UNAUTHORIZED_ACCESS,SIEM-SENSOR-BANK,AST-BANK-097,2026-02-24T04:59:00,2026-02-24T05:00:00,2026-02-24T05:01:00,BENIGN,False,,ANALYST_PATEL,False,False,False,CLOSED,DEMO/SYNTHETIC - NOT REAL GOVERNMENT DATA
CSE-BANK-02,ALT-BANK-2026-02778,2026-Q1,2026-02-04T01:41:00,HIGH,BRUTE_FORCE,SIEM-SENSOR-BANK,AST-BANK-041,2026-02-04T01:52:00,2026-02-04T01:53:00,2026-02-04T01:54:00,BENIGN,False,,ANALYST_SHARMA,False,False,False,CLOSED,DEMO/SYNTHETIC - NOT REAL GOVERNMENT DATA
CSE-BANK-02,ALT-BANK-2026-02779,2026-Q1,2026-02-07T00:22:00,MEDIUM,SCADA_COMMAND_ANOMALY,SIEM-SENSOR-BANK,AST-BANK-045,2026-02-07T00:26:00,2026-02-07T00:27:00,2026-02-07T00:29:00,BENIGN,False,,ANALYST_SHARMA,False,False,False,CLOSED,DEMO/SYNTHETIC - NOT REAL GOVERNMENT DATA
CSE-BANK-02,ALT-BANK-2026-02780,2026-Q1,2026-03-03T20:17:00,MEDIUM,DDOS_ATTACK,SIEM-SENSOR-BANK,AST-BANK-117,2026-03-03T20:32:00,2026-03-03T20:33:00,2026-03-03T20:36:00,BENIGN,False,,ANALYST_VERMA,False,False,False,CLOSED,DEMO/SYNTHETIC - NOT REAL GOVERNMENT DATA
CSE-BANK-02,ALT-BANK-2026-02781,2026-Q1,2026-01-24T05:51:00,HIGH,POLICY_VIOLATION,SIEM-SENSOR-BANK,AST-BANK-018,2026-01-24T06:01:00,2026-01-24T06:02:00,2026-01-24T06:04:00,BENIGN,False,,ANALYST_RAO,False,False,False,CLOSED,DEMO/SYNTHETIC - NOT REAL GOVERNMENT DATA
CSE-BANK-02,ALT-BANK-2026-02782,2026-Q1,2026-03-15T23:55:00,CRITICAL,PRIVILEGE_ESCALATION,SIEM-SENSOR-BANK,AST-BANK-028,2026-03-16T00:09:00,2026-03-16T00:10:00,2026-03-16T00:11:00,BENIGN,False,,ANALYST_PATEL,False,False,False,CLOSED,DEMO/SYNTHETIC - NOT REAL GOVERNMENT DATA
CSE-BANK-02,ALT-BANK-2026-02783,2026-Q1,2026-02-07T04:16:00,CRITICAL,BRUTE_FORCE,SIEM-SENSOR-BANK,AST-BANK-059,2026-02-07T04:26:00,2026-02-07T04:27:00,2026-02-07T04:29:00,BENIGN,False,,ANALYST_RAO,False,False,False,CLOSED,DEMO/SYNTHETIC - NOT REAL GOVERNMENT DATA
CSE-BANK-02,ALT-BANK-2026-02784,2026-Q1,2026-02-17T21:15:00,LOW,DDOS_ATTACK,SIEM-SENSOR-BANK,AST-BANK-068,2026-02-17T21:22:00,2026-02-17T21:23:00,2026-02-17T21:27:00,BENIGN,False,,ANALYST_RAO,False,False,False,CLOSED,DEMO/SYNTHETIC - NOT REAL GOVERNMENT DATA
CSE-BANK-02,ALT-BANK-2026-02785,2026-Q1,2026-02-25T16:54:00,CRITICAL,BRUTE_FORCE,SIEM-SENSOR-BANK,AST-BANK-071,2026-02-25T16:59:00,2026-02-25T17:00:00,2026-02-25T17:02:00,BENIGN,False,,ANALYST_PATEL,False,False,False,CLOSED,DEMO/SYNTHETIC - NOT REAL GOVERNMENT DATA
CSE-BANK-02,ALT-BANK-2026-02786,2026-Q1,2026-01-20T09:50:00,LOW,DDOS_ATTACK,SIEM-SENSOR-BANK,AST-BANK-050,2026-01-20T10:00:00,2026-01-20T10:01:00,2026-01-20T10:03:00,BENIGN,False,,ANALYST_SHARMA,False,False,False,CLOSED,DEMO/SYNTHETIC - NOT REAL GOVERNMENT DATA
CSE-BANK-02,ALT-BANK-2026-02787,2026-Q1,2026-03-10T01:38:00,MEDIUM,UNAUTHORIZED_ACCESS,SIEM-SENSOR-BANK,AST-BANK-021,2026-03-10T01:54:00,2026-03-10T01:55:00,2026-03-10T01:56:00,BENIGN,False,,ANALYST_SHARMA,False,False,False,CLOSED,DEMO/SYNTHETIC - NOT REAL GOVERNMENT DATA
CSE-BANK-02,ALT-BANK-2026-02788,2026-Q1,2026-02-01T11:55:00,LOW,PRIVILEGE_ESCALATION,SIEM-SENSOR-BANK,AST-BANK-080,2026-02-01T11:59:00,2026-02-01T12:00:00,2026-02-01T12:04:00,BENIGN,False,,ANALYST_SHARMA,False,False,False,CLOSED,DEMO/SYNTHETIC - NOT REAL GOVERNMENT DATA
CSE-BANK-02,ALT-BANK-2026-02789,2026-Q1,2026-01-28T07:07:00,HIGH,MALWARE,SIEM-SENSOR-BANK,AST-BANK-086,2026-01-28T07:15:00,2026-01-28T07:16:00,2026-01-28T07:18:00,BENIGN,False,,ANALYST_RAO,False,False,False,CLOSED,DEMO/SYNTHETIC - NOT REAL GOVERNMENT DATA
CSE-BANK-02,ALT-BANK-2026-02790,2026-Q1,2026-03-05T19:30:00,CRITICAL,DDOS_ATTACK,SIEM-SENSOR-BANK,AST-BANK-007,2026-03-05T19:39:00,2026-03-05T19:40:00,2026-03-05T19:44:00,BENIGN,False,,ANALYST_RAO,False,False,False,CLOSED,DEMO/SYNTHETIC - NOT REAL GOVERNMENT DATA
CSE-BANK-02,ALT-BANK-2026-02791,2026-Q1,2026-03-03T11:35:00,HIGH,PRIVILEGE_ESCALATION,SIEM-SENSOR-BANK,AST-BANK-026,2026-03-03T11:39:00,2026-03-03T11:40:00,2026-03-03T11:44:00,BENIGN,False,,ANALYST_SINGH,False,False,False,CLOSED,DEMO/SYNTHETIC - NOT REAL GOVERNMENT DATA
CSE-BANK-02,ALT-BANK-2026-02792,2026-Q1,2026-01-18T01:43:00,CRITICAL,RANSOMWARE,SIEM-SENSOR-BANK,AST-BANK-031,2026-01-18T01:45:00,2026-01-18T01:46:00,2026-01-18T01:47:00,BENIGN,False,,ANALYST_VERMA,False,False,False,CLOSED,DEMO/SYNTHETIC - NOT REAL GOVERNMENT DATA
CSE-BANK-02,ALT-BANK-2026-02793,2026-Q1,2026-01-26T05:21:00,LOW,DDOS_ATTACK,SIEM-SENSOR-BANK,AST-BANK-035,2026-01-26T05:31:00,2026-01-26T05:32:00,2026-01-26T05:33:00,BENIGN,False,,ANALYST_SINGH,False,False,False,CLOSED,DEMO/SYNTHETIC - NOT REAL GOVERNMENT DATA
CSE-BANK-02,ALT-BANK-2026-02794,2026-Q1,2026-01-31T02:59:00,CRITICAL,BRUTE_FORCE,SIEM-SENSOR-BANK,AST-BANK-077,2026-01-31T03:17:00,2026-01-31T03:18:00,2026-01-31T03:20:00,BENIGN,False,,ANALYST_SINGH,False,False,False,CLOSED,DEMO/SYNTHETIC - NOT REAL GOVERNMENT DATA
CSE-BANK-02,ALT-BANK-2026-02795,2026-Q1,2026-03-20T09:34:00,MEDIUM,DATA_EXFILTRATION,SIEM-SENSOR-BANK,AST-BANK-021,2026-03-20T09:49:00,2026-03-20T09:50:00,2026-03-20T09:54:00,BENIGN,False,,ANALYST_VERMA,False,False,False,CLOSED,DEMO/SYNTHETIC - NOT REAL GOVERNMENT DATA
CSE-BANK-02,ALT-BANK-2026-02796,2026-Q1,2026-02-17T09:56:00,CRITICAL,UNAUTHORIZED_ACCESS,SIEM-SENSOR-BANK,AST-BANK-027,2026-02-17T10:16:00,2026-02-17T10:17:00,2026-02-17T10:18:00,BENIGN,False,,ANALYST_RAO,False,False,False,CLOSED,DEMO/SYNTHETIC - NOT REAL GOVERNMENT DATA
CSE-BANK-02,ALT-BANK-2026-02797,2026-Q1,2026-02-01T02:22:00,MEDIUM,PRIVILEGE_ESCALATION,SIEM-SENSOR-BANK,AST-BANK-026,2026-02-01T02:37:00,2026-02-01T02:38:00,2026-02-01T02:42:00,BENIGN,False,,ANALYST_SINGH,False,False,False,CLOSED,DEMO/SYNTHETIC - NOT REAL GOVERNMENT DATA
CSE-BANK-02,ALT-BANK-2026-02798,2026-Q1,2026-02-21T09:26:00,MEDIUM,RANSOMWARE,SIEM-SENSOR-BANK,AST-BANK-043,2026-02-21T09:37:00,2026-02-21T09:38:00,2026-02-21T09:41:00,BENIGN,False,,ANALYST_SHARMA,False,False,False,CLOSED,DEMO/SYNTHETIC - NOT REAL GOVERNMENT DATA
CSE-BANK-02,ALT-BANK-2026-02799,2026-Q1,2026-03-07T20:08:00,CRITICAL,PRIVILEGE_ESCALATION,SIEM-SENSOR-BANK,AST-BANK-088,2026-03-07T20:19:00,2026-03-07T20:20:00,2026-03-07T20:23:00,BENIGN,False,,ANALYST_VERMA,False,False,False,CLOSED,DEMO/SYNTHETIC - NOT REAL GOVERNMENT DATA
CSE-BANK-02,ALT-BANK-2026-02800,2026-Q1,2026-01-24T22:38:00,HIGH,RANSOMWARE,SIEM-SENSOR-BANK,AST-BANK-092,2026-01-24T22:53:00,2026-01-24T22:54:00,2026-01-24T22:57:00,BENIGN,False,,ANALYST_RAO,False,False,False,CLOSED,DEMO/SYNTHETIC - NOT REAL GOVERNMENT DATA
CSE-BANK-02,ALT-BANK-2026-02801,2026-Q1,2026-02-26T14:20:00,HIGH,RANSOMWARE,SIEM-SENSOR-BANK,AST-BANK-045,2026-02-26T14:25:00,2026-02-26T14:26:00,2026-02-26T14:30:00,BENIGN,False,,ANALYST_VERMA,False,False,False,CLOSED,DEMO/SYNTHETIC - NOT REAL GOVERNMENT DATA
CSE-BANK-02,ALT-BANK-2026-02802,2026-Q1,2026-01-01T21:24:00,CRITICAL,DDOS_ATTACK,SIEM-SENSOR-BANK,AST-BANK-037,2026-01-01T21:30:00,2026-01-01T21:31:00,2026-01-01T21:33:00,BENIGN,False,,ANALYST_SHARMA,False,False,False,CLOSED,DEMO/SYNTHETIC - NOT REAL GOVERNMENT DATA
CSE-BANK-02,ALT-BANK-2026-02803,2026-Q1,2026-01-10T10:17:00,CRITICAL,DATA_EXFILTRATION,SIEM-SENSOR-BANK,AST-BANK-034,2026-01-10T10:35:00,2026-01-10T10:36:00,2026-01-10T10:38:00,BENIGN,False,,ANALYST_SINGH,False,False,False,CLOSED,DEMO/SYNTHETIC - NOT REAL GOVERNMENT DATA
CSE-BANK-02,ALT-BANK-2026-02804,2026-Q1,2026-01-02T14:56:00,HIGH,BRUTE_FORCE,SIEM-SENSOR-BANK,AST-BANK-052,2026-01-02T15:02:00,2026-01-02T15:03:00,2026-01-02T15:07:00,BENIGN,False,,ANALYST_VERMA,False,False,False,CLOSED,DEMO/SYNTHETIC - NOT REAL GOVERNMENT DATA
CSE-BANK-02,ALT-BANK-2026-02805,2026-Q1,2026-01-03T06:41:00,CRITICAL,BRUTE_FORCE,SIEM-SENSOR-BANK,AST-BANK-033,2026-01-03T06:43:00,2026-01-03T06:44:00,2026-01-03T06:47:00,BENIGN,False,,ANALYST_SHARMA,False,False,False,CLOSED,DEMO/SYNTHETIC - NOT REAL GOVERNMENT DATA
CSE-BANK-02,ALT-BANK-2026-02806,2026-Q1,2026-01-17T12:38:00,HIGH,RANSOMWARE,SIEM-SENSOR-BANK,AST-BANK-106,2026-01-17T12:49:00,2026-01-17T12:50:00,2026-01-17T12:52:00,BENIGN,False,,ANALYST_SINGH,False,False,False,CLOSED,DEMO/SYNTHETIC - NOT REAL GOVERNMENT DATA
CSE-BANK-02,ALT-BANK-2026-02807,2026-Q1,2026-03-01T04:46:00,CRITICAL,DDOS_ATTACK,SIEM-SENSOR-BANK,AST-BANK-034,2026-03-01T04:57:00,2026-03-01T04:58:00,2026-03-01T05:00:00,BENIGN,False,,ANALYST_RAO,False,False,False,CLOSED,DEMO/SYNTHETIC - NOT REAL GOVERNMENT DATA
CSE-BANK-02,ALT-BANK-2026-02808,2026-Q1,2026-02-19T15:26:00,HIGH,POLICY_VIOLATION,SIEM-SENSOR-BANK,AST-BANK-079,2026-02-19T15:43:00,2026-02-19T15:44:00,2026-02-19T15:47:00,BENIGN,False,,ANALYST_SINGH,False,False,False,CLOSED,DEMO/SYNTHETIC - NOT REAL GOVERNMENT DATA
CSE-BANK-02,ALT-BANK-2026-02809,2026-Q1,2026-02-19T15:40:00,MEDIUM,MALWARE,SIEM-SENSOR-BANK,AST-BANK-050,2026-02-19T15:58:00,2026-02-19T15:59:00,2026-02-19T16:03:00,BENIGN,False,,ANALYST_PATEL,False,False,False,CLOSED,DEMO/SYNTHETIC - NOT REAL GOVERNMENT DATA
CSE-BANK-02,ALT-BANK-2026-02810,2026-Q1,2026-01-01T02:44:00,CRITICAL,RANSOMWARE,SIEM-SENSOR-BANK,AST-BANK-017,2026-01-01T03:03:00,2026-01-01T03:04:00,2026-01-01T03:06:00,BENIGN,False,,ANALYST_SINGH,False,False,False,CLOSED,DEMO/SYNTHETIC - NOT REAL GOVERNMENT DATA
CSE-BANK-02,ALT-BANK-2026-02811,2026-Q1,2026-01-13T14:00:00,CRITICAL,DDOS_ATTACK,SIEM-SENSOR-BANK,AST-BANK-086,2026-01-13T14:05:00,2026-01-13T14:06:00,2026-01-13T14:10:00,BENIGN,False,,ANALYST_SINGH,False,False,False,CLOSED,DEMO/SYNTHETIC - NOT REAL GOVERNMENT DATA
CSE-BANK-02,ALT-BANK-2026-02812,2026-Q1,2026-01-10T09:54:00,HIGH,BRUTE_FORCE,SIEM-SENSOR-BANK,AST-BANK-110,2026-01-10T10:07:00,2026-01-10T10:08:00,2026-01-10T10:09:00,BENIGN,False,,ANALYST_PATEL,False,False,False,CLOSED,DEMO/SYNTHETIC - NOT REAL GOVERNMENT DATA
CSE-BANK-02,ALT-BANK-2026-02813,2026-Q1,2026-02-09T23:29:00,HIGH,BRUTE_FORCE,SIEM-SENSOR-BANK,AST-BANK-054,2026-02-09T23:37:00,2026-02-09T23:38:00,2026-02-09T23:41:00,BENIGN,False,,ANALYST_SHARMA,False,False,False,CLOSED,DEMO/SYNTHETIC - NOT REAL GOVERNMENT DATA
CSE-BANK-02,ALT-BANK-2026-02814,2026-Q1,2026-03-16T10:44:00,CRITICAL,UNAUTHORIZED_ACCESS,SIEM-SENSOR-BANK,AST-BANK-105,2026-03-16T11:02:00,2026-03-16T11:03:00,2026-03-16T11:05:00,BENIGN,False,,ANALYST_SINGH,False,False,False,CLOSED,DEMO/SYNTHETIC - NOT REAL GOVERNMENT DATA
CSE-BANK-02,ALT-BANK-2026-02815,2026-Q1,2026-01-21T16:29:00,HIGH,DDOS_ATTACK,SIEM-SENSOR-BANK,AST-BANK-010,2026-01-21T16:33:00,2026-01-21T16:34:00,2026-01-21T16:35:00,BENIGN,False,,ANALYST_RAO,False,False,False,CLOSED,DEMO/SYNTHETIC - NOT REAL GOVERNMENT DATA
CSE-BANK-02,ALT-BANK-2026-02816,2026-Q1,2026-03-14T12:24:00,CRITICAL,PRIVILEGE_ESCALATION,SIEM-SENSOR-BANK,AST-BANK-079,2026-03-14T12:32:00,2026-03-14T12:33:00,2026-03-14T12:35:00,BENIGN,False,,ANALYST_VERMA,False,False,False,CLOSED,DEMO/SYNTHETIC - NOT REAL GOVERNMENT DATA
CSE-BANK-02,ALT-BANK-2026-02817,2026-Q1,2026-02-13T14:33:00,HIGH,SCADA_COMMAND_ANOMALY,SIEM-SENSOR-BANK,AST-BANK-065,2026-02-13T14:36:00,2026-02-13T14:37:00,2026-02-13T14:41:00,BENIGN,False,,ANALYST_RAO,False,False,False,CLOSED,DEMO/SYNTHETIC - NOT REAL GOVERNMENT DATA
CSE-BANK-02,ALT-BANK-2026-02818,2026-Q1,2026-03-14T00:12:00,CRITICAL,RANSOMWARE,SIEM-SENSOR-BANK,AST-BANK-037,2026-03-14T00:16:00,2026-03-14T00:17:00,2026-03-14T00:18:00,BENIGN,False,,ANALYST_SINGH,False,False,False,CLOSED,DEMO/SYNTHETIC - NOT REAL GOVERNMENT DATA
CSE-BANK-02,ALT-BANK-2026-02819,2026-Q1,2026-01-24T01:08:00,HIGH,UNAUTHORIZED_ACCESS,SIEM-SENSOR-BANK,AST-BANK-107,2026-01-24T01:17:00,2026-01-24T01:18:00,2026-01-24T01:21:00,BENIGN,False,,ANALYST_VERMA,False,False,False,CLOSED,DEMO/SYNTHETIC - NOT REAL GOVERNMENT DATA
CSE-BANK-02,ALT-BANK-2026-02820,2026-Q1,2026-03-15T10:44:00,MEDIUM,BRUTE_FORCE,SIEM-SENSOR-BANK,AST-BANK-089,2026-03-15T11:04:00,2026-03-15T11:05:00,2026-03-15T11:07:00,BENIGN,False,,ANALYST_VERMA,False,False,False,CLOSED,DEMO/SYNTHETIC - NOT REAL GOVERNMENT DATA
CSE-HEALTH-03,ALT-HEALTH-2026-02821,2026-Q1,2026-01-05T14:09:00,HIGH,BRUTE_FORCE,SIEM-SENSOR-HEALTH,AST-HEALTH-001,2026-01-05T14:17:00,2026-01-05T14:34:00,2026-01-05T17:34:00,TRUE_POSITIVE,False,,ANALYST_SHARMA,False,False,True,CLOSED,DEMO/SYNTHETIC - NOT REAL GOVERNMENT DATA
CSE-HEALTH-03,ALT-HEALTH-2026-02822,2026-Q1,2026-01-20T07:14:00,MEDIUM,BRUTE_FORCE,SIEM-SENSOR-HEALTH,AST-HEALTH-001,2026-01-20T07:27:00,2026-01-20T07:39:00,2026-01-20T08:39:00,TRUE_POSITIVE,False,,ANALYST_PATEL,False,False,True,CLOSED,DEMO/SYNTHETIC - NOT REAL GOVERNMENT DATA
CSE-HEALTH-03,ALT-HEALTH-2026-02823,2026-Q1,2026-03-22T19:37:00,MEDIUM,BRUTE_FORCE,SIEM-SENSOR-HEALTH,AST-HEALTH-001,2026-03-22T19:46:00,2026-03-22T20:13:00,2026-03-23T00:13:00,TRUE_POSITIVE,False,,ANALYST_SINGH,False,False,True,CLOSED,DEMO/SYNTHETIC - NOT REAL GOVERNMENT DATA
CSE-HEALTH-03,ALT-HEALTH-2026-02824,2026-Q1,2026-03-01T12:28:00,LOW,BRUTE_FORCE,SIEM-SENSOR-HEALTH,AST-HEALTH-001,2026-03-01T12:37:00,2026-03-01T12:59:00,2026-03-01T13:59:00,TRUE_POSITIVE,False,,ANALYST_VERMA,False,False,True,CLOSED,DEMO/SYNTHETIC - NOT REAL GOVERNMENT DATA
CSE-HEALTH-03,ALT-HEALTH-2026-02825,2026-Q1,2026-01-24T04:37:00,MEDIUM,BRUTE_FORCE,SIEM-SENSOR-HEALTH,AST-HEALTH-001,2026-01-24T04:49:00,2026-01-24T05:02:00,2026-01-24T08:02:00,TRUE_POSITIVE,False,,ANALYST_SINGH,False,False,True,CLOSED,DEMO/SYNTHETIC - NOT REAL GOVERNMENT DATA
CSE-HEALTH-03,ALT-HEALTH-2026-02826,2026-Q1,2026-03-07T12:21:00,MEDIUM,BRUTE_FORCE,SIEM-SENSOR-HEALTH,AST-HEALTH-001,2026-03-07T12:23:00,2026-03-07T13:01:00,2026-03-07T17:01:00,TRUE_POSITIVE,True,2026-03-07T13:21:00,ANALYST_VERMA,False,False,True,CLOSED,DEMO/SYNTHETIC - NOT REAL GOVERNMENT DATA
CSE-HEALTH-03,ALT-HEALTH-2026-02827,2026-Q1,2026-03-09T02:19:00,MEDIUM,BRUTE_FORCE,SIEM-SENSOR-HEALTH,AST-HEALTH-001,2026-03-09T02:30:00,2026-03-09T03:05:00,2026-03-09T08:05:00,TRUE_POSITIVE,False,,ANALYST_PATEL,False,False,True,CLOSED,DEMO/SYNTHETIC - NOT REAL GOVERNMENT DATA
CSE-HEALTH-03,ALT-HEALTH-2026-02828,2026-Q1,2026-03-06T22:28:00,HIGH,BRUTE_FORCE,SIEM-SENSOR-HEALTH,AST-HEALTH-001,2026-03-06T22:48:00,2026-03-06T23:14:00,2026-03-07T00:14:00,TRUE_POSITIVE,True,2026-03-06T23:34:00,ANALYST_VERMA,False,False,True,CLOSED,DEMO/SYNTHETIC - NOT REAL GOVERNMENT DATA
CSE-HEALTH-03,ALT-HEALTH-2026-02829,2026-Q1,2026-01-02T00:33:00,HIGH,BRUTE_FORCE,SIEM-SENSOR-HEALTH,AST-HEALTH-001,2026-01-02T00:53:00,2026-01-02T01:06:00,2026-01-02T04:06:00,TRUE_POSITIVE,False,,ANALYST_VERMA,False,False,True,CLOSED,DEMO/SYNTHETIC - NOT REAL GOVERNMENT DATA
CSE-HEALTH-03,ALT-HEALTH-2026-02830,2026-Q1,2026-03-16T22:35:00,HIGH,BRUTE_FORCE,SIEM-SENSOR-HEALTH,AST-HEALTH-001,2026-03-16T22:51:00,2026-03-16T23:19:00,2026-03-17T03:19:00,TRUE_POSITIVE,False,,ANALYST_SHARMA,False,False,True,CLOSED,DEMO/SYNTHETIC - NOT REAL GOVERNMENT DATA
CSE-HEALTH-03,ALT-HEALTH-2026-02831,2026-Q1,2026-01-25T00:40:00,HIGH,BRUTE_FORCE,SIEM-SENSOR-HEALTH,AST-HEALTH-001,2026-01-25T00:56:00,2026-01-25T01:30:00,2026-01-25T04:30:00,TRUE_POSITIVE,False,,ANALYST_SHARMA,False,False,True,CLOSED,DEMO/SYNTHETIC - NOT REAL GOVERNMENT DATA
CSE-HEALTH-03,ALT-HEALTH-2026-02832,2026-Q1,2026-02-13T01:55:00,HIGH,BRUTE_FORCE,SIEM-SENSOR-HEALTH,AST-HEALTH-001,2026-02-13T02:02:00,2026-02-13T02:26:00,2026-02-13T03:26:00,TRUE_POSITIVE,False,,ANALYST_VERMA,False,False,True,CLOSED,DEMO/SYNTHETIC - NOT REAL GOVERNMENT DATA
CSE-HEALTH-03,ALT-HEALTH-2026-02833,2026-Q1,2026-03-17T05:36:00,MEDIUM,BRUTE_FORCE,SIEM-SENSOR-HEALTH,AST-HEALTH-001,2026-03-17T05:42:00,2026-03-17T06:14:00,2026-03-17T11:14:00,TRUE_POSITIVE,False,,ANALYST_SHARMA,False,False,True,CLOSED,DEMO/SYNTHETIC - NOT REAL GOVERNMENT DATA
CSE-HEALTH-03,ALT-HEALTH-2026-02834,2026-Q1,2026-02-03T03:50:00,MEDIUM,BRUTE_FORCE,SIEM-SENSOR-HEALTH,AST-HEALTH-001,2026-02-03T04:04:00,2026-02-03T04:32:00,2026-02-03T06:32:00,TRUE_POSITIVE,False,,ANALYST_SHARMA,False,False,True,CLOSED,DEMO/SYNTHETIC - NOT REAL GOVERNMENT DATA
CSE-HEALTH-03,ALT-HEALTH-2026-02835,2026-Q1,2026-01-23T08:53:00,CRITICAL,BRUTE_FORCE,SIEM-SENSOR-HEALTH,AST-HEALTH-001,2026-01-23T09:05:00,2026-01-23T09:42:00,2026-01-23T10:42:00,TRUE_POSITIVE,False,,ANALYST_PATEL,False,False,True,CLOSED,DEMO/SYNTHETIC - NOT REAL GOVERNMENT DATA
CSE-HEALTH-03,ALT-HEALTH-2026-02836,2026-Q1,2026-02-24T07:08:00,HIGH,BRUTE_FORCE,SIEM-SENSOR-HEALTH,AST-HEALTH-001,2026-02-24T07:16:00,2026-02-24T07:41:00,2026-02-24T08:41:00,TRUE_POSITIVE,False,,ANALYST_SHARMA,False,False,True,CLOSED,DEMO/SYNTHETIC - NOT REAL GOVERNMENT DATA
CSE-HEALTH-03,ALT-HEALTH-2026-02837,2026-Q1,2026-02-10T15:45:00,MEDIUM,BRUTE_FORCE,SIEM-SENSOR-HEALTH,AST-HEALTH-001,2026-02-10T15:48:00,2026-02-10T16:05:00,2026-02-10T20:05:00,TRUE_POSITIVE,False,,ANALYST_SHARMA,False,False,True,CLOSED,DEMO/SYNTHETIC - NOT REAL GOVERNMENT DATA
CSE-HEALTH-03,ALT-HEALTH-2026-02838,2026-Q1,2026-02-23T23:21:00,MEDIUM,BRUTE_FORCE,SIEM-SENSOR-HEALTH,AST-HEALTH-001,2026-02-23T23:33:00,2026-02-23T23:47:00,2026-02-24T02:47:00,TRUE_POSITIVE,False,,ANALYST_SHARMA,False,False,True,CLOSED,DEMO/SYNTHETIC - NOT REAL GOVERNMENT DATA
CSE-HEALTH-03,ALT-HEALTH-2026-02839,2026-Q1,2026-01-27T16:22:00,CRITICAL,BRUTE_FORCE,SIEM-SENSOR-HEALTH,AST-HEALTH-001,2026-01-27T16:31:00,2026-01-27T16:51:00,2026-01-27T20:51:00,TRUE_POSITIVE,False,,ANALYST_SINGH,False,False,True,CLOSED,DEMO/SYNTHETIC - NOT REAL GOVERNMENT DATA
CSE-HEALTH-03,ALT-HEALTH-2026-02840,2026-Q1,2026-01-16T13:18:00,MEDIUM,BRUTE_FORCE,SIEM-SENSOR-HEALTH,AST-HEALTH-001,2026-01-16T13:33:00,2026-01-16T13:56:00,2026-01-16T18:56:00,TRUE_POSITIVE,False,,ANALYST_RAO,False,False,True,CLOSED,DEMO/SYNTHETIC - NOT REAL GOVERNMENT DATA
CSE-HEALTH-03,ALT-HEALTH-2026-02841,2026-Q1,2026-01-25T05:43:00,LOW,BRUTE_FORCE,SIEM-SENSOR-HEALTH,AST-HEALTH-001,2026-01-25T05:48:00,2026-01-25T06:22:00,2026-01-25T07:22:00,TRUE_POSITIVE,False,,ANALYST_SHARMA,False,False,True,CLOSED,DEMO/SYNTHETIC - NOT REAL GOVERNMENT DATA
CSE-HEALTH-03,ALT-HEALTH-2026-02842,2026-Q1,2026-01-13T10:33:00,MEDIUM,BRUTE_FORCE,SIEM-SENSOR-HEALTH,AST-HEALTH-001,2026-01-13T10:38:00,2026-01-13T11:14:00,2026-01-13T12:14:00,TRUE_POSITIVE,False,,ANALYST_RAO,False,False,True,CLOSED,DEMO/SYNTHETIC - NOT REAL GOVERNMENT DATA
CSE-HEALTH-03,ALT-HEALTH-2026-02843,2026-Q1,2026-01-16T01:06:00,HIGH,BRUTE_FORCE,SIEM-SENSOR-HEALTH,AST-HEALTH-001,2026-01-16T01:12:00,2026-01-16T01:28:00,2026-01-16T04:28:00,TRUE_POSITIVE,False,,ANALYST_SHARMA,False,False,True,CLOSED,DEMO/SYNTHETIC - NOT REAL GOVERNMENT DATA
CSE-HEALTH-03,ALT-HEALTH-2026-02844,2026-Q1,2026-02-13T20:50:00,MEDIUM,BRUTE_FORCE,SIEM-SENSOR-HEALTH,AST-HEALTH-001,2026-02-13T21:08:00,2026-02-13T21:23:00,2026-02-14T02:23:00,TRUE_POSITIVE,False,,ANALYST_SINGH,False,False,True,CLOSED,DEMO/SYNTHETIC - NOT REAL GOVERNMENT DATA
CSE-HEALTH-03,ALT-HEALTH-2026-02845,2026-Q1,2026-02-04T01:34:00,HIGH,BRUTE_FORCE,SIEM-SENSOR-HEALTH,AST-HEALTH-001,2026-02-04T01:43:00,2026-02-04T02:03:00,2026-02-04T06:03:00,TRUE_POSITIVE,False,,ANALYST_VERMA,False,False,True,CLOSED,DEMO/SYNTHETIC - NOT REAL GOVERNMENT DATA
CSE-HEALTH-03,ALT-HEALTH-2026-02846,2026-Q1,2026-01-11T12:31:00,LOW,DDOS_ATTACK,SIEM-SENSOR-HEALTH,AST-HEALTH-007,2026-01-11T12:47:00,2026-01-11T13:00:00,2026-01-11T17:00:00,TRUE_POSITIVE,False,,ANALYST_VERMA,True,False,True,CLOSED,DEMO/SYNTHETIC - NOT REAL GOVERNMENT DATA
CSE-HEALTH-03,ALT-HEALTH-2026-02847,2026-Q1,2026-03-13T08:55:00,MEDIUM,POLICY_VIOLATION,SIEM-SENSOR-HEALTH,AST-HEALTH-012,2026-03-13T08:59:00,2026-03-13T09:36:00,2026-03-13T14:36:00,TRUE_POSITIVE,True,2026-03-13T09:56:00,ANALYST_PATEL,False,True,True,CLOSED,DEMO/SYNTHETIC - NOT REAL GOVERNMENT DATA
CSE-HEALTH-03,ALT-HEALTH-2026-02848,2026-Q1,2026-02-26T23:02:00,HIGH,BRUTE_FORCE,SIEM-SENSOR-HEALTH,AST-HEALTH-002,2026-02-26T23:19:00,2026-02-26T23:36:00,2026-02-27T00:36:00,TRUE_POSITIVE,False,,ANALYST_RAO,True,True,True,CLOSED,DEMO/SYNTHETIC - NOT REAL GOVERNMENT DATA
CSE-HEALTH-03,ALT-HEALTH-2026-02849,2026-Q1,2026-03-08T05:06:00,HIGH,BRUTE_FORCE,SIEM-SENSOR-HEALTH,AST-HEALTH-039,2026-03-08T05:13:00,2026-03-08T05:32:00,2026-03-08T06:32:00,TRUE_POSITIVE,False,,ANALYST_PATEL,True,True,True,CLOSED,DEMO/SYNTHETIC - NOT REAL GOVERNMENT DATA
CSE-HEALTH-03,ALT-HEALTH-2026-02850,2026-Q1,2026-02-05T09:19:00,MEDIUM,POLICY_VIOLATION,SIEM-SENSOR-HEALTH,AST-HEALTH-038,2026-02-05T09:31:00,2026-02-05T09:59:00,2026-02-05T13:59:00,TRUE_POSITIVE,False,,ANALYST_VERMA,True,False,True,CLOSED,DEMO/SYNTHETIC - NOT REAL GOVERNMENT DATA
CSE-HEALTH-03,ALT-HEALTH-2026-02851,2026-Q1,2026-01-03T02:37:00,MEDIUM,SCADA_COMMAND_ANOMALY,SIEM-SENSOR-HEALTH,AST-HEALTH-029,2026-01-03T02:47:00,2026-01-03T03:08:00,2026-01-03T04:08:00,TRUE_POSITIVE,True,2026-01-03T03:28:00,ANALYST_VERMA,True,True,True,CLOSED,DEMO/SYNTHETIC - NOT REAL GOVERNMENT DATA
CSE-HEALTH-03,ALT-HEALTH-2026-02852,2026-Q1,2026-01-26T20:02:00,HIGH,POLICY_VIOLATION,SIEM-SENSOR-HEALTH,AST-HEALTH-050,2026-01-26T20:06:00,2026-01-26T20:31:00,2026-01-26T21:31:00,TRUE_POSITIVE,False,,ANALYST_SINGH,False,True,True,CLOSED,DEMO/SYNTHETIC - NOT REAL GOVERNMENT DATA
CSE-HEALTH-03,ALT-HEALTH-2026-02853,2026-Q1,2026-02-21T17:46:00,HIGH,DDOS_ATTACK,SIEM-SENSOR-HEALTH,AST-HEALTH-040,2026-02-21T17:52:00,2026-02-21T18:27:00,2026-02-21T19:27:00,TRUE_POSITIVE,False,,ANALYST_PATEL,True,True,True,CLOSED,DEMO/SYNTHETIC - NOT REAL GOVERNMENT DATA
CSE-HEALTH-03,ALT-HEALTH-2026-02854,2026-Q1,2026-02-09T16:58:00,LOW,BRUTE_FORCE,SIEM-SENSOR-HEALTH,AST-HEALTH-014,2026-02-09T17:12:00,2026-02-09T17:40:00,2026-02-09T21:40:00,TRUE_POSITIVE,False,,ANALYST_PATEL,True,True,True,CLOSED,DEMO/SYNTHETIC - NOT REAL GOVERNMENT DATA
CSE-HEALTH-03,ALT-HEALTH-2026-02855,2026-Q1,2026-01-08T10:23:00,MEDIUM,DATA_EXFILTRATION,SIEM-SENSOR-HEALTH,AST-HEALTH-064,2026-01-08T10:30:00,2026-01-08T10:42:00,2026-01-08T12:42:00,TRUE_POSITIVE,False,,ANALYST_SINGH,True,True,True,CLOSED,DEMO/SYNTHETIC - NOT REAL GOVERNMENT DATA
CSE-HEALTH-03,ALT-HEALTH-2026-02856,2026-Q1,2026-01-20T00:45:00,LOW,BRUTE_FORCE,SIEM-SENSOR-HEALTH,AST-HEALTH-053,2026-01-20T00:55:00,2026-01-20T01:23:00,2026-01-20T04:23:00,TRUE_POSITIVE,False,,ANALYST_SHARMA,True,False,True,CLOSED,DEMO/SYNTHETIC - NOT REAL GOVERNMENT DATA
CSE-HEALTH-03,ALT-HEALTH-2026-02857,2026-Q1,2026-01-09T19:01:00,CRITICAL,UNAUTHORIZED_ACCESS,SIEM-SENSOR-HEALTH,AST-HEALTH-050,2026-01-09T19:19:00,2026-01-09T19:58:00,2026-01-09T23:58:00,TRUE_POSITIVE,False,,ANALYST_SINGH,True,True,True,CLOSED,DEMO/SYNTHETIC - NOT REAL GOVERNMENT DATA
CSE-HEALTH-03,ALT-HEALTH-2026-02858,2026-Q1,2026-03-11T11:50:00,MEDIUM,RANSOMWARE,SIEM-SENSOR-HEALTH,AST-HEALTH-045,2026-03-11T12:00:00,2026-03-11T12:33:00,2026-03-11T13:33:00,TRUE_POSITIVE,False,,ANALYST_PATEL,True,True,True,CLOSED,DEMO/SYNTHETIC - NOT REAL GOVERNMENT DATA
CSE-HEALTH-03,ALT-HEALTH-2026-02859,2026-Q1,2026-02-16T22:29:00,CRITICAL,MALWARE,SIEM-SENSOR-HEALTH,AST-HEALTH-054,2026-02-16T22:43:00,2026-02-16T23:23:00,2026-02-17T02:23:00,TRUE_POSITIVE,False,,ANALYST_RAO,False,True,True,CLOSED,DEMO/SYNTHETIC - NOT REAL GOVERNMENT DATA
CSE-HEALTH-03,ALT-HEALTH-2026-02860,2026-Q1,2026-02-24T10:25:00,MEDIUM,POLICY_VIOLATION,SIEM-SENSOR-HEALTH,AST-HEALTH-013,2026-02-24T10:41:00,2026-02-24T11:15:00,2026-02-24T12:15:00,TRUE_POSITIVE,False,,ANALYST_RAO,False,True,True,CLOSED,DEMO/SYNTHETIC - NOT REAL GOVERNMENT DATA
CSE-HEALTH-03,ALT-HEALTH-2026-02861,2026-Q1,2026-01-03T03:33:00,MEDIUM,UNAUTHORIZED_ACCESS,SIEM-SENSOR-HEALTH,AST-HEALTH-044,2026-01-03T03:53:00,2026-01-03T04:09:00,2026-01-03T07:09:00,TRUE_POSITIVE,False,,ANALYST_PATEL,True,False,True,CLOSED,DEMO/SYNTHETIC - NOT REAL GOVERNMENT DATA
CSE-HEALTH-03,ALT-HEALTH-2026-02862,2026-Q1,2026-02-22T05:23:00,MEDIUM,PRIVILEGE_ESCALATION,SIEM-SENSOR-HEALTH,AST-HEALTH-018,2026-02-22T05:39:00,2026-02-22T06:02:00,2026-02-22T07:02:00,TRUE_POSITIVE,False,,ANALYST_RAO,False,False,True,CLOSED,DEMO/SYNTHETIC - NOT REAL GOVERNMENT DATA
CSE-HEALTH-03,ALT-HEALTH-2026-02863,2026-Q1,2026-01-31T06:22:00,LOW,SCADA_COMMAND_ANOMALY,SIEM-SENSOR-HEALTH,AST-HEALTH-034,2026-01-31T06:25:00,2026-01-31T07:01:00,2026-01-31T12:01:00,TRUE_POSITIVE,False,,ANALYST_PATEL,True,False,True,CLOSED,DEMO/SYNTHETIC - NOT REAL GOVERNMENT DATA
CSE-HEALTH-03,ALT-HEALTH-2026-02864,2026-Q1,2026-03-08T23:12:00,MEDIUM,DATA_EXFILTRATION,SIEM-SENSOR-HEALTH,AST-HEALTH-027,2026-03-08T23:18:00,2026-03-08T23:33:00,2026-03-09T04:33:00,TRUE_POSITIVE,False,,ANALYST_RAO,False,True,True,CLOSED,DEMO/SYNTHETIC - NOT REAL GOVERNMENT DATA
CSE-HEALTH-03,ALT-HEALTH-2026-02865,2026-Q1,2026-01-17T03:44:00,MEDIUM,BRUTE_FORCE,SIEM-SENSOR-HEALTH,AST-HEALTH-031,2026-01-17T04:04:00,2026-01-17T04:31:00,2026-01-17T09:31:00,TRUE_POSITIVE,False,,ANALYST_VERMA,True,True,True,CLOSED,DEMO/SYNTHETIC - NOT REAL GOVERNMENT DATA
CSE-HEALTH-03,ALT-HEALTH-2026-02866,2026-Q1,2026-02-01T15:59:00,LOW,DDOS_ATTACK,SIEM-SENSOR-HEALTH,AST-HEALTH-045,2026-02-01T16:10:00,2026-02-01T16:46:00,2026-02-01T21:46:00,TRUE_POSITIVE,False,,ANALYST_PATEL,True,False,True,CLOSED,DEMO/SYNTHETIC - NOT REAL GOVERNMENT DATA
CSE-HEALTH-03,ALT-HEALTH-2026-02867,2026-Q1,2026-02-13T13:21:00,MEDIUM,MALWARE,SIEM-SENSOR-HEALTH,AST-HEALTH-046,2026-02-13T13:40:00,2026-02-13T14:05:00,2026-02-13T15:05:00,TRUE_POSITIVE,False,,ANALYST_SINGH,False,False,True,CLOSED,DEMO/SYNTHETIC - NOT REAL GOVERNMENT DATA
CSE-HEALTH-03,ALT-HEALTH-2026-02868,2026-Q1,2026-03-20T01:09:00,MEDIUM,POLICY_VIOLATION,SIEM-SENSOR-HEALTH,AST-HEALTH-001,2026-03-20T01:23:00,2026-03-20T01:39:00,2026-03-20T05:39:00,TRUE_POSITIVE,False,,ANALYST_RAO,False,False,True,CLOSED,DEMO/SYNTHETIC - NOT REAL GOVERNMENT DATA
CSE-HEALTH-03,ALT-HEALTH-2026-02869,2026-Q1,2026-03-18T18:58:00,HIGH,RANSOMWARE,SIEM-SENSOR-HEALTH,AST-HEALTH-054,2026-03-18T19:16:00,2026-03-18T19:50:00,2026-03-19T00:50:00,TRUE_POSITIVE,True,2026-03-18T20:10:00,ANALYST_RAO,True,False,True,CLOSED,DEMO/SYNTHETIC - NOT REAL GOVERNMENT DATA
CSE-HEALTH-03,ALT-HEALTH-2026-02870,2026-Q1,2026-02-23T02:26:00,MEDIUM,DDOS_ATTACK,SIEM-SENSOR-HEALTH,AST-HEALTH-057,2026-02-23T02:30:00,2026-02-23T02:54:00,2026-02-23T06:54:00,TRUE_POSITIVE,False,,ANALYST_SINGH,True,False,True,CLOSED,DEMO/SYNTHETIC - NOT REAL GOVERNMENT DATA
CSE-HEALTH-03,ALT-HEALTH-2026-02871,2026-Q1,2026-02-08T21:50:00,HIGH,DDOS_ATTACK,SIEM-SENSOR-HEALTH,AST-HEALTH-013,2026-02-08T22:00:00,2026-02-08T22:32:00,2026-02-09T03:32:00,TRUE_POSITIVE,False,,ANALYST_RAO,True,False,True,CLOSED,DEMO/SYNTHETIC - NOT REAL GOVERNMENT DATA
CSE-HEALTH-03,ALT-HEALTH-2026-02872,2026-Q1,2026-01-12T21:40:00,HIGH,MALWARE,SIEM-SENSOR-HEALTH,AST-HEALTH-034,2026-01-12T21:47:00,2026-01-12T22:22:00,2026-01-13T02:22:00,TRUE_POSITIVE,False,,ANALYST_RAO,True,True,True,CLOSED,DEMO/SYNTHETIC - NOT REAL GOVERNMENT DATA
CSE-HEALTH-03,ALT-HEALTH-2026-02873,2026-Q1,2026-03-10T15:21:00,LOW,UNAUTHORIZED_ACCESS,SIEM-SENSOR-HEALTH,AST-HEALTH-042,2026-03-10T15:28:00,2026-03-10T15:46:00,2026-03-10T18:46:00,TRUE_POSITIVE,False,,ANALYST_SINGH,True,False,True,CLOSED,DEMO/SYNTHETIC - NOT REAL GOVERNMENT DATA
CSE-HEALTH-03,ALT-HEALTH-2026-02874,2026-Q1,2026-03-10T17:42:00,LOW,DDOS_ATTACK,SIEM-SENSOR-HEALTH,AST-HEALTH-057,2026-03-10T18:02:00,2026-03-10T18:34:00,2026-03-10T21:34:00,TRUE_POSITIVE,False,,ANALYST_PATEL,True,False,True,CLOSED,DEMO/SYNTHETIC - NOT REAL GOVERNMENT DATA
CSE-HEALTH-03,ALT-HEALTH-2026-02875,2026-Q1,2026-03-15T06:33:00,MEDIUM,POLICY_VIOLATION,SIEM-SENSOR-HEALTH,AST-HEALTH-036,2026-03-15T06:44:00,2026-03-15T07:22:00,2026-03-15T09:22:00,TRUE_POSITIVE,True,2026-03-15T07:42:00,ANALYST_SHARMA,True,False,True,CLOSED,DEMO/SYNTHETIC - NOT REAL GOVERNMENT DATA
CSE-HEALTH-03,ALT-HEALTH-2026-02876,2026-Q1,2026-03-10T09:13:00,MEDIUM,MALWARE,SIEM-SENSOR-HEALTH,AST-HEALTH-010,2026-03-10T09:15:00,2026-03-10T09:34:00,2026-03-10T13:34:00,TRUE_POSITIVE,True,2026-03-10T09:54:00,ANALYST_RAO,True,True,True,CLOSED,DEMO/SYNTHETIC - NOT REAL GOVERNMENT DATA
CSE-HEALTH-03,ALT-HEALTH-2026-02877,2026-Q1,2026-02-15T14:59:00,MEDIUM,RANSOMWARE,SIEM-SENSOR-HEALTH,AST-HEALTH-053,2026-02-15T15:16:00,2026-02-15T15:55:00,2026-02-15T17:55:00,TRUE_POSITIVE,False,,ANALYST_VERMA,True,False,True,CLOSED,DEMO/SYNTHETIC - NOT REAL GOVERNMENT DATA
CSE-HEALTH-03,ALT-HEALTH-2026-02878,2026-Q1,2026-02-10T09:19:00,MEDIUM,SCADA_COMMAND_ANOMALY,SIEM-SENSOR-HEALTH,AST-HEALTH-037,2026-02-10T09:26:00,2026-02-10T10:02:00,2026-02-10T11:02:00,TRUE_POSITIVE,False,,ANALYST_VERMA,False,True,True,CLOSED,DEMO/SYNTHETIC - NOT REAL GOVERNMENT DATA
CSE-HEALTH-03,ALT-HEALTH-2026-02879,2026-Q1,2026-02-11T09:38:00,MEDIUM,DDOS_ATTACK,SIEM-SENSOR-HEALTH,AST-HEALTH-014,2026-02-11T09:54:00,2026-02-11T10:29:00,2026-02-11T12:29:00,TRUE_POSITIVE,True,2026-02-11T10:49:00,ANALYST_SINGH,False,False,True,CLOSED,DEMO/SYNTHETIC - NOT REAL GOVERNMENT DATA
CSE-HEALTH-03,ALT-HEALTH-2026-02880,2026-Q1,2026-03-21T02:44:00,LOW,SCADA_COMMAND_ANOMALY,SIEM-SENSOR-HEALTH,AST-HEALTH-036,2026-03-21T03:00:00,2026-03-21T03:23:00,2026-03-21T04:23:00,TRUE_POSITIVE,False,,ANALYST_SINGH,True,True,True,CLOSED,DEMO/SYNTHETIC - NOT REAL GOVERNMENT DATA
CSE-HEALTH-03,ALT-HEALTH-2026-02881,2026-Q1,2026-01-06T06:45:00,LOW,DDOS_ATTACK,SIEM-SENSOR-HEALTH,AST-HEALTH-021,2026-01-06T07:02:00,2026-01-06T07:34:00,2026-01-06T11:34:00,TRUE_POSITIVE,True,2026-01-06T07:54:00,ANALYST_RAO,True,False,True,CLOSED,DEMO/SYNTHETIC - NOT REAL GOVERNMENT DATA
CSE-HEALTH-03,ALT-HEALTH-2026-02882,2026-Q1,2026-01-05T04:33:00,CRITICAL,POLICY_VIOLATION,SIEM-SENSOR-HEALTH,AST-HEALTH-044,2026-01-05T04:35:00,2026-01-05T04:45:00,2026-01-05T05:45:00,TRUE_POSITIVE,False,,ANALYST_RAO,True,True,True,CLOSED,DEMO/SYNTHETIC - NOT REAL GOVERNMENT DATA
CSE-HEALTH-03,ALT-HEALTH-2026-02883,2026-Q1,2026-02-24T12:43:00,HIGH,PRIVILEGE_ESCALATION,SIEM-SENSOR-HEALTH,AST-HEALTH-058,2026-02-24T13:00:00,2026-02-24T13:21:00,2026-02-24T17:21:00,TRUE_POSITIVE,True,2026-02-24T13:41:00,ANALYST_VERMA,False,False,True,CLOSED,DEMO/SYNTHETIC - NOT REAL GOVERNMENT DATA
CSE-HEALTH-03,ALT-HEALTH-2026-02884,2026-Q1,2026-01-03T05:07:00,MEDIUM,SCADA_COMMAND_ANOMALY,SIEM-SENSOR-HEALTH,AST-HEALTH-023,2026-01-03T05:15:00,2026-01-03T05:43:00,2026-01-03T06:43:00,TRUE_POSITIVE,False,,ANALYST_PATEL,True,True,True,CLOSED,DEMO/SYNTHETIC - NOT REAL GOVERNMENT DATA
CSE-HEALTH-03,ALT-HEALTH-2026-02885,2026-Q1,2026-03-03T22:25:00,MEDIUM,UNAUTHORIZED_ACCESS,SIEM-SENSOR-HEALTH,AST-HEALTH-059,2026-03-03T22:27:00,2026-03-03T22:58:00,2026-03-04T00:58:00,TRUE_POSITIVE,True,2026-03-03T23:18:00,ANALYST_VERMA,False,False,True,CLOSED,DEMO/SYNTHETIC - NOT REAL GOVERNMENT DATA
CSE-HEALTH-03,ALT-HEALTH-2026-02886,2026-Q1,2026-01-19T07:41:00,MEDIUM,POLICY_VIOLATION,SIEM-SENSOR-HEALTH,AST-HEALTH-047,2026-01-19T07:58:00,2026-01-19T08:23:00,2026-01-19T13:23:00,TRUE_POSITIVE,False,,ANALYST_SINGH,False,True,True,CLOSED,DEMO/SYNTHETIC - NOT REAL GOVERNMENT DATA
CSE-HEALTH-03,ALT-HEALTH-2026-02887,2026-Q1,2026-01-27T05:17:00,HIGH,DATA_EXFILTRATION,SIEM-SENSOR-HEALTH,AST-HEALTH-065,2026-01-27T05:23:00,2026-01-27T05:46:00,2026-01-27T10:46:00,TRUE_POSITIVE,False,,ANALYST_RAO,False,False,True,CLOSED,DEMO/SYNTHETIC - NOT REAL GOVERNMENT DATA
CSE-HEALTH-03,ALT-HEALTH-2026-02888,2026-Q1,2026-03-04T14:22:00,MEDIUM,DATA_EXFILTRATION,SIEM-SENSOR-HEALTH,AST-HEALTH-056,2026-03-04T14:40:00,2026-03-04T15:00:00,2026-03-04T19:00:00,TRUE_POSITIVE,False,,ANALYST_RAO,True,True,True,CLOSED,DEMO/SYNTHETIC - NOT REAL GOVERNMENT DATA
CSE-HEALTH-03,ALT-HEALTH-2026-02889,2026-Q1,2026-03-16T05:17:00,HIGH,RANSOMWARE,SIEM-SENSOR-HEALTH,AST-HEALTH-034,2026-03-16T05:36:00,2026-03-16T06:07:00,2026-03-16T08:07:00,TRUE_POSITIVE,False,,ANALYST_SINGH,False,False,True,CLOSED,DEMO/SYNTHETIC - NOT REAL GOVERNMENT DATA
CSE-HEALTH-03,ALT-HEALTH-2026-02890,2026-Q1,2026-02-16T02:25:00,HIGH,MALWARE,SIEM-SENSOR-HEALTH,AST-HEALTH-063,2026-02-16T02:37:00,2026-02-16T02:50:00,2026-02-16T03:50:00,TRUE_POSITIVE,False,,ANALYST_VERMA,True,True,True,CLOSED,DEMO/SYNTHETIC - NOT REAL GOVERNMENT DATA
CSE-HEALTH-03,ALT-HEALTH-2026-02891,2026-Q1,2026-02-03T20:04:00,HIGH,SCADA_COMMAND_ANOMALY,SIEM-SENSOR-HEALTH,AST-HEALTH-062,2026-02-03T20:20:00,2026-02-03T20:39:00,2026-02-04T00:39:00,TRUE_POSITIVE,False,,ANALYST_SINGH,False,False,True,CLOSED,DEMO/SYNTHETIC - NOT REAL GOVERNMENT DATA
CSE-HEALTH-03,ALT-HEALTH-2026-02892,2026-Q1,2026-01-10T00:12:00,CRITICAL,SCADA_COMMAND_ANOMALY,SIEM-SENSOR-HEALTH,AST-HEALTH-057,2026-01-10T00:29:00,2026-01-10T00:54:00,2026-01-10T05:54:00,TRUE_POSITIVE,False,,ANALYST_VERMA,False,False,True,CLOSED,DEMO/SYNTHETIC - NOT REAL GOVERNMENT DATA
CSE-HEALTH-03,ALT-HEALTH-2026-02893,2026-Q1,2026-03-11T16:50:00,MEDIUM,DDOS_ATTACK,SIEM-SENSOR-HEALTH,AST-HEALTH-057,2026-03-11T16:57:00,2026-03-11T17:37:00,2026-03-11T18:37:00,TRUE_POSITIVE,False,,ANALYST_RAO,False,False,True,CLOSED,DEMO/SYNTHETIC - NOT REAL GOVERNMENT DATA
CSE-HEALTH-03,ALT-HEALTH-2026-02894,2026-Q1,2026-03-02T17:18:00,MEDIUM,MALWARE,SIEM-SENSOR-HEALTH,AST-HEALTH-009,2026-03-02T17:26:00,2026-03-02T17:44:00,2026-03-02T21:44:00,TRUE_POSITIVE,False,,ANALYST_SINGH,True,True,True,CLOSED,DEMO/SYNTHETIC - NOT REAL GOVERNMENT DATA
CSE-HEALTH-03,ALT-HEALTH-2026-02895,2026-Q1,2026-01-15T11:14:00,CRITICAL,BRUTE_FORCE,SIEM-SENSOR-HEALTH,AST-HEALTH-038,2026-01-15T11:23:00,2026-01-15T11:55:00,2026-01-15T16:55:00,TRUE_POSITIVE,True,2026-01-15T12:15:00,ANALYST_SHARMA,False,False,True,CLOSED,DEMO/SYNTHETIC - NOT REAL GOVERNMENT DATA
CSE-HEALTH-03,ALT-HEALTH-2026-02896,2026-Q1,2026-03-03T19:03:00,MEDIUM,DDOS_ATTACK,SIEM-SENSOR-HEALTH,AST-HEALTH-055,2026-03-03T19:08:00,2026-03-03T19:47:00,2026-03-03T22:47:00,TRUE_POSITIVE,False,,ANALYST_RAO,True,True,True,CLOSED,DEMO/SYNTHETIC - NOT REAL GOVERNMENT DATA
CSE-HEALTH-03,ALT-HEALTH-2026-02897,2026-Q1,2026-03-05T00:51:00,MEDIUM,PRIVILEGE_ESCALATION,SIEM-SENSOR-HEALTH,AST-HEALTH-031,2026-03-05T01:06:00,2026-03-05T01:30:00,2026-03-05T02:30:00,TRUE_POSITIVE,True,2026-03-05T01:50:00,ANALYST_PATEL,False,False,True,CLOSED,DEMO/SYNTHETIC - NOT REAL GOVERNMENT DATA
CSE-HEALTH-03,ALT-HEALTH-2026-02898,2026-Q1,2026-01-22T05:24:00,HIGH,MALWARE,SIEM-SENSOR-HEALTH,AST-HEALTH-034,2026-01-22T05:37:00,2026-01-22T05:57:00,2026-01-22T07:57:00,TRUE_POSITIVE,False,,ANALYST_SINGH,False,False,True,CLOSED,DEMO/SYNTHETIC - NOT REAL GOVERNMENT DATA
CSE-HEALTH-03,ALT-HEALTH-2026-02899,2026-Q1,2026-03-04T17:28:00,LOW,RANSOMWARE,SIEM-SENSOR-HEALTH,AST-HEALTH-041,2026-03-04T17:42:00,2026-03-04T18:09:00,2026-03-04T20:09:00,TRUE_POSITIVE,True,2026-03-04T18:29:00,ANALYST_SHARMA,False,True,True,CLOSED,DEMO/SYNTHETIC - NOT REAL GOVERNMENT DATA
CSE-HEALTH-03,ALT-HEALTH-2026-02900,2026-Q1,2026-03-01T22:07:00,CRITICAL,BRUTE_FORCE,SIEM-SENSOR-HEALTH,AST-HEALTH-065,2026-03-01T22:10:00,2026-03-01T22:24:00,2026-03-01T23:24:00,TRUE_POSITIVE,False,,ANALYST_SHARMA,False,True,True,CLOSED,DEMO/SYNTHETIC - NOT REAL GOVERNMENT DATA
CSE-HEALTH-03,ALT-HEALTH-2026-02901,2026-Q1,2026-03-10T08:28:00,LOW,PRIVILEGE_ESCALATION,SIEM-SENSOR-HEALTH,AST-HEALTH-043,2026-03-10T08:44:00,2026-03-10T09:15:00,2026-03-10T13:15:00,TRUE_POSITIVE,False,,ANALYST_RAO,False,True,True,CLOSED,DEMO/SYNTHETIC - NOT REAL GOVERNMENT DATA
CSE-HEALTH-03,ALT-HEALTH-2026-02902,2026-Q1,2026-01-30T19:04:00,HIGH,BRUTE_FORCE,SIEM-SENSOR-HEALTH,AST-HEALTH-031,2026-01-30T19:18:00,2026-01-30T19:46:00,2026-01-30T22:46:00,TRUE_POSITIVE,False,,ANALYST_SINGH,True,False,True,CLOSED,DEMO/SYNTHETIC - NOT REAL GOVERNMENT DATA
CSE-HEALTH-03,ALT-HEALTH-2026-02903,2026-Q1,2026-01-02T16:17:00,MEDIUM,SCADA_COMMAND_ANOMALY,SIEM-SENSOR-HEALTH,AST-HEALTH-064,2026-01-02T16:23:00,2026-01-02T16:51:00,2026-01-02T20:51:00,TRUE_POSITIVE,False,,ANALYST_VERMA,True,False,True,CLOSED,DEMO/SYNTHETIC - NOT REAL GOVERNMENT DATA
CSE-HEALTH-03,ALT-HEALTH-2026-02904,2026-Q1,2026-03-02T03:57:00,MEDIUM,POLICY_VIOLATION,SIEM-SENSOR-HEALTH,AST-HEALTH-007,2026-03-02T04:07:00,2026-03-02T04:46:00,2026-03-02T07:46:00,TRUE_POSITIVE,False,,ANALYST_VERMA,False,True,True,CLOSED,DEMO/SYNTHETIC - NOT REAL GOVERNMENT DATA
CSE-HEALTH-03,ALT-HEALTH-2026-02905,2026-Q1,2026-03-20T23:01:00,MEDIUM,DDOS_ATTACK,SIEM-SENSOR-HEALTH,AST-HEALTH-052,2026-03-20T23:21:00,2026-03-20T23:40:00,2026-03-21T03:40:00,TRUE_POSITIVE,False,,ANALYST_SHARMA,False,False,True,CLOSED,DEMO/SYNTHETIC - NOT REAL GOVERNMENT DATA
CSE-HEALTH-03,ALT-HEALTH-2026-02906,2026-Q1,2026-02-24T09:25:00,MEDIUM,PRIVILEGE_ESCALATION,SIEM-SENSOR-HEALTH,AST-HEALTH-065,2026-02-24T09:45:00,2026-02-24T10:13:00,2026-02-24T15:13:00,TRUE_POSITIVE,False,,ANALYST_PATEL,False,True,True,CLOSED,DEMO/SYNTHETIC - NOT REAL GOVERNMENT DATA
CSE-HEALTH-03,ALT-HEALTH-2026-02907,2026-Q1,2026-02-01T02:09:00,MEDIUM,DATA_EXFILTRATION,SIEM-SENSOR-HEALTH,AST-HEALTH-018,2026-02-01T02:29:00,2026-02-01T03:09:00,2026-02-01T05:09:00,TRUE_POSITIVE,False,,ANALYST_SHARMA,True,False,True,CLOSED,DEMO/SYNTHETIC - NOT REAL GOVERNMENT DATA
CSE-HEALTH-03,ALT-HEALTH-2026-02908,2026-Q1,2026-03-17T16:05:00,MEDIUM,MALWARE,SIEM-SENSOR-HEALTH,AST-HEALTH-018,2026-03-17T16:12:00,2026-03-17T16:52:00,2026-03-17T17:52:00,TRUE_POSITIVE,False,,ANALYST_SHARMA,True,True,True,CLOSED,DEMO/SYNTHETIC - NOT REAL GOVERNMENT DATA
CSE-HEALTH-03,ALT-HEALTH-2026-02909,2026-Q1,2026-02-15T02:13:00,MEDIUM,DATA_EXFILTRATION,SIEM-SENSOR-HEALTH,AST-HEALTH-005,2026-02-15T02:24:00,2026-02-15T03:00:00,2026-02-15T04:00:00,TRUE_POSITIVE,False,,ANALYST_RAO,False,True,True,CLOSED,DEMO/SYNTHETIC - NOT REAL GOVERNMENT DATA
CSE-HEALTH-03,ALT-HEALTH-2026-02910,2026-Q1,2026-01-02T00:49:00,MEDIUM,POLICY_VIOLATION,SIEM-SENSOR-HEALTH,AST-HEALTH-064,2026-01-02T01:02:00,2026-01-02T01:14:00,2026-01-02T06:14:00,TRUE_POSITIVE,True,2026-01-02T01:34:00,ANALYST_SINGH,True,True,True,CLOSED,DEMO/SYNTHETIC - NOT REAL GOVERNMENT DATA
CSE-HEALTH-03,ALT-HEALTH-2026-02911,2026-Q1,2026-02-25T00:30:00,HIGH,POLICY_VIOLATION,SIEM-SENSOR-HEALTH,AST-HEALTH-037,2026-02-25T00:37:00,2026-02-25T01:00:00,2026-02-25T05:00:00,TRUE_POSITIVE,False,,ANALYST_VERMA,False,True,True,CLOSED,DEMO/SYNTHETIC - NOT REAL GOVERNMENT DATA
CSE-HEALTH-03,ALT-HEALTH-2026-02912,2026-Q1,2026-02-04T20:14:00,CRITICAL,UNAUTHORIZED_ACCESS,SIEM-SENSOR-HEALTH,AST-HEALTH-027,2026-02-04T20:22:00,2026-02-04T20:39:00,2026-02-05T01:39:00,TRUE_POSITIVE,False,,ANALYST_VERMA,False,False,True,CLOSED,DEMO/SYNTHETIC - NOT REAL GOVERNMENT DATA
CSE-HEALTH-03,ALT-HEALTH-2026-02913,2026-Q1,2026-02-01T14:45:00,MEDIUM,POLICY_VIOLATION,SIEM-SENSOR-HEALTH,AST-HEALTH-031,2026-02-01T14:58:00,2026-02-01T15:25:00,2026-02-01T18:25:00,TRUE_POSITIVE,False,,ANALYST_SHARMA,True,True,True,CLOSED,DEMO/SYNTHETIC - NOT REAL GOVERNMENT DATA
CSE-HEALTH-03,ALT-HEALTH-2026-02914,2026-Q1,2026-02-13T19:39:00,MEDIUM,MALWARE,SIEM-SENSOR-HEALTH,AST-HEALTH-018,2026-02-13T19:47:00,2026-02-13T19:59:00,2026-02-13T21:59:00,TRUE_POSITIVE,False,,ANALYST_RAO,False,True,True,CLOSED,DEMO/SYNTHETIC - NOT REAL GOVERNMENT DATA
CSE-HEALTH-03,ALT-HEALTH-2026-02915,2026-Q1,2026-02-16T16:32:00,MEDIUM,RANSOMWARE,SIEM-SENSOR-HEALTH,AST-HEALTH-022,2026-02-16T16:34:00,2026-02-16T16:59:00,2026-02-16T21:59:00,TRUE_POSITIVE,True,2026-02-16T17:19:00,ANALYST_VERMA,True,False,True,CLOSED,DEMO/SYNTHETIC - NOT REAL GOVERNMENT DATA
CSE-HEALTH-03,ALT-HEALTH-2026-02916,2026-Q1,2026-03-01T00:42:00,MEDIUM,UNAUTHORIZED_ACCESS,SIEM-SENSOR-HEALTH,AST-HEALTH-059,2026-03-01T00:49:00,2026-03-01T01:25:00,2026-03-01T04:25:00,TRUE_POSITIVE,False,,ANALYST_SINGH,False,True,True,CLOSED,DEMO/SYNTHETIC - NOT REAL GOVERNMENT DATA
CSE-HEALTH-03,ALT-HEALTH-2026-02917,2026-Q1,2026-03-02T10:41:00,MEDIUM,POLICY_VIOLATION,SIEM-SENSOR-HEALTH,AST-HEALTH-009,2026-03-02T10:50:00,2026-03-02T11:26:00,2026-03-02T12:26:00,TRUE_POSITIVE,False,,ANALYST_SHARMA,False,False,True,CLOSED,DEMO/SYNTHETIC - NOT REAL GOVERNMENT DATA
CSE-HEALTH-03,ALT-HEALTH-2026-02918,2026-Q1,2026-03-04T06:07:00,MEDIUM,MALWARE,SIEM-SENSOR-HEALTH,AST-HEALTH-039,2026-03-04T06:21:00,2026-03-04T06:56:00,2026-03-04T09:56:00,TRUE_POSITIVE,False,,ANALYST_VERMA,False,True,True,CLOSED,DEMO/SYNTHETIC - NOT REAL GOVERNMENT DATA
CSE-HEALTH-03,ALT-HEALTH-2026-02919,2026-Q1,2026-02-05T13:33:00,HIGH,SCADA_COMMAND_ANOMALY,SIEM-SENSOR-HEALTH,AST-HEALTH-028,2026-02-05T13:35:00,2026-02-05T14:10:00,2026-02-05T19:10:00,TRUE_POSITIVE,True,2026-02-05T14:30:00,ANALYST_SHARMA,False,False,True,CLOSED,DEMO/SYNTHETIC - NOT REAL GOVERNMENT DATA
CSE-HEALTH-03,ALT-HEALTH-2026-02920,2026-Q1,2026-02-14T16:45:00,MEDIUM,DDOS_ATTACK,SIEM-SENSOR-HEALTH,AST-HEALTH-025,2026-02-14T17:02:00,2026-02-14T17:23:00,2026-02-14T18:23:00,TRUE_POSITIVE,False,,ANALYST_VERMA,True,True,True,CLOSED,DEMO/SYNTHETIC - NOT REAL GOVERNMENT DATA
CSE-HEALTH-03,ALT-HEALTH-2026-02921,2026-Q1,2026-02-09T05:07:00,MEDIUM,MALWARE,SIEM-SENSOR-HEALTH,AST-HEALTH-031,2026-02-09T05:23:00,2026-02-09T05:59:00,2026-02-09T07:59:00,TRUE_POSITIVE,False,,ANALYST_PATEL,True,False,True,CLOSED,DEMO/SYNTHETIC - NOT REAL GOVERNMENT DATA
CSE-HEALTH-03,ALT-HEALTH-2026-02922,2026-Q1,2026-02-01T13:26:00,LOW,DATA_EXFILTRATION,SIEM-SENSOR-HEALTH,AST-HEALTH-064,2026-02-01T13:40:00,2026-02-01T14:10:00,2026-02-01T19:10:00,TRUE_POSITIVE,False,,ANALYST_SHARMA,True,False,True,CLOSED,DEMO/SYNTHETIC - NOT REAL GOVERNMENT DATA
CSE-HEALTH-03,ALT-HEALTH-2026-02923,2026-Q1,2026-03-22T03:36:00,LOW,DATA_EXFILTRATION,SIEM-SENSOR-HEALTH,AST-HEALTH-029,2026-03-22T03:49:00,2026-03-22T04:12:00,2026-03-22T06:12:00,TRUE_POSITIVE,True,2026-03-22T04:32:00,ANALYST_VERMA,True,True,True,CLOSED,DEMO/SYNTHETIC - NOT REAL GOVERNMENT DATA
CSE-HEALTH-03,ALT-HEALTH-2026-02924,2026-Q1,2026-01-10T03:56:00,LOW,SCADA_COMMAND_ANOMALY,SIEM-SENSOR-HEALTH,AST-HEALTH-061,2026-01-10T03:59:00,2026-01-10T04:39:00,2026-01-10T05:39:00,TRUE_POSITIVE,True,2026-01-10T04:59:00,ANALYST_SHARMA,False,True,True,CLOSED,DEMO/SYNTHETIC - NOT REAL GOVERNMENT DATA
CSE-HEALTH-03,ALT-HEALTH-2026-02925,2026-Q1,2026-02-15T07:08:00,MEDIUM,UNAUTHORIZED_ACCESS,SIEM-SENSOR-HEALTH,AST-HEALTH-031,2026-02-15T07:21:00,2026-02-15T07:43:00,2026-02-15T08:43:00,TRUE_POSITIVE,False,,ANALYST_PATEL,True,True,True,CLOSED,DEMO/SYNTHETIC - NOT REAL GOVERNMENT DATA
CSE-HEALTH-03,ALT-HEALTH-2026-02926,2026-Q1,2026-02-27T03:53:00,LOW,BRUTE_FORCE,SIEM-SENSOR-HEALTH,AST-HEALTH-037,2026-02-27T04:12:00,2026-02-27T04:27:00,2026-02-27T07:27:00,TRUE_POSITIVE,False,,ANALYST_SINGH,False,False,True,CLOSED,DEMO/SYNTHETIC - NOT REAL GOVERNMENT DATA
CSE-HEALTH-03,ALT-HEALTH-2026-02927,2026-Q1,2026-01-13T03:57:00,MEDIUM,UNAUTHORIZED_ACCESS,SIEM-SENSOR-HEALTH,AST-HEALTH-051,2026-01-13T04:09:00,2026-01-13T04:20:00,2026-01-13T08:20:00,TRUE_POSITIVE,False,,ANALYST_SINGH,False,False,True,CLOSED,DEMO/SYNTHETIC - NOT REAL GOVERNMENT DATA
CSE-HEALTH-03,ALT-HEALTH-2026-02928,2026-Q1,2026-02-24T01:11:00,MEDIUM,RANSOMWARE,SIEM-SENSOR-HEALTH,AST-HEALTH-016,2026-02-24T01:13:00,2026-02-24T01:30:00,2026-02-24T04:30:00,TRUE_POSITIVE,True,2026-02-24T01:50:00,ANALYST_SINGH,False,False,True,CLOSED,DEMO/SYNTHETIC - NOT REAL GOVERNMENT DATA
CSE-HEALTH-03,ALT-HEALTH-2026-02929,2026-Q1,2026-02-20T06:08:00,MEDIUM,UNAUTHORIZED_ACCESS,SIEM-SENSOR-HEALTH,AST-HEALTH-045,2026-02-20T06:18:00,2026-02-20T06:57:00,2026-02-20T07:57:00,TRUE_POSITIVE,False,,ANALYST_VERMA,False,False,True,CLOSED,DEMO/SYNTHETIC - NOT REAL GOVERNMENT DATA
CSE-HEALTH-03,ALT-HEALTH-2026-02930,2026-Q1,2026-02-10T13:57:00,HIGH,SCADA_COMMAND_ANOMALY,SIEM-SENSOR-HEALTH,AST-HEALTH-054,2026-02-10T14:13:00,2026-02-10T14:35:00,2026-02-10T17:35:00,TRUE_POSITIVE,False,,ANALYST_SINGH,False,True,True,CLOSED,DEMO/SYNTHETIC - NOT REAL GOVERNMENT DATA
CSE-HEALTH-03,ALT-HEALTH-2026-02931,2026-Q1,2026-01-22T22:32:00,HIGH,UNAUTHORIZED_ACCESS,SIEM-SENSOR-HEALTH,AST-HEALTH-001,2026-01-22T22:37:00,2026-01-22T22:53:00,2026-01-23T02:53:00,TRUE_POSITIVE,False,,ANALYST_SHARMA,False,False,True,CLOSED,DEMO/SYNTHETIC - NOT REAL GOVERNMENT DATA
CSE-HEALTH-03,ALT-HEALTH-2026-02932,2026-Q1,2026-02-27T16:17:00,MEDIUM,BRUTE_FORCE,SIEM-SENSOR-HEALTH,AST-HEALTH-003,2026-02-27T16:26:00,2026-02-27T16:52:00,2026-02-27T18:52:00,TRUE_POSITIVE,True,2026-02-27T17:12:00,ANALYST_SINGH,True,True,True,CLOSED,DEMO/SYNTHETIC - NOT REAL GOVERNMENT DATA
CSE-HEALTH-03,ALT-HEALTH-2026-02933,2026-Q1,2026-03-11T22:14:00,HIGH,DDOS_ATTACK,SIEM-SENSOR-HEALTH,AST-HEALTH-022,2026-03-11T22:22:00,2026-03-11T22:55:00,2026-03-12T00:55:00,TRUE_POSITIVE,False,,ANALYST_VERMA,True,True,True,CLOSED,DEMO/SYNTHETIC - NOT REAL GOVERNMENT DATA
CSE-HEALTH-03,ALT-HEALTH-2026-02934,2026-Q1,2026-01-16T15:31:00,MEDIUM,POLICY_VIOLATION,SIEM-SENSOR-HEALTH,AST-HEALTH-054,2026-01-16T15:35:00,2026-01-16T15:46:00,2026-01-16T16:46:00,TRUE_POSITIVE,True,2026-01-16T16:06:00,ANALYST_SINGH,False,False,True,CLOSED,DEMO/SYNTHETIC - NOT REAL GOVERNMENT DATA
CSE-HEALTH-03,ALT-HEALTH-2026-02935,2026-Q1,2026-01-16T16:57:00,MEDIUM,DATA_EXFILTRATION,SIEM-SENSOR-HEALTH,AST-HEALTH-064,2026-01-16T17:06:00,2026-01-16T17:35:00,2026-01-16T19:35:00,TRUE_POSITIVE,False,,ANALYST_PATEL,True,True,True,CLOSED,DEMO/SYNTHETIC - NOT REAL GOVERNMENT DATA
CSE-HEALTH-03,ALT-HEALTH-2026-02936,2026-Q1,2026-01-11T09:03:00,HIGH,DDOS_ATTACK,SIEM-SENSOR-HEALTH,AST-HEALTH-029,2026-01-11T09:15:00,2026-01-11T09:47:00,2026-01-11T12:47:00,TRUE_POSITIVE,False,,ANALYST_SHARMA,False,True,True,CLOSED,DEMO/SYNTHETIC - NOT REAL GOVERNMENT DATA
CSE-HEALTH-03,ALT-HEALTH-2026-02937,2026-Q1,2026-01-03T16:30:00,MEDIUM,PRIVILEGE_ESCALATION,SIEM-SENSOR-HEALTH,AST-HEALTH-059,2026-01-03T16:35:00,2026-01-03T17:15:00,2026-01-03T19:15:00,TRUE_POSITIVE,True,2026-01-03T17:35:00,ANALYST_RAO,False,True,True,CLOSED,DEMO/SYNTHETIC - NOT REAL GOVERNMENT DATA
CSE-HEALTH-03,ALT-HEALTH-2026-02938,2026-Q1,2026-01-18T06:31:00,CRITICAL,SCADA_COMMAND_ANOMALY,SIEM-SENSOR-HEALTH,AST-HEALTH-036,2026-01-18T06:41:00,2026-01-18T07:03:00,2026-01-18T12:03:00,TRUE_POSITIVE,False,,ANALYST_RAO,True,True,True,CLOSED,DEMO/SYNTHETIC - NOT REAL GOVERNMENT DATA
CSE-HEALTH-03,ALT-HEALTH-2026-02939,2026-Q1,2026-01-26T20:34:00,CRITICAL,SCADA_COMMAND_ANOMALY,SIEM-SENSOR-HEALTH,AST-HEALTH-047,2026-01-26T20:39:00,2026-01-26T21:06:00,2026-01-27T00:06:00,TRUE_POSITIVE,True,2026-01-26T21:26:00,ANALYST_RAO,True,False,True,CLOSED,DEMO/SYNTHETIC - NOT REAL GOVERNMENT DATA
CSE-HEALTH-03,ALT-HEALTH-2026-02940,2026-Q1,2026-02-05T10:29:00,CRITICAL,POLICY_VIOLATION,SIEM-SENSOR-HEALTH,AST-HEALTH-058,2026-02-05T10:38:00,2026-02-05T11:14:00,2026-02-05T15:14:00,TRUE_POSITIVE,False,,ANALYST_VERMA,True,True,True,CLOSED,DEMO/SYNTHETIC - NOT REAL GOVERNMENT DATA
CSE-HEALTH-03,ALT-HEALTH-2026-02941,2026-Q1,2026-01-25T12:02:00,HIGH,POLICY_VIOLATION,SIEM-SENSOR-HEALTH,AST-HEALTH-011,2026-01-25T12:19:00,2026-01-25T12:47:00,2026-01-25T14:47:00,TRUE_POSITIVE,True,2026-01-25T13:07:00,ANALYST_VERMA,True,True,True,CLOSED,DEMO/SYNTHETIC - NOT REAL GOVERNMENT DATA
CSE-HEALTH-03,ALT-HEALTH-2026-02942,2026-Q1,2026-02-19T05:41:00,MEDIUM,POLICY_VIOLATION,SIEM-SENSOR-HEALTH,AST-HEALTH-041,2026-02-19T05:43:00,2026-02-19T06:06:00,2026-02-19T07:06:00,TRUE_POSITIVE,False,,ANALYST_SINGH,True,False,True,CLOSED,DEMO/SYNTHETIC - NOT REAL GOVERNMENT DATA
CSE-HEALTH-03,ALT-HEALTH-2026-02943,2026-Q1,2026-03-20T11:24:00,MEDIUM,BRUTE_FORCE,SIEM-SENSOR-HEALTH,AST-HEALTH-011,2026-03-20T11:31:00,2026-03-20T11:58:00,2026-03-20T16:58:00,TRUE_POSITIVE,True,2026-03-20T12:18:00,ANALYST_PATEL,True,True,True,CLOSED,DEMO/SYNTHETIC - NOT REAL GOVERNMENT DATA
CSE-HEALTH-03,ALT-HEALTH-2026-02944,2026-Q1,2026-03-06T13:19:00,HIGH,SCADA_COMMAND_ANOMALY,SIEM-SENSOR-HEALTH,AST-HEALTH-031,2026-03-06T13:39:00,2026-03-06T14:04:00,2026-03-06T17:04:00,TRUE_POSITIVE,False,,ANALYST_SHARMA,True,True,True,CLOSED,DEMO/SYNTHETIC - NOT REAL GOVERNMENT DATA
CSE-HEALTH-03,ALT-HEALTH-2026-02945,2026-Q1,2026-01-15T08:37:00,LOW,MALWARE,SIEM-SENSOR-HEALTH,AST-HEALTH-065,2026-01-15T08:52:00,2026-01-15T09:20:00,2026-01-15T10:20:00,TRUE_POSITIVE,False,,ANALYST_PATEL,True,False,True,CLOSED,DEMO/SYNTHETIC - NOT REAL GOVERNMENT DATA
CSE-HEALTH-03,ALT-HEALTH-2026-02946,2026-Q1,2026-02-20T17:27:00,HIGH,PRIVILEGE_ESCALATION,SIEM-SENSOR-HEALTH,AST-HEALTH-036,2026-02-20T17:41:00,2026-02-20T18:20:00,2026-02-20T21:20:00,TRUE_POSITIVE,False,,ANALYST_PATEL,True,True,True,CLOSED,DEMO/SYNTHETIC - NOT REAL GOVERNMENT DATA
CSE-HEALTH-03,ALT-HEALTH-2026-02947,2026-Q1,2026-03-14T18:42:00,HIGH,PRIVILEGE_ESCALATION,SIEM-SENSOR-HEALTH,AST-HEALTH-031,2026-03-14T18:44:00,2026-03-14T19:00:00,2026-03-14T22:00:00,TRUE_POSITIVE,False,,ANALYST_SHARMA,False,False,True,CLOSED,DEMO/SYNTHETIC - NOT REAL GOVERNMENT DATA
CSE-HEALTH-03,ALT-HEALTH-2026-02948,2026-Q1,2026-02-28T11:25:00,MEDIUM,RANSOMWARE,SIEM-SENSOR-HEALTH,AST-HEALTH-033,2026-02-28T11:30:00,2026-02-28T12:03:00,2026-02-28T13:03:00,TRUE_POSITIVE,False,,ANALYST_RAO,True,True,True,CLOSED,DEMO/SYNTHETIC - NOT REAL GOVERNMENT DATA
CSE-HEALTH-03,ALT-HEALTH-2026-02949,2026-Q1,2026-03-11T07:58:00,CRITICAL,MALWARE,SIEM-SENSOR-HEALTH,AST-HEALTH-057,2026-03-11T08:14:00,2026-03-11T08:51:00,2026-03-11T12:51:00,TRUE_POSITIVE,False,,ANALYST_VERMA,True,True,True,CLOSED,DEMO/SYNTHETIC - NOT REAL GOVERNMENT DATA
CSE-HEALTH-03,ALT-HEALTH-2026-02950,2026-Q1,2026-03-16T21:40:00,LOW,MALWARE,SIEM-SENSOR-HEALTH,AST-HEALTH-065,2026-03-16T21:59:00,2026-03-16T22:11:00,2026-03-17T02:11:00,TRUE_POSITIVE,False,,ANALYST_SHARMA,True,False,True,CLOSED,DEMO/SYNTHETIC - NOT REAL GOVERNMENT DATA
CSE-HEALTH-03,ALT-HEALTH-2026-02951,2026-Q1,2026-01-13T03:00:00,HIGH,UNAUTHORIZED_ACCESS,SIEM-SENSOR-HEALTH,AST-HEALTH-023,2026-01-13T03:17:00,2026-01-13T03:54:00,2026-01-13T05:54:00,TRUE_POSITIVE,False,,ANALYST_SHARMA,True,True,True,CLOSED,DEMO/SYNTHETIC - NOT REAL GOVERNMENT DATA
CSE-HEALTH-03,ALT-HEALTH-2026-02952,2026-Q1,2026-02-03T03:30:00,MEDIUM,BRUTE_FORCE,SIEM-SENSOR-HEALTH,AST-HEALTH-065,2026-02-03T03:48:00,2026-02-03T03:58:00,2026-02-03T04:58:00,TRUE_POSITIVE,False,,ANALYST_RAO,True,True,True,CLOSED,DEMO/SYNTHETIC - NOT REAL GOVERNMENT DATA
CSE-HEALTH-03,ALT-HEALTH-2026-02953,2026-Q1,2026-01-30T07:03:00,LOW,MALWARE,SIEM-SENSOR-HEALTH,AST-HEALTH-016,2026-01-30T07:22:00,2026-01-30T07:50:00,2026-01-30T08:50:00,TRUE_POSITIVE,False,,ANALYST_RAO,True,True,True,CLOSED,DEMO/SYNTHETIC - NOT REAL GOVERNMENT DATA
CSE-HEALTH-03,ALT-HEALTH-2026-02954,2026-Q1,2026-02-01T20:36:00,HIGH,PRIVILEGE_ESCALATION,SIEM-SENSOR-HEALTH,AST-HEALTH-010,2026-02-01T20:42:00,2026-02-01T21:06:00,2026-02-02T01:06:00,TRUE_POSITIVE,False,,ANALYST_PATEL,True,True,True,CLOSED,DEMO/SYNTHETIC - NOT REAL GOVERNMENT DATA
CSE-HEALTH-03,ALT-HEALTH-2026-02955,2026-Q1,2026-02-27T22:26:00,LOW,PRIVILEGE_ESCALATION,SIEM-SENSOR-HEALTH,AST-HEALTH-049,2026-02-27T22:44:00,2026-02-27T23:17:00,2026-02-28T02:17:00,TRUE_POSITIVE,False,,ANALYST_SHARMA,True,True,True,CLOSED,DEMO/SYNTHETIC - NOT REAL GOVERNMENT DATA
CSE-HEALTH-03,ALT-HEALTH-2026-02956,2026-Q1,2026-03-11T23:53:00,HIGH,DDOS_ATTACK,SIEM-SENSOR-HEALTH,AST-HEALTH-043,2026-03-12T00:09:00,2026-03-12T00:28:00,2026-03-12T04:28:00,TRUE_POSITIVE,False,,ANALYST_PATEL,False,False,True,CLOSED,DEMO/SYNTHETIC - NOT REAL GOVERNMENT DATA
CSE-HEALTH-03,ALT-HEALTH-2026-02957,2026-Q1,2026-03-17T03:18:00,MEDIUM,BRUTE_FORCE,SIEM-SENSOR-HEALTH,AST-HEALTH-024,2026-03-17T03:20:00,2026-03-17T03:57:00,2026-03-17T08:57:00,TRUE_POSITIVE,False,,ANALYST_PATEL,True,False,True,CLOSED,DEMO/SYNTHETIC - NOT REAL GOVERNMENT DATA
CSE-HEALTH-03,ALT-HEALTH-2026-02958,2026-Q1,2026-02-18T11:27:00,HIGH,POLICY_VIOLATION,SIEM-SENSOR-HEALTH,AST-HEALTH-049,2026-02-18T11:31:00,2026-02-18T11:45:00,2026-02-18T15:45:00,TRUE_POSITIVE,False,,ANALYST_PATEL,False,False,True,CLOSED,DEMO/SYNTHETIC - NOT REAL GOVERNMENT DATA
CSE-HEALTH-03,ALT-HEALTH-2026-02959,2026-Q1,2026-02-19T23:54:00,MEDIUM,MALWARE,SIEM-SENSOR-HEALTH,AST-HEALTH-059,2026-02-19T23:56:00,2026-02-20T00:27:00,2026-02-20T05:27:00,TRUE_POSITIVE,False,,ANALYST_SINGH,True,False,True,CLOSED,DEMO/SYNTHETIC - NOT REAL GOVERNMENT DATA
CSE-HEALTH-03,ALT-HEALTH-2026-02960,2026-Q1,2026-02-07T17:46:00,MEDIUM,POLICY_VIOLATION,SIEM-SENSOR-HEALTH,AST-HEALTH-057,2026-02-07T18:02:00,2026-02-07T18:27:00,2026-02-07T22:27:00,TRUE_POSITIVE,False,,ANALYST_RAO,False,False,True,CLOSED,DEMO/SYNTHETIC - NOT REAL GOVERNMENT DATA
CSE-HEALTH-03,ALT-HEALTH-2026-02961,2026-Q1,2026-01-03T01:57:00,MEDIUM,UNAUTHORIZED_ACCESS,SIEM-SENSOR-HEALTH,AST-HEALTH-053,2026-01-03T02:03:00,2026-01-03T02:19:00,2026-01-03T04:19:00,TRUE_POSITIVE,False,,ANALYST_PATEL,True,False,True,CLOSED,DEMO/SYNTHETIC - NOT REAL GOVERNMENT DATA
CSE-HEALTH-03,ALT-HEALTH-2026-02962,2026-Q1,2026-02-05T14:49:00,HIGH,BRUTE_FORCE,SIEM-SENSOR-HEALTH,AST-HEALTH-023,2026-02-05T15:06:00,2026-02-05T15:33:00,2026-02-05T20:33:00,TRUE_POSITIVE,False,,ANALYST_SINGH,True,True,True,CLOSED,DEMO/SYNTHETIC - NOT REAL GOVERNMENT DATA
CSE-HEALTH-03,ALT-HEALTH-2026-02963,2026-Q1,2026-02-01T20:52:00,MEDIUM,PRIVILEGE_ESCALATION,SIEM-SENSOR-HEALTH,AST-HEALTH-034,2026-02-01T20:54:00,2026-02-01T21:27:00,2026-02-02T00:27:00,TRUE_POSITIVE,True,2026-02-01T21:47:00,ANALYST_SINGH,False,False,True,CLOSED,DEMO/SYNTHETIC - NOT REAL GOVERNMENT DATA
CSE-HEALTH-03,ALT-HEALTH-2026-02964,2026-Q1,2026-01-18T02:15:00,HIGH,PRIVILEGE_ESCALATION,SIEM-SENSOR-HEALTH,AST-HEALTH-057,2026-01-18T02:35:00,2026-01-18T02:50:00,2026-01-18T07:50:00,TRUE_POSITIVE,False,,ANALYST_PATEL,True,True,True,CLOSED,DEMO/SYNTHETIC - NOT REAL GOVERNMENT DATA
CSE-HEALTH-03,ALT-HEALTH-2026-02965,2026-Q1,2026-01-21T18:42:00,LOW,PRIVILEGE_ESCALATION,SIEM-SENSOR-HEALTH,AST-HEALTH-064,2026-01-21T18:50:00,2026-01-21T19:01:00,2026-01-22T00:01:00,TRUE_POSITIVE,False,,ANALYST_SINGH,True,False,True,CLOSED,DEMO/SYNTHETIC - NOT REAL GOVERNMENT DATA
CSE-HEALTH-03,ALT-HEALTH-2026-02966,2026-Q1,2026-03-18T23:37:00,MEDIUM,UNAUTHORIZED_ACCESS,SIEM-SENSOR-HEALTH,AST-HEALTH-054,2026-03-18T23:45:00,2026-03-19T00:16:00,2026-03-19T01:16:00,TRUE_POSITIVE,False,,ANALYST_VERMA,True,False,True,CLOSED,DEMO/SYNTHETIC - NOT REAL GOVERNMENT DATA
CSE-HEALTH-03,ALT-HEALTH-2026-02967,2026-Q1,2026-01-11T18:52:00,MEDIUM,POLICY_VIOLATION,SIEM-SENSOR-HEALTH,AST-HEALTH-001,2026-01-11T19:03:00,2026-01-11T19:30:00,2026-01-11T23:30:00,TRUE_POSITIVE,False,,ANALYST_PATEL,False,False,True,CLOSED,DEMO/SYNTHETIC - NOT REAL GOVERNMENT DATA
CSE-HEALTH-03,ALT-HEALTH-2026-02968,2026-Q1,2026-02-26T05:18:00,MEDIUM,PRIVILEGE_ESCALATION,SIEM-SENSOR-HEALTH,AST-HEALTH-049,2026-02-26T05:28:00,2026-02-26T05:44:00,2026-02-26T09:44:00,TRUE_POSITIVE,False,,ANALYST_VERMA,False,False,True,CLOSED,DEMO/SYNTHETIC - NOT REAL GOVERNMENT DATA
CSE-HEALTH-03,ALT-HEALTH-2026-02969,2026-Q1,2026-03-20T08:06:00,MEDIUM,MALWARE,SIEM-SENSOR-HEALTH,AST-HEALTH-051,2026-03-20T08:13:00,2026-03-20T08:31:00,2026-03-20T09:31:00,TRUE_POSITIVE,False,,ANALYST_SINGH,True,False,True,CLOSED,DEMO/SYNTHETIC - NOT REAL GOVERNMENT DATA
CSE-HEALTH-03,ALT-HEALTH-2026-02970,2026-Q1,2026-01-11T22:15:00,HIGH,BRUTE_FORCE,SIEM-SENSOR-HEALTH,AST-HEALTH-048,2026-01-11T22:30:00,2026-01-11T22:54:00,2026-01-11T23:54:00,TRUE_POSITIVE,True,2026-01-11T23:14:00,ANALYST_SINGH,False,True,True,CLOSED,DEMO/SYNTHETIC - NOT REAL GOVERNMENT DATA
CSE-HEALTH-03,ALT-HEALTH-2026-02971,2026-Q1,2026-03-01T03:29:00,HIGH,DATA_EXFILTRATION,SIEM-SENSOR-HEALTH,AST-HEALTH-043,2026-03-01T03:49:00,2026-03-01T04:24:00,2026-03-01T09:24:00,TRUE_POSITIVE,True,2026-03-01T04:44:00,ANALYST_PATEL,False,True,True,CLOSED,DEMO/SYNTHETIC - NOT REAL GOVERNMENT DATA
CSE-HEALTH-03,ALT-HEALTH-2026-02972,2026-Q1,2026-01-11T16:55:00,MEDIUM,UNAUTHORIZED_ACCESS,SIEM-SENSOR-HEALTH,AST-HEALTH-020,2026-01-11T16:59:00,2026-01-11T17:16:00,2026-01-11T18:16:00,TRUE_POSITIVE,False,,ANALYST_VERMA,True,True,True,CLOSED,DEMO/SYNTHETIC - NOT REAL GOVERNMENT DATA
CSE-HEALTH-03,ALT-HEALTH-2026-02973,2026-Q1,2026-01-25T09:24:00,HIGH,BRUTE_FORCE,SIEM-SENSOR-HEALTH,AST-HEALTH-061,2026-01-25T09:35:00,2026-01-25T09:47:00,2026-01-25T13:47:00,TRUE_POSITIVE,False,,ANALYST_VERMA,True,True,True,CLOSED,DEMO/SYNTHETIC - NOT REAL GOVERNMENT DATA
CSE-HEALTH-03,ALT-HEALTH-2026-02974,2026-Q1,2026-02-22T11:23:00,HIGH,BRUTE_FORCE,SIEM-SENSOR-HEALTH,AST-HEALTH-024,2026-02-22T11:31:00,2026-02-22T12:10:00,2026-02-22T15:10:00,TRUE_POSITIVE,False,,ANALYST_VERMA,True,False,True,CLOSED,DEMO/SYNTHETIC - NOT REAL GOVERNMENT DATA
CSE-HEALTH-03,ALT-HEALTH-2026-02975,2026-Q1,2026-02-08T23:39:00,CRITICAL,DDOS_ATTACK,SIEM-SENSOR-HEALTH,AST-HEALTH-052,2026-02-08T23:41:00,2026-02-09T00:13:00,2026-02-09T02:13:00,TRUE_POSITIVE,False,,ANALYST_VERMA,True,True,True,CLOSED,DEMO/SYNTHETIC - NOT REAL GOVERNMENT DATA
CSE-HEALTH-03,ALT-HEALTH-2026-02976,2026-Q1,2026-02-09T16:25:00,HIGH,UNAUTHORIZED_ACCESS,SIEM-SENSOR-HEALTH,AST-HEALTH-058,2026-02-09T16:35:00,2026-02-09T16:51:00,2026-02-09T19:51:00,TRUE_POSITIVE,True,2026-02-09T17:11:00,ANALYST_RAO,False,False,True,CLOSED,DEMO/SYNTHETIC - NOT REAL GOVERNMENT DATA
CSE-HEALTH-03,ALT-HEALTH-2026-02977,2026-Q1,2026-01-01T02:36:00,CRITICAL,PRIVILEGE_ESCALATION,SIEM-SENSOR-HEALTH,AST-HEALTH-030,2026-01-01T02:46:00,2026-01-01T03:10:00,2026-01-01T04:10:00,TRUE_POSITIVE,False,,ANALYST_SINGH,False,False,True,CLOSED,DEMO/SYNTHETIC - NOT REAL GOVERNMENT DATA
CSE-HEALTH-03,ALT-HEALTH-2026-02978,2026-Q1,2026-03-22T21:30:00,MEDIUM,BRUTE_FORCE,SIEM-SENSOR-HEALTH,AST-HEALTH-027,2026-03-22T21:34:00,2026-03-22T21:53:00,2026-03-23T00:53:00,TRUE_POSITIVE,True,2026-03-22T22:13:00,ANALYST_RAO,False,True,True,CLOSED,DEMO/SYNTHETIC - NOT REAL GOVERNMENT DATA
CSE-HEALTH-03,ALT-HEALTH-2026-02979,2026-Q1,2026-02-05T18:04:00,MEDIUM,PRIVILEGE_ESCALATION,SIEM-SENSOR-HEALTH,AST-HEALTH-028,2026-02-05T18:06:00,2026-02-05T18:34:00,2026-02-05T19:34:00,TRUE_POSITIVE,False,,ANALYST_RAO,True,True,True,CLOSED,DEMO/SYNTHETIC - NOT REAL GOVERNMENT DATA
CSE-HEALTH-03,ALT-HEALTH-2026-02980,2026-Q1,2026-03-08T08:02:00,LOW,DDOS_ATTACK,SIEM-SENSOR-HEALTH,AST-HEALTH-027,2026-03-08T08:08:00,2026-03-08T08:37:00,2026-03-08T11:37:00,TRUE_POSITIVE,False,,ANALYST_PATEL,True,True,True,CLOSED,DEMO/SYNTHETIC - NOT REAL GOVERNMENT DATA
CSE-HEALTH-03,ALT-HEALTH-2026-02981,2026-Q1,2026-01-19T14:05:00,CRITICAL,DATA_EXFILTRATION,SIEM-SENSOR-HEALTH,AST-HEALTH-014,2026-01-19T14:20:00,2026-01-19T14:54:00,2026-01-19T17:54:00,TRUE_POSITIVE,False,,ANALYST_VERMA,True,False,True,CLOSED,DEMO/SYNTHETIC - NOT REAL GOVERNMENT DATA
CSE-HEALTH-03,ALT-HEALTH-2026-02982,2026-Q1,2026-03-02T22:01:00,MEDIUM,SCADA_COMMAND_ANOMALY,SIEM-SENSOR-HEALTH,AST-HEALTH-013,2026-03-02T22:08:00,2026-03-02T22:38:00,2026-03-02T23:38:00,TRUE_POSITIVE,False,,ANALYST_PATEL,False,True,True,CLOSED,DEMO/SYNTHETIC - NOT REAL GOVERNMENT DATA
CSE-HEALTH-03,ALT-HEALTH-2026-02983,2026-Q1,2026-01-28T07:36:00,MEDIUM,MALWARE,SIEM-SENSOR-HEALTH,AST-HEALTH-032,2026-01-28T07:42:00,2026-01-28T08:02:00,2026-01-28T13:02:00,TRUE_POSITIVE,False,,ANALYST_SINGH,True,False,True,CLOSED,DEMO/SYNTHETIC - NOT REAL GOVERNMENT DATA
CSE-HEALTH-03,ALT-HEALTH-2026-02984,2026-Q1,2026-01-16T03:44:00,LOW,MALWARE,SIEM-SENSOR-HEALTH,AST-HEALTH-038,2026-01-16T03:49:00,2026-01-16T04:03:00,2026-01-16T09:03:00,TRUE_POSITIVE,False,,ANALYST_PATEL,False,True,True,CLOSED,DEMO/SYNTHETIC - NOT REAL GOVERNMENT DATA
CSE-HEALTH-03,ALT-HEALTH-2026-02985,2026-Q1,2026-02-24T05:55:00,HIGH,SCADA_COMMAND_ANOMALY,SIEM-SENSOR-HEALTH,AST-HEALTH-015,2026-02-24T06:03:00,2026-02-24T06:42:00,2026-02-24T11:42:00,TRUE_POSITIVE,True,2026-02-24T07:02:00,ANALYST_PATEL,True,True,True,CLOSED,DEMO/SYNTHETIC - NOT REAL GOVERNMENT DATA
CSE-HEALTH-03,ALT-HEALTH-2026-02986,2026-Q1,2026-03-15T02:31:00,MEDIUM,BRUTE_FORCE,SIEM-SENSOR-HEALTH,AST-HEALTH-056,2026-03-15T02:48:00,2026-03-15T03:17:00,2026-03-15T04:17:00,TRUE_POSITIVE,True,2026-03-15T03:37:00,ANALYST_SHARMA,True,False,True,CLOSED,DEMO/SYNTHETIC - NOT REAL GOVERNMENT DATA
CSE-HEALTH-03,ALT-HEALTH-2026-02987,2026-Q1,2026-01-31T07:45:00,HIGH,BRUTE_FORCE,SIEM-SENSOR-HEALTH,AST-HEALTH-032,2026-01-31T07:58:00,2026-01-31T08:14:00,2026-01-31T09:14:00,TRUE_POSITIVE,False,,ANALYST_VERMA,True,True,True,CLOSED,DEMO/SYNTHETIC - NOT REAL GOVERNMENT DATA
CSE-HEALTH-03,ALT-HEALTH-2026-02988,2026-Q1,2026-03-11T14:46:00,HIGH,DATA_EXFILTRATION,SIEM-SENSOR-HEALTH,AST-HEALTH-046,2026-03-11T14:56:00,2026-03-11T15:28:00,2026-03-11T16:28:00,TRUE_POSITIVE,False,,ANALYST_SHARMA,True,False,True,CLOSED,DEMO/SYNTHETIC - NOT REAL GOVERNMENT DATA
CSE-HEALTH-03,ALT-HEALTH-2026-02989,2026-Q1,2026-03-05T02:48:00,LOW,SCADA_COMMAND_ANOMALY,SIEM-SENSOR-HEALTH,AST-HEALTH-022,2026-03-05T03:07:00,2026-03-05T03:22:00,2026-03-05T04:22:00,TRUE_POSITIVE,False,,ANALYST_PATEL,True,True,True,CLOSED,DEMO/SYNTHETIC - NOT REAL GOVERNMENT DATA
CSE-HEALTH-03,ALT-HEALTH-2026-02990,2026-Q1,2026-01-13T12:12:00,MEDIUM,POLICY_VIOLATION,SIEM-SENSOR-HEALTH,AST-HEALTH-001,2026-01-13T12:30:00,2026-01-13T12:53:00,2026-01-13T15:53:00,TRUE_POSITIVE,False,,ANALYST_VERMA,False,False,True,CLOSED,DEMO/SYNTHETIC - NOT REAL GOVERNMENT DATA
CSE-HEALTH-03,ALT-HEALTH-2026-02991,2026-Q1,2026-02-26T07:09:00,LOW,MALWARE,SIEM-SENSOR-HEALTH,AST-HEALTH-028,2026-02-26T07:15:00,2026-02-26T07:33:00,2026-02-26T09:33:00,TRUE_POSITIVE,False,,ANALYST_VERMA,True,False,True,CLOSED,DEMO/SYNTHETIC - NOT REAL GOVERNMENT DATA
CSE-HEALTH-03,ALT-HEALTH-2026-02992,2026-Q1,2026-01-28T12:32:00,MEDIUM,MALWARE,SIEM-SENSOR-HEALTH,AST-HEALTH-044,2026-01-28T12:37:00,2026-01-28T12:56:00,2026-01-28T15:56:00,TRUE_POSITIVE,False,,ANALYST_RAO,False,False,True,CLOSED,DEMO/SYNTHETIC - NOT REAL GOVERNMENT DATA
CSE-HEALTH-03,ALT-HEALTH-2026-02993,2026-Q1,2026-03-11T08:30:00,HIGH,UNAUTHORIZED_ACCESS,SIEM-SENSOR-HEALTH,AST-HEALTH-036,2026-03-11T08:46:00,2026-03-11T09:05:00,2026-03-11T10:05:00,TRUE_POSITIVE,False,,ANALYST_RAO,True,True,True,CLOSED,DEMO/SYNTHETIC - NOT REAL GOVERNMENT DATA
CSE-HEALTH-03,ALT-HEALTH-2026-02994,2026-Q1,2026-01-10T00:22:00,MEDIUM,DATA_EXFILTRATION,SIEM-SENSOR-HEALTH,AST-HEALTH-005,2026-01-10T00:34:00,2026-01-10T00:49:00,2026-01-10T03:49:00,TRUE_POSITIVE,False,,ANALYST_SINGH,True,False,True,CLOSED,DEMO/SYNTHETIC - NOT REAL GOVERNMENT DATA
CSE-HEALTH-03,ALT-HEALTH-2026-02995,2026-Q1,2026-02-04T21:34:00,MEDIUM,DATA_EXFILTRATION,SIEM-SENSOR-HEALTH,AST-HEALTH-048,2026-02-04T21:54:00,2026-02-04T22:34:00,2026-02-05T03:34:00,TRUE_POSITIVE,False,,ANALYST_SHARMA,False,False,True,CLOSED,DEMO/SYNTHETIC - NOT REAL GOVERNMENT DATA
CSE-HEALTH-03,ALT-HEALTH-2026-02996,2026-Q1,2026-03-19T14:30:00,HIGH,DATA_EXFILTRATION,SIEM-SENSOR-HEALTH,AST-HEALTH-064,2026-03-19T14:49:00,2026-03-19T15:24:00,2026-03-19T16:24:00,TRUE_POSITIVE,False,,ANALYST_VERMA,False,True,True,CLOSED,DEMO/SYNTHETIC - NOT REAL GOVERNMENT DATA
CSE-HEALTH-03,ALT-HEALTH-2026-02997,2026-Q1,2026-02-24T13:11:00,HIGH,UNAUTHORIZED_ACCESS,SIEM-SENSOR-HEALTH,AST-HEALTH-014,2026-02-24T13:18:00,2026-02-24T13:33:00,2026-02-24T14:33:00,TRUE_POSITIVE,False,,ANALYST_SINGH,False,True,True,CLOSED,DEMO/SYNTHETIC - NOT REAL GOVERNMENT DATA
CSE-HEALTH-03,ALT-HEALTH-2026-02998,2026-Q1,2026-01-16T08:39:00,LOW,SCADA_COMMAND_ANOMALY,SIEM-SENSOR-HEALTH,AST-HEALTH-061,2026-01-16T08:50:00,2026-01-16T09:16:00,2026-01-16T12:16:00,TRUE_POSITIVE,False,,ANALYST_VERMA,True,True,True,CLOSED,DEMO/SYNTHETIC - NOT REAL GOVERNMENT DATA
CSE-HEALTH-03,ALT-HEALTH-2026-02999,2026-Q1,2026-03-08T21:43:00,HIGH,PRIVILEGE_ESCALATION,SIEM-SENSOR-HEALTH,AST-HEALTH-055,2026-03-08T21:49:00,2026-03-08T22:22:00,2026-03-08T23:22:00,TRUE_POSITIVE,False,,ANALYST_PATEL,True,True,True,CLOSED,DEMO/SYNTHETIC - NOT REAL GOVERNMENT DATA
CSE-HEALTH-03,ALT-HEALTH-2026-03000,2026-Q1,2026-01-23T00:46:00,MEDIUM,SCADA_COMMAND_ANOMALY,SIEM-SENSOR-HEALTH,AST-HEALTH-001,2026-01-23T01:04:00,2026-01-23T01:30:00,2026-01-23T03:30:00,TRUE_POSITIVE,True,2026-01-23T01:50:00,ANALYST_PATEL,False,False,True,CLOSED,DEMO/SYNTHETIC - NOT REAL GOVERNMENT DATA
CSE-HEALTH-03,ALT-HEALTH-2026-03001,2026-Q1,2026-01-17T11:11:00,MEDIUM,UNAUTHORIZED_ACCESS,SIEM-SENSOR-HEALTH,AST-HEALTH-036,2026-01-17T11:19:00,2026-01-17T11:49:00,2026-01-17T14:49:00,TRUE_POSITIVE,False,,ANALYST_VERMA,True,True,True,CLOSED,DEMO/SYNTHETIC - NOT REAL GOVERNMENT DATA
CSE-HEALTH-03,ALT-HEALTH-2026-03002,2026-Q1,2026-01-21T15:55:00,MEDIUM,MALWARE,SIEM-SENSOR-HEALTH,AST-HEALTH-002,2026-01-21T16:07:00,2026-01-21T16:19:00,2026-01-21T17:19:00,TRUE_POSITIVE,True,2026-01-21T16:39:00,ANALYST_VERMA,False,True,True,CLOSED,DEMO/SYNTHETIC - NOT REAL GOVERNMENT DATA
CSE-HEALTH-03,ALT-HEALTH-2026-03003,2026-Q1,2026-03-13T04:54:00,MEDIUM,POLICY_VIOLATION,SIEM-SENSOR-HEALTH,AST-HEALTH-032,2026-03-13T05:04:00,2026-03-13T05:43:00,2026-03-13T07:43:00,TRUE_POSITIVE,True,2026-03-13T06:03:00,ANALYST_RAO,False,True,True,CLOSED,DEMO/SYNTHETIC - NOT REAL GOVERNMENT DATA
CSE-HEALTH-03,ALT-HEALTH-2026-03004,2026-Q1,2026-02-08T01:35:00,CRITICAL,POLICY_VIOLATION,SIEM-SENSOR-HEALTH,AST-HEALTH-061,2026-02-08T01:37:00,2026-02-08T01:54:00,2026-02-08T05:54:00,TRUE_POSITIVE,False,,ANALYST_SHARMA,True,True,True,CLOSED,DEMO/SYNTHETIC - NOT REAL GOVERNMENT DATA
CSE-HEALTH-03,ALT-HEALTH-2026-03005,2026-Q1,2026-02-14T01:57:00,MEDIUM,PRIVILEGE_ESCALATION,SIEM-SENSOR-HEALTH,AST-HEALTH-019,2026-02-14T02:11:00,2026-02-14T02:21:00,2026-02-14T07:21:00,TRUE_POSITIVE,False,,ANALYST_RAO,False,False,True,CLOSED,DEMO/SYNTHETIC - NOT REAL GOVERNMENT DATA
CSE-HEALTH-03,ALT-HEALTH-2026-03006,2026-Q1,2026-03-15T05:43:00,CRITICAL,PRIVILEGE_ESCALATION,SIEM-SENSOR-HEALTH,AST-HEALTH-015,2026-03-15T05:47:00,2026-03-15T06:21:00,2026-03-15T08:21:00,TRUE_POSITIVE,True,2026-03-15T06:41:00,ANALYST_RAO,False,True,True,CLOSED,DEMO/SYNTHETIC - NOT REAL GOVERNMENT DATA
CSE-HEALTH-03,ALT-HEALTH-2026-03007,2026-Q1,2026-02-19T01:01:00,LOW,POLICY_VIOLATION,SIEM-SENSOR-HEALTH,AST-HEALTH-038,2026-02-19T01:11:00,2026-02-19T01:50:00,2026-02-19T02:50:00,TRUE_POSITIVE,True,2026-02-19T02:10:00,ANALYST_PATEL,True,True,True,CLOSED,DEMO/SYNTHETIC - NOT REAL GOVERNMENT DATA
CSE-HEALTH-03,ALT-HEALTH-2026-03008,2026-Q1,2026-01-08T07:25:00,HIGH,SCADA_COMMAND_ANOMALY,SIEM-SENSOR-HEALTH,AST-HEALTH-063,2026-01-08T07:42:00,2026-01-08T07:56:00,2026-01-08T10:56:00,TRUE_POSITIVE,False,,ANALYST_VERMA,False,False,True,CLOSED,DEMO/SYNTHETIC - NOT REAL GOVERNMENT DATA
CSE-HEALTH-03,ALT-HEALTH-2026-03009,2026-Q1,2026-01-14T04:20:00,MEDIUM,DDOS_ATTACK,SIEM-SENSOR-HEALTH,AST-HEALTH-065,2026-01-14T04:38:00,2026-01-14T05:10:00,2026-01-14T07:10:00,TRUE_POSITIVE,False,,ANALYST_RAO,True,True,True,CLOSED,DEMO/SYNTHETIC - NOT REAL GOVERNMENT DATA
CSE-HEALTH-03,ALT-HEALTH-2026-03010,2026-Q1,2026-02-26T17:58:00,MEDIUM,POLICY_VIOLATION,SIEM-SENSOR-HEALTH,AST-HEALTH-010,2026-02-26T18:09:00,2026-02-26T18:49:00,2026-02-26T20:49:00,TRUE_POSITIVE,False,,ANALYST_RAO,False,False,True,CLOSED,DEMO/SYNTHETIC - NOT REAL GOVERNMENT DATA
CSE-HEALTH-03,ALT-HEALTH-2026-03011,2026-Q1,2026-02-13T21:39:00,LOW,PRIVILEGE_ESCALATION,SIEM-SENSOR-HEALTH,AST-HEALTH-063,2026-02-13T21:59:00,2026-02-13T22:18:00,2026-02-14T02:18:00,TRUE_POSITIVE,False,,ANALYST_SHARMA,False,True,True,CLOSED,DEMO/SYNTHETIC - NOT REAL GOVERNMENT DATA
CSE-HEALTH-03,ALT-HEALTH-2026-03012,2026-Q1,2026-01-12T19:51:00,CRITICAL,UNAUTHORIZED_ACCESS,SIEM-SENSOR-HEALTH,AST-HEALTH-030,2026-01-12T19:59:00,2026-01-12T20:16:00,2026-01-13T00:16:00,TRUE_POSITIVE,False,,ANALYST_RAO,False,False,True,CLOSED,DEMO/SYNTHETIC - NOT REAL GOVERNMENT DATA
CSE-HEALTH-03,ALT-HEALTH-2026-03013,2026-Q1,2026-01-15T20:59:00,MEDIUM,RANSOMWARE,SIEM-SENSOR-HEALTH,AST-HEALTH-035,2026-01-15T21:11:00,2026-01-15T21:45:00,2026-01-15T22:45:00,TRUE_POSITIVE,False,,ANALYST_SHARMA,True,False,True,CLOSED,DEMO/SYNTHETIC - NOT REAL GOVERNMENT DATA
CSE-HEALTH-03,ALT-HEALTH-2026-03014,2026-Q1,2026-02-25T13:15:00,LOW,BRUTE_FORCE,SIEM-SENSOR-HEALTH,AST-HEALTH-035,2026-02-25T13:34:00,2026-02-25T13:58:00,2026-02-25T14:58:00,TRUE_POSITIVE,False,,ANALYST_VERMA,True,True,True,CLOSED,DEMO/SYNTHETIC - NOT REAL GOVERNMENT DATA
CSE-HEALTH-03,ALT-HEALTH-2026-03015,2026-Q1,2026-01-15T03:54:00,LOW,SCADA_COMMAND_ANOMALY,SIEM-SENSOR-HEALTH,AST-HEALTH-065,2026-01-15T04:06:00,2026-01-15T04:35:00,2026-01-15T07:35:00,TRUE_POSITIVE,False,,ANALYST_PATEL,False,False,True,CLOSED,DEMO/SYNTHETIC - NOT REAL GOVERNMENT DATA
CSE-HEALTH-03,ALT-HEALTH-2026-03016,2026-Q1,2026-02-19T10:42:00,MEDIUM,BRUTE_FORCE,SIEM-SENSOR-HEALTH,AST-HEALTH-061,2026-02-19T10:51:00,2026-02-19T11:13:00,2026-02-19T15:13:00,TRUE_POSITIVE,False,,ANALYST_VERMA,True,True,True,CLOSED,DEMO/SYNTHETIC - NOT REAL GOVERNMENT DATA
CSE-HEALTH-03,ALT-HEALTH-2026-03017,2026-Q1,2026-02-27T08:01:00,LOW,UNAUTHORIZED_ACCESS,SIEM-SENSOR-HEALTH,AST-HEALTH-012,2026-02-27T08:20:00,2026-02-27T08:31:00,2026-02-27T09:31:00,TRUE_POSITIVE,False,,ANALYST_PATEL,True,True,True,CLOSED,DEMO/SYNTHETIC - NOT REAL GOVERNMENT DATA
CSE-HEALTH-03,ALT-HEALTH-2026-03018,2026-Q1,2026-01-24T08:53:00,HIGH,MALWARE,SIEM-SENSOR-HEALTH,AST-HEALTH-050,2026-01-24T09:03:00,2026-01-24T09:43:00,2026-01-24T14:43:00,TRUE_POSITIVE,False,,ANALYST_RAO,True,False,True,CLOSED,DEMO/SYNTHETIC - NOT REAL GOVERNMENT DATA
CSE-HEALTH-03,ALT-HEALTH-2026-03019,2026-Q1,2026-03-19T20:42:00,MEDIUM,POLICY_VIOLATION,SIEM-SENSOR-HEALTH,AST-HEALTH-065,2026-03-19T20:54:00,2026-03-19T21:06:00,2026-03-20T01:06:00,TRUE_POSITIVE,False,,ANALYST_RAO,True,False,True,CLOSED,DEMO/SYNTHETIC - NOT REAL GOVERNMENT DATA
CSE-HEALTH-03,ALT-HEALTH-2026-03020,2026-Q1,2026-03-13T01:57:00,MEDIUM,RANSOMWARE,SIEM-SENSOR-HEALTH,AST-HEALTH-035,2026-03-13T02:07:00,2026-03-13T02:34:00,2026-03-13T07:34:00,TRUE_POSITIVE,False,,ANALYST_RAO,False,True,True,CLOSED,DEMO/SYNTHETIC - NOT REAL GOVERNMENT DATA
CSE-HEALTH-03,ALT-HEALTH-2026-03021,2026-Q1,2026-03-09T01:38:00,LOW,UNAUTHORIZED_ACCESS,SIEM-SENSOR-HEALTH,AST-HEALTH-001,2026-03-09T01:58:00,2026-03-09T02:18:00,2026-03-09T06:18:00,TRUE_POSITIVE,False,,ANALYST_SINGH,False,False,True,CLOSED,DEMO/SYNTHETIC - NOT REAL GOVERNMENT DATA
CSE-HEALTH-03,ALT-HEALTH-2026-03022,2026-Q1,2026-03-10T22:13:00,HIGH,RANSOMWARE,SIEM-SENSOR-HEALTH,AST-HEALTH-011,2026-03-10T22:30:00,2026-03-10T22:58:00,2026-03-11T00:58:00,TRUE_POSITIVE,False,,ANALYST_SINGH,True,True,True,CLOSED,DEMO/SYNTHETIC - NOT REAL GOVERNMENT DATA
CSE-HEALTH-03,ALT-HEALTH-2026-03023,2026-Q1,2026-01-31T22:03:00,MEDIUM,UNAUTHORIZED_ACCESS,SIEM-SENSOR-HEALTH,AST-HEALTH-044,2026-01-31T22:23:00,2026-01-31T22:51:00,2026-01-31T23:51:00,TRUE_POSITIVE,False,,ANALYST_PATEL,True,True,True,CLOSED,DEMO/SYNTHETIC - NOT REAL GOVERNMENT DATA
CSE-HEALTH-03,ALT-HEALTH-2026-03024,2026-Q1,2026-02-18T14:07:00,CRITICAL,BRUTE_FORCE,SIEM-SENSOR-HEALTH,AST-HEALTH-057,2026-02-18T14:21:00,2026-02-18T14:42:00,2026-02-18T15:42:00,TRUE_POSITIVE,True,2026-02-18T15:02:00,ANALYST_PATEL,False,True,True,CLOSED,DEMO/SYNTHETIC - NOT REAL GOVERNMENT DATA
CSE-HEALTH-03,ALT-HEALTH-2026-03025,2026-Q1,2026-01-21T00:34:00,MEDIUM,RANSOMWARE,SIEM-SENSOR-HEALTH,AST-HEALTH-064,2026-01-21T00:54:00,2026-01-21T01:12:00,2026-01-21T04:12:00,TRUE_POSITIVE,False,,ANALYST_RAO,False,True,True,CLOSED,DEMO/SYNTHETIC - NOT REAL GOVERNMENT DATA
CSE-HEALTH-03,ALT-HEALTH-2026-03026,2026-Q1,2026-03-09T11:55:00,LOW,DDOS_ATTACK,SIEM-SENSOR-HEALTH,AST-HEALTH-050,2026-03-09T12:05:00,2026-03-09T12:43:00,2026-03-09T17:43:00,TRUE_POSITIVE,False,,ANALYST_RAO,True,True,True,CLOSED,DEMO/SYNTHETIC - NOT REAL GOVERNMENT DATA
CSE-HEALTH-03,ALT-HEALTH-2026-03027,2026-Q1,2026-01-19T13:33:00,MEDIUM,BRUTE_FORCE,SIEM-SENSOR-HEALTH,AST-HEALTH-001,2026-01-19T13:52:00,2026-01-19T14:29:00,2026-01-19T18:29:00,TRUE_POSITIVE,False,,ANALYST_SINGH,False,False,True,CLOSED,DEMO/SYNTHETIC - NOT REAL GOVERNMENT DATA
CSE-HEALTH-03,ALT-HEALTH-2026-03028,2026-Q1,2026-01-31T05:03:00,CRITICAL,POLICY_VIOLATION,SIEM-SENSOR-HEALTH,AST-HEALTH-006,2026-01-31T05:05:00,2026-01-31T05:30:00,2026-01-31T10:30:00,TRUE_POSITIVE,True,2026-01-31T05:50:00,ANALYST_VERMA,False,True,True,CLOSED,DEMO/SYNTHETIC - NOT REAL GOVERNMENT DATA
CSE-HEALTH-03,ALT-HEALTH-2026-03029,2026-Q1,2026-01-23T10:21:00,LOW,SCADA_COMMAND_ANOMALY,SIEM-SENSOR-HEALTH,AST-HEALTH-015,2026-01-23T10:26:00,2026-01-23T10:41:00,2026-01-23T14:41:00,TRUE_POSITIVE,False,,ANALYST_SHARMA,True,True,True,CLOSED,DEMO/SYNTHETIC - NOT REAL GOVERNMENT DATA
CSE-HEALTH-03,ALT-HEALTH-2026-03030,2026-Q1,2026-01-04T14:32:00,LOW,DATA_EXFILTRATION,SIEM-SENSOR-HEALTH,AST-HEALTH-017,2026-01-04T14:46:00,2026-01-04T15:10:00,2026-01-04T19:10:00,TRUE_POSITIVE,False,,ANALYST_RAO,False,True,True,CLOSED,DEMO/SYNTHETIC - NOT REAL GOVERNMENT DATA
CSE-HEALTH-03,ALT-HEALTH-2026-03031,2026-Q1,2026-01-18T11:38:00,MEDIUM,DDOS_ATTACK,SIEM-SENSOR-HEALTH,AST-HEALTH-041,2026-01-18T11:42:00,2026-01-18T11:57:00,2026-01-18T14:57:00,TRUE_POSITIVE,False,,ANALYST_SINGH,False,False,True,CLOSED,DEMO/SYNTHETIC - NOT REAL GOVERNMENT DATA
CSE-HEALTH-03,ALT-HEALTH-2026-03032,2026-Q1,2026-02-26T18:42:00,LOW,PRIVILEGE_ESCALATION,SIEM-SENSOR-HEALTH,AST-HEALTH-012,2026-02-26T18:56:00,2026-02-26T19:08:00,2026-02-26T22:08:00,TRUE_POSITIVE,False,,ANALYST_PATEL,False,True,True,CLOSED,DEMO/SYNTHETIC - NOT REAL GOVERNMENT DATA
CSE-HEALTH-03,ALT-HEALTH-2026-03033,2026-Q1,2026-02-03T00:44:00,LOW,UNAUTHORIZED_ACCESS,SIEM-SENSOR-HEALTH,AST-HEALTH-043,2026-02-03T00:55:00,2026-02-03T01:14:00,2026-02-03T06:14:00,TRUE_POSITIVE,False,,ANALYST_RAO,False,False,True,CLOSED,DEMO/SYNTHETIC - NOT REAL GOVERNMENT DATA
CSE-HEALTH-03,ALT-HEALTH-2026-03034,2026-Q1,2026-01-15T13:22:00,HIGH,POLICY_VIOLATION,SIEM-SENSOR-HEALTH,AST-HEALTH-028,2026-01-15T13:25:00,2026-01-15T13:49:00,2026-01-15T17:49:00,TRUE_POSITIVE,False,,ANALYST_PATEL,True,True,True,CLOSED,DEMO/SYNTHETIC - NOT REAL GOVERNMENT DATA
CSE-HEALTH-03,ALT-HEALTH-2026-03035,2026-Q1,2026-01-20T08:41:00,HIGH,UNAUTHORIZED_ACCESS,SIEM-SENSOR-HEALTH,AST-HEALTH-031,2026-01-20T08:53:00,2026-01-20T09:18:00,2026-01-20T14:18:00,TRUE_POSITIVE,False,,ANALYST_SHARMA,True,False,True,CLOSED,DEMO/SYNTHETIC - NOT REAL GOVERNMENT DATA
CSE-HEALTH-03,ALT-HEALTH-2026-03036,2026-Q1,2026-02-14T17:04:00,HIGH,MALWARE,SIEM-SENSOR-HEALTH,AST-HEALTH-036,2026-02-14T17:07:00,2026-02-14T17:42:00,2026-02-14T21:42:00,TRUE_POSITIVE,False,,ANALYST_RAO,True,True,True,CLOSED,DEMO/SYNTHETIC - NOT REAL GOVERNMENT DATA
CSE-HEALTH-03,ALT-HEALTH-2026-03037,2026-Q1,2026-01-06T21:51:00,MEDIUM,SCADA_COMMAND_ANOMALY,SIEM-SENSOR-HEALTH,AST-HEALTH-007,2026-01-06T22:11:00,2026-01-06T22:25:00,2026-01-07T00:25:00,TRUE_POSITIVE,False,,ANALYST_SHARMA,False,True,True,CLOSED,DEMO/SYNTHETIC - NOT REAL GOVERNMENT DATA
CSE-HEALTH-03,ALT-HEALTH-2026-03038,2026-Q1,2026-03-19T20:14:00,MEDIUM,DDOS_ATTACK,SIEM-SENSOR-HEALTH,AST-HEALTH-001,2026-03-19T20:30:00,2026-03-19T21:00:00,2026-03-20T01:00:00,TRUE_POSITIVE,True,2026-03-19T21:20:00,ANALYST_SHARMA,False,False,True,CLOSED,DEMO/SYNTHETIC - NOT REAL GOVERNMENT DATA
CSE-HEALTH-03,ALT-HEALTH-2026-03039,2026-Q1,2026-02-12T16:04:00,LOW,RANSOMWARE,SIEM-SENSOR-HEALTH,AST-HEALTH-017,2026-02-12T16:09:00,2026-02-12T16:25:00,2026-02-12T19:25:00,TRUE_POSITIVE,False,,ANALYST_SINGH,True,True,True,CLOSED,DEMO/SYNTHETIC - NOT REAL GOVERNMENT DATA
CSE-HEALTH-03,ALT-HEALTH-2026-03040,2026-Q1,2026-01-01T02:42:00,LOW,SCADA_COMMAND_ANOMALY,SIEM-SENSOR-HEALTH,AST-HEALTH-017,2026-01-01T02:50:00,2026-01-01T03:20:00,2026-01-01T05:20:00,TRUE_POSITIVE,False,,ANALYST_VERMA,False,True,True,CLOSED,DEMO/SYNTHETIC - NOT REAL GOVERNMENT DATA
CSE-TRANS-04,ALT-TRANS-2026-03041,2026-Q1,2026-01-29T01:17:00,LOW,DDOS_ATTACK,SIEM-SENSOR-TRANS,AST-TRANS-061,2026-01-29T01:19:00,2026-01-29T01:43:00,2026-01-29T02:43:00,RESOLVED,False,,ANALYST_RAO,False,False,False,CLOSED,DEMO/SYNTHETIC - NOT REAL GOVERNMENT DATA
CSE-TRANS-04,ALT-TRANS-2026-03042,2026-Q1,2026-02-17T07:14:00,HIGH,BRUTE_FORCE,SIEM-SENSOR-TRANS,AST-TRANS-044,2026-02-17T07:25:00,2026-02-17T07:51:00,2026-02-17T09:51:00,RESOLVED,False,,ANALYST_SINGH,False,False,False,CLOSED,DEMO/SYNTHETIC - NOT REAL GOVERNMENT DATA
CSE-TRANS-04,ALT-TRANS-2026-03043,2026-Q1,2026-02-23T05:53:00,LOW,SCADA_COMMAND_ANOMALY,SIEM-SENSOR-TRANS,AST-TRANS-059,2026-02-23T06:01:00,2026-02-23T06:14:00,2026-02-23T09:14:00,RESOLVED,False,,ANALYST_RAO,False,False,False,CLOSED,DEMO/SYNTHETIC - NOT REAL GOVERNMENT DATA
CSE-TRANS-04,ALT-TRANS-2026-03044,2026-Q1,2026-01-31T07:24:00,HIGH,MALWARE,SIEM-SENSOR-TRANS,AST-TRANS-015,2026-01-31T07:30:00,2026-01-31T07:58:00,2026-01-31T11:58:00,RESOLVED,False,,ANALYST_RAO,False,False,False,CLOSED,DEMO/SYNTHETIC - NOT REAL GOVERNMENT DATA
CSE-TRANS-04,ALT-TRANS-2026-03045,2026-Q1,2026-03-08T14:48:00,CRITICAL,DDOS_ATTACK,SIEM-SENSOR-TRANS,AST-TRANS-025,2026-03-08T14:56:00,2026-03-08T15:07:00,2026-03-08T17:07:00,RESOLVED,False,,ANALYST_PATEL,False,False,False,CLOSED,DEMO/SYNTHETIC - NOT REAL GOVERNMENT DATA
CSE-TRANS-04,ALT-TRANS-2026-03046,2026-Q1,2026-01-21T03:27:00,MEDIUM,SCADA_COMMAND_ANOMALY,SIEM-SENSOR-TRANS,AST-TRANS-092,2026-01-21T03:30:00,2026-01-21T03:54:00,2026-01-21T04:54:00,RESOLVED,True,2026-01-21T04:14:00,ANALYST_PATEL,False,False,False,CLOSED,DEMO/SYNTHETIC - NOT REAL GOVERNMENT DATA
CSE-TRANS-04,ALT-TRANS-2026-03047,2026-Q1,2026-01-11T22:52:00,LOW,PRIVILEGE_ESCALATION,SIEM-SENSOR-TRANS,AST-TRANS-044,2026-01-11T23:02:00,2026-01-11T23:14:00,2026-01-12T01:14:00,RESOLVED,False,,ANALYST_SINGH,False,False,False,CLOSED,DEMO/SYNTHETIC - NOT REAL GOVERNMENT DATA
CSE-TRANS-04,ALT-TRANS-2026-03048,2026-Q1,2026-01-13T05:06:00,MEDIUM,RANSOMWARE,SIEM-SENSOR-TRANS,AST-TRANS-089,2026-01-13T05:17:00,2026-01-13T05:27:00,2026-01-13T06:27:00,RESOLVED,False,,ANALYST_VERMA,False,False,False,CLOSED,DEMO/SYNTHETIC - NOT REAL GOVERNMENT DATA
CSE-TRANS-04,ALT-TRANS-2026-03049,2026-Q1,2026-03-17T09:17:00,LOW,PRIVILEGE_ESCALATION,SIEM-SENSOR-TRANS,AST-TRANS-081,2026-03-17T09:34:00,2026-03-17T09:57:00,2026-03-17T13:57:00,RESOLVED,False,,ANALYST_RAO,False,False,False,CLOSED,DEMO/SYNTHETIC - NOT REAL GOVERNMENT DATA
CSE-TRANS-04,ALT-TRANS-2026-03050,2026-Q1,2026-02-18T04:22:00,HIGH,POLICY_VIOLATION,SIEM-SENSOR-TRANS,AST-TRANS-014,2026-02-18T04:39:00,2026-02-18T04:52:00,2026-02-18T06:52:00,RESOLVED,True,2026-02-18T05:12:00,ANALYST_SHARMA,False,False,False,CLOSED,DEMO/SYNTHETIC - NOT REAL GOVERNMENT DATA
CSE-TRANS-04,ALT-TRANS-2026-03051,2026-Q1,2026-02-09T11:44:00,LOW,DATA_EXFILTRATION,SIEM-SENSOR-TRANS,AST-TRANS-016,2026-02-09T11:56:00,2026-02-09T12:18:00,2026-02-09T15:18:00,RESOLVED,False,,ANALYST_SINGH,False,False,False,CLOSED,DEMO/SYNTHETIC - NOT REAL GOVERNMENT DATA
CSE-TRANS-04,ALT-TRANS-2026-03052,2026-Q1,2026-01-23T06:00:00,CRITICAL,MALWARE,SIEM-SENSOR-TRANS,AST-TRANS-024,2026-01-23T06:07:00,2026-01-23T06:21:00,2026-01-23T08:21:00,RESOLVED,False,,ANALYST_RAO,False,False,False,CLOSED,DEMO/SYNTHETIC - NOT REAL GOVERNMENT DATA
CSE-TRANS-04,ALT-TRANS-2026-03053,2026-Q1,2026-02-27T02:25:00,LOW,DATA_EXFILTRATION,SIEM-SENSOR-TRANS,AST-TRANS-030,2026-02-27T02:33:00,2026-02-27T02:54:00,2026-02-27T03:54:00,RESOLVED,False,,ANALYST_VERMA,False,False,False,CLOSED,DEMO/SYNTHETIC - NOT REAL GOVERNMENT DATA
CSE-TRANS-04,ALT-TRANS-2026-03054,2026-Q1,2026-02-27T20:47:00,HIGH,BRUTE_FORCE,SIEM-SENSOR-TRANS,AST-TRANS-009,2026-02-27T20:59:00,2026-02-27T21:13:00,2026-02-27T23:13:00,RESOLVED,False,,ANALYST_SHARMA,False,False,False,CLOSED,DEMO/SYNTHETIC - NOT REAL GOVERNMENT DATA
CSE-TRANS-04,ALT-TRANS-2026-03055,2026-Q1,2026-01-02T19:59:00,MEDIUM,RANSOMWARE,SIEM-SENSOR-TRANS,AST-TRANS-093,2026-01-02T20:14:00,2026-01-02T20:39:00,2026-01-03T00:39:00,RESOLVED,False,,ANALYST_SHARMA,False,False,False,CLOSED,DEMO/SYNTHETIC - NOT REAL GOVERNMENT DATA
CSE-TRANS-04,ALT-TRANS-2026-03056,2026-Q1,2026-01-15T23:49:00,CRITICAL,RANSOMWARE,SIEM-SENSOR-TRANS,AST-TRANS-010,2026-01-15T23:53:00,2026-01-16T00:04:00,2026-01-16T01:04:00,RESOLVED,True,2026-01-16T00:24:00,ANALYST_SHARMA,False,False,False,CLOSED,DEMO/SYNTHETIC - NOT REAL GOVERNMENT DATA
CSE-TRANS-04,ALT-TRANS-2026-03057,2026-Q1,2026-02-03T12:02:00,CRITICAL,PRIVILEGE_ESCALATION,SIEM-SENSOR-TRANS,AST-TRANS-024,2026-02-03T12:13:00,2026-02-03T12:41:00,2026-02-03T15:41:00,RESOLVED,False,,ANALYST_SHARMA,False,False,False,CLOSED,DEMO/SYNTHETIC - NOT REAL GOVERNMENT DATA
CSE-TRANS-04,ALT-TRANS-2026-03058,2026-Q1,2026-02-23T17:51:00,MEDIUM,PRIVILEGE_ESCALATION,SIEM-SENSOR-TRANS,AST-TRANS-012,2026-02-23T17:59:00,2026-02-23T18:26:00,2026-02-23T21:26:00,RESOLVED,False,,ANALYST_SHARMA,False,False,False,CLOSED,DEMO/SYNTHETIC - NOT REAL GOVERNMENT DATA
CSE-TRANS-04,ALT-TRANS-2026-03059,2026-Q1,2026-01-24T04:29:00,MEDIUM,SCADA_COMMAND_ANOMALY,SIEM-SENSOR-TRANS,AST-TRANS-030,2026-01-24T04:36:00,2026-01-24T05:05:00,2026-01-24T06:05:00,RESOLVED,False,,ANALYST_PATEL,False,False,False,CLOSED,DEMO/SYNTHETIC - NOT REAL GOVERNMENT DATA
CSE-TRANS-04,ALT-TRANS-2026-03060,2026-Q1,2026-01-24T09:17:00,MEDIUM,SCADA_COMMAND_ANOMALY,SIEM-SENSOR-TRANS,AST-TRANS-003,2026-01-24T09:32:00,2026-01-24T10:01:00,2026-01-24T14:01:00,RESOLVED,False,,ANALYST_SINGH,False,False,False,CLOSED,DEMO/SYNTHETIC - NOT REAL GOVERNMENT DATA
CSE-TRANS-04,ALT-TRANS-2026-03061,2026-Q1,2026-02-21T10:19:00,HIGH,PRIVILEGE_ESCALATION,SIEM-SENSOR-TRANS,AST-TRANS-077,2026-02-21T10:38:00,2026-02-21T11:06:00,2026-02-21T12:06:00,RESOLVED,False,,ANALYST_VERMA,False,False,False,CLOSED,DEMO/SYNTHETIC - NOT REAL GOVERNMENT DATA
CSE-TRANS-04,ALT-TRANS-2026-03062,2026-Q1,2026-01-31T02:10:00,LOW,DATA_EXFILTRATION,SIEM-SENSOR-TRANS,AST-TRANS-044,2026-01-31T02:20:00,2026-01-31T02:44:00,2026-01-31T05:44:00,RESOLVED,False,,ANALYST_VERMA,False,False,False,CLOSED,DEMO/SYNTHETIC - NOT REAL GOVERNMENT DATA
CSE-TRANS-04,ALT-TRANS-2026-03063,2026-Q1,2026-01-09T02:25:00,CRITICAL,SCADA_COMMAND_ANOMALY,SIEM-SENSOR-TRANS,AST-TRANS-034,2026-01-09T02:44:00,2026-01-09T02:57:00,2026-01-09T04:57:00,RESOLVED,False,,ANALYST_SINGH,False,False,False,CLOSED,DEMO/SYNTHETIC - NOT REAL GOVERNMENT DATA
CSE-TRANS-04,ALT-TRANS-2026-03064,2026-Q1,2026-01-28T20:45:00,HIGH,DATA_EXFILTRATION,SIEM-SENSOR-TRANS,AST-TRANS-082,2026-01-28T20:56:00,2026-01-28T21:14:00,2026-01-29T01:14:00,RESOLVED,False,,ANALYST_PATEL,False,False,False,CLOSED,DEMO/SYNTHETIC - NOT REAL GOVERNMENT DATA
CSE-TRANS-04,ALT-TRANS-2026-03065,2026-Q1,2026-02-08T17:19:00,MEDIUM,DDOS_ATTACK,SIEM-SENSOR-TRANS,AST-TRANS-080,2026-02-08T17:30:00,2026-02-08T17:50:00,2026-02-08T18:50:00,RESOLVED,False,,ANALYST_RAO,False,False,False,CLOSED,DEMO/SYNTHETIC - NOT REAL GOVERNMENT DATA
CSE-TRANS-04,ALT-TRANS-2026-03066,2026-Q1,2026-03-22T11:29:00,HIGH,BRUTE_FORCE,SIEM-SENSOR-TRANS,AST-TRANS-033,2026-03-22T11:43:00,2026-03-22T11:54:00,2026-03-22T15:54:00,RESOLVED,True,2026-03-22T12:14:00,ANALYST_VERMA,False,False,False,CLOSED,DEMO/SYNTHETIC - NOT REAL GOVERNMENT DATA
CSE-TRANS-04,ALT-TRANS-2026-03067,2026-Q1,2026-01-26T18:05:00,HIGH,SCADA_COMMAND_ANOMALY,SIEM-SENSOR-TRANS,AST-TRANS-017,2026-01-26T18:19:00,2026-01-26T18:38:00,2026-01-26T22:38:00,RESOLVED,False,,ANALYST_SINGH,False,False,False,CLOSED,DEMO/SYNTHETIC - NOT REAL GOVERNMENT DATA
CSE-TRANS-04,ALT-TRANS-2026-03068,2026-Q1,2026-01-17T06:46:00,MEDIUM,PRIVILEGE_ESCALATION,SIEM-SENSOR-TRANS,AST-TRANS-034,2026-01-17T06:52:00,2026-01-17T07:12:00,2026-01-17T08:12:00,RESOLVED,False,,ANALYST_RAO,False,False,False,CLOSED,DEMO/SYNTHETIC - NOT REAL GOVERNMENT DATA
CSE-TRANS-04,ALT-TRANS-2026-03069,2026-Q1,2026-01-02T13:50:00,MEDIUM,RANSOMWARE,SIEM-SENSOR-TRANS,AST-TRANS-008,2026-01-02T14:06:00,2026-01-02T14:33:00,2026-01-02T15:33:00,RESOLVED,False,,ANALYST_PATEL,False,False,False,CLOSED,DEMO/SYNTHETIC - NOT REAL GOVERNMENT DATA
CSE-TRANS-04,ALT-TRANS-2026-03070,2026-Q1,2026-01-28T08:25:00,MEDIUM,MALWARE,SIEM-SENSOR-TRANS,AST-TRANS-007,2026-01-28T08:37:00,2026-01-28T08:53:00,2026-01-28T09:53:00,RESOLVED,False,,ANALYST_SINGH,False,False,False,CLOSED,DEMO/SYNTHETIC - NOT REAL GOVERNMENT DATA
CSE-TRANS-04,ALT-TRANS-2026-03071,2026-Q1,2026-03-16T06:35:00,LOW,SCADA_COMMAND_ANOMALY,SIEM-SENSOR-TRANS,AST-TRANS-088,2026-03-16T06:39:00,2026-03-16T07:05:00,2026-03-16T09:05:00,RESOLVED,False,,ANALYST_PATEL,False,False,False,CLOSED,DEMO/SYNTHETIC - NOT REAL GOVERNMENT DATA
CSE-TRANS-04,ALT-TRANS-2026-03072,2026-Q1,2026-01-02T14:15:00,MEDIUM,DATA_EXFILTRATION,SIEM-SENSOR-TRANS,AST-TRANS-069,2026-01-02T14:27:00,2026-01-02T14:37:00,2026-01-02T17:37:00,RESOLVED,True,2026-01-02T14:57:00,ANALYST_RAO,False,False,False,CLOSED,DEMO/SYNTHETIC - NOT REAL GOVERNMENT DATA
CSE-TRANS-04,ALT-TRANS-2026-03073,2026-Q1,2026-02-14T03:43:00,CRITICAL,DDOS_ATTACK,SIEM-SENSOR-TRANS,AST-TRANS-018,2026-02-14T04:01:00,2026-02-14T04:21:00,2026-02-14T08:21:00,RESOLVED,False,,ANALYST_SINGH,False,False,False,CLOSED,DEMO/SYNTHETIC - NOT REAL GOVERNMENT DATA
CSE-TRANS-04,ALT-TRANS-2026-03074,2026-Q1,2026-02-22T05:04:00,MEDIUM,DDOS_ATTACK,SIEM-SENSOR-TRANS,AST-TRANS-021,2026-02-22T05:11:00,2026-02-22T05:30:00,2026-02-22T07:30:00,RESOLVED,False,,ANALYST_SINGH,False,False,False,CLOSED,DEMO/SYNTHETIC - NOT REAL GOVERNMENT DATA
CSE-TRANS-04,ALT-TRANS-2026-03075,2026-Q1,2026-02-09T08:55:00,MEDIUM,PRIVILEGE_ESCALATION,SIEM-SENSOR-TRANS,AST-TRANS-011,2026-02-09T09:15:00,2026-02-09T09:44:00,2026-02-09T13:44:00,RESOLVED,False,,ANALYST_RAO,False,False,False,CLOSED,DEMO/SYNTHETIC - NOT REAL GOVERNMENT DATA
CSE-TRANS-04,ALT-TRANS-2026-03076,2026-Q1,2026-01-09T09:16:00,MEDIUM,RANSOMWARE,SIEM-SENSOR-TRANS,AST-TRANS-032,2026-01-09T09:26:00,2026-01-09T09:46:00,2026-01-09T12:46:00,RESOLVED,False,,ANALYST_PATEL,False,False,False,CLOSED,DEMO/SYNTHETIC - NOT REAL GOVERNMENT DATA
CSE-TRANS-04,ALT-TRANS-2026-03077,2026-Q1,2026-01-12T04:41:00,HIGH,BRUTE_FORCE,SIEM-SENSOR-TRANS,AST-TRANS-079,2026-01-12T04:59:00,2026-01-12T05:18:00,2026-01-12T06:18:00,RESOLVED,False,,ANALYST_PATEL,False,False,False,CLOSED,DEMO/SYNTHETIC - NOT REAL GOVERNMENT DATA
CSE-TRANS-04,ALT-TRANS-2026-03078,2026-Q1,2026-01-17T01:22:00,LOW,RANSOMWARE,SIEM-SENSOR-TRANS,AST-TRANS-008,2026-01-17T01:42:00,2026-01-17T02:08:00,2026-01-17T04:08:00,RESOLVED,True,2026-01-17T02:28:00,ANALYST_PATEL,False,False,False,CLOSED,DEMO/SYNTHETIC - NOT REAL GOVERNMENT DATA
CSE-TRANS-04,ALT-TRANS-2026-03079,2026-Q1,2026-01-20T20:59:00,HIGH,UNAUTHORIZED_ACCESS,SIEM-SENSOR-TRANS,AST-TRANS-022,2026-01-20T21:03:00,2026-01-20T21:28:00,2026-01-21T01:28:00,RESOLVED,False,,ANALYST_RAO,False,False,False,CLOSED,DEMO/SYNTHETIC - NOT REAL GOVERNMENT DATA
CSE-TRANS-04,ALT-TRANS-2026-03080,2026-Q1,2026-03-17T14:02:00,LOW,DDOS_ATTACK,SIEM-SENSOR-TRANS,AST-TRANS-068,2026-03-17T14:21:00,2026-03-17T14:36:00,2026-03-17T16:36:00,RESOLVED,False,,ANALYST_VERMA,False,False,False,CLOSED,DEMO/SYNTHETIC - NOT REAL GOVERNMENT DATA
CSE-TRANS-04,ALT-TRANS-2026-03081,2026-Q1,2026-02-07T01:43:00,LOW,UNAUTHORIZED_ACCESS,SIEM-SENSOR-TRANS,AST-TRANS-077,2026-02-07T02:00:00,2026-02-07T02:17:00,2026-02-07T05:17:00,RESOLVED,False,,ANALYST_SINGH,False,False,False,CLOSED,DEMO/SYNTHETIC - NOT REAL GOVERNMENT DATA
CSE-TRANS-04,ALT-TRANS-2026-03082,2026-Q1,2026-02-22T05:23:00,MEDIUM,PRIVILEGE_ESCALATION,SIEM-SENSOR-TRANS,AST-TRANS-076,2026-02-22T05:28:00,2026-02-22T05:42:00,2026-02-22T06:42:00,RESOLVED,False,,ANALYST_SHARMA,False,False,False,CLOSED,DEMO/SYNTHETIC - NOT REAL GOVERNMENT DATA
CSE-TRANS-04,ALT-TRANS-2026-03083,2026-Q1,2026-01-25T01:07:00,HIGH,RANSOMWARE,SIEM-SENSOR-TRANS,AST-TRANS-033,2026-01-25T01:22:00,2026-01-25T01:40:00,2026-01-25T05:40:00,RESOLVED,False,,ANALYST_VERMA,False,False,False,CLOSED,DEMO/SYNTHETIC - NOT REAL GOVERNMENT DATA
CSE-TRANS-04,ALT-TRANS-2026-03084,2026-Q1,2026-01-29T14:03:00,MEDIUM,PRIVILEGE_ESCALATION,SIEM-SENSOR-TRANS,AST-TRANS-056,2026-01-29T14:14:00,2026-01-29T14:24:00,2026-01-29T16:24:00,RESOLVED,False,,ANALYST_RAO,False,False,False,CLOSED,DEMO/SYNTHETIC - NOT REAL GOVERNMENT DATA
CSE-TRANS-04,ALT-TRANS-2026-03085,2026-Q1,2026-01-23T05:07:00,CRITICAL,DATA_EXFILTRATION,SIEM-SENSOR-TRANS,AST-TRANS-043,2026-01-23T05:14:00,2026-01-23T05:24:00,2026-01-23T08:24:00,RESOLVED,False,,ANALYST_SINGH,False,False,False,CLOSED,DEMO/SYNTHETIC - NOT REAL GOVERNMENT DATA
CSE-TRANS-04,ALT-TRANS-2026-03086,2026-Q1,2026-01-30T05:06:00,MEDIUM,SCADA_COMMAND_ANOMALY,SIEM-SENSOR-TRANS,AST-TRANS-042,2026-01-30T05:18:00,2026-01-30T05:28:00,2026-01-30T07:28:00,RESOLVED,False,,ANALYST_RAO,False,False,False,CLOSED,DEMO/SYNTHETIC - NOT REAL GOVERNMENT DATA
CSE-TRANS-04,ALT-TRANS-2026-03087,2026-Q1,2026-02-06T11:00:00,MEDIUM,SCADA_COMMAND_ANOMALY,SIEM-SENSOR-TRANS,AST-TRANS-027,2026-02-06T11:03:00,2026-02-06T11:27:00,2026-02-06T13:27:00,RESOLVED,False,,ANALYST_SINGH,False,False,False,CLOSED,DEMO/SYNTHETIC - NOT REAL GOVERNMENT DATA
CSE-TRANS-04,ALT-TRANS-2026-03088,2026-Q1,2026-02-06T18:36:00,HIGH,MALWARE,SIEM-SENSOR-TRANS,AST-TRANS-094,2026-02-06T18:55:00,2026-02-06T19:18:00,2026-02-06T23:18:00,RESOLVED,False,,ANALYST_PATEL,False,False,False,CLOSED,DEMO/SYNTHETIC - NOT REAL GOVERNMENT DATA
CSE-TRANS-04,ALT-TRANS-2026-03089,2026-Q1,2026-03-09T00:06:00,CRITICAL,PRIVILEGE_ESCALATION,SIEM-SENSOR-TRANS,AST-TRANS-093,2026-03-09T00:24:00,2026-03-09T00:45:00,2026-03-09T03:45:00,RESOLVED,False,,ANALYST_VERMA,False,False,False,CLOSED,DEMO/SYNTHETIC - NOT REAL GOVERNMENT DATA
CSE-TRANS-04,ALT-TRANS-2026-03090,2026-Q1,2026-01-26T01:20:00,HIGH,RANSOMWARE,SIEM-SENSOR-TRANS,AST-TRANS-055,2026-01-26T01:30:00,2026-01-26T01:43:00,2026-01-26T05:43:00,RESOLVED,False,,ANALYST_SHARMA,False,False,False,CLOSED,DEMO/SYNTHETIC - NOT REAL GOVERNMENT DATA
CSE-TRANS-04,ALT-TRANS-2026-03091,2026-Q1,2026-01-30T20:28:00,CRITICAL,MALWARE,SIEM-SENSOR-TRANS,AST-TRANS-064,2026-01-30T20:34:00,2026-01-30T20:44:00,2026-01-30T21:44:00,RESOLVED,False,,ANALYST_RAO,False,False,False,CLOSED,DEMO/SYNTHETIC - NOT REAL GOVERNMENT DATA
CSE-TRANS-04,ALT-TRANS-2026-03092,2026-Q1,2026-02-14T01:11:00,MEDIUM,DATA_EXFILTRATION,SIEM-SENSOR-TRANS,AST-TRANS-001,2026-02-14T01:31:00,2026-02-14T02:00:00,2026-02-14T04:00:00,RESOLVED,False,,ANALYST_SINGH,False,False,False,CLOSED,DEMO/SYNTHETIC - NOT REAL GOVERNMENT DATA
CSE-TRANS-04,ALT-TRANS-2026-03093,2026-Q1,2026-03-13T16:54:00,CRITICAL,DATA_EXFILTRATION,SIEM-SENSOR-TRANS,AST-TRANS-066,2026-03-13T17:14:00,2026-03-13T17:27:00,2026-03-13T20:27:00,RESOLVED,False,,ANALYST_RAO,False,False,False,CLOSED,DEMO/SYNTHETIC - NOT REAL GOVERNMENT DATA
CSE-TRANS-04,ALT-TRANS-2026-03094,2026-Q1,2026-01-04T23:22:00,LOW,MALWARE,SIEM-SENSOR-TRANS,AST-TRANS-038,2026-01-04T23:38:00,2026-01-05T00:04:00,2026-01-05T03:04:00,RESOLVED,False,,ANALYST_PATEL,False,False,False,CLOSED,DEMO/SYNTHETIC - NOT REAL GOVERNMENT DATA
CSE-TRANS-04,ALT-TRANS-2026-03095,2026-Q1,2026-02-09T15:06:00,HIGH,SCADA_COMMAND_ANOMALY,SIEM-SENSOR-TRANS,AST-TRANS-067,2026-02-09T15:23:00,2026-02-09T15:51:00,2026-02-09T18:51:00,RESOLVED,False,,ANALYST_SINGH,False,False,False,CLOSED,DEMO/SYNTHETIC - NOT REAL GOVERNMENT DATA
CSE-TRANS-04,ALT-TRANS-2026-03096,2026-Q1,2026-01-10T10:44:00,LOW,MALWARE,SIEM-SENSOR-TRANS,AST-TRANS-018,2026-01-10T10:49:00,2026-01-10T11:19:00,2026-01-10T13:19:00,RESOLVED,False,,ANALYST_PATEL,False,False,False,CLOSED,DEMO/SYNTHETIC - NOT REAL GOVERNMENT DATA
CSE-TRANS-04,ALT-TRANS-2026-03097,2026-Q1,2026-01-05T20:04:00,MEDIUM,SCADA_COMMAND_ANOMALY,SIEM-SENSOR-TRANS,AST-TRANS-037,2026-01-05T20:15:00,2026-01-05T20:40:00,2026-01-06T00:40:00,RESOLVED,False,,ANALYST_SHARMA,False,False,False,CLOSED,DEMO/SYNTHETIC - NOT REAL GOVERNMENT DATA
CSE-TRANS-04,ALT-TRANS-2026-03098,2026-Q1,2026-03-21T22:59:00,MEDIUM,POLICY_VIOLATION,SIEM-SENSOR-TRANS,AST-TRANS-083,2026-03-21T23:04:00,2026-03-21T23:23:00,2026-03-22T00:23:00,RESOLVED,False,,ANALYST_PATEL,False,False,False,CLOSED,DEMO/SYNTHETIC - NOT REAL GOVERNMENT DATA
CSE-TRANS-04,ALT-TRANS-2026-03099,2026-Q1,2026-03-15T05:49:00,LOW,SCADA_COMMAND_ANOMALY,SIEM-SENSOR-TRANS,AST-TRANS-039,2026-03-15T06:05:00,2026-03-15T06:27:00,2026-03-15T10:27:00,RESOLVED,False,,ANALYST_VERMA,False,False,False,CLOSED,DEMO/SYNTHETIC - NOT REAL GOVERNMENT DATA
CSE-TRANS-04,ALT-TRANS-2026-03100,2026-Q1,2026-01-14T13:21:00,HIGH,POLICY_VIOLATION,SIEM-SENSOR-TRANS,AST-TRANS-036,2026-01-14T13:35:00,2026-01-14T13:59:00,2026-01-14T16:59:00,RESOLVED,False,,ANALYST_SINGH,False,False,False,CLOSED,DEMO/SYNTHETIC - NOT REAL GOVERNMENT DATA
CSE-TRANS-04,ALT-TRANS-2026-03101,2026-Q1,2026-01-27T21:28:00,HIGH,DATA_EXFILTRATION,SIEM-SENSOR-TRANS,AST-TRANS-031,2026-01-27T21:32:00,2026-01-27T22:02:00,2026-01-27T23:02:00,RESOLVED,True,2026-01-27T22:22:00,ANALYST_SINGH,False,False,False,CLOSED,DEMO/SYNTHETIC - NOT REAL GOVERNMENT DATA
CSE-TRANS-04,ALT-TRANS-2026-03102,2026-Q1,2026-02-21T16:23:00,MEDIUM,PRIVILEGE_ESCALATION,SIEM-SENSOR-TRANS,AST-TRANS-018,2026-02-21T16:27:00,2026-02-21T16:52:00,2026-02-21T17:52:00,RESOLVED,False,,ANALYST_RAO,False,False,False,CLOSED,DEMO/SYNTHETIC - NOT REAL GOVERNMENT DATA
CSE-TRANS-04,ALT-TRANS-2026-03103,2026-Q1,2026-03-04T17:10:00,HIGH,RANSOMWARE,SIEM-SENSOR-TRANS,AST-TRANS-035,2026-03-04T17:17:00,2026-03-04T17:37:00,2026-03-04T18:37:00,RESOLVED,True,2026-03-04T17:57:00,ANALYST_VERMA,False,False,False,CLOSED,DEMO/SYNTHETIC - NOT REAL GOVERNMENT DATA
CSE-TRANS-04,ALT-TRANS-2026-03104,2026-Q1,2026-01-11T00:10:00,MEDIUM,SCADA_COMMAND_ANOMALY,SIEM-SENSOR-TRANS,AST-TRANS-067,2026-01-11T00:15:00,2026-01-11T00:33:00,2026-01-11T01:33:00,RESOLVED,False,,ANALYST_VERMA,False,False,False,CLOSED,DEMO/SYNTHETIC - NOT REAL GOVERNMENT DATA
CSE-TRANS-04,ALT-TRANS-2026-03105,2026-Q1,2026-01-12T23:08:00,CRITICAL,BRUTE_FORCE,SIEM-SENSOR-TRANS,AST-TRANS-083,2026-01-12T23:19:00,2026-01-12T23:43:00,2026-01-13T02:43:00,RESOLVED,False,,ANALYST_SINGH,False,False,False,CLOSED,DEMO/SYNTHETIC - NOT REAL GOVERNMENT DATA
CSE-TRANS-04,ALT-TRANS-2026-03106,2026-Q1,2026-01-12T10:43:00,MEDIUM,DDOS_ATTACK,SIEM-SENSOR-TRANS,AST-TRANS-013,2026-01-12T10:53:00,2026-01-12T11:07:00,2026-01-12T13:07:00,RESOLVED,False,,ANALYST_PATEL,False,False,False,CLOSED,DEMO/SYNTHETIC - NOT REAL GOVERNMENT DATA
CSE-TRANS-04,ALT-TRANS-2026-03107,2026-Q1,2026-01-09T05:16:00,HIGH,SCADA_COMMAND_ANOMALY,SIEM-SENSOR-TRANS,AST-TRANS-020,2026-01-09T05:33:00,2026-01-09T05:43:00,2026-01-09T06:43:00,RESOLVED,False,,ANALYST_RAO,False,False,False,CLOSED,DEMO/SYNTHETIC - NOT REAL GOVERNMENT DATA
CSE-TRANS-04,ALT-TRANS-2026-03108,2026-Q1,2026-01-06T18:11:00,MEDIUM,PRIVILEGE_ESCALATION,SIEM-SENSOR-TRANS,AST-TRANS-058,2026-01-06T18:19:00,2026-01-06T18:42:00,2026-01-06T21:42:00,RESOLVED,False,,ANALYST_RAO,False,False,False,CLOSED,DEMO/SYNTHETIC - NOT REAL GOVERNMENT DATA
CSE-TRANS-04,ALT-TRANS-2026-03109,2026-Q1,2026-02-09T21:29:00,CRITICAL,MALWARE,SIEM-SENSOR-TRANS,AST-TRANS-050,2026-02-09T21:34:00,2026-02-09T22:04:00,2026-02-10T01:04:00,RESOLVED,False,,ANALYST_PATEL,False,False,False,CLOSED,DEMO/SYNTHETIC - NOT REAL GOVERNMENT DATA
CSE-TRANS-04,ALT-TRANS-2026-03110,2026-Q1,2026-02-07T12:25:00,MEDIUM,MALWARE,SIEM-SENSOR-TRANS,AST-TRANS-001,2026-02-07T12:32:00,2026-02-07T13:00:00,2026-02-07T17:00:00,RESOLVED,False,,ANALYST_SINGH,False,False,False,CLOSED,DEMO/SYNTHETIC - NOT REAL GOVERNMENT DATA
CSE-TRANS-04,ALT-TRANS-2026-03111,2026-Q1,2026-01-31T22:07:00,MEDIUM,SCADA_COMMAND_ANOMALY,SIEM-SENSOR-TRANS,AST-TRANS-083,2026-01-31T22:09:00,2026-01-31T22:35:00,2026-02-01T02:35:00,RESOLVED,False,,ANALYST_SINGH,False,False,False,CLOSED,DEMO/SYNTHETIC - NOT REAL GOVERNMENT DATA
CSE-TRANS-04,ALT-TRANS-2026-03112,2026-Q1,2026-02-08T23:17:00,MEDIUM,POLICY_VIOLATION,SIEM-SENSOR-TRANS,AST-TRANS-047,2026-02-08T23:36:00,2026-02-08T23:51:00,2026-02-09T00:51:00,RESOLVED,False,,ANALYST_SHARMA,False,False,False,CLOSED,DEMO/SYNTHETIC - NOT REAL GOVERNMENT DATA
CSE-TRANS-04,ALT-TRANS-2026-03113,2026-Q1,2026-02-11T12:44:00,LOW,SCADA_COMMAND_ANOMALY,SIEM-SENSOR-TRANS,AST-TRANS-006,2026-02-11T13:03:00,2026-02-11T13:22:00,2026-02-11T16:22:00,RESOLVED,True,2026-02-11T13:42:00,ANALYST_VERMA,False,False,False,CLOSED,DEMO/SYNTHETIC - NOT REAL GOVERNMENT DATA
CSE-TRANS-04,ALT-TRANS-2026-03114,2026-Q1,2026-02-27T16:12:00,MEDIUM,MALWARE,SIEM-SENSOR-TRANS,AST-TRANS-085,2026-02-27T16:31:00,2026-02-27T16:49:00,2026-02-27T19:49:00,RESOLVED,False,,ANALYST_SINGH,False,False,False,CLOSED,DEMO/SYNTHETIC - NOT REAL GOVERNMENT DATA
CSE-TRANS-04,ALT-TRANS-2026-03115,2026-Q1,2026-02-07T14:38:00,CRITICAL,DATA_EXFILTRATION,SIEM-SENSOR-TRANS,AST-TRANS-059,2026-02-07T14:42:00,2026-02-07T15:03:00,2026-02-07T17:03:00,RESOLVED,False,,ANALYST_RAO,False,False,False,CLOSED,DEMO/SYNTHETIC - NOT REAL GOVERNMENT DATA
CSE-TRANS-04,ALT-TRANS-2026-03116,2026-Q1,2026-03-19T05:25:00,LOW,UNAUTHORIZED_ACCESS,SIEM-SENSOR-TRANS,AST-TRANS-056,2026-03-19T05:44:00,2026-03-19T05:58:00,2026-03-19T07:58:00,RESOLVED,False,,ANALYST_SHARMA,False,False,False,CLOSED,DEMO/SYNTHETIC - NOT REAL GOVERNMENT DATA
CSE-TRANS-04,ALT-TRANS-2026-03117,2026-Q1,2026-01-03T00:43:00,MEDIUM,POLICY_VIOLATION,SIEM-SENSOR-TRANS,AST-TRANS-069,2026-01-03T00:58:00,2026-01-03T01:28:00,2026-01-03T05:28:00,RESOLVED,False,,ANALYST_SHARMA,False,False,False,CLOSED,DEMO/SYNTHETIC - NOT REAL GOVERNMENT DATA
CSE-TRANS-04,ALT-TRANS-2026-03118,2026-Q1,2026-03-22T08:27:00,HIGH,PRIVILEGE_ESCALATION,SIEM-SENSOR-TRANS,AST-TRANS-026,2026-03-22T08:33:00,2026-03-22T08:47:00,2026-03-22T10:47:00,RESOLVED,False,,ANALYST_SHARMA,False,False,False,CLOSED,DEMO/SYNTHETIC - NOT REAL GOVERNMENT DATA
CSE-TRANS-04,ALT-TRANS-2026-03119,2026-Q1,2026-01-16T04:32:00,MEDIUM,DDOS_ATTACK,SIEM-SENSOR-TRANS,AST-TRANS-080,2026-01-16T04:40:00,2026-01-16T05:00:00,2026-01-16T07:00:00,RESOLVED,False,,ANALYST_SHARMA,False,False,False,CLOSED,DEMO/SYNTHETIC - NOT REAL GOVERNMENT DATA
CSE-TRANS-04,ALT-TRANS-2026-03120,2026-Q1,2026-01-20T07:10:00,MEDIUM,RANSOMWARE,SIEM-SENSOR-TRANS,AST-TRANS-040,2026-01-20T07:16:00,2026-01-20T07:34:00,2026-01-20T08:34:00,RESOLVED,False,,ANALYST_RAO,False,False,False,CLOSED,DEMO/SYNTHETIC - NOT REAL GOVERNMENT DATA
CSE-TRANS-04,ALT-TRANS-2026-03121,2026-Q1,2026-01-08T16:13:00,MEDIUM,BRUTE_FORCE,SIEM-SENSOR-TRANS,AST-TRANS-033,2026-01-08T16:33:00,2026-01-08T17:03:00,2026-01-08T20:03:00,RESOLVED,False,,ANALYST_PATEL,False,False,False,CLOSED,DEMO/SYNTHETIC - NOT REAL GOVERNMENT DATA
CSE-TRANS-04,ALT-TRANS-2026-03122,2026-Q1,2026-01-22T06:43:00,LOW,MALWARE,SIEM-SENSOR-TRANS,AST-TRANS-023,2026-01-22T06:54:00,2026-01-22T07:17:00,2026-01-22T11:17:00,RESOLVED,False,,ANALYST_PATEL,False,False,False,CLOSED,DEMO/SYNTHETIC - NOT REAL GOVERNMENT DATA
CSE-TRANS-04,ALT-TRANS-2026-03123,2026-Q1,2026-02-26T02:02:00,MEDIUM,BRUTE_FORCE,SIEM-SENSOR-TRANS,AST-TRANS-066,2026-02-26T02:10:00,2026-02-26T02:24:00,2026-02-26T03:24:00,RESOLVED,False,,ANALYST_SINGH,False,False,False,CLOSED,DEMO/SYNTHETIC - NOT REAL GOVERNMENT DATA
CSE-TRANS-04,ALT-TRANS-2026-03124,2026-Q1,2026-02-10T22:43:00,LOW,BRUTE_FORCE,SIEM-SENSOR-TRANS,AST-TRANS-034,2026-02-10T22:56:00,2026-02-10T23:15:00,2026-02-11T02:15:00,RESOLVED,False,,ANALYST_RAO,False,False,False,CLOSED,DEMO/SYNTHETIC - NOT REAL GOVERNMENT DATA
CSE-TRANS-04,ALT-TRANS-2026-03125,2026-Q1,2026-01-04T22:03:00,LOW,SCADA_COMMAND_ANOMALY,SIEM-SENSOR-TRANS,AST-TRANS-079,2026-01-04T22:20:00,2026-01-04T22:38:00,2026-01-05T01:38:00,RESOLVED,False,,ANALYST_PATEL,False,False,False,CLOSED,DEMO/SYNTHETIC - NOT REAL GOVERNMENT DATA
CSE-TRANS-04,ALT-TRANS-2026-03126,2026-Q1,2026-02-13T19:43:00,LOW,RANSOMWARE,SIEM-SENSOR-TRANS,AST-TRANS-005,2026-02-13T20:00:00,2026-02-13T20:18:00,2026-02-13T23:18:00,RESOLVED,False,,ANALYST_VERMA,False,False,False,CLOSED,DEMO/SYNTHETIC - NOT REAL GOVERNMENT DATA
CSE-TRANS-04,ALT-TRANS-2026-03127,2026-Q1,2026-02-26T08:54:00,HIGH,UNAUTHORIZED_ACCESS,SIEM-SENSOR-TRANS,AST-TRANS-007,2026-02-26T08:56:00,2026-02-26T09:26:00,2026-02-26T11:26:00,RESOLVED,True,2026-02-26T09:46:00,ANALYST_SINGH,False,False,False,CLOSED,DEMO/SYNTHETIC - NOT REAL GOVERNMENT DATA
CSE-TRANS-04,ALT-TRANS-2026-03128,2026-Q1,2026-02-28T15:15:00,LOW,DDOS_ATTACK,SIEM-SENSOR-TRANS,AST-TRANS-062,2026-02-28T15:33:00,2026-02-28T15:54:00,2026-02-28T19:54:00,RESOLVED,False,,ANALYST_RAO,False,False,False,CLOSED,DEMO/SYNTHETIC - NOT REAL GOVERNMENT DATA
CSE-TRANS-04,ALT-TRANS-2026-03129,2026-Q1,2026-02-10T14:53:00,HIGH,RANSOMWARE,SIEM-SENSOR-TRANS,AST-TRANS-043,2026-02-10T15:11:00,2026-02-10T15:27:00,2026-02-10T19:27:00,RESOLVED,False,,ANALYST_VERMA,False,False,False,CLOSED,DEMO/SYNTHETIC - NOT REAL GOVERNMENT DATA
CSE-TRANS-04,ALT-TRANS-2026-03130,2026-Q1,2026-03-17T01:11:00,HIGH,DATA_EXFILTRATION,SIEM-SENSOR-TRANS,AST-TRANS-087,2026-03-17T01:23:00,2026-03-17T01:46:00,2026-03-17T04:46:00,RESOLVED,False,,ANALYST_SHARMA,False,False,False,CLOSED,DEMO/SYNTHETIC - NOT REAL GOVERNMENT DATA
CSE-TRANS-04,ALT-TRANS-2026-03131,2026-Q1,2026-02-28T12:48:00,HIGH,MALWARE,SIEM-SENSOR-TRANS,AST-TRANS-060,2026-02-28T12:53:00,2026-02-28T13:07:00,2026-02-28T14:07:00,RESOLVED,False,,ANALYST_PATEL,False,False,False,CLOSED,DEMO/SYNTHETIC - NOT REAL GOVERNMENT DATA
CSE-TRANS-04,ALT-TRANS-2026-03132,2026-Q1,2026-03-22T12:09:00,HIGH,UNAUTHORIZED_ACCESS,SIEM-SENSOR-TRANS,AST-TRANS-074,2026-03-22T12:22:00,2026-03-22T12:37:00,2026-03-22T14:37:00,RESOLVED,False,,ANALYST_PATEL,False,False,False,CLOSED,DEMO/SYNTHETIC - NOT REAL GOVERNMENT DATA
CSE-TRANS-04,ALT-TRANS-2026-03133,2026-Q1,2026-01-18T14:20:00,MEDIUM,POLICY_VIOLATION,SIEM-SENSOR-TRANS,AST-TRANS-092,2026-01-18T14:36:00,2026-01-18T14:50:00,2026-01-18T15:50:00,RESOLVED,True,2026-01-18T15:10:00,ANALYST_VERMA,False,False,False,CLOSED,DEMO/SYNTHETIC - NOT REAL GOVERNMENT DATA
CSE-TRANS-04,ALT-TRANS-2026-03134,2026-Q1,2026-01-03T02:07:00,MEDIUM,PRIVILEGE_ESCALATION,SIEM-SENSOR-TRANS,AST-TRANS-043,2026-01-03T02:23:00,2026-01-03T02:47:00,2026-01-03T05:47:00,RESOLVED,False,,ANALYST_SINGH,False,False,False,CLOSED,DEMO/SYNTHETIC - NOT REAL GOVERNMENT DATA
CSE-TRANS-04,ALT-TRANS-2026-03135,2026-Q1,2026-01-06T13:29:00,MEDIUM,DATA_EXFILTRATION,SIEM-SENSOR-TRANS,AST-TRANS-034,2026-01-06T13:47:00,2026-01-06T14:15:00,2026-01-06T15:15:00,RESOLVED,False,,ANALYST_PATEL,False,False,False,CLOSED,DEMO/SYNTHETIC - NOT REAL GOVERNMENT DATA
CSE-TRANS-04,ALT-TRANS-2026-03136,2026-Q1,2026-01-16T22:25:00,MEDIUM,POLICY_VIOLATION,SIEM-SENSOR-TRANS,AST-TRANS-067,2026-01-16T22:28:00,2026-01-16T22:45:00,2026-01-16T23:45:00,RESOLVED,False,,ANALYST_PATEL,False,False,False,CLOSED,DEMO/SYNTHETIC - NOT REAL GOVERNMENT DATA
CSE-TRANS-04,ALT-TRANS-2026-03137,2026-Q1,2026-03-15T04:14:00,MEDIUM,UNAUTHORIZED_ACCESS,SIEM-SENSOR-TRANS,AST-TRANS-002,2026-03-15T04:22:00,2026-03-15T04:39:00,2026-03-15T07:39:00,RESOLVED,False,,ANALYST_PATEL,False,False,False,CLOSED,DEMO/SYNTHETIC - NOT REAL GOVERNMENT DATA
CSE-TRANS-04,ALT-TRANS-2026-03138,2026-Q1,2026-01-16T10:45:00,HIGH,UNAUTHORIZED_ACCESS,SIEM-SENSOR-TRANS,AST-TRANS-026,2026-01-16T10:53:00,2026-01-16T11:04:00,2026-01-16T13:04:00,RESOLVED,False,,ANALYST_PATEL,False,False,False,CLOSED,DEMO/SYNTHETIC - NOT REAL GOVERNMENT DATA
CSE-TRANS-04,ALT-TRANS-2026-03139,2026-Q1,2026-01-02T06:48:00,MEDIUM,RANSOMWARE,SIEM-SENSOR-TRANS,AST-TRANS-014,2026-01-02T07:04:00,2026-01-02T07:21:00,2026-01-02T08:21:00,RESOLVED,False,,ANALYST_VERMA,False,False,False,CLOSED,DEMO/SYNTHETIC - NOT REAL GOVERNMENT DATA
CSE-TRANS-04,ALT-TRANS-2026-03140,2026-Q1,2026-02-17T22:01:00,MEDIUM,DATA_EXFILTRATION,SIEM-SENSOR-TRANS,AST-TRANS-071,2026-02-17T22:20:00,2026-02-17T22:33:00,2026-02-18T02:33:00,RESOLVED,False,,ANALYST_PATEL,False,False,False,CLOSED,DEMO/SYNTHETIC - NOT REAL GOVERNMENT DATA
CSE-TRANS-04,ALT-TRANS-2026-03141,2026-Q1,2026-03-14T14:14:00,HIGH,MALWARE,SIEM-SENSOR-TRANS,AST-TRANS-083,2026-03-14T14:20:00,2026-03-14T14:45:00,2026-03-14T15:45:00,RESOLVED,False,,ANALYST_PATEL,False,False,False,CLOSED,DEMO/SYNTHETIC - NOT REAL GOVERNMENT DATA
CSE-TRANS-04,ALT-TRANS-2026-03142,2026-Q1,2026-01-19T16:15:00,LOW,SCADA_COMMAND_ANOMALY,SIEM-SENSOR-TRANS,AST-TRANS-051,2026-01-19T16:35:00,2026-01-19T16:48:00,2026-01-19T17:48:00,RESOLVED,False,,ANALYST_VERMA,False,False,False,CLOSED,DEMO/SYNTHETIC - NOT REAL GOVERNMENT DATA
CSE-TRANS-04,ALT-TRANS-2026-03143,2026-Q1,2026-02-24T14:35:00,MEDIUM,RANSOMWARE,SIEM-SENSOR-TRANS,AST-TRANS-006,2026-02-24T14:54:00,2026-02-24T15:06:00,2026-02-24T19:06:00,RESOLVED,False,,ANALYST_VERMA,False,False,False,CLOSED,DEMO/SYNTHETIC - NOT REAL GOVERNMENT DATA
CSE-TRANS-04,ALT-TRANS-2026-03144,2026-Q1,2026-02-02T17:25:00,MEDIUM,POLICY_VIOLATION,SIEM-SENSOR-TRANS,AST-TRANS-084,2026-02-02T17:44:00,2026-02-02T18:07:00,2026-02-02T21:07:00,RESOLVED,False,,ANALYST_SINGH,False,False,False,CLOSED,DEMO/SYNTHETIC - NOT REAL GOVERNMENT DATA
CSE-TRANS-04,ALT-TRANS-2026-03145,2026-Q1,2026-01-09T03:34:00,MEDIUM,UNAUTHORIZED_ACCESS,SIEM-SENSOR-TRANS,AST-TRANS-014,2026-01-09T03:44:00,2026-01-09T03:59:00,2026-01-09T07:59:00,RESOLVED,False,,ANALYST_RAO,False,False,False,CLOSED,DEMO/SYNTHETIC - NOT REAL GOVERNMENT DATA
CSE-TRANS-04,ALT-TRANS-2026-03146,2026-Q1,2026-02-12T14:14:00,CRITICAL,BRUTE_FORCE,SIEM-SENSOR-TRANS,AST-TRANS-065,2026-02-12T14:32:00,2026-02-12T14:57:00,2026-02-12T16:57:00,RESOLVED,False,,ANALYST_SHARMA,False,False,False,CLOSED,DEMO/SYNTHETIC - NOT REAL GOVERNMENT DATA
CSE-TRANS-04,ALT-TRANS-2026-03147,2026-Q1,2026-02-08T05:54:00,HIGH,MALWARE,SIEM-SENSOR-TRANS,AST-TRANS-021,2026-02-08T06:01:00,2026-02-08T06:26:00,2026-02-08T09:26:00,RESOLVED,False,,ANALYST_SINGH,False,False,False,CLOSED,DEMO/SYNTHETIC - NOT REAL GOVERNMENT DATA
CSE-TRANS-04,ALT-TRANS-2026-03148,2026-Q1,2026-02-14T05:31:00,MEDIUM,MALWARE,SIEM-SENSOR-TRANS,AST-TRANS-031,2026-02-14T05:36:00,2026-02-14T05:54:00,2026-02-14T07:54:00,RESOLVED,False,,ANALYST_SHARMA,False,False,False,CLOSED,DEMO/SYNTHETIC - NOT REAL GOVERNMENT DATA
CSE-TRANS-04,ALT-TRANS-2026-03149,2026-Q1,2026-02-19T07:34:00,HIGH,POLICY_VIOLATION,SIEM-SENSOR-TRANS,AST-TRANS-057,2026-02-19T07:54:00,2026-02-19T08:18:00,2026-02-19T10:18:00,RESOLVED,False,,ANALYST_RAO,False,False,False,CLOSED,DEMO/SYNTHETIC - NOT REAL GOVERNMENT DATA
CSE-TRANS-04,ALT-TRANS-2026-03150,2026-Q1,2026-03-01T03:41:00,MEDIUM,DATA_EXFILTRATION,SIEM-SENSOR-TRANS,AST-TRANS-053,2026-03-01T03:54:00,2026-03-01T04:10:00,2026-03-01T07:10:00,RESOLVED,False,,ANALYST_SHARMA,False,False,False,CLOSED,DEMO/SYNTHETIC - NOT REAL GOVERNMENT DATA
CSE-TRANS-04,ALT-TRANS-2026-03151,2026-Q1,2026-02-12T20:58:00,MEDIUM,UNAUTHORIZED_ACCESS,SIEM-SENSOR-TRANS,AST-TRANS-079,2026-02-12T21:17:00,2026-02-12T21:34:00,2026-02-13T00:34:00,RESOLVED,False,,ANALYST_SINGH,False,False,False,CLOSED,DEMO/SYNTHETIC - NOT REAL GOVERNMENT DATA
CSE-TRANS-04,ALT-TRANS-2026-03152,2026-Q1,2026-02-25T20:38:00,MEDIUM,BRUTE_FORCE,SIEM-SENSOR-TRANS,AST-TRANS-055,2026-02-25T20:52:00,2026-02-25T21:07:00,2026-02-25T23:07:00,RESOLVED,False,,ANALYST_RAO,False,False,False,CLOSED,DEMO/SYNTHETIC - NOT REAL GOVERNMENT DATA
CSE-TRANS-04,ALT-TRANS-2026-03153,2026-Q1,2026-03-03T06:24:00,MEDIUM,PRIVILEGE_ESCALATION,SIEM-SENSOR-TRANS,AST-TRANS-031,2026-03-03T06:26:00,2026-03-03T06:53:00,2026-03-03T07:53:00,RESOLVED,True,2026-03-03T07:13:00,ANALYST_PATEL,False,False,False,CLOSED,DEMO/SYNTHETIC - NOT REAL GOVERNMENT DATA
CSE-TRANS-04,ALT-TRANS-2026-03154,2026-Q1,2026-01-05T15:54:00,MEDIUM,SCADA_COMMAND_ANOMALY,SIEM-SENSOR-TRANS,AST-TRANS-031,2026-01-05T16:12:00,2026-01-05T16:27:00,2026-01-05T20:27:00,RESOLVED,False,,ANALYST_SHARMA,False,False,False,CLOSED,DEMO/SYNTHETIC - NOT REAL GOVERNMENT DATA
CSE-TRANS-04,ALT-TRANS-2026-03155,2026-Q1,2026-01-10T18:34:00,MEDIUM,UNAUTHORIZED_ACCESS,SIEM-SENSOR-TRANS,AST-TRANS-027,2026-01-10T18:41:00,2026-01-10T19:01:00,2026-01-10T20:01:00,RESOLVED,False,,ANALYST_VERMA,False,False,False,CLOSED,DEMO/SYNTHETIC - NOT REAL GOVERNMENT DATA
CSE-TRANS-04,ALT-TRANS-2026-03156,2026-Q1,2026-01-26T07:39:00,MEDIUM,MALWARE,SIEM-SENSOR-TRANS,AST-TRANS-061,2026-01-26T07:50:00,2026-01-26T08:11:00,2026-01-26T11:11:00,RESOLVED,False,,ANALYST_RAO,False,False,False,CLOSED,DEMO/SYNTHETIC - NOT REAL GOVERNMENT DATA
CSE-TRANS-04,ALT-TRANS-2026-03157,2026-Q1,2026-02-06T09:58:00,MEDIUM,MALWARE,SIEM-SENSOR-TRANS,AST-TRANS-057,2026-02-06T10:15:00,2026-02-06T10:44:00,2026-02-06T12:44:00,RESOLVED,False,,ANALYST_PATEL,False,False,False,CLOSED,DEMO/SYNTHETIC - NOT REAL GOVERNMENT DATA
CSE-TRANS-04,ALT-TRANS-2026-03158,2026-Q1,2026-02-28T02:29:00,HIGH,DDOS_ATTACK,SIEM-SENSOR-TRANS,AST-TRANS-051,2026-02-28T02:43:00,2026-02-28T03:07:00,2026-02-28T06:07:00,RESOLVED,False,,ANALYST_PATEL,False,False,False,CLOSED,DEMO/SYNTHETIC - NOT REAL GOVERNMENT DATA
CSE-TRANS-04,ALT-TRANS-2026-03159,2026-Q1,2026-01-01T21:49:00,MEDIUM,RANSOMWARE,SIEM-SENSOR-TRANS,AST-TRANS-061,2026-01-01T22:08:00,2026-01-01T22:23:00,2026-01-02T00:23:00,RESOLVED,False,,ANALYST_SINGH,False,False,False,CLOSED,DEMO/SYNTHETIC - NOT REAL GOVERNMENT DATA
CSE-TRANS-04,ALT-TRANS-2026-03160,2026-Q1,2026-03-13T04:20:00,LOW,RANSOMWARE,SIEM-SENSOR-TRANS,AST-TRANS-004,2026-03-13T04:37:00,2026-03-13T05:03:00,2026-03-13T09:03:00,RESOLVED,False,,ANALYST_PATEL,False,False,False,CLOSED,DEMO/SYNTHETIC - NOT REAL GOVERNMENT DATA
CSE-TRANS-04,ALT-TRANS-2026-03161,2026-Q1,2026-01-23T16:04:00,HIGH,BRUTE_FORCE,SIEM-SENSOR-TRANS,AST-TRANS-021,2026-01-23T16:12:00,2026-01-23T16:32:00,2026-01-23T17:32:00,RESOLVED,False,,ANALYST_SINGH,False,False,False,CLOSED,DEMO/SYNTHETIC - NOT REAL GOVERNMENT DATA
CSE-TRANS-04,ALT-TRANS-2026-03162,2026-Q1,2026-03-03T02:02:00,HIGH,DDOS_ATTACK,SIEM-SENSOR-TRANS,AST-TRANS-022,2026-03-03T02:14:00,2026-03-03T02:27:00,2026-03-03T04:27:00,RESOLVED,False,,ANALYST_VERMA,False,False,False,CLOSED,DEMO/SYNTHETIC - NOT REAL GOVERNMENT DATA
CSE-TRANS-04,ALT-TRANS-2026-03163,2026-Q1,2026-02-23T04:51:00,LOW,SCADA_COMMAND_ANOMALY,SIEM-SENSOR-TRANS,AST-TRANS-037,2026-02-23T05:00:00,2026-02-23T05:25:00,2026-02-23T07:25:00,RESOLVED,False,,ANALYST_RAO,False,False,False,CLOSED,DEMO/SYNTHETIC - NOT REAL GOVERNMENT DATA
CSE-TRANS-04,ALT-TRANS-2026-03164,2026-Q1,2026-03-06T08:01:00,MEDIUM,BRUTE_FORCE,SIEM-SENSOR-TRANS,AST-TRANS-022,2026-03-06T08:07:00,2026-03-06T08:18:00,2026-03-06T09:18:00,RESOLVED,False,,ANALYST_RAO,False,False,False,CLOSED,DEMO/SYNTHETIC - NOT REAL GOVERNMENT DATA
CSE-TRANS-04,ALT-TRANS-2026-03165,2026-Q1,2026-03-14T02:34:00,HIGH,BRUTE_FORCE,SIEM-SENSOR-TRANS,AST-TRANS-020,2026-03-14T02:51:00,2026-03-14T03:20:00,2026-03-14T07:20:00,RESOLVED,False,,ANALYST_RAO,False,False,False,CLOSED,DEMO/SYNTHETIC - NOT REAL GOVERNMENT DATA
CSE-TRANS-04,ALT-TRANS-2026-03166,2026-Q1,2026-02-25T21:29:00,MEDIUM,UNAUTHORIZED_ACCESS,SIEM-SENSOR-TRANS,AST-TRANS-025,2026-02-25T21:46:00,2026-02-25T22:01:00,2026-02-26T01:01:00,RESOLVED,True,2026-02-25T22:21:00,ANALYST_SHARMA,False,False,False,CLOSED,DEMO/SYNTHETIC - NOT REAL GOVERNMENT DATA
CSE-TRANS-04,ALT-TRANS-2026-03167,2026-Q1,2026-03-02T11:05:00,HIGH,DDOS_ATTACK,SIEM-SENSOR-TRANS,AST-TRANS-088,2026-03-02T11:15:00,2026-03-02T11:41:00,2026-03-02T12:41:00,RESOLVED,False,,ANALYST_PATEL,False,False,False,CLOSED,DEMO/SYNTHETIC - NOT REAL GOVERNMENT DATA
CSE-TRANS-04,ALT-TRANS-2026-03168,2026-Q1,2026-01-14T22:38:00,MEDIUM,POLICY_VIOLATION,SIEM-SENSOR-TRANS,AST-TRANS-073,2026-01-14T22:43:00,2026-01-14T23:10:00,2026-01-15T02:10:00,RESOLVED,False,,ANALYST_PATEL,False,False,False,CLOSED,DEMO/SYNTHETIC - NOT REAL GOVERNMENT DATA
CSE-TRANS-04,ALT-TRANS-2026-03169,2026-Q1,2026-01-20T00:32:00,MEDIUM,DATA_EXFILTRATION,SIEM-SENSOR-TRANS,AST-TRANS-080,2026-01-20T00:45:00,2026-01-20T01:02:00,2026-01-20T04:02:00,RESOLVED,True,2026-01-20T01:22:00,ANALYST_SINGH,False,False,False,CLOSED,DEMO/SYNTHETIC - NOT REAL GOVERNMENT DATA
CSE-TRANS-04,ALT-TRANS-2026-03170,2026-Q1,2026-01-06T11:59:00,MEDIUM,DATA_EXFILTRATION,SIEM-SENSOR-TRANS,AST-TRANS-088,2026-01-06T12:19:00,2026-01-06T12:35:00,2026-01-06T15:35:00,RESOLVED,True,2026-01-06T12:55:00,ANALYST_RAO,False,False,False,CLOSED,DEMO/SYNTHETIC - NOT REAL GOVERNMENT DATA
CSE-TRANS-04,ALT-TRANS-2026-03171,2026-Q1,2026-01-07T14:23:00,LOW,SCADA_COMMAND_ANOMALY,SIEM-SENSOR-TRANS,AST-TRANS-058,2026-01-07T14:40:00,2026-01-07T14:55:00,2026-01-07T16:55:00,RESOLVED,False,,ANALYST_PATEL,False,False,False,CLOSED,DEMO/SYNTHETIC - NOT REAL GOVERNMENT DATA
CSE-TRANS-04,ALT-TRANS-2026-03172,2026-Q1,2026-03-02T23:42:00,MEDIUM,UNAUTHORIZED_ACCESS,SIEM-SENSOR-TRANS,AST-TRANS-017,2026-03-02T23:54:00,2026-03-03T00:23:00,2026-03-03T02:23:00,RESOLVED,False,,ANALYST_VERMA,False,False,False,CLOSED,DEMO/SYNTHETIC - NOT REAL GOVERNMENT DATA
CSE-TRANS-04,ALT-TRANS-2026-03173,2026-Q1,2026-01-21T05:30:00,HIGH,DATA_EXFILTRATION,SIEM-SENSOR-TRANS,AST-TRANS-037,2026-01-21T05:43:00,2026-01-21T06:03:00,2026-01-21T07:03:00,RESOLVED,False,,ANALYST_PATEL,False,False,False,CLOSED,DEMO/SYNTHETIC - NOT REAL GOVERNMENT DATA
CSE-TRANS-04,ALT-TRANS-2026-03174,2026-Q1,2026-01-02T14:36:00,HIGH,MALWARE,SIEM-SENSOR-TRANS,AST-TRANS-043,2026-01-02T14:51:00,2026-01-02T15:16:00,2026-01-02T19:16:00,RESOLVED,False,,ANALYST_RAO,False,False,False,CLOSED,DEMO/SYNTHETIC - NOT REAL GOVERNMENT DATA
CSE-TRANS-04,ALT-TRANS-2026-03175,2026-Q1,2026-03-21T12:28:00,MEDIUM,SCADA_COMMAND_ANOMALY,SIEM-SENSOR-TRANS,AST-TRANS-025,2026-03-21T12:30:00,2026-03-21T12:54:00,2026-03-21T15:54:00,RESOLVED,False,,ANALYST_PATEL,False,False,False,CLOSED,DEMO/SYNTHETIC - NOT REAL GOVERNMENT DATA
CSE-TRANS-04,ALT-TRANS-2026-03176,2026-Q1,2026-03-11T00:25:00,MEDIUM,DDOS_ATTACK,SIEM-SENSOR-TRANS,AST-TRANS-062,2026-03-11T00:36:00,2026-03-11T00:46:00,2026-03-11T01:46:00,RESOLVED,False,,ANALYST_PATEL,False,False,False,CLOSED,DEMO/SYNTHETIC - NOT REAL GOVERNMENT DATA
CSE-TRANS-04,ALT-TRANS-2026-03177,2026-Q1,2026-01-18T05:39:00,LOW,BRUTE_FORCE,SIEM-SENSOR-TRANS,AST-TRANS-064,2026-01-18T05:49:00,2026-01-18T06:16:00,2026-01-18T07:16:00,RESOLVED,False,,ANALYST_SINGH,False,False,False,CLOSED,DEMO/SYNTHETIC - NOT REAL GOVERNMENT DATA
CSE-TRANS-04,ALT-TRANS-2026-03178,2026-Q1,2026-02-15T09:16:00,CRITICAL,MALWARE,SIEM-SENSOR-TRANS,AST-TRANS-077,2026-02-15T09:29:00,2026-02-15T09:51:00,2026-02-15T12:51:00,RESOLVED,True,2026-02-15T10:11:00,ANALYST_SHARMA,False,False,False,CLOSED,DEMO/SYNTHETIC - NOT REAL GOVERNMENT DATA
CSE-TRANS-04,ALT-TRANS-2026-03179,2026-Q1,2026-02-11T23:33:00,HIGH,DATA_EXFILTRATION,SIEM-SENSOR-TRANS,AST-TRANS-010,2026-02-11T23:53:00,2026-02-12T00:08:00,2026-02-12T02:08:00,RESOLVED,False,,ANALYST_RAO,False,False,False,CLOSED,DEMO/SYNTHETIC - NOT REAL GOVERNMENT DATA
CSE-TRANS-04,ALT-TRANS-2026-03180,2026-Q1,2026-02-11T22:25:00,CRITICAL,MALWARE,SIEM-SENSOR-TRANS,AST-TRANS-018,2026-02-11T22:34:00,2026-02-11T22:55:00,2026-02-11T23:55:00,RESOLVED,True,2026-02-11T23:15:00,ANALYST_PATEL,False,False,False,CLOSED,DEMO/SYNTHETIC - NOT REAL GOVERNMENT DATA
CSE-TRANS-04,ALT-TRANS-2026-03181,2026-Q1,2026-03-04T09:56:00,LOW,SCADA_COMMAND_ANOMALY,SIEM-SENSOR-TRANS,AST-TRANS-082,2026-03-04T10:04:00,2026-03-04T10:27:00,2026-03-04T12:27:00,RESOLVED,False,,ANALYST_SINGH,False,False,False,CLOSED,DEMO/SYNTHETIC - NOT REAL GOVERNMENT DATA
CSE-TRANS-04,ALT-TRANS-2026-03182,2026-Q1,2026-02-14T17:16:00,MEDIUM,UNAUTHORIZED_ACCESS,SIEM-SENSOR-TRANS,AST-TRANS-061,2026-02-14T17:26:00,2026-02-14T17:43:00,2026-02-14T20:43:00,RESOLVED,False,,ANALYST_SHARMA,False,False,False,CLOSED,DEMO/SYNTHETIC - NOT REAL GOVERNMENT DATA
CSE-TRANS-04,ALT-TRANS-2026-03183,2026-Q1,2026-02-17T19:12:00,CRITICAL,MALWARE,SIEM-SENSOR-TRANS,AST-TRANS-055,2026-02-17T19:15:00,2026-02-17T19:42:00,2026-02-17T22:42:00,RESOLVED,False,,ANALYST_SHARMA,False,False,False,CLOSED,DEMO/SYNTHETIC - NOT REAL GOVERNMENT DATA
CSE-TRANS-04,ALT-TRANS-2026-03184,2026-Q1,2026-01-26T20:04:00,MEDIUM,DATA_EXFILTRATION,SIEM-SENSOR-TRANS,AST-TRANS-058,2026-01-26T20:18:00,2026-01-26T20:31:00,2026-01-26T22:31:00,RESOLVED,False,,ANALYST_PATEL,False,False,False,CLOSED,DEMO/SYNTHETIC - NOT REAL GOVERNMENT DATA
CSE-TRANS-04,ALT-TRANS-2026-03185,2026-Q1,2026-03-10T22:38:00,MEDIUM,PRIVILEGE_ESCALATION,SIEM-SENSOR-TRANS,AST-TRANS-043,2026-03-10T22:50:00,2026-03-10T23:06:00,2026-03-11T03:06:00,RESOLVED,False,,ANALYST_PATEL,False,False,False,CLOSED,DEMO/SYNTHETIC - NOT REAL GOVERNMENT DATA
CSE-TRANS-04,ALT-TRANS-2026-03186,2026-Q1,2026-03-10T16:53:00,CRITICAL,DDOS_ATTACK,SIEM-SENSOR-TRANS,AST-TRANS-066,2026-03-10T17:07:00,2026-03-10T17:27:00,2026-03-10T18:27:00,RESOLVED,False,,ANALYST_SHARMA,False,False,False,CLOSED,DEMO/SYNTHETIC - NOT REAL GOVERNMENT DATA
CSE-TRANS-04,ALT-TRANS-2026-03187,2026-Q1,2026-03-12T16:35:00,MEDIUM,DATA_EXFILTRATION,SIEM-SENSOR-TRANS,AST-TRANS-091,2026-03-12T16:43:00,2026-03-12T16:58:00,2026-03-12T17:58:00,RESOLVED,False,,ANALYST_SINGH,False,False,False,CLOSED,DEMO/SYNTHETIC - NOT REAL GOVERNMENT DATA
CSE-TRANS-04,ALT-TRANS-2026-03188,2026-Q1,2026-03-07T10:18:00,HIGH,DATA_EXFILTRATION,SIEM-SENSOR-TRANS,AST-TRANS-062,2026-03-07T10:20:00,2026-03-07T10:42:00,2026-03-07T11:42:00,RESOLVED,False,,ANALYST_SINGH,False,False,False,CLOSED,DEMO/SYNTHETIC - NOT REAL GOVERNMENT DATA
CSE-TRANS-04,ALT-TRANS-2026-03189,2026-Q1,2026-02-13T23:21:00,MEDIUM,SCADA_COMMAND_ANOMALY,SIEM-SENSOR-TRANS,AST-TRANS-086,2026-02-13T23:32:00,2026-02-13T23:59:00,2026-02-14T02:59:00,RESOLVED,False,,ANALYST_VERMA,False,False,False,CLOSED,DEMO/SYNTHETIC - NOT REAL GOVERNMENT DATA
CSE-TRANS-04,ALT-TRANS-2026-03190,2026-Q1,2026-01-30T05:54:00,MEDIUM,PRIVILEGE_ESCALATION,SIEM-SENSOR-TRANS,AST-TRANS-040,2026-01-30T05:58:00,2026-01-30T06:18:00,2026-01-30T10:18:00,RESOLVED,False,,ANALYST_SHARMA,False,False,False,CLOSED,DEMO/SYNTHETIC - NOT REAL GOVERNMENT DATA
CSE-TRANS-04,ALT-TRANS-2026-03191,2026-Q1,2026-01-07T02:59:00,MEDIUM,DDOS_ATTACK,SIEM-SENSOR-TRANS,AST-TRANS-021,2026-01-07T03:13:00,2026-01-07T03:42:00,2026-01-07T04:42:00,RESOLVED,False,,ANALYST_SINGH,False,False,False,CLOSED,DEMO/SYNTHETIC - NOT REAL GOVERNMENT DATA
CSE-TRANS-04,ALT-TRANS-2026-03192,2026-Q1,2026-01-17T14:51:00,MEDIUM,UNAUTHORIZED_ACCESS,SIEM-SENSOR-TRANS,AST-TRANS-006,2026-01-17T15:03:00,2026-01-17T15:21:00,2026-01-17T19:21:00,RESOLVED,False,,ANALYST_PATEL,False,False,False,CLOSED,DEMO/SYNTHETIC - NOT REAL GOVERNMENT DATA
CSE-TRANS-04,ALT-TRANS-2026-03193,2026-Q1,2026-02-05T22:59:00,MEDIUM,DDOS_ATTACK,SIEM-SENSOR-TRANS,AST-TRANS-088,2026-02-05T23:10:00,2026-02-05T23:38:00,2026-02-06T01:38:00,RESOLVED,False,,ANALYST_SINGH,False,False,False,CLOSED,DEMO/SYNTHETIC - NOT REAL GOVERNMENT DATA
CSE-TRANS-04,ALT-TRANS-2026-03194,2026-Q1,2026-02-12T10:44:00,LOW,RANSOMWARE,SIEM-SENSOR-TRANS,AST-TRANS-066,2026-02-12T10:52:00,2026-02-12T11:09:00,2026-02-12T13:09:00,RESOLVED,False,,ANALYST_PATEL,False,False,False,CLOSED,DEMO/SYNTHETIC - NOT REAL GOVERNMENT DATA
CSE-TRANS-04,ALT-TRANS-2026-03195,2026-Q1,2026-02-01T20:09:00,MEDIUM,DATA_EXFILTRATION,SIEM-SENSOR-TRANS,AST-TRANS-066,2026-02-01T20:29:00,2026-02-01T20:44:00,2026-02-01T22:44:00,RESOLVED,False,,ANALYST_RAO,False,False,False,CLOSED,DEMO/SYNTHETIC - NOT REAL GOVERNMENT DATA
CSE-TRANS-04,ALT-TRANS-2026-03196,2026-Q1,2026-02-20T13:27:00,HIGH,DATA_EXFILTRATION,SIEM-SENSOR-TRANS,AST-TRANS-064,2026-02-20T13:43:00,2026-02-20T13:55:00,2026-02-20T14:55:00,RESOLVED,False,,ANALYST_PATEL,False,False,False,CLOSED,DEMO/SYNTHETIC - NOT REAL GOVERNMENT DATA
CSE-TRANS-04,ALT-TRANS-2026-03197,2026-Q1,2026-01-03T04:54:00,MEDIUM,BRUTE_FORCE,SIEM-SENSOR-TRANS,AST-TRANS-001,2026-01-03T04:56:00,2026-01-03T05:12:00,2026-01-03T07:12:00,RESOLVED,False,,ANALYST_SHARMA,False,False,False,CLOSED,DEMO/SYNTHETIC - NOT REAL GOVERNMENT DATA
CSE-TRANS-04,ALT-TRANS-2026-03198,2026-Q1,2026-01-12T14:35:00,CRITICAL,SCADA_COMMAND_ANOMALY,SIEM-SENSOR-TRANS,AST-TRANS-052,2026-01-12T14:46:00,2026-01-12T15:15:00,2026-01-12T16:15:00,RESOLVED,False,,ANALYST_RAO,False,False,False,CLOSED,DEMO/SYNTHETIC - NOT REAL GOVERNMENT DATA
CSE-TRANS-04,ALT-TRANS-2026-03199,2026-Q1,2026-01-19T15:44:00,MEDIUM,DDOS_ATTACK,SIEM-SENSOR-TRANS,AST-TRANS-045,2026-01-19T15:50:00,2026-01-19T16:19:00,2026-01-19T19:19:00,RESOLVED,False,,ANALYST_SHARMA,False,False,False,CLOSED,DEMO/SYNTHETIC - NOT REAL GOVERNMENT DATA
CSE-TRANS-04,ALT-TRANS-2026-03200,2026-Q1,2026-01-08T02:09:00,HIGH,BRUTE_FORCE,SIEM-SENSOR-TRANS,AST-TRANS-047,2026-01-08T02:22:00,2026-01-08T02:38:00,2026-01-08T06:38:00,RESOLVED,False,,ANALYST_VERMA,False,False,False,CLOSED,DEMO/SYNTHETIC - NOT REAL GOVERNMENT DATA
CSE-TRANS-04,ALT-TRANS-2026-03201,2026-Q1,2026-03-16T05:30:00,CRITICAL,POLICY_VIOLATION,SIEM-SENSOR-TRANS,AST-TRANS-051,2026-03-16T05:35:00,2026-03-16T05:57:00,2026-03-16T07:57:00,RESOLVED,False,,ANALYST_SINGH,False,False,False,CLOSED,DEMO/SYNTHETIC - NOT REAL GOVERNMENT DATA
CSE-TRANS-04,ALT-TRANS-2026-03202,2026-Q1,2026-03-19T06:13:00,MEDIUM,BRUTE_FORCE,SIEM-SENSOR-TRANS,AST-TRANS-086,2026-03-19T06:30:00,2026-03-19T06:41:00,2026-03-19T07:41:00,RESOLVED,False,,ANALYST_SHARMA,False,False,False,CLOSED,DEMO/SYNTHETIC - NOT REAL GOVERNMENT DATA
CSE-TRANS-04,ALT-TRANS-2026-03203,2026-Q1,2026-02-07T09:25:00,CRITICAL,RANSOMWARE,SIEM-SENSOR-TRANS,AST-TRANS-038,2026-02-07T09:39:00,2026-02-07T09:57:00,2026-02-07T10:57:00,RESOLVED,False,,ANALYST_PATEL,False,False,False,CLOSED,DEMO/SYNTHETIC - NOT REAL GOVERNMENT DATA
CSE-TRANS-04,ALT-TRANS-2026-03204,2026-Q1,2026-02-11T00:29:00,MEDIUM,RANSOMWARE,SIEM-SENSOR-TRANS,AST-TRANS-013,2026-02-11T00:37:00,2026-02-11T00:54:00,2026-02-11T01:54:00,RESOLVED,False,,ANALYST_VERMA,False,False,False,CLOSED,DEMO/SYNTHETIC - NOT REAL GOVERNMENT DATA
CSE-TRANS-04,ALT-TRANS-2026-03205,2026-Q1,2026-01-29T08:38:00,MEDIUM,MALWARE,SIEM-SENSOR-TRANS,AST-TRANS-014,2026-01-29T08:49:00,2026-01-29T09:01:00,2026-01-29T10:01:00,RESOLVED,False,,ANALYST_SINGH,False,False,False,CLOSED,DEMO/SYNTHETIC - NOT REAL GOVERNMENT DATA
CSE-TRANS-04,ALT-TRANS-2026-03206,2026-Q1,2026-01-29T14:22:00,HIGH,BRUTE_FORCE,SIEM-SENSOR-TRANS,AST-TRANS-049,2026-01-29T14:41:00,2026-01-29T15:04:00,2026-01-29T19:04:00,RESOLVED,False,,ANALYST_RAO,False,False,False,CLOSED,DEMO/SYNTHETIC - NOT REAL GOVERNMENT DATA
CSE-TRANS-04,ALT-TRANS-2026-03207,2026-Q1,2026-03-15T17:11:00,LOW,RANSOMWARE,SIEM-SENSOR-TRANS,AST-TRANS-079,2026-03-15T17:19:00,2026-03-15T17:49:00,2026-03-15T19:49:00,RESOLVED,False,,ANALYST_SINGH,False,False,False,CLOSED,DEMO/SYNTHETIC - NOT REAL GOVERNMENT DATA
CSE-TRANS-04,ALT-TRANS-2026-03208,2026-Q1,2026-01-21T16:18:00,MEDIUM,DDOS_ATTACK,SIEM-SENSOR-TRANS,AST-TRANS-028,2026-01-21T16:31:00,2026-01-21T16:52:00,2026-01-21T17:52:00,RESOLVED,True,2026-01-21T17:12:00,ANALYST_RAO,False,False,False,CLOSED,DEMO/SYNTHETIC - NOT REAL GOVERNMENT DATA
CSE-TRANS-04,ALT-TRANS-2026-03209,2026-Q1,2026-03-18T21:51:00,MEDIUM,BRUTE_FORCE,SIEM-SENSOR-TRANS,AST-TRANS-034,2026-03-18T22:11:00,2026-03-18T22:32:00,2026-03-19T00:32:00,RESOLVED,False,,ANALYST_PATEL,False,False,False,CLOSED,DEMO/SYNTHETIC - NOT REAL GOVERNMENT DATA
CSE-TRANS-04,ALT-TRANS-2026-03210,2026-Q1,2026-02-13T18:23:00,HIGH,UNAUTHORIZED_ACCESS,SIEM-SENSOR-TRANS,AST-TRANS-011,2026-02-13T18:37:00,2026-02-13T18:58:00,2026-02-13T21:58:00,RESOLVED,False,,ANALYST_PATEL,False,False,False,CLOSED,DEMO/SYNTHETIC - NOT REAL GOVERNMENT DATA
CSE-TRANS-04,ALT-TRANS-2026-03211,2026-Q1,2026-03-04T01:21:00,MEDIUM,DATA_EXFILTRATION,SIEM-SENSOR-TRANS,AST-TRANS-033,2026-03-04T01:41:00,2026-03-04T02:09:00,2026-03-04T03:09:00,RESOLVED,False,,ANALYST_RAO,False,False,False,CLOSED,DEMO/SYNTHETIC - NOT REAL GOVERNMENT DATA
CSE-TRANS-04,ALT-TRANS-2026-03212,2026-Q1,2026-01-10T00:08:00,CRITICAL,RANSOMWARE,SIEM-SENSOR-TRANS,AST-TRANS-065,2026-01-10T00:25:00,2026-01-10T00:35:00,2026-01-10T04:35:00,RESOLVED,True,2026-01-10T00:55:00,ANALYST_PATEL,False,False,False,CLOSED,DEMO/SYNTHETIC - NOT REAL GOVERNMENT DATA
CSE-TRANS-04,ALT-TRANS-2026-03213,2026-Q1,2026-02-24T00:54:00,HIGH,MALWARE,SIEM-SENSOR-TRANS,AST-TRANS-009,2026-02-24T00:59:00,2026-02-24T01:09:00,2026-02-24T02:09:00,RESOLVED,False,,ANALYST_VERMA,False,False,False,CLOSED,DEMO/SYNTHETIC - NOT REAL GOVERNMENT DATA
CSE-TRANS-04,ALT-TRANS-2026-03214,2026-Q1,2026-03-11T15:38:00,MEDIUM,MALWARE,SIEM-SENSOR-TRANS,AST-TRANS-011,2026-03-11T15:41:00,2026-03-11T16:07:00,2026-03-11T19:07:00,RESOLVED,False,,ANALYST_SHARMA,False,False,False,CLOSED,DEMO/SYNTHETIC - NOT REAL GOVERNMENT DATA
CSE-TRANS-04,ALT-TRANS-2026-03215,2026-Q1,2026-01-23T11:43:00,LOW,DDOS_ATTACK,SIEM-SENSOR-TRANS,AST-TRANS-091,2026-01-23T11:57:00,2026-01-23T12:11:00,2026-01-23T14:11:00,RESOLVED,False,,ANALYST_PATEL,False,False,False,CLOSED,DEMO/SYNTHETIC - NOT REAL GOVERNMENT DATA
CSE-TRANS-04,ALT-TRANS-2026-03216,2026-Q1,2026-02-11T08:18:00,LOW,POLICY_VIOLATION,SIEM-SENSOR-TRANS,AST-TRANS-012,2026-02-11T08:31:00,2026-02-11T08:53:00,2026-02-11T12:53:00,RESOLVED,False,,ANALYST_SHARMA,False,False,False,CLOSED,DEMO/SYNTHETIC - NOT REAL GOVERNMENT DATA
CSE-TRANS-04,ALT-TRANS-2026-03217,2026-Q1,2026-03-21T06:44:00,LOW,DDOS_ATTACK,SIEM-SENSOR-TRANS,AST-TRANS-074,2026-03-21T07:00:00,2026-03-21T07:10:00,2026-03-21T11:10:00,RESOLVED,False,,ANALYST_SHARMA,False,False,False,CLOSED,DEMO/SYNTHETIC - NOT REAL GOVERNMENT DATA
CSE-TRANS-04,ALT-TRANS-2026-03218,2026-Q1,2026-03-05T04:45:00,HIGH,SCADA_COMMAND_ANOMALY,SIEM-SENSOR-TRANS,AST-TRANS-094,2026-03-05T05:04:00,2026-03-05T05:34:00,2026-03-05T08:34:00,RESOLVED,True,2026-03-05T05:54:00,ANALYST_VERMA,False,False,False,CLOSED,DEMO/SYNTHETIC - NOT REAL GOVERNMENT DATA
CSE-TRANS-04,ALT-TRANS-2026-03219,2026-Q1,2026-02-16T20:08:00,CRITICAL,POLICY_VIOLATION,SIEM-SENSOR-TRANS,AST-TRANS-062,2026-02-16T20:11:00,2026-02-16T20:30:00,2026-02-16T22:30:00,RESOLVED,False,,ANALYST_SHARMA,False,False,False,CLOSED,DEMO/SYNTHETIC - NOT REAL GOVERNMENT DATA
CSE-TRANS-04,ALT-TRANS-2026-03220,2026-Q1,2026-02-27T12:08:00,MEDIUM,RANSOMWARE,SIEM-SENSOR-TRANS,AST-TRANS-022,2026-02-27T12:20:00,2026-02-27T12:36:00,2026-02-27T14:36:00,RESOLVED,False,,ANALYST_RAO,False,False,False,CLOSED,DEMO/SYNTHETIC - NOT REAL GOVERNMENT DATA
CSE-TRANS-04,ALT-TRANS-2026-03221,2026-Q1,2026-01-28T17:14:00,HIGH,DDOS_ATTACK,SIEM-SENSOR-TRANS,AST-TRANS-021,2026-01-28T17:26:00,2026-01-28T17:37:00,2026-01-28T21:37:00,RESOLVED,False,,ANALYST_VERMA,False,False,False,CLOSED,DEMO/SYNTHETIC - NOT REAL GOVERNMENT DATA
CSE-TRANS-04,ALT-TRANS-2026-03222,2026-Q1,2026-01-27T09:33:00,HIGH,RANSOMWARE,SIEM-SENSOR-TRANS,AST-TRANS-088,2026-01-27T09:42:00,2026-01-27T09:52:00,2026-01-27T10:52:00,RESOLVED,False,,ANALYST_VERMA,False,False,False,CLOSED,DEMO/SYNTHETIC - NOT REAL GOVERNMENT DATA
CSE-TRANS-04,ALT-TRANS-2026-03223,2026-Q1,2026-02-22T08:27:00,MEDIUM,UNAUTHORIZED_ACCESS,SIEM-SENSOR-TRANS,AST-TRANS-032,2026-02-22T08:30:00,2026-02-22T08:59:00,2026-02-22T11:59:00,RESOLVED,False,,ANALYST_PATEL,False,False,False,CLOSED,DEMO/SYNTHETIC - NOT REAL GOVERNMENT DATA
CSE-TRANS-04,ALT-TRANS-2026-03224,2026-Q1,2026-01-11T17:20:00,MEDIUM,UNAUTHORIZED_ACCESS,SIEM-SENSOR-TRANS,AST-TRANS-028,2026-01-11T17:37:00,2026-01-11T17:50:00,2026-01-11T18:50:00,RESOLVED,False,,ANALYST_PATEL,False,False,False,CLOSED,DEMO/SYNTHETIC - NOT REAL GOVERNMENT DATA
CSE-TRANS-04,ALT-TRANS-2026-03225,2026-Q1,2026-01-03T08:48:00,HIGH,RANSOMWARE,SIEM-SENSOR-TRANS,AST-TRANS-005,2026-01-03T08:51:00,2026-01-03T09:19:00,2026-01-03T10:19:00,RESOLVED,False,,ANALYST_RAO,False,False,False,CLOSED,DEMO/SYNTHETIC - NOT REAL GOVERNMENT DATA
CSE-TRANS-04,ALT-TRANS-2026-03226,2026-Q1,2026-03-17T07:52:00,HIGH,DDOS_ATTACK,SIEM-SENSOR-TRANS,AST-TRANS-090,2026-03-17T07:55:00,2026-03-17T08:21:00,2026-03-17T12:21:00,RESOLVED,False,,ANALYST_SHARMA,False,False,False,CLOSED,DEMO/SYNTHETIC - NOT REAL GOVERNMENT DATA
CSE-TRANS-04,ALT-TRANS-2026-03227,2026-Q1,2026-02-21T16:18:00,MEDIUM,DDOS_ATTACK,SIEM-SENSOR-TRANS,AST-TRANS-048,2026-02-21T16:36:00,2026-02-21T16:55:00,2026-02-21T18:55:00,RESOLVED,False,,ANALYST_RAO,False,False,False,CLOSED,DEMO/SYNTHETIC - NOT REAL GOVERNMENT DATA
CSE-TRANS-04,ALT-TRANS-2026-03228,2026-Q1,2026-03-01T14:24:00,MEDIUM,POLICY_VIOLATION,SIEM-SENSOR-TRANS,AST-TRANS-043,2026-03-01T14:39:00,2026-03-01T14:58:00,2026-03-01T17:58:00,RESOLVED,False,,ANALYST_RAO,False,False,False,CLOSED,DEMO/SYNTHETIC - NOT REAL GOVERNMENT DATA
CSE-TRANS-04,ALT-TRANS-2026-03229,2026-Q1,2026-03-05T15:21:00,CRITICAL,RANSOMWARE,SIEM-SENSOR-TRANS,AST-TRANS-019,2026-03-05T15:27:00,2026-03-05T15:50:00,2026-03-05T19:50:00,RESOLVED,False,,ANALYST_RAO,False,False,False,CLOSED,DEMO/SYNTHETIC - NOT REAL GOVERNMENT DATA
CSE-TRANS-04,ALT-TRANS-2026-03230,2026-Q1,2026-02-05T04:54:00,HIGH,MALWARE,SIEM-SENSOR-TRANS,AST-TRANS-012,2026-02-05T05:08:00,2026-02-05T05:19:00,2026-02-05T08:19:00,RESOLVED,False,,ANALYST_SINGH,False,False,False,CLOSED,DEMO/SYNTHETIC - NOT REAL GOVERNMENT DATA
CSE-TRANS-04,ALT-TRANS-2026-03231,2026-Q1,2026-03-07T03:17:00,MEDIUM,POLICY_VIOLATION,SIEM-SENSOR-TRANS,AST-TRANS-010,2026-03-07T03:24:00,2026-03-07T03:34:00,2026-03-07T05:34:00,RESOLVED,False,,ANALYST_RAO,False,False,False,CLOSED,DEMO/SYNTHETIC - NOT REAL GOVERNMENT DATA
CSE-TRANS-04,ALT-TRANS-2026-03232,2026-Q1,2026-03-05T14:39:00,HIGH,MALWARE,SIEM-SENSOR-TRANS,AST-TRANS-033,2026-03-05T14:50:00,2026-03-05T15:18:00,2026-03-05T17:18:00,RESOLVED,False,,ANALYST_SHARMA,False,False,False,CLOSED,DEMO/SYNTHETIC - NOT REAL GOVERNMENT DATA
CSE-TRANS-04,ALT-TRANS-2026-03233,2026-Q1,2026-01-28T12:09:00,MEDIUM,BRUTE_FORCE,SIEM-SENSOR-TRANS,AST-TRANS-063,2026-01-28T12:22:00,2026-01-28T12:38:00,2026-01-28T14:38:00,RESOLVED,False,,ANALYST_RAO,False,False,False,CLOSED,DEMO/SYNTHETIC - NOT REAL GOVERNMENT DATA
CSE-TRANS-04,ALT-TRANS-2026-03234,2026-Q1,2026-02-08T15:29:00,MEDIUM,RANSOMWARE,SIEM-SENSOR-TRANS,AST-TRANS-008,2026-02-08T15:41:00,2026-02-08T16:08:00,2026-02-08T19:08:00,RESOLVED,False,,ANALYST_SINGH,False,False,False,CLOSED,DEMO/SYNTHETIC - NOT REAL GOVERNMENT DATA
CSE-TRANS-04,ALT-TRANS-2026-03235,2026-Q1,2026-02-25T11:19:00,LOW,DDOS_ATTACK,SIEM-SENSOR-TRANS,AST-TRANS-080,2026-02-25T11:23:00,2026-02-25T11:44:00,2026-02-25T15:44:00,RESOLVED,False,,ANALYST_PATEL,False,False,False,CLOSED,DEMO/SYNTHETIC - NOT REAL GOVERNMENT DATA
CSE-TRANS-04,ALT-TRANS-2026-03236,2026-Q1,2026-02-01T22:31:00,MEDIUM,PRIVILEGE_ESCALATION,SIEM-SENSOR-TRANS,AST-TRANS-068,2026-02-01T22:41:00,2026-02-01T23:11:00,2026-02-02T02:11:00,RESOLVED,False,,ANALYST_SHARMA,False,False,False,CLOSED,DEMO/SYNTHETIC - NOT REAL GOVERNMENT DATA
CSE-TRANS-04,ALT-TRANS-2026-03237,2026-Q1,2026-03-14T16:54:00,MEDIUM,DDOS_ATTACK,SIEM-SENSOR-TRANS,AST-TRANS-069,2026-03-14T17:09:00,2026-03-14T17:22:00,2026-03-14T18:22:00,RESOLVED,False,,ANALYST_SINGH,False,False,False,CLOSED,DEMO/SYNTHETIC - NOT REAL GOVERNMENT DATA
CSE-TRANS-04,ALT-TRANS-2026-03238,2026-Q1,2026-02-20T02:06:00,LOW,PRIVILEGE_ESCALATION,SIEM-SENSOR-TRANS,AST-TRANS-046,2026-02-20T02:11:00,2026-02-20T02:22:00,2026-02-20T06:22:00,RESOLVED,False,,ANALYST_RAO,False,False,False,CLOSED,DEMO/SYNTHETIC - NOT REAL GOVERNMENT DATA
CSE-TRANS-04,ALT-TRANS-2026-03239,2026-Q1,2026-03-22T17:07:00,MEDIUM,DDOS_ATTACK,SIEM-SENSOR-TRANS,AST-TRANS-078,2026-03-22T17:12:00,2026-03-22T17:24:00,2026-03-22T20:24:00,RESOLVED,False,,ANALYST_SINGH,False,False,False,CLOSED,DEMO/SYNTHETIC - NOT REAL GOVERNMENT DATA
CSE-TRANS-04,ALT-TRANS-2026-03240,2026-Q1,2026-01-09T15:04:00,MEDIUM,POLICY_VIOLATION,SIEM-SENSOR-TRANS,AST-TRANS-017,2026-01-09T15:20:00,2026-01-09T15:30:00,2026-01-09T16:30:00,RESOLVED,False,,ANALYST_PATEL,False,False,False,CLOSED,DEMO/SYNTHETIC - NOT REAL GOVERNMENT DATA
CSE-TRANS-04,ALT-TRANS-2026-03241,2026-Q1,2026-03-06T06:41:00,HIGH,DDOS_ATTACK,SIEM-SENSOR-TRANS,AST-TRANS-022,2026-03-06T06:48:00,2026-03-06T06:59:00,2026-03-06T10:59:00,RESOLVED,True,2026-03-06T07:19:00,ANALYST_RAO,False,False,False,CLOSED,DEMO/SYNTHETIC - NOT REAL GOVERNMENT DATA
CSE-TRANS-04,ALT-TRANS-2026-03242,2026-Q1,2026-01-09T03:25:00,MEDIUM,POLICY_VIOLATION,SIEM-SENSOR-TRANS,AST-TRANS-054,2026-01-09T03:27:00,2026-01-09T03:47:00,2026-01-09T06:47:00,RESOLVED,False,,ANALYST_PATEL,False,False,False,CLOSED,DEMO/SYNTHETIC - NOT REAL GOVERNMENT DATA
CSE-TRANS-04,ALT-TRANS-2026-03243,2026-Q1,2026-02-21T17:50:00,HIGH,BRUTE_FORCE,SIEM-SENSOR-TRANS,AST-TRANS-078,2026-02-21T18:06:00,2026-02-21T18:18:00,2026-02-21T19:18:00,RESOLVED,False,,ANALYST_RAO,False,False,False,CLOSED,DEMO/SYNTHETIC - NOT REAL GOVERNMENT DATA
CSE-TRANS-04,ALT-TRANS-2026-03244,2026-Q1,2026-02-01T05:31:00,MEDIUM,UNAUTHORIZED_ACCESS,SIEM-SENSOR-TRANS,AST-TRANS-090,2026-02-01T05:40:00,2026-02-01T05:54:00,2026-02-01T08:54:00,RESOLVED,False,,ANALYST_SINGH,False,False,False,CLOSED,DEMO/SYNTHETIC - NOT REAL GOVERNMENT DATA
CSE-TRANS-04,ALT-TRANS-2026-03245,2026-Q1,2026-01-18T03:11:00,HIGH,UNAUTHORIZED_ACCESS,SIEM-SENSOR-TRANS,AST-TRANS-026,2026-01-18T03:29:00,2026-01-18T03:58:00,2026-01-18T04:58:00,RESOLVED,False,,ANALYST_RAO,False,False,False,CLOSED,DEMO/SYNTHETIC - NOT REAL GOVERNMENT DATA
CSE-TRANS-04,ALT-TRANS-2026-03246,2026-Q1,2026-02-02T06:56:00,CRITICAL,MALWARE,SIEM-SENSOR-TRANS,AST-TRANS-011,2026-02-02T07:06:00,2026-02-02T07:28:00,2026-02-02T09:28:00,RESOLVED,False,,ANALYST_SHARMA,False,False,False,CLOSED,DEMO/SYNTHETIC - NOT REAL GOVERNMENT DATA
CSE-TRANS-04,ALT-TRANS-2026-03247,2026-Q1,2026-01-09T02:33:00,MEDIUM,POLICY_VIOLATION,SIEM-SENSOR-TRANS,AST-TRANS-003,2026-01-09T02:53:00,2026-01-09T03:20:00,2026-01-09T07:20:00,RESOLVED,False,,ANALYST_SHARMA,False,False,False,CLOSED,DEMO/SYNTHETIC - NOT REAL GOVERNMENT DATA
CSE-TRANS-04,ALT-TRANS-2026-03248,2026-Q1,2026-02-14T00:43:00,HIGH,DATA_EXFILTRATION,SIEM-SENSOR-TRANS,AST-TRANS-047,2026-02-14T00:51:00,2026-02-14T01:04:00,2026-02-14T02:04:00,RESOLVED,False,,ANALYST_PATEL,False,False,False,CLOSED,DEMO/SYNTHETIC - NOT REAL GOVERNMENT DATA
CSE-TRANS-04,ALT-TRANS-2026-03249,2026-Q1,2026-01-13T04:22:00,HIGH,POLICY_VIOLATION,SIEM-SENSOR-TRANS,AST-TRANS-001,2026-01-13T04:42:00,2026-01-13T05:07:00,2026-01-13T07:07:00,RESOLVED,False,,ANALYST_PATEL,False,False,False,CLOSED,DEMO/SYNTHETIC - NOT REAL GOVERNMENT DATA
CSE-TRANS-04,ALT-TRANS-2026-03250,2026-Q1,2026-01-14T07:22:00,MEDIUM,UNAUTHORIZED_ACCESS,SIEM-SENSOR-TRANS,AST-TRANS-044,2026-01-14T07:24:00,2026-01-14T07:48:00,2026-01-14T11:48:00,RESOLVED,False,,ANALYST_RAO,False,False,False,CLOSED,DEMO/SYNTHETIC - NOT REAL GOVERNMENT DATA
CSE-TRANS-04,ALT-TRANS-2026-03251,2026-Q1,2026-01-15T20:35:00,LOW,DDOS_ATTACK,SIEM-SENSOR-TRANS,AST-TRANS-089,2026-01-15T20:55:00,2026-01-15T21:13:00,2026-01-15T23:13:00,RESOLVED,False,,ANALYST_VERMA,False,False,False,CLOSED,DEMO/SYNTHETIC - NOT REAL GOVERNMENT DATA
CSE-TRANS-04,ALT-TRANS-2026-03252,2026-Q1,2026-01-25T02:18:00,LOW,RANSOMWARE,SIEM-SENSOR-TRANS,AST-TRANS-079,2026-01-25T02:37:00,2026-01-25T03:07:00,2026-01-25T04:07:00,RESOLVED,False,,ANALYST_RAO,False,False,False,CLOSED,DEMO/SYNTHETIC - NOT REAL GOVERNMENT DATA
CSE-TRANS-04,ALT-TRANS-2026-03253,2026-Q1,2026-01-03T14:48:00,MEDIUM,DATA_EXFILTRATION,SIEM-SENSOR-TRANS,AST-TRANS-094,2026-01-03T15:06:00,2026-01-03T15:24:00,2026-01-03T18:24:00,RESOLVED,False,,ANALYST_RAO,False,False,False,CLOSED,DEMO/SYNTHETIC - NOT REAL GOVERNMENT DATA
CSE-TRANS-04,ALT-TRANS-2026-03254,2026-Q1,2026-01-17T05:28:00,MEDIUM,DDOS_ATTACK,SIEM-SENSOR-TRANS,AST-TRANS-088,2026-01-17T05:34:00,2026-01-17T05:47:00,2026-01-17T06:47:00,RESOLVED,False,,ANALYST_SHARMA,False,False,False,CLOSED,DEMO/SYNTHETIC - NOT REAL GOVERNMENT DATA
CSE-TRANS-04,ALT-TRANS-2026-03255,2026-Q1,2026-03-04T04:21:00,HIGH,RANSOMWARE,SIEM-SENSOR-TRANS,AST-TRANS-094,2026-03-04T04:31:00,2026-03-04T04:49:00,2026-03-04T07:49:00,RESOLVED,False,,ANALYST_RAO,False,False,False,CLOSED,DEMO/SYNTHETIC - NOT REAL GOVERNMENT DATA
CSE-TRANS-04,ALT-TRANS-2026-03256,2026-Q1,2026-01-16T22:51:00,MEDIUM,DDOS_ATTACK,SIEM-SENSOR-TRANS,AST-TRANS-057,2026-01-16T23:02:00,2026-01-16T23:32:00,2026-01-17T01:32:00,RESOLVED,True,2026-01-16T23:52:00,ANALYST_SINGH,False,False,False,CLOSED,DEMO/SYNTHETIC - NOT REAL GOVERNMENT DATA
CSE-TRANS-04,ALT-TRANS-2026-03257,2026-Q1,2026-03-13T06:00:00,MEDIUM,DATA_EXFILTRATION,SIEM-SENSOR-TRANS,AST-TRANS-038,2026-03-13T06:17:00,2026-03-13T06:30:00,2026-03-13T07:30:00,RESOLVED,False,,ANALYST_VERMA,False,False,False,CLOSED,DEMO/SYNTHETIC - NOT REAL GOVERNMENT DATA
CSE-TRANS-04,ALT-TRANS-2026-03258,2026-Q1,2026-01-22T10:28:00,LOW,PRIVILEGE_ESCALATION,SIEM-SENSOR-TRANS,AST-TRANS-035,2026-01-22T10:37:00,2026-01-22T11:01:00,2026-01-22T13:01:00,RESOLVED,False,,ANALYST_VERMA,False,False,False,CLOSED,DEMO/SYNTHETIC - NOT REAL GOVERNMENT DATA
CSE-TRANS-04,ALT-TRANS-2026-03259,2026-Q1,2026-03-14T14:08:00,LOW,SCADA_COMMAND_ANOMALY,SIEM-SENSOR-TRANS,AST-TRANS-054,2026-03-14T14:26:00,2026-03-14T14:56:00,2026-03-14T16:56:00,RESOLVED,False,,ANALYST_PATEL,False,False,False,CLOSED,DEMO/SYNTHETIC - NOT REAL GOVERNMENT DATA
CSE-TRANS-04,ALT-TRANS-2026-03260,2026-Q1,2026-01-29T10:01:00,HIGH,MALWARE,SIEM-SENSOR-TRANS,AST-TRANS-058,2026-01-29T10:11:00,2026-01-29T10:41:00,2026-01-29T14:41:00,RESOLVED,False,,ANALYST_SINGH,False,False,False,CLOSED,DEMO/SYNTHETIC - NOT REAL GOVERNMENT DATA
CSE-TRANS-04,ALT-TRANS-2026-03261,2026-Q1,2026-01-01T06:14:00,MEDIUM,POLICY_VIOLATION,SIEM-SENSOR-TRANS,AST-TRANS-015,2026-01-01T06:31:00,2026-01-01T06:41:00,2026-01-01T09:41:00,RESOLVED,False,,ANALYST_VERMA,False,False,False,CLOSED,DEMO/SYNTHETIC - NOT REAL GOVERNMENT DATA
CSE-TRANS-04,ALT-TRANS-2026-03262,2026-Q1,2026-03-04T23:21:00,HIGH,MALWARE,SIEM-SENSOR-TRANS,AST-TRANS-011,2026-03-04T23:24:00,2026-03-04T23:35:00,2026-03-05T02:35:00,RESOLVED,True,2026-03-04T23:55:00,ANALYST_VERMA,False,False,False,CLOSED,DEMO/SYNTHETIC - NOT REAL GOVERNMENT DATA
CSE-TRANS-04,ALT-TRANS-2026-03263,2026-Q1,2026-01-20T06:42:00,LOW,MALWARE,SIEM-SENSOR-TRANS,AST-TRANS-007,2026-01-20T06:51:00,2026-01-20T07:18:00,2026-01-20T11:18:00,RESOLVED,False,,ANALYST_VERMA,False,False,False,CLOSED,DEMO/SYNTHETIC - NOT REAL GOVERNMENT DATA
CSE-TRANS-04,ALT-TRANS-2026-03264,2026-Q1,2026-02-17T06:22:00,LOW,UNAUTHORIZED_ACCESS,SIEM-SENSOR-TRANS,AST-TRANS-017,2026-02-17T06:34:00,2026-02-17T06:57:00,2026-02-17T08:57:00,RESOLVED,False,,ANALYST_SHARMA,False,False,False,CLOSED,DEMO/SYNTHETIC - NOT REAL GOVERNMENT DATA
CSE-TRANS-04,ALT-TRANS-2026-03265,2026-Q1,2026-02-23T18:17:00,MEDIUM,RANSOMWARE,SIEM-SENSOR-TRANS,AST-TRANS-053,2026-02-23T18:35:00,2026-02-23T18:57:00,2026-02-23T21:57:00,RESOLVED,False,,ANALYST_RAO,False,False,False,CLOSED,DEMO/SYNTHETIC - NOT REAL GOVERNMENT DATA
CSE-TRANS-04,ALT-TRANS-2026-03266,2026-Q1,2026-03-03T17:44:00,LOW,BRUTE_FORCE,SIEM-SENSOR-TRANS,AST-TRANS-029,2026-03-03T17:55:00,2026-03-03T18:15:00,2026-03-03T21:15:00,RESOLVED,False,,ANALYST_RAO,False,False,False,CLOSED,DEMO/SYNTHETIC - NOT REAL GOVERNMENT DATA
CSE-TRANS-04,ALT-TRANS-2026-03267,2026-Q1,2026-02-19T15:31:00,HIGH,PRIVILEGE_ESCALATION,SIEM-SENSOR-TRANS,AST-TRANS-075,2026-02-19T15:37:00,2026-02-19T16:04:00,2026-02-19T18:04:00,RESOLVED,True,2026-02-19T16:24:00,ANALYST_RAO,False,False,False,CLOSED,DEMO/SYNTHETIC - NOT REAL GOVERNMENT DATA
CSE-TRANS-04,ALT-TRANS-2026-03268,2026-Q1,2026-03-11T16:42:00,MEDIUM,DDOS_ATTACK,SIEM-SENSOR-TRANS,AST-TRANS-054,2026-03-11T16:51:00,2026-03-11T17:08:00,2026-03-11T20:08:00,RESOLVED,False,,ANALYST_SINGH,False,False,False,CLOSED,DEMO/SYNTHETIC - NOT REAL GOVERNMENT DATA
CSE-TRANS-04,ALT-TRANS-2026-03269,2026-Q1,2026-01-05T19:05:00,CRITICAL,DATA_EXFILTRATION,SIEM-SENSOR-TRANS,AST-TRANS-094,2026-01-05T19:19:00,2026-01-05T19:45:00,2026-01-05T21:45:00,RESOLVED,False,,ANALYST_SHARMA,False,False,False,CLOSED,DEMO/SYNTHETIC - NOT REAL GOVERNMENT DATA
CSE-TRANS-04,ALT-TRANS-2026-03270,2026-Q1,2026-03-01T14:00:00,MEDIUM,DATA_EXFILTRATION,SIEM-SENSOR-TRANS,AST-TRANS-086,2026-03-01T14:05:00,2026-03-01T14:17:00,2026-03-01T17:17:00,RESOLVED,False,,ANALYST_PATEL,False,False,False,CLOSED,DEMO/SYNTHETIC - NOT REAL GOVERNMENT DATA
CSE-TRANS-04,ALT-TRANS-2026-03271,2026-Q1,2026-02-24T11:41:00,HIGH,POLICY_VIOLATION,SIEM-SENSOR-TRANS,AST-TRANS-051,2026-02-24T11:46:00,2026-02-24T12:01:00,2026-02-24T16:01:00,RESOLVED,False,,ANALYST_RAO,False,False,False,CLOSED,DEMO/SYNTHETIC - NOT REAL GOVERNMENT DATA
CSE-TRANS-04,ALT-TRANS-2026-03272,2026-Q1,2026-02-05T19:57:00,CRITICAL,PRIVILEGE_ESCALATION,SIEM-SENSOR-TRANS,AST-TRANS-029,2026-02-05T20:02:00,2026-02-05T20:18:00,2026-02-05T22:18:00,RESOLVED,False,,ANALYST_RAO,False,False,False,CLOSED,DEMO/SYNTHETIC - NOT REAL GOVERNMENT DATA
CSE-TRANS-04,ALT-TRANS-2026-03273,2026-Q1,2026-02-16T13:10:00,LOW,RANSOMWARE,SIEM-SENSOR-TRANS,AST-TRANS-029,2026-02-16T13:22:00,2026-02-16T13:45:00,2026-02-16T16:45:00,RESOLVED,False,,ANALYST_RAO,False,False,False,CLOSED,DEMO/SYNTHETIC - NOT REAL GOVERNMENT DATA
CSE-TRANS-04,ALT-TRANS-2026-03274,2026-Q1,2026-01-20T04:45:00,LOW,RANSOMWARE,SIEM-SENSOR-TRANS,AST-TRANS-007,2026-01-20T04:56:00,2026-01-20T05:21:00,2026-01-20T09:21:00,RESOLVED,True,2026-01-20T05:41:00,ANALYST_PATEL,False,False,False,CLOSED,DEMO/SYNTHETIC - NOT REAL GOVERNMENT DATA
CSE-TRANS-04,ALT-TRANS-2026-03275,2026-Q1,2026-02-27T13:47:00,LOW,DDOS_ATTACK,SIEM-SENSOR-TRANS,AST-TRANS-011,2026-02-27T13:57:00,2026-02-27T14:25:00,2026-02-27T16:25:00,RESOLVED,False,,ANALYST_VERMA,False,False,False,CLOSED,DEMO/SYNTHETIC - NOT REAL GOVERNMENT DATA
CSE-TRANS-04,ALT-TRANS-2026-03276,2026-Q1,2026-02-03T03:19:00,MEDIUM,DDOS_ATTACK,SIEM-SENSOR-TRANS,AST-TRANS-075,2026-02-03T03:37:00,2026-02-03T04:05:00,2026-02-03T06:05:00,RESOLVED,False,,ANALYST_VERMA,False,False,False,CLOSED,DEMO/SYNTHETIC - NOT REAL GOVERNMENT DATA
CSE-TRANS-04,ALT-TRANS-2026-03277,2026-Q1,2026-03-20T03:51:00,HIGH,RANSOMWARE,SIEM-SENSOR-TRANS,AST-TRANS-061,2026-03-20T04:03:00,2026-03-20T04:33:00,2026-03-20T06:33:00,RESOLVED,False,,ANALYST_VERMA,False,False,False,CLOSED,DEMO/SYNTHETIC - NOT REAL GOVERNMENT DATA
CSE-TRANS-04,ALT-TRANS-2026-03278,2026-Q1,2026-03-08T07:05:00,MEDIUM,BRUTE_FORCE,SIEM-SENSOR-TRANS,AST-TRANS-090,2026-03-08T07:23:00,2026-03-08T07:46:00,2026-03-08T11:46:00,RESOLVED,False,,ANALYST_SINGH,False,False,False,CLOSED,DEMO/SYNTHETIC - NOT REAL GOVERNMENT DATA
CSE-TRANS-04,ALT-TRANS-2026-03279,2026-Q1,2026-02-03T14:33:00,LOW,SCADA_COMMAND_ANOMALY,SIEM-SENSOR-TRANS,AST-TRANS-058,2026-02-03T14:39:00,2026-02-03T14:49:00,2026-02-03T18:49:00,RESOLVED,True,2026-02-03T15:09:00,ANALYST_VERMA,False,False,False,CLOSED,DEMO/SYNTHETIC - NOT REAL GOVERNMENT DATA
CSE-TRANS-04,ALT-TRANS-2026-03280,2026-Q1,2026-01-13T12:39:00,HIGH,BRUTE_FORCE,SIEM-SENSOR-TRANS,AST-TRANS-085,2026-01-13T12:45:00,2026-01-13T13:07:00,2026-01-13T17:07:00,RESOLVED,False,,ANALYST_PATEL,False,False,False,CLOSED,DEMO/SYNTHETIC - NOT REAL GOVERNMENT DATA
CSE-TRANS-04,ALT-TRANS-2026-03281,2026-Q1,2026-01-11T16:45:00,MEDIUM,UNAUTHORIZED_ACCESS,SIEM-SENSOR-TRANS,AST-TRANS-092,2026-01-11T16:57:00,2026-01-11T17:14:00,2026-01-11T21:14:00,RESOLVED,False,,ANALYST_SHARMA,False,False,False,CLOSED,DEMO/SYNTHETIC - NOT REAL GOVERNMENT DATA
CSE-TRANS-04,ALT-TRANS-2026-03282,2026-Q1,2026-02-14T08:04:00,MEDIUM,DATA_EXFILTRATION,SIEM-SENSOR-TRANS,AST-TRANS-092,2026-02-14T08:23:00,2026-02-14T08:53:00,2026-02-14T11:53:00,RESOLVED,False,,ANALYST_PATEL,False,False,False,CLOSED,DEMO/SYNTHETIC - NOT REAL GOVERNMENT DATA
CSE-TRANS-04,ALT-TRANS-2026-03283,2026-Q1,2026-01-16T15:18:00,HIGH,BRUTE_FORCE,SIEM-SENSOR-TRANS,AST-TRANS-040,2026-01-16T15:24:00,2026-01-16T15:48:00,2026-01-16T18:48:00,RESOLVED,True,2026-01-16T16:08:00,ANALYST_VERMA,False,False,False,CLOSED,DEMO/SYNTHETIC - NOT REAL GOVERNMENT DATA
CSE-TRANS-04,ALT-TRANS-2026-03284,2026-Q1,2026-02-15T02:10:00,LOW,SCADA_COMMAND_ANOMALY,SIEM-SENSOR-TRANS,AST-TRANS-088,2026-02-15T02:28:00,2026-02-15T02:56:00,2026-02-15T04:56:00,RESOLVED,False,,ANALYST_RAO,False,False,False,CLOSED,DEMO/SYNTHETIC - NOT REAL GOVERNMENT DATA
CSE-TRANS-04,ALT-TRANS-2026-03285,2026-Q1,2026-01-15T01:47:00,HIGH,POLICY_VIOLATION,SIEM-SENSOR-TRANS,AST-TRANS-088,2026-01-15T01:56:00,2026-01-15T02:08:00,2026-01-15T03:08:00,RESOLVED,True,2026-01-15T02:28:00,ANALYST_RAO,False,False,False,CLOSED,DEMO/SYNTHETIC - NOT REAL GOVERNMENT DATA
CSE-TRANS-04,ALT-TRANS-2026-03286,2026-Q1,2026-02-09T20:55:00,MEDIUM,MALWARE,SIEM-SENSOR-TRANS,AST-TRANS-033,2026-02-09T20:58:00,2026-02-09T21:11:00,2026-02-09T23:11:00,RESOLVED,False,,ANALYST_SINGH,False,False,False,CLOSED,DEMO/SYNTHETIC - NOT REAL GOVERNMENT DATA
CSE-TRANS-04,ALT-TRANS-2026-03287,2026-Q1,2026-03-14T18:46:00,MEDIUM,POLICY_VIOLATION,SIEM-SENSOR-TRANS,AST-TRANS-023,2026-03-14T18:55:00,2026-03-14T19:08:00,2026-03-14T22:08:00,RESOLVED,True,2026-03-14T19:28:00,ANALYST_SINGH,False,False,False,CLOSED,DEMO/SYNTHETIC - NOT REAL GOVERNMENT DATA
CSE-TRANS-04,ALT-TRANS-2026-03288,2026-Q1,2026-03-12T13:27:00,MEDIUM,UNAUTHORIZED_ACCESS,SIEM-SENSOR-TRANS,AST-TRANS-035,2026-03-12T13:47:00,2026-03-12T14:08:00,2026-03-12T18:08:00,RESOLVED,False,,ANALYST_VERMA,False,False,False,CLOSED,DEMO/SYNTHETIC - NOT REAL GOVERNMENT DATA
CSE-TRANS-04,ALT-TRANS-2026-03289,2026-Q1,2026-02-11T08:42:00,CRITICAL,DDOS_ATTACK,SIEM-SENSOR-TRANS,AST-TRANS-035,2026-02-11T09:00:00,2026-02-11T09:15:00,2026-02-11T11:15:00,RESOLVED,False,,ANALYST_VERMA,False,False,False,CLOSED,DEMO/SYNTHETIC - NOT REAL GOVERNMENT DATA
CSE-TRANS-04,ALT-TRANS-2026-03290,2026-Q1,2026-03-14T16:17:00,LOW,SCADA_COMMAND_ANOMALY,SIEM-SENSOR-TRANS,AST-TRANS-063,2026-03-14T16:21:00,2026-03-14T16:48:00,2026-03-14T20:48:00,RESOLVED,False,,ANALYST_SINGH,False,False,False,CLOSED,DEMO/SYNTHETIC - NOT REAL GOVERNMENT DATA
CSE-TRANS-04,ALT-TRANS-2026-03291,2026-Q1,2026-03-08T22:59:00,HIGH,MALWARE,SIEM-SENSOR-TRANS,AST-TRANS-011,2026-03-08T23:08:00,2026-03-08T23:27:00,2026-03-09T03:27:00,RESOLVED,True,2026-03-08T23:47:00,ANALYST_VERMA,False,False,False,CLOSED,DEMO/SYNTHETIC - NOT REAL GOVERNMENT DATA
CSE-TRANS-04,ALT-TRANS-2026-03292,2026-Q1,2026-03-19T20:13:00,MEDIUM,UNAUTHORIZED_ACCESS,SIEM-SENSOR-TRANS,AST-TRANS-091,2026-03-19T20:19:00,2026-03-19T20:43:00,2026-03-19T22:43:00,RESOLVED,False,,ANALYST_SINGH,False,False,False,CLOSED,DEMO/SYNTHETIC - NOT REAL GOVERNMENT DATA
CSE-TRANS-04,ALT-TRANS-2026-03293,2026-Q1,2026-02-04T22:50:00,HIGH,BRUTE_FORCE,SIEM-SENSOR-TRANS,AST-TRANS-015,2026-02-04T23:08:00,2026-02-04T23:35:00,2026-02-05T03:35:00,RESOLVED,True,2026-02-04T23:55:00,ANALYST_VERMA,False,False,False,CLOSED,DEMO/SYNTHETIC - NOT REAL GOVERNMENT DATA
CSE-TRANS-04,ALT-TRANS-2026-03294,2026-Q1,2026-02-11T15:06:00,LOW,DDOS_ATTACK,SIEM-SENSOR-TRANS,AST-TRANS-021,2026-02-11T15:24:00,2026-02-11T15:42:00,2026-02-11T19:42:00,RESOLVED,False,,ANALYST_PATEL,False,False,False,CLOSED,DEMO/SYNTHETIC - NOT REAL GOVERNMENT DATA
CSE-TRANS-04,ALT-TRANS-2026-03295,2026-Q1,2026-03-06T15:02:00,MEDIUM,UNAUTHORIZED_ACCESS,SIEM-SENSOR-TRANS,AST-TRANS-073,2026-03-06T15:12:00,2026-03-06T15:35:00,2026-03-06T16:35:00,RESOLVED,False,,ANALYST_SINGH,False,False,False,CLOSED,DEMO/SYNTHETIC - NOT REAL GOVERNMENT DATA
CSE-TRANS-04,ALT-TRANS-2026-03296,2026-Q1,2026-02-05T16:15:00,LOW,SCADA_COMMAND_ANOMALY,SIEM-SENSOR-TRANS,AST-TRANS-081,2026-02-05T16:29:00,2026-02-05T16:40:00,2026-02-05T17:40:00,RESOLVED,False,,ANALYST_RAO,False,False,False,CLOSED,DEMO/SYNTHETIC - NOT REAL GOVERNMENT DATA
CSE-TRANS-04,ALT-TRANS-2026-03297,2026-Q1,2026-02-13T17:58:00,MEDIUM,POLICY_VIOLATION,SIEM-SENSOR-TRANS,AST-TRANS-057,2026-02-13T18:10:00,2026-02-13T18:27:00,2026-02-13T20:27:00,RESOLVED,False,,ANALYST_PATEL,False,False,False,CLOSED,DEMO/SYNTHETIC - NOT REAL GOVERNMENT DATA
CSE-TRANS-04,ALT-TRANS-2026-03298,2026-Q1,2026-02-13T06:39:00,HIGH,RANSOMWARE,SIEM-SENSOR-TRANS,AST-TRANS-083,2026-02-13T06:43:00,2026-02-13T07:12:00,2026-02-13T09:12:00,RESOLVED,False,,ANALYST_SINGH,False,False,False,CLOSED,DEMO/SYNTHETIC - NOT REAL GOVERNMENT DATA
CSE-TRANS-04,ALT-TRANS-2026-03299,2026-Q1,2026-01-03T07:50:00,MEDIUM,DDOS_ATTACK,SIEM-SENSOR-TRANS,AST-TRANS-015,2026-01-03T08:06:00,2026-01-03T08:36:00,2026-01-03T11:36:00,RESOLVED,False,,ANALYST_RAO,False,False,False,CLOSED,DEMO/SYNTHETIC - NOT REAL GOVERNMENT DATA
CSE-TRANS-04,ALT-TRANS-2026-03300,2026-Q1,2026-01-25T12:34:00,HIGH,SCADA_COMMAND_ANOMALY,SIEM-SENSOR-TRANS,AST-TRANS-002,2026-01-25T12:50:00,2026-01-25T13:02:00,2026-01-25T17:02:00,RESOLVED,True,2026-01-25T13:22:00,ANALYST_VERMA,False,False,False,CLOSED,DEMO/SYNTHETIC - NOT REAL GOVERNMENT DATA
CSE-TELECOM-05,ALT-TELECOM-2026-03301,2026-Q1,2026-02-25T10:34:00,LOW,UNAUTHORIZED_ACCESS,SIEM-SENSOR-TELECOM,AST-TELECOM-030,2026-02-25T10:48:00,2026-02-25T11:15:00,2026-02-25T18:15:00,FALSE_POSITIVE,True,2026-02-25T11:45:00,ANALYST_RAO,True,True,True,CLOSED,DEMO/SYNTHETIC - NOT REAL GOVERNMENT DATA
CSE-TELECOM-05,ALT-TELECOM-2026-03302,2026-Q1,2026-02-22T10:19:00,HIGH,PRIVILEGE_ESCALATION,SIEM-SENSOR-TELECOM,AST-TELECOM-028,2026-02-22T10:28:00,2026-02-22T11:12:00,2026-02-22T18:12:00,FALSE_POSITIVE,False,,ANALYST_SINGH,True,True,True,CLOSED,DEMO/SYNTHETIC - NOT REAL GOVERNMENT DATA
CSE-TELECOM-05,ALT-TELECOM-2026-03303,2026-Q1,2026-02-20T06:45:00,MEDIUM,BRUTE_FORCE,SIEM-SENSOR-TELECOM,AST-TELECOM-014,2026-02-20T06:51:00,2026-02-20T07:19:00,2026-02-20T10:19:00,FALSE_POSITIVE,False,,ANALYST_PATEL,True,True,True,CLOSED,DEMO/SYNTHETIC - NOT REAL GOVERNMENT DATA
CSE-TELECOM-05,ALT-TELECOM-2026-03304,2026-Q1,2026-02-06T05:06:00,CRITICAL,POLICY_VIOLATION,SIEM-SENSOR-TELECOM,AST-TELECOM-039,2026-02-06T05:25:00,2026-02-06T05:56:00,2026-02-06T07:56:00,FALSE_POSITIVE,False,,ANALYST_PATEL,True,True,True,CLOSED,DEMO/SYNTHETIC - NOT REAL GOVERNMENT DATA
CSE-TELECOM-05,ALT-TELECOM-2026-03305,2026-Q1,2026-03-10T14:36:00,LOW,RANSOMWARE,SIEM-SENSOR-TELECOM,AST-TELECOM-032,2026-03-10T14:40:00,2026-03-10T15:11:00,2026-03-10T18:11:00,FALSE_POSITIVE,False,,ANALYST_SHARMA,True,True,True,CLOSED,DEMO/SYNTHETIC - NOT REAL GOVERNMENT DATA
CSE-TELECOM-05,ALT-TELECOM-2026-03306,2026-Q1,2026-03-14T23:13:00,MEDIUM,POLICY_VIOLATION,SIEM-SENSOR-TELECOM,AST-TELECOM-046,2026-03-14T23:15:00,2026-03-14T23:40:00,2026-03-15T02:40:00,FALSE_POSITIVE,False,,ANALYST_RAO,True,True,True,CLOSED,DEMO/SYNTHETIC - NOT REAL GOVERNMENT DATA
CSE-TELECOM-05,ALT-TELECOM-2026-03307,2026-Q1,2026-03-21T04:39:00,HIGH,UNAUTHORIZED_ACCESS,SIEM-SENSOR-TELECOM,AST-TELECOM-005,2026-03-21T04:47:00,2026-03-21T05:35:00,2026-03-21T07:35:00,FALSE_POSITIVE,False,,ANALYST_VERMA,True,True,True,CLOSED,DEMO/SYNTHETIC - NOT REAL GOVERNMENT DATA
CSE-TELECOM-05,ALT-TELECOM-2026-03308,2026-Q1,2026-02-11T15:56:00,HIGH,UNAUTHORIZED_ACCESS,SIEM-SENSOR-TELECOM,AST-TELECOM-043,2026-02-11T16:08:00,2026-02-11T16:31:00,2026-02-11T23:31:00,FALSE_POSITIVE,False,,ANALYST_PATEL,True,True,True,CLOSED,DEMO/SYNTHETIC - NOT REAL GOVERNMENT DATA
CSE-TELECOM-05,ALT-TELECOM-2026-03309,2026-Q1,2026-02-07T19:40:00,CRITICAL,BRUTE_FORCE,SIEM-SENSOR-TELECOM,AST-TELECOM-015,2026-02-07T19:46:00,2026-02-07T20:40:00,2026-02-07T23:40:00,FALSE_POSITIVE,True,2026-02-07T21:10:00,ANALYST_PATEL,True,True,True,CLOSED,DEMO/SYNTHETIC - NOT REAL GOVERNMENT DATA
CSE-TELECOM-05,ALT-TELECOM-2026-03310,2026-Q1,2026-02-22T18:27:00,MEDIUM,RANSOMWARE,SIEM-SENSOR-TELECOM,AST-TELECOM-035,2026-02-22T18:42:00,2026-02-22T19:37:00,2026-02-22T22:37:00,FALSE_POSITIVE,True,2026-02-22T20:07:00,ANALYST_VERMA,True,True,True,CLOSED,DEMO/SYNTHETIC - NOT REAL GOVERNMENT DATA
CSE-TELECOM-05,ALT-TELECOM-2026-03311,2026-Q1,2026-01-03T22:43:00,HIGH,RANSOMWARE,SIEM-SENSOR-TELECOM,AST-TELECOM-036,2026-01-03T22:52:00,2026-01-03T23:39:00,2026-01-04T06:39:00,FALSE_POSITIVE,False,,ANALYST_VERMA,True,True,True,CLOSED,DEMO/SYNTHETIC - NOT REAL GOVERNMENT DATA
CSE-TELECOM-05,ALT-TELECOM-2026-03312,2026-Q1,2026-01-26T22:25:00,CRITICAL,UNAUTHORIZED_ACCESS,SIEM-SENSOR-TELECOM,AST-TELECOM-019,2026-01-26T22:40:00,2026-01-26T23:04:00,2026-01-27T05:04:00,FALSE_POSITIVE,False,,ANALYST_SINGH,True,True,True,CLOSED,DEMO/SYNTHETIC - NOT REAL GOVERNMENT DATA
CSE-TELECOM-05,ALT-TELECOM-2026-03313,2026-Q1,2026-02-16T13:05:00,LOW,PRIVILEGE_ESCALATION,SIEM-SENSOR-TELECOM,AST-TELECOM-035,2026-02-16T13:23:00,2026-02-16T13:50:00,2026-02-16T20:50:00,FALSE_POSITIVE,True,2026-02-16T14:20:00,ANALYST_SHARMA,True,True,True,CLOSED,DEMO/SYNTHETIC - NOT REAL GOVERNMENT DATA
CSE-TELECOM-05,ALT-TELECOM-2026-03314,2026-Q1,2026-03-20T19:18:00,MEDIUM,MALWARE,SIEM-SENSOR-TELECOM,AST-TELECOM-052,2026-03-20T19:25:00,2026-03-20T19:55:00,2026-03-20T22:55:00,FALSE_POSITIVE,True,2026-03-20T20:25:00,ANALYST_PATEL,True,True,True,CLOSED,DEMO/SYNTHETIC - NOT REAL GOVERNMENT DATA
CSE-TELECOM-05,ALT-TELECOM-2026-03315,2026-Q1,2026-03-06T18:45:00,LOW,PRIVILEGE_ESCALATION,SIEM-SENSOR-TELECOM,AST-TELECOM-046,2026-03-06T19:05:00,2026-03-06T19:38:00,2026-03-07T02:38:00,FALSE_POSITIVE,False,,ANALYST_PATEL,True,True,True,CLOSED,DEMO/SYNTHETIC - NOT REAL GOVERNMENT DATA
CSE-TELECOM-05,ALT-TELECOM-2026-03316,2026-Q1,2026-01-05T21:35:00,MEDIUM,SCADA_COMMAND_ANOMALY,SIEM-SENSOR-TELECOM,AST-TELECOM-045,2026-01-05T21:37:00,2026-01-05T22:27:00,2026-01-06T01:27:00,FALSE_POSITIVE,False,,ANALYST_SHARMA,True,True,True,CLOSED,DEMO/SYNTHETIC - NOT REAL GOVERNMENT DATA
CSE-TELECOM-05,ALT-TELECOM-2026-03317,2026-Q1,2026-01-19T20:57:00,LOW,POLICY_VIOLATION,SIEM-SENSOR-TELECOM,AST-TELECOM-020,2026-01-19T21:15:00,2026-01-19T21:50:00,2026-01-20T05:50:00,FALSE_POSITIVE,True,2026-01-19T22:20:00,ANALYST_SINGH,True,True,True,CLOSED,DEMO/SYNTHETIC - NOT REAL GOVERNMENT DATA
CSE-TELECOM-05,ALT-TELECOM-2026-03318,2026-Q1,2026-02-09T08:07:00,CRITICAL,SCADA_COMMAND_ANOMALY,SIEM-SENSOR-TELECOM,AST-TELECOM-014,2026-02-09T08:17:00,2026-02-09T08:53:00,2026-02-09T11:53:00,FALSE_POSITIVE,False,,ANALYST_RAO,True,True,True,CLOSED,DEMO/SYNTHETIC - NOT REAL GOVERNMENT DATA
CSE-TELECOM-05,ALT-TELECOM-2026-03319,2026-Q1,2026-03-04T09:08:00,HIGH,DATA_EXFILTRATION,SIEM-SENSOR-TELECOM,AST-TELECOM-006,2026-03-04T09:26:00,2026-03-04T10:07:00,2026-03-04T16:07:00,FALSE_POSITIVE,False,,ANALYST_SINGH,True,True,True,CLOSED,DEMO/SYNTHETIC - NOT REAL GOVERNMENT DATA
CSE-TELECOM-05,ALT-TELECOM-2026-03320,2026-Q1,2026-03-05T01:09:00,HIGH,MALWARE,SIEM-SENSOR-TELECOM,AST-TELECOM-033,2026-03-05T01:13:00,2026-03-05T01:36:00,2026-03-05T07:36:00,FALSE_POSITIVE,True,2026-03-05T02:06:00,ANALYST_VERMA,True,True,True,CLOSED,DEMO/SYNTHETIC - NOT REAL GOVERNMENT DATA
CSE-TELECOM-05,ALT-TELECOM-2026-03321,2026-Q1,2026-02-26T02:38:00,LOW,UNAUTHORIZED_ACCESS,SIEM-SENSOR-TELECOM,AST-TELECOM-019,2026-02-26T02:58:00,2026-02-26T03:46:00,2026-02-26T11:46:00,FALSE_POSITIVE,False,,ANALYST_VERMA,True,True,True,CLOSED,DEMO/SYNTHETIC - NOT REAL GOVERNMENT DATA
CSE-TELECOM-05,ALT-TELECOM-2026-03322,2026-Q1,2026-01-31T09:57:00,CRITICAL,MALWARE,SIEM-SENSOR-TELECOM,AST-TELECOM-055,2026-01-31T10:03:00,2026-01-31T10:45:00,2026-01-31T12:45:00,FALSE_POSITIVE,False,,ANALYST_RAO,True,True,True,CLOSED,DEMO/SYNTHETIC - NOT REAL GOVERNMENT DATA
CSE-TELECOM-05,ALT-TELECOM-2026-03323,2026-Q1,2026-02-19T06:06:00,CRITICAL,DDOS_ATTACK,SIEM-SENSOR-TELECOM,AST-TELECOM-049,2026-02-19T06:21:00,2026-02-19T07:16:00,2026-02-19T11:16:00,FALSE_POSITIVE,False,,ANALYST_VERMA,True,True,True,CLOSED,DEMO/SYNTHETIC - NOT REAL GOVERNMENT DATA
CSE-TELECOM-05,ALT-TELECOM-2026-03324,2026-Q1,2026-01-09T17:29:00,MEDIUM,POLICY_VIOLATION,SIEM-SENSOR-TELECOM,AST-TELECOM-051,2026-01-09T17:48:00,2026-01-09T18:47:00,2026-01-09T23:47:00,FALSE_POSITIVE,True,2026-01-09T19:17:00,ANALYST_SINGH,True,True,True,CLOSED,DEMO/SYNTHETIC - NOT REAL GOVERNMENT DATA
CSE-TELECOM-05,ALT-TELECOM-2026-03325,2026-Q1,2026-02-24T20:34:00,MEDIUM,MALWARE,SIEM-SENSOR-TELECOM,AST-TELECOM-037,2026-02-24T20:40:00,2026-02-24T21:01:00,2026-02-25T01:01:00,FALSE_POSITIVE,True,2026-02-24T21:31:00,ANALYST_SINGH,True,True,True,CLOSED,DEMO/SYNTHETIC - NOT REAL GOVERNMENT DATA
CSE-TELECOM-05,ALT-TELECOM-2026-03326,2026-Q1,2026-02-16T22:34:00,MEDIUM,UNAUTHORIZED_ACCESS,SIEM-SENSOR-TELECOM,AST-TELECOM-006,2026-02-16T22:38:00,2026-02-16T23:01:00,2026-02-17T06:01:00,FALSE_POSITIVE,True,2026-02-16T23:31:00,ANALYST_RAO,True,True,True,CLOSED,DEMO/SYNTHETIC - NOT REAL GOVERNMENT DATA
CSE-TELECOM-05,ALT-TELECOM-2026-03327,2026-Q1,2026-01-20T11:58:00,MEDIUM,MALWARE,SIEM-SENSOR-TELECOM,AST-TELECOM-014,2026-01-20T12:12:00,2026-01-20T12:54:00,2026-01-20T14:54:00,FALSE_POSITIVE,True,2026-01-20T13:24:00,ANALYST_SHARMA,True,True,True,CLOSED,DEMO/SYNTHETIC - NOT REAL GOVERNMENT DATA
CSE-TELECOM-05,ALT-TELECOM-2026-03328,2026-Q1,2026-01-21T10:57:00,HIGH,MALWARE,SIEM-SENSOR-TELECOM,AST-TELECOM-058,2026-01-21T11:15:00,2026-01-21T11:36:00,2026-01-21T13:36:00,FALSE_POSITIVE,False,,ANALYST_PATEL,True,True,True,CLOSED,DEMO/SYNTHETIC - NOT REAL GOVERNMENT DATA
CSE-TELECOM-05,ALT-TELECOM-2026-03329,2026-Q1,2026-02-23T00:52:00,MEDIUM,DDOS_ATTACK,SIEM-SENSOR-TELECOM,AST-TELECOM-037,2026-02-23T01:05:00,2026-02-23T01:27:00,2026-02-23T07:27:00,FALSE_POSITIVE,False,,ANALYST_SHARMA,True,True,True,CLOSED,DEMO/SYNTHETIC - NOT REAL GOVERNMENT DATA
CSE-TELECOM-05,ALT-TELECOM-2026-03330,2026-Q1,2026-02-12T21:05:00,MEDIUM,UNAUTHORIZED_ACCESS,SIEM-SENSOR-TELECOM,AST-TELECOM-059,2026-02-12T21:11:00,2026-02-12T21:34:00,2026-02-13T05:34:00,FALSE_POSITIVE,False,,ANALYST_RAO,True,True,True,CLOSED,DEMO/SYNTHETIC - NOT REAL GOVERNMENT DATA
CSE-TELECOM-05,ALT-TELECOM-2026-03331,2026-Q1,2026-01-03T16:53:00,MEDIUM,SCADA_COMMAND_ANOMALY,SIEM-SENSOR-TELECOM,AST-TELECOM-053,2026-01-03T17:05:00,2026-01-03T17:33:00,2026-01-03T22:33:00,FALSE_POSITIVE,False,,ANALYST_SINGH,True,True,True,CLOSED,DEMO/SYNTHETIC - NOT REAL GOVERNMENT DATA
CSE-TELECOM-05,ALT-TELECOM-2026-03332,2026-Q1,2026-03-08T08:18:00,HIGH,RANSOMWARE,SIEM-SENSOR-TELECOM,AST-TELECOM-044,2026-03-08T08:30:00,2026-03-08T09:25:00,2026-03-08T16:25:00,FALSE_POSITIVE,True,2026-03-08T09:55:00,ANALYST_VERMA,True,True,True,CLOSED,DEMO/SYNTHETIC - NOT REAL GOVERNMENT DATA
CSE-TELECOM-05,ALT-TELECOM-2026-03333,2026-Q1,2026-01-23T21:59:00,CRITICAL,RANSOMWARE,SIEM-SENSOR-TELECOM,AST-TELECOM-031,2026-01-23T22:01:00,2026-01-23T22:22:00,2026-01-24T01:22:00,FALSE_POSITIVE,False,,ANALYST_SINGH,True,True,True,CLOSED,DEMO/SYNTHETIC - NOT REAL GOVERNMENT DATA
CSE-TELECOM-05,ALT-TELECOM-2026-03334,2026-Q1,2026-01-28T10:34:00,HIGH,PRIVILEGE_ESCALATION,SIEM-SENSOR-TELECOM,AST-TELECOM-052,2026-01-28T10:49:00,2026-01-28T11:20:00,2026-01-28T16:20:00,FALSE_POSITIVE,False,,ANALYST_SHARMA,True,True,True,CLOSED,DEMO/SYNTHETIC - NOT REAL GOVERNMENT DATA
CSE-TELECOM-05,ALT-TELECOM-2026-03335,2026-Q1,2026-01-11T23:51:00,LOW,PRIVILEGE_ESCALATION,SIEM-SENSOR-TELECOM,AST-TELECOM-031,2026-01-12T00:09:00,2026-01-12T01:02:00,2026-01-12T04:02:00,FALSE_POSITIVE,True,2026-01-12T01:32:00,ANALYST_SHARMA,True,True,True,CLOSED,DEMO/SYNTHETIC - NOT REAL GOVERNMENT DATA
CSE-TELECOM-05,ALT-TELECOM-2026-03336,2026-Q1,2026-01-05T08:06:00,MEDIUM,DATA_EXFILTRATION,SIEM-SENSOR-TELECOM,AST-TELECOM-015,2026-01-05T08:16:00,2026-01-05T08:50:00,2026-01-05T16:50:00,FALSE_POSITIVE,False,,ANALYST_RAO,True,True,True,CLOSED,DEMO/SYNTHETIC - NOT REAL GOVERNMENT DATA
CSE-TELECOM-05,ALT-TELECOM-2026-03337,2026-Q1,2026-01-15T22:48:00,MEDIUM,SCADA_COMMAND_ANOMALY,SIEM-SENSOR-TELECOM,AST-TELECOM-037,2026-01-15T22:59:00,2026-01-15T23:41:00,2026-01-16T06:41:00,FALSE_POSITIVE,False,,ANALYST_VERMA,True,True,True,CLOSED,DEMO/SYNTHETIC - NOT REAL GOVERNMENT DATA
CSE-TELECOM-05,ALT-TELECOM-2026-03338,2026-Q1,2026-02-23T20:18:00,MEDIUM,RANSOMWARE,SIEM-SENSOR-TELECOM,AST-TELECOM-015,2026-02-23T20:28:00,2026-02-23T20:49:00,2026-02-23T23:49:00,FALSE_POSITIVE,False,,ANALYST_SHARMA,True,True,True,CLOSED,DEMO/SYNTHETIC - NOT REAL GOVERNMENT DATA
CSE-TELECOM-05,ALT-TELECOM-2026-03339,2026-Q1,2026-02-13T17:49:00,CRITICAL,BRUTE_FORCE,SIEM-SENSOR-TELECOM,AST-TELECOM-024,2026-02-13T18:02:00,2026-02-13T18:37:00,2026-02-13T22:37:00,FALSE_POSITIVE,True,2026-02-13T19:07:00,ANALYST_PATEL,True,True,True,CLOSED,DEMO/SYNTHETIC - NOT REAL GOVERNMENT DATA
CSE-TELECOM-05,ALT-TELECOM-2026-03340,2026-Q1,2026-02-25T04:38:00,HIGH,SCADA_COMMAND_ANOMALY,SIEM-SENSOR-TELECOM,AST-TELECOM-043,2026-02-25T04:48:00,2026-02-25T05:47:00,2026-02-25T07:47:00,FALSE_POSITIVE,False,,ANALYST_SHARMA,True,True,True,CLOSED,DEMO/SYNTHETIC - NOT REAL GOVERNMENT DATA
CSE-TELECOM-05,ALT-TELECOM-2026-03341,2026-Q1,2026-02-02T07:28:00,LOW,RANSOMWARE,SIEM-SENSOR-TELECOM,AST-TELECOM-014,2026-02-02T07:35:00,2026-02-02T08:34:00,2026-02-02T16:34:00,FALSE_POSITIVE,False,,ANALYST_SHARMA,True,True,True,CLOSED,DEMO/SYNTHETIC - NOT REAL GOVERNMENT DATA
CSE-TELECOM-05,ALT-TELECOM-2026-03342,2026-Q1,2026-02-15T10:25:00,MEDIUM,PRIVILEGE_ESCALATION,SIEM-SENSOR-TELECOM,AST-TELECOM-056,2026-02-15T10:32:00,2026-02-15T11:00:00,2026-02-15T13:00:00,FALSE_POSITIVE,False,,ANALYST_SHARMA,True,True,True,CLOSED,DEMO/SYNTHETIC - NOT REAL GOVERNMENT DATA
CSE-TELECOM-05,ALT-TELECOM-2026-03343,2026-Q1,2026-01-25T17:45:00,HIGH,POLICY_VIOLATION,SIEM-SENSOR-TELECOM,AST-TELECOM-053,2026-01-25T17:51:00,2026-01-25T18:39:00,2026-01-26T00:39:00,FALSE_POSITIVE,False,,ANALYST_PATEL,True,True,True,CLOSED,DEMO/SYNTHETIC - NOT REAL GOVERNMENT DATA
CSE-TELECOM-05,ALT-TELECOM-2026-03344,2026-Q1,2026-01-28T05:49:00,MEDIUM,DDOS_ATTACK,SIEM-SENSOR-TELECOM,AST-TELECOM-021,2026-01-28T06:08:00,2026-01-28T06:40:00,2026-01-28T13:40:00,FALSE_POSITIVE,False,,ANALYST_SHARMA,True,True,True,CLOSED,DEMO/SYNTHETIC - NOT REAL GOVERNMENT DATA
CSE-TELECOM-05,ALT-TELECOM-2026-03345,2026-Q1,2026-01-13T08:27:00,HIGH,MALWARE,SIEM-SENSOR-TELECOM,AST-TELECOM-003,2026-01-13T08:37:00,2026-01-13T08:59:00,2026-01-13T15:59:00,FALSE_POSITIVE,False,,ANALYST_SHARMA,True,True,True,CLOSED,DEMO/SYNTHETIC - NOT REAL GOVERNMENT DATA
CSE-TELECOM-05,ALT-TELECOM-2026-03346,2026-Q1,2026-03-06T07:17:00,CRITICAL,POLICY_VIOLATION,SIEM-SENSOR-TELECOM,AST-TELECOM-053,2026-03-06T07:21:00,2026-03-06T08:07:00,2026-03-06T15:07:00,FALSE_POSITIVE,True,2026-03-06T08:37:00,ANALYST_SINGH,True,True,True,CLOSED,DEMO/SYNTHETIC - NOT REAL GOVERNMENT DATA
CSE-TELECOM-05,ALT-TELECOM-2026-03347,2026-Q1,2026-01-04T17:46:00,LOW,RANSOMWARE,SIEM-SENSOR-TELECOM,AST-TELECOM-050,2026-01-04T18:02:00,2026-01-04T18:37:00,2026-01-04T22:37:00,FALSE_POSITIVE,False,,ANALYST_SHARMA,True,True,True,CLOSED,DEMO/SYNTHETIC - NOT REAL GOVERNMENT DATA
CSE-TELECOM-05,ALT-TELECOM-2026-03348,2026-Q1,2026-02-25T06:11:00,CRITICAL,PRIVILEGE_ESCALATION,SIEM-SENSOR-TELECOM,AST-TELECOM-015,2026-02-25T06:27:00,2026-02-25T07:07:00,2026-02-25T10:07:00,FALSE_POSITIVE,True,2026-02-25T07:37:00,ANALYST_VERMA,True,True,True,CLOSED,DEMO/SYNTHETIC - NOT REAL GOVERNMENT DATA
CSE-TELECOM-05,ALT-TELECOM-2026-03349,2026-Q1,2026-02-11T04:52:00,LOW,SCADA_COMMAND_ANOMALY,SIEM-SENSOR-TELECOM,AST-TELECOM-025,2026-02-11T04:59:00,2026-02-11T05:29:00,2026-02-11T09:29:00,FALSE_POSITIVE,False,,ANALYST_SHARMA,True,True,True,CLOSED,DEMO/SYNTHETIC - NOT REAL GOVERNMENT DATA
CSE-TELECOM-05,ALT-TELECOM-2026-03350,2026-Q1,2026-01-07T01:08:00,HIGH,RANSOMWARE,SIEM-SENSOR-TELECOM,AST-TELECOM-032,2026-01-07T01:27:00,2026-01-07T01:52:00,2026-01-07T07:52:00,FALSE_POSITIVE,False,,ANALYST_RAO,True,True,True,CLOSED,DEMO/SYNTHETIC - NOT REAL GOVERNMENT DATA
CSE-TELECOM-05,ALT-TELECOM-2026-03351,2026-Q1,2026-01-05T20:02:00,HIGH,SCADA_COMMAND_ANOMALY,SIEM-SENSOR-TELECOM,AST-TELECOM-031,2026-01-05T20:04:00,2026-01-05T20:57:00,2026-01-06T02:57:00,FALSE_POSITIVE,False,,ANALYST_RAO,True,True,True,CLOSED,DEMO/SYNTHETIC - NOT REAL GOVERNMENT DATA
CSE-TELECOM-05,ALT-TELECOM-2026-03352,2026-Q1,2026-03-04T22:33:00,MEDIUM,MALWARE,SIEM-SENSOR-TELECOM,AST-TELECOM-059,2026-03-04T22:46:00,2026-03-04T23:11:00,2026-03-05T06:11:00,FALSE_POSITIVE,False,,ANALYST_VERMA,True,True,True,CLOSED,DEMO/SYNTHETIC - NOT REAL GOVERNMENT DATA
CSE-TELECOM-05,ALT-TELECOM-2026-03353,2026-Q1,2026-01-21T13:19:00,HIGH,DATA_EXFILTRATION,SIEM-SENSOR-TELECOM,AST-TELECOM-038,2026-01-21T13:38:00,2026-01-21T14:30:00,2026-01-21T18:30:00,FALSE_POSITIVE,True,2026-01-21T15:00:00,ANALYST_VERMA,True,True,True,CLOSED,DEMO/SYNTHETIC - NOT REAL GOVERNMENT DATA
CSE-TELECOM-05,ALT-TELECOM-2026-03354,2026-Q1,2026-01-30T22:17:00,LOW,POLICY_VIOLATION,SIEM-SENSOR-TELECOM,AST-TELECOM-030,2026-01-30T22:24:00,2026-01-30T23:15:00,2026-01-31T06:15:00,FALSE_POSITIVE,False,,ANALYST_PATEL,True,True,True,CLOSED,DEMO/SYNTHETIC - NOT REAL GOVERNMENT DATA
CSE-TELECOM-05,ALT-TELECOM-2026-03355,2026-Q1,2026-01-26T19:42:00,LOW,MALWARE,SIEM-SENSOR-TELECOM,AST-TELECOM-001,2026-01-26T19:55:00,2026-01-26T20:20:00,2026-01-27T04:20:00,FALSE_POSITIVE,False,,ANALYST_RAO,True,True,True,CLOSED,DEMO/SYNTHETIC - NOT REAL GOVERNMENT DATA
CSE-TELECOM-05,ALT-TELECOM-2026-03356,2026-Q1,2026-03-01T00:50:00,HIGH,PRIVILEGE_ESCALATION,SIEM-SENSOR-TELECOM,AST-TELECOM-056,2026-03-01T00:59:00,2026-03-01T01:19:00,2026-03-01T05:19:00,FALSE_POSITIVE,False,,ANALYST_VERMA,True,True,True,CLOSED,DEMO/SYNTHETIC - NOT REAL GOVERNMENT DATA
CSE-TELECOM-05,ALT-TELECOM-2026-03357,2026-Q1,2026-03-21T08:35:00,HIGH,SCADA_COMMAND_ANOMALY,SIEM-SENSOR-TELECOM,AST-TELECOM-059,2026-03-21T08:41:00,2026-03-21T09:25:00,2026-03-21T15:25:00,FALSE_POSITIVE,False,,ANALYST_PATEL,True,True,True,CLOSED,DEMO/SYNTHETIC - NOT REAL GOVERNMENT DATA
CSE-TELECOM-05,ALT-TELECOM-2026-03358,2026-Q1,2026-02-07T07:15:00,MEDIUM,RANSOMWARE,SIEM-SENSOR-TELECOM,AST-TELECOM-008,2026-02-07T07:17:00,2026-02-07T07:46:00,2026-02-07T13:46:00,FALSE_POSITIVE,True,2026-02-07T08:16:00,ANALYST_RAO,True,True,True,CLOSED,DEMO/SYNTHETIC - NOT REAL GOVERNMENT DATA
CSE-TELECOM-05,ALT-TELECOM-2026-03359,2026-Q1,2026-01-07T17:06:00,MEDIUM,UNAUTHORIZED_ACCESS,SIEM-SENSOR-TELECOM,AST-TELECOM-015,2026-01-07T17:10:00,2026-01-07T17:34:00,2026-01-07T19:34:00,FALSE_POSITIVE,False,,ANALYST_PATEL,True,True,True,CLOSED,DEMO/SYNTHETIC - NOT REAL GOVERNMENT DATA
CSE-TELECOM-05,ALT-TELECOM-2026-03360,2026-Q1,2026-02-14T11:36:00,MEDIUM,DDOS_ATTACK,SIEM-SENSOR-TELECOM,AST-TELECOM-011,2026-02-14T11:51:00,2026-02-14T12:24:00,2026-02-14T16:24:00,FALSE_POSITIVE,False,,ANALYST_SHARMA,True,True,True,CLOSED,DEMO/SYNTHETIC - NOT REAL GOVERNMENT DATA
CSE-TELECOM-05,ALT-TELECOM-2026-03361,2026-Q1,2026-02-06T07:03:00,HIGH,DATA_EXFILTRATION,SIEM-SENSOR-TELECOM,AST-TELECOM-060,2026-02-06T07:20:00,2026-02-06T08:01:00,2026-02-06T12:01:00,FALSE_POSITIVE,True,2026-02-06T08:31:00,ANALYST_RAO,True,True,True,CLOSED,DEMO/SYNTHETIC - NOT REAL GOVERNMENT DATA
CSE-TELECOM-05,ALT-TELECOM-2026-03362,2026-Q1,2026-03-07T04:57:00,HIGH,MALWARE,SIEM-SENSOR-TELECOM,AST-TELECOM-034,2026-03-07T05:16:00,2026-03-07T05:42:00,2026-03-07T10:42:00,FALSE_POSITIVE,True,2026-03-07T06:12:00,ANALYST_PATEL,True,True,True,CLOSED,DEMO/SYNTHETIC - NOT REAL GOVERNMENT DATA
CSE-TELECOM-05,ALT-TELECOM-2026-03363,2026-Q1,2026-02-28T20:05:00,MEDIUM,PRIVILEGE_ESCALATION,SIEM-SENSOR-TELECOM,AST-TELECOM-044,2026-02-28T20:24:00,2026-02-28T20:45:00,2026-03-01T01:45:00,FALSE_POSITIVE,False,,ANALYST_PATEL,True,True,True,CLOSED,DEMO/SYNTHETIC - NOT REAL GOVERNMENT DATA
CSE-TELECOM-05,ALT-TELECOM-2026-03364,2026-Q1,2026-01-19T15:07:00,HIGH,RANSOMWARE,SIEM-SENSOR-TELECOM,AST-TELECOM-023,2026-01-19T15:18:00,2026-01-19T15:47:00,2026-01-19T21:47:00,FALSE_POSITIVE,False,,ANALYST_RAO,True,True,True,CLOSED,DEMO/SYNTHETIC - NOT REAL GOVERNMENT DATA
CSE-TELECOM-05,ALT-TELECOM-2026-03365,2026-Q1,2026-03-08T13:13:00,MEDIUM,SCADA_COMMAND_ANOMALY,SIEM-SENSOR-TELECOM,AST-TELECOM-029,2026-03-08T13:16:00,2026-03-08T13:49:00,2026-03-08T21:49:00,FALSE_POSITIVE,True,2026-03-08T14:19:00,ANALYST_VERMA,True,True,True,CLOSED,DEMO/SYNTHETIC - NOT REAL GOVERNMENT DATA
CSE-TELECOM-05,ALT-TELECOM-2026-03366,2026-Q1,2026-01-20T04:30:00,CRITICAL,DATA_EXFILTRATION,SIEM-SENSOR-TELECOM,AST-TELECOM-016,2026-01-20T04:47:00,2026-01-20T05:25:00,2026-01-20T07:25:00,FALSE_POSITIVE,True,2026-01-20T05:55:00,ANALYST_VERMA,True,True,True,CLOSED,DEMO/SYNTHETIC - NOT REAL GOVERNMENT DATA
CSE-TELECOM-05,ALT-TELECOM-2026-03367,2026-Q1,2026-02-15T10:35:00,HIGH,MALWARE,SIEM-SENSOR-TELECOM,AST-TELECOM-017,2026-02-15T10:54:00,2026-02-15T11:17:00,2026-02-15T14:17:00,FALSE_POSITIVE,False,,ANALYST_RAO,True,True,True,CLOSED,DEMO/SYNTHETIC - NOT REAL GOVERNMENT DATA
CSE-TELECOM-05,ALT-TELECOM-2026-03368,2026-Q1,2026-02-01T03:01:00,MEDIUM,SCADA_COMMAND_ANOMALY,SIEM-SENSOR-TELECOM,AST-TELECOM-023,2026-02-01T03:20:00,2026-02-01T03:41:00,2026-02-01T11:41:00,FALSE_POSITIVE,False,,ANALYST_RAO,True,True,True,CLOSED,DEMO/SYNTHETIC - NOT REAL GOVERNMENT DATA
CSE-TELECOM-05,ALT-TELECOM-2026-03369,2026-Q1,2026-01-12T08:15:00,MEDIUM,SCADA_COMMAND_ANOMALY,SIEM-SENSOR-TELECOM,AST-TELECOM-046,2026-01-12T08:32:00,2026-01-12T09:06:00,2026-01-12T14:06:00,FALSE_POSITIVE,False,,ANALYST_VERMA,True,True,True,CLOSED,DEMO/SYNTHETIC - NOT REAL GOVERNMENT DATA
CSE-TELECOM-05,ALT-TELECOM-2026-03370,2026-Q1,2026-03-16T01:37:00,MEDIUM,DATA_EXFILTRATION,SIEM-SENSOR-TELECOM,AST-TELECOM-032,2026-03-16T01:56:00,2026-03-16T02:20:00,2026-03-16T09:20:00,FALSE_POSITIVE,False,,ANALYST_SHARMA,True,True,True,CLOSED,DEMO/SYNTHETIC - NOT REAL GOVERNMENT DATA
CSE-TELECOM-05,ALT-TELECOM-2026-03371,2026-Q1,2026-02-07T01:26:00,HIGH,BRUTE_FORCE,SIEM-SENSOR-TELECOM,AST-TELECOM-047,2026-02-07T01:41:00,2026-02-07T02:07:00,2026-02-07T05:07:00,FALSE_POSITIVE,False,,ANALYST_RAO,True,True,True,CLOSED,DEMO/SYNTHETIC - NOT REAL GOVERNMENT DATA
CSE-TELECOM-05,ALT-TELECOM-2026-03372,2026-Q1,2026-02-03T14:12:00,MEDIUM,RANSOMWARE,SIEM-SENSOR-TELECOM,AST-TELECOM-031,2026-02-03T14:19:00,2026-02-03T14:59:00,2026-02-03T18:59:00,FALSE_POSITIVE,False,,ANALYST_SHARMA,True,True,True,CLOSED,DEMO/SYNTHETIC - NOT REAL GOVERNMENT DATA
CSE-TELECOM-05,ALT-TELECOM-2026-03373,2026-Q1,2026-02-20T06:18:00,MEDIUM,BRUTE_FORCE,SIEM-SENSOR-TELECOM,AST-TELECOM-058,2026-02-20T06:23:00,2026-02-20T07:05:00,2026-02-20T12:05:00,FALSE_POSITIVE,False,,ANALYST_RAO,True,True,True,CLOSED,DEMO/SYNTHETIC - NOT REAL GOVERNMENT DATA
CSE-TELECOM-05,ALT-TELECOM-2026-03374,2026-Q1,2026-03-13T01:47:00,MEDIUM,DATA_EXFILTRATION,SIEM-SENSOR-TELECOM,AST-TELECOM-037,2026-03-13T01:53:00,2026-03-13T02:25:00,2026-03-13T08:25:00,FALSE_POSITIVE,False,,ANALYST_VERMA,True,True,True,CLOSED,DEMO/SYNTHETIC - NOT REAL GOVERNMENT DATA
CSE-TELECOM-05,ALT-TELECOM-2026-03375,2026-Q1,2026-01-18T17:40:00,MEDIUM,BRUTE_FORCE,SIEM-SENSOR-TELECOM,AST-TELECOM-041,2026-01-18T17:45:00,2026-01-18T18:42:00,2026-01-18T20:42:00,FALSE_POSITIVE,False,,ANALYST_RAO,True,True,True,CLOSED,DEMO/SYNTHETIC - NOT REAL GOVERNMENT DATA
CSE-TELECOM-05,ALT-TELECOM-2026-03376,2026-Q1,2026-01-24T14:17:00,HIGH,POLICY_VIOLATION,SIEM-SENSOR-TELECOM,AST-TELECOM-018,2026-01-24T14:32:00,2026-01-24T15:14:00,2026-01-24T23:14:00,FALSE_POSITIVE,False,,ANALYST_RAO,True,True,True,CLOSED,DEMO/SYNTHETIC - NOT REAL GOVERNMENT DATA
CSE-TELECOM-05,ALT-TELECOM-2026-03377,2026-Q1,2026-03-19T04:23:00,CRITICAL,DDOS_ATTACK,SIEM-SENSOR-TELECOM,AST-TELECOM-056,2026-03-19T04:32:00,2026-03-19T05:22:00,2026-03-19T13:22:00,FALSE_POSITIVE,False,,ANALYST_VERMA,True,True,True,CLOSED,DEMO/SYNTHETIC - NOT REAL GOVERNMENT DATA
CSE-TELECOM-05,ALT-TELECOM-2026-03378,2026-Q1,2026-01-30T13:18:00,LOW,RANSOMWARE,SIEM-SENSOR-TELECOM,AST-TELECOM-024,2026-01-30T13:35:00,2026-01-30T14:02:00,2026-01-30T17:02:00,FALSE_POSITIVE,True,2026-01-30T14:32:00,ANALYST_VERMA,True,True,True,CLOSED,DEMO/SYNTHETIC - NOT REAL GOVERNMENT DATA
CSE-TELECOM-05,ALT-TELECOM-2026-03379,2026-Q1,2026-01-07T15:03:00,MEDIUM,UNAUTHORIZED_ACCESS,SIEM-SENSOR-TELECOM,AST-TELECOM-039,2026-01-07T15:21:00,2026-01-07T15:54:00,2026-01-07T23:54:00,FALSE_POSITIVE,True,2026-01-07T16:24:00,ANALYST_RAO,True,True,True,CLOSED,DEMO/SYNTHETIC - NOT REAL GOVERNMENT DATA
CSE-TELECOM-05,ALT-TELECOM-2026-03380,2026-Q1,2026-03-11T12:13:00,HIGH,BRUTE_FORCE,SIEM-SENSOR-TELECOM,AST-TELECOM-004,2026-03-11T12:27:00,2026-03-11T13:09:00,2026-03-11T20:09:00,FALSE_POSITIVE,False,,ANALYST_VERMA,True,True,True,CLOSED,DEMO/SYNTHETIC - NOT REAL GOVERNMENT DATA
CSE-POWER-01,ALT-POWER-2026-03381,2026-Q2,2026-06-03T09:30:00,HIGH,DATA_EXFILTRATION,SIEM-SENSOR-POWER,AST-POWER-078,2026-06-03T09:44:00,2026-06-03T10:11:00,2026-06-03T15:11:00,FALSE_POSITIVE,True,2026-06-03T10:41:00,ANALYST_VERMA,True,True,True,CLOSED,DEMO/SYNTHETIC - NOT REAL GOVERNMENT DATA
CSE-POWER-01,ALT-POWER-2026-03382,2026-Q2,2026-04-19T03:25:00,CRITICAL,SCADA_COMMAND_ANOMALY,SIEM-SENSOR-POWER,AST-POWER-006,2026-04-19T03:43:00,2026-04-19T04:16:00,2026-04-19T09:16:00,TRUE_POSITIVE,False,,ANALYST_VERMA,True,True,True,CLOSED,DEMO/SYNTHETIC - NOT REAL GOVERNMENT DATA
CSE-POWER-01,ALT-POWER-2026-03383,2026-Q2,2026-05-06T00:39:00,CRITICAL,RANSOMWARE,SIEM-SENSOR-POWER,AST-POWER-035,2026-05-06T00:53:00,2026-05-06T01:16:00,2026-05-06T06:16:00,TRUE_POSITIVE,False,,ANALYST_PATEL,True,True,True,CLOSED,DEMO/SYNTHETIC - NOT REAL GOVERNMENT DATA
CSE-POWER-01,ALT-POWER-2026-03384,2026-Q2,2026-06-16T06:23:00,CRITICAL,PRIVILEGE_ESCALATION,SIEM-SENSOR-POWER,AST-POWER-050,2026-06-16T06:28:00,2026-06-16T07:06:00,2026-06-16T11:06:00,TRUE_POSITIVE,False,,ANALYST_VERMA,True,True,True,CLOSED,DEMO/SYNTHETIC - NOT REAL GOVERNMENT DATA
CSE-POWER-01,ALT-POWER-2026-03385,2026-Q2,2026-05-08T04:45:00,MEDIUM,MALWARE,SIEM-SENSOR-POWER,AST-POWER-053,2026-05-08T04:49:00,2026-05-08T05:34:00,2026-05-08T11:34:00,FALSE_POSITIVE,False,,ANALYST_SINGH,True,True,True,CLOSED,DEMO/SYNTHETIC - NOT REAL GOVERNMENT DATA
CSE-POWER-01,ALT-POWER-2026-03386,2026-Q2,2026-04-21T13:47:00,HIGH,BRUTE_FORCE,SIEM-SENSOR-POWER,AST-POWER-027,2026-04-21T13:51:00,2026-04-21T14:24:00,2026-04-21T16:24:00,FALSE_POSITIVE,False,,ANALYST_SINGH,True,True,True,CLOSED,DEMO/SYNTHETIC - NOT REAL GOVERNMENT DATA
CSE-POWER-01,ALT-POWER-2026-03387,2026-Q2,2026-05-27T07:11:00,MEDIUM,BRUTE_FORCE,SIEM-SENSOR-POWER,AST-POWER-083,2026-05-27T07:27:00,2026-05-27T07:53:00,2026-05-27T13:53:00,FALSE_POSITIVE,False,,ANALYST_SINGH,True,True,True,CLOSED,DEMO/SYNTHETIC - NOT REAL GOVERNMENT DATA
CSE-POWER-01,ALT-POWER-2026-03388,2026-Q2,2026-05-04T15:30:00,MEDIUM,UNAUTHORIZED_ACCESS,SIEM-SENSOR-POWER,AST-POWER-036,2026-05-04T15:39:00,2026-05-04T16:22:00,2026-05-04T19:22:00,FALSE_POSITIVE,False,,ANALYST_RAO,True,True,True,CLOSED,DEMO/SYNTHETIC - NOT REAL GOVERNMENT DATA
CSE-POWER-01,ALT-POWER-2026-03389,2026-Q2,2026-05-20T18:50:00,LOW,BRUTE_FORCE,SIEM-SENSOR-POWER,AST-POWER-056,2026-05-20T19:06:00,2026-05-20T19:33:00,2026-05-20T22:33:00,FALSE_POSITIVE,False,,ANALYST_VERMA,True,True,True,CLOSED,DEMO/SYNTHETIC - NOT REAL GOVERNMENT DATA
CSE-POWER-01,ALT-POWER-2026-03390,2026-Q2,2026-06-13T13:42:00,LOW,DDOS_ATTACK,SIEM-SENSOR-POWER,AST-POWER-029,2026-06-13T13:45:00,2026-06-13T14:14:00,2026-06-13T20:14:00,FALSE_POSITIVE,False,,ANALYST_SHARMA,True,True,True,CLOSED,DEMO/SYNTHETIC - NOT REAL GOVERNMENT DATA
CSE-POWER-01,ALT-POWER-2026-03391,2026-Q2,2026-04-27T22:13:00,MEDIUM,SCADA_COMMAND_ANOMALY,SIEM-SENSOR-POWER,AST-POWER-075,2026-04-27T22:30:00,2026-04-27T23:01:00,2026-04-28T04:01:00,FALSE_POSITIVE,False,,ANALYST_SHARMA,True,True,True,CLOSED,DEMO/SYNTHETIC - NOT REAL GOVERNMENT DATA
CSE-POWER-01,ALT-POWER-2026-03392,2026-Q2,2026-05-17T13:14:00,MEDIUM,BRUTE_FORCE,SIEM-SENSOR-POWER,AST-POWER-014,2026-05-17T13:30:00,2026-05-17T14:02:00,2026-05-17T16:02:00,FALSE_POSITIVE,False,,ANALYST_PATEL,True,True,True,CLOSED,DEMO/SYNTHETIC - NOT REAL GOVERNMENT DATA
CSE-POWER-01,ALT-POWER-2026-03393,2026-Q2,2026-06-13T16:30:00,HIGH,PRIVILEGE_ESCALATION,SIEM-SENSOR-POWER,AST-POWER-015,2026-06-13T16:43:00,2026-06-13T17:25:00,2026-06-13T23:25:00,FALSE_POSITIVE,False,,ANALYST_SHARMA,True,True,True,CLOSED,DEMO/SYNTHETIC - NOT REAL GOVERNMENT DATA
CSE-POWER-01,ALT-POWER-2026-03394,2026-Q2,2026-05-09T09:49:00,LOW,SCADA_COMMAND_ANOMALY,SIEM-SENSOR-POWER,AST-POWER-044,2026-05-09T09:52:00,2026-05-09T10:26:00,2026-05-09T14:26:00,FALSE_POSITIVE,False,,ANALYST_SHARMA,True,True,True,CLOSED,DEMO/SYNTHETIC - NOT REAL GOVERNMENT DATA
CSE-POWER-01,ALT-POWER-2026-03395,2026-Q2,2026-05-29T21:48:00,LOW,MALWARE,SIEM-SENSOR-POWER,AST-POWER-075,2026-05-29T22:02:00,2026-05-29T22:41:00,2026-05-30T00:41:00,FALSE_POSITIVE,False,,ANALYST_VERMA,True,True,True,CLOSED,DEMO/SYNTHETIC - NOT REAL GOVERNMENT DATA
CSE-POWER-01,ALT-POWER-2026-03396,2026-Q2,2026-04-20T23:44:00,LOW,UNAUTHORIZED_ACCESS,SIEM-SENSOR-POWER,AST-POWER-070,2026-04-21T00:04:00,2026-04-21T00:47:00,2026-04-21T03:47:00,FALSE_POSITIVE,False,,ANALYST_SINGH,True,True,True,CLOSED,DEMO/SYNTHETIC - NOT REAL GOVERNMENT DATA
CSE-POWER-01,ALT-POWER-2026-03397,2026-Q2,2026-05-20T07:41:00,MEDIUM,DDOS_ATTACK,SIEM-SENSOR-POWER,AST-POWER-063,2026-05-20T07:56:00,2026-05-20T08:18:00,2026-05-20T14:18:00,FALSE_POSITIVE,False,,ANALYST_SINGH,True,True,True,CLOSED,DEMO/SYNTHETIC - NOT REAL GOVERNMENT DATA
CSE-POWER-01,ALT-POWER-2026-03398,2026-Q2,2026-05-18T04:30:00,CRITICAL,SCADA_COMMAND_ANOMALY,SIEM-SENSOR-POWER,AST-POWER-058,2026-05-18T04:43:00,2026-05-18T04:58:00,2026-05-18T08:58:00,TRUE_POSITIVE,False,,ANALYST_RAO,True,True,True,CLOSED,DEMO/SYNTHETIC - NOT REAL GOVERNMENT DATA
CSE-POWER-01,ALT-POWER-2026-03399,2026-Q2,2026-04-02T20:35:00,HIGH,RANSOMWARE,SIEM-SENSOR-POWER,AST-POWER-066,2026-04-02T20:53:00,2026-04-02T21:26:00,2026-04-02T23:26:00,FALSE_POSITIVE,True,2026-04-02T21:56:00,ANALYST_VERMA,True,True,True,CLOSED,DEMO/SYNTHETIC - NOT REAL GOVERNMENT DATA
CSE-POWER-01,ALT-POWER-2026-03400,2026-Q2,2026-05-29T10:58:00,CRITICAL,SCADA_COMMAND_ANOMALY,SIEM-SENSOR-POWER,AST-POWER-017,2026-05-29T11:15:00,2026-05-29T11:49:00,2026-05-29T13:49:00,TRUE_POSITIVE,False,,ANALYST_SHARMA,True,True,True,CLOSED,DEMO/SYNTHETIC - NOT REAL GOVERNMENT DATA
CSE-POWER-01,ALT-POWER-2026-03401,2026-Q2,2026-06-03T15:54:00,MEDIUM,SCADA_COMMAND_ANOMALY,SIEM-SENSOR-POWER,AST-POWER-069,2026-06-03T15:59:00,2026-06-03T16:43:00,2026-06-03T22:43:00,FALSE_POSITIVE,True,2026-06-03T17:13:00,ANALYST_SINGH,True,True,True,CLOSED,DEMO/SYNTHETIC - NOT REAL GOVERNMENT DATA
CSE-POWER-01,ALT-POWER-2026-03402,2026-Q2,2026-04-09T13:27:00,HIGH,MALWARE,SIEM-SENSOR-POWER,AST-POWER-071,2026-04-09T13:33:00,2026-04-09T14:16:00,2026-04-09T20:16:00,FALSE_POSITIVE,True,2026-04-09T14:46:00,ANALYST_SHARMA,True,True,True,CLOSED,DEMO/SYNTHETIC - NOT REAL GOVERNMENT DATA
CSE-POWER-01,ALT-POWER-2026-03403,2026-Q2,2026-04-22T05:43:00,HIGH,DDOS_ATTACK,SIEM-SENSOR-POWER,AST-POWER-056,2026-04-22T05:58:00,2026-04-22T06:23:00,2026-04-22T08:23:00,FALSE_POSITIVE,False,,ANALYST_SHARMA,True,True,True,CLOSED,DEMO/SYNTHETIC - NOT REAL GOVERNMENT DATA
CSE-POWER-01,ALT-POWER-2026-03404,2026-Q2,2026-05-17T17:27:00,HIGH,MALWARE,SIEM-SENSOR-POWER,AST-POWER-052,2026-05-17T17:44:00,2026-05-17T18:25:00,2026-05-17T20:25:00,FALSE_POSITIVE,False,,ANALYST_RAO,True,True,True,CLOSED,DEMO/SYNTHETIC - NOT REAL GOVERNMENT DATA
CSE-POWER-01,ALT-POWER-2026-03405,2026-Q2,2026-04-28T17:51:00,HIGH,RANSOMWARE,SIEM-SENSOR-POWER,AST-POWER-074,2026-04-28T17:59:00,2026-04-28T18:35:00,2026-04-29T00:35:00,FALSE_POSITIVE,False,,ANALYST_VERMA,True,True,True,CLOSED,DEMO/SYNTHETIC - NOT REAL GOVERNMENT DATA
CSE-POWER-01,ALT-POWER-2026-03406,2026-Q2,2026-06-19T18:45:00,CRITICAL,BRUTE_FORCE,SIEM-SENSOR-POWER,AST-POWER-059,2026-06-19T18:55:00,2026-06-19T19:28:00,2026-06-20T01:28:00,TRUE_POSITIVE,False,,ANALYST_SINGH,True,True,True,CLOSED,DEMO/SYNTHETIC - NOT REAL GOVERNMENT DATA
CSE-POWER-01,ALT-POWER-2026-03407,2026-Q2,2026-05-17T14:28:00,LOW,DATA_EXFILTRATION,SIEM-SENSOR-POWER,AST-POWER-022,2026-05-17T14:36:00,2026-05-17T15:17:00,2026-05-17T19:17:00,FALSE_POSITIVE,False,,ANALYST_SINGH,True,True,True,CLOSED,DEMO/SYNTHETIC - NOT REAL GOVERNMENT DATA
CSE-POWER-01,ALT-POWER-2026-03408,2026-Q2,2026-04-08T21:43:00,MEDIUM,POLICY_VIOLATION,SIEM-SENSOR-POWER,AST-POWER-004,2026-04-08T21:54:00,2026-04-08T22:23:00,2026-04-09T01:23:00,FALSE_POSITIVE,True,2026-04-08T22:53:00,ANALYST_RAO,True,True,True,CLOSED,DEMO/SYNTHETIC - NOT REAL GOVERNMENT DATA
CSE-POWER-01,ALT-POWER-2026-03409,2026-Q2,2026-05-26T08:54:00,LOW,PRIVILEGE_ESCALATION,SIEM-SENSOR-POWER,AST-POWER-019,2026-05-26T09:09:00,2026-05-26T09:38:00,2026-05-26T15:38:00,FALSE_POSITIVE,False,,ANALYST_PATEL,True,True,True,CLOSED,DEMO/SYNTHETIC - NOT REAL GOVERNMENT DATA
CSE-POWER-01,ALT-POWER-2026-03410,2026-Q2,2026-04-15T16:38:00,MEDIUM,BRUTE_FORCE,SIEM-SENSOR-POWER,AST-POWER-055,2026-04-15T16:57:00,2026-04-15T17:13:00,2026-04-15T22:13:00,FALSE_POSITIVE,True,2026-04-15T17:43:00,ANALYST_SINGH,True,True,True,CLOSED,DEMO/SYNTHETIC - NOT REAL GOVERNMENT DATA
CSE-POWER-01,ALT-POWER-2026-03411,2026-Q2,2026-04-06T00:59:00,CRITICAL,SCADA_COMMAND_ANOMALY,SIEM-SENSOR-POWER,AST-POWER-061,2026-04-06T01:13:00,2026-04-06T01:40:00,2026-04-06T03:40:00,TRUE_POSITIVE,False,,ANALYST_SINGH,True,True,True,CLOSED,DEMO/SYNTHETIC - NOT REAL GOVERNMENT DATA
CSE-POWER-01,ALT-POWER-2026-03412,2026-Q2,2026-04-07T05:10:00,CRITICAL,RANSOMWARE,SIEM-SENSOR-POWER,AST-POWER-056,2026-04-07T05:16:00,2026-04-07T05:37:00,2026-04-07T11:37:00,TRUE_POSITIVE,False,,ANALYST_RAO,True,True,True,CLOSED,DEMO/SYNTHETIC - NOT REAL GOVERNMENT DATA
CSE-POWER-01,ALT-POWER-2026-03413,2026-Q2,2026-04-22T04:15:00,HIGH,MALWARE,SIEM-SENSOR-POWER,AST-POWER-019,2026-04-22T04:26:00,2026-04-22T04:44:00,2026-04-22T07:44:00,FALSE_POSITIVE,False,,ANALYST_SHARMA,True,True,True,CLOSED,DEMO/SYNTHETIC - NOT REAL GOVERNMENT DATA
CSE-POWER-01,ALT-POWER-2026-03414,2026-Q2,2026-05-14T20:45:00,HIGH,BRUTE_FORCE,SIEM-SENSOR-POWER,AST-POWER-019,2026-05-14T20:52:00,2026-05-14T21:18:00,2026-05-15T01:18:00,FALSE_POSITIVE,False,,ANALYST_SHARMA,True,True,True,CLOSED,DEMO/SYNTHETIC - NOT REAL GOVERNMENT DATA
CSE-POWER-01,ALT-POWER-2026-03415,2026-Q2,2026-04-04T18:16:00,CRITICAL,DDOS_ATTACK,SIEM-SENSOR-POWER,AST-POWER-043,2026-04-04T18:29:00,2026-04-04T18:49:00,2026-04-04T22:49:00,TRUE_POSITIVE,False,,ANALYST_RAO,True,True,True,CLOSED,DEMO/SYNTHETIC - NOT REAL GOVERNMENT DATA
CSE-POWER-01,ALT-POWER-2026-03416,2026-Q2,2026-05-11T03:28:00,MEDIUM,PRIVILEGE_ESCALATION,SIEM-SENSOR-POWER,AST-POWER-054,2026-05-11T03:47:00,2026-05-11T04:09:00,2026-05-11T09:09:00,FALSE_POSITIVE,False,,ANALYST_PATEL,True,True,True,CLOSED,DEMO/SYNTHETIC - NOT REAL GOVERNMENT DATA
CSE-POWER-01,ALT-POWER-2026-03417,2026-Q2,2026-05-12T00:53:00,HIGH,MALWARE,SIEM-SENSOR-POWER,AST-POWER-053,2026-05-12T01:11:00,2026-05-12T01:55:00,2026-05-12T07:55:00,FALSE_POSITIVE,False,,ANALYST_VERMA,True,True,True,CLOSED,DEMO/SYNTHETIC - NOT REAL GOVERNMENT DATA
CSE-POWER-01,ALT-POWER-2026-03418,2026-Q2,2026-05-18T21:31:00,CRITICAL,RANSOMWARE,SIEM-SENSOR-POWER,AST-POWER-013,2026-05-18T21:39:00,2026-05-18T22:21:00,2026-05-19T00:21:00,TRUE_POSITIVE,False,,ANALYST_RAO,True,True,True,CLOSED,DEMO/SYNTHETIC - NOT REAL GOVERNMENT DATA
CSE-POWER-01,ALT-POWER-2026-03419,2026-Q2,2026-05-22T03:19:00,CRITICAL,SCADA_COMMAND_ANOMALY,SIEM-SENSOR-POWER,AST-POWER-065,2026-05-22T03:37:00,2026-05-22T04:10:00,2026-05-22T10:10:00,TRUE_POSITIVE,False,,ANALYST_RAO,True,True,True,CLOSED,DEMO/SYNTHETIC - NOT REAL GOVERNMENT DATA
CSE-POWER-01,ALT-POWER-2026-03420,2026-Q2,2026-05-08T14:02:00,HIGH,UNAUTHORIZED_ACCESS,SIEM-SENSOR-POWER,AST-POWER-054,2026-05-08T14:22:00,2026-05-08T15:00:00,2026-05-08T21:00:00,FALSE_POSITIVE,True,2026-05-08T15:30:00,ANALYST_PATEL,True,True,True,CLOSED,DEMO/SYNTHETIC - NOT REAL GOVERNMENT DATA
CSE-POWER-01,ALT-POWER-2026-03421,2026-Q2,2026-06-12T04:14:00,MEDIUM,POLICY_VIOLATION,SIEM-SENSOR-POWER,AST-POWER-010,2026-06-12T04:24:00,2026-06-12T04:48:00,2026-06-12T10:48:00,FALSE_POSITIVE,True,2026-06-12T05:18:00,ANALYST_SHARMA,True,True,True,CLOSED,DEMO/SYNTHETIC - NOT REAL GOVERNMENT DATA
CSE-POWER-01,ALT-POWER-2026-03422,2026-Q2,2026-04-14T07:42:00,HIGH,DDOS_ATTACK,SIEM-SENSOR-POWER,AST-POWER-070,2026-04-14T07:45:00,2026-04-14T08:28:00,2026-04-14T13:28:00,FALSE_POSITIVE,False,,ANALYST_PATEL,True,True,True,CLOSED,DEMO/SYNTHETIC - NOT REAL GOVERNMENT DATA
CSE-POWER-01,ALT-POWER-2026-03423,2026-Q2,2026-06-07T14:32:00,HIGH,UNAUTHORIZED_ACCESS,SIEM-SENSOR-POWER,AST-POWER-025,2026-06-07T14:37:00,2026-06-07T14:56:00,2026-06-07T19:56:00,FALSE_POSITIVE,False,,ANALYST_PATEL,True,True,True,CLOSED,DEMO/SYNTHETIC - NOT REAL GOVERNMENT DATA
CSE-POWER-01,ALT-POWER-2026-03424,2026-Q2,2026-06-01T19:50:00,CRITICAL,SCADA_COMMAND_ANOMALY,SIEM-SENSOR-POWER,AST-POWER-070,2026-06-01T20:02:00,2026-06-01T20:19:00,2026-06-02T02:19:00,TRUE_POSITIVE,False,,ANALYST_SINGH,True,True,True,CLOSED,DEMO/SYNTHETIC - NOT REAL GOVERNMENT DATA
CSE-POWER-01,ALT-POWER-2026-03425,2026-Q2,2026-06-19T10:13:00,MEDIUM,DATA_EXFILTRATION,SIEM-SENSOR-POWER,AST-POWER-024,2026-06-19T10:29:00,2026-06-19T11:04:00,2026-06-19T13:04:00,FALSE_POSITIVE,True,2026-06-19T11:34:00,ANALYST_PATEL,True,True,True,CLOSED,DEMO/SYNTHETIC - NOT REAL GOVERNMENT DATA
CSE-POWER-01,ALT-POWER-2026-03426,2026-Q2,2026-05-30T23:48:00,MEDIUM,RANSOMWARE,SIEM-SENSOR-POWER,AST-POWER-030,2026-05-30T23:50:00,2026-05-31T00:32:00,2026-05-31T02:32:00,FALSE_POSITIVE,False,,ANALYST_PATEL,True,True,True,CLOSED,DEMO/SYNTHETIC - NOT REAL GOVERNMENT DATA
CSE-POWER-01,ALT-POWER-2026-03427,2026-Q2,2026-04-25T05:41:00,LOW,DDOS_ATTACK,SIEM-SENSOR-POWER,AST-POWER-083,2026-04-25T05:52:00,2026-04-25T06:27:00,2026-04-25T10:27:00,FALSE_POSITIVE,True,2026-04-25T06:57:00,ANALYST_PATEL,True,True,True,CLOSED,DEMO/SYNTHETIC - NOT REAL GOVERNMENT DATA
CSE-POWER-01,ALT-POWER-2026-03428,2026-Q2,2026-05-04T04:13:00,MEDIUM,UNAUTHORIZED_ACCESS,SIEM-SENSOR-POWER,AST-POWER-005,2026-05-04T04:27:00,2026-05-04T04:53:00,2026-05-04T10:53:00,FALSE_POSITIVE,False,,ANALYST_PATEL,True,True,True,CLOSED,DEMO/SYNTHETIC - NOT REAL GOVERNMENT DATA
CSE-POWER-01,ALT-POWER-2026-03429,2026-Q2,2026-04-25T07:16:00,HIGH,SCADA_COMMAND_ANOMALY,SIEM-SENSOR-POWER,AST-POWER-009,2026-04-25T07:25:00,2026-04-25T07:49:00,2026-04-25T10:49:00,FALSE_POSITIVE,False,,ANALYST_PATEL,True,True,True,CLOSED,DEMO/SYNTHETIC - NOT REAL GOVERNMENT DATA
CSE-POWER-01,ALT-POWER-2026-03430,2026-Q2,2026-04-09T09:28:00,MEDIUM,DDOS_ATTACK,SIEM-SENSOR-POWER,AST-POWER-060,2026-04-09T09:45:00,2026-04-09T10:07:00,2026-04-09T13:07:00,FALSE_POSITIVE,False,,ANALYST_RAO,True,True,True,CLOSED,DEMO/SYNTHETIC - NOT REAL GOVERNMENT DATA
CSE-POWER-01,ALT-POWER-2026-03431,2026-Q2,2026-06-20T08:06:00,HIGH,DDOS_ATTACK,SIEM-SENSOR-POWER,AST-POWER-009,2026-06-20T08:14:00,2026-06-20T08:56:00,2026-06-20T10:56:00,FALSE_POSITIVE,True,2026-06-20T09:26:00,ANALYST_SINGH,True,True,True,CLOSED,DEMO/SYNTHETIC - NOT REAL GOVERNMENT DATA
CSE-POWER-01,ALT-POWER-2026-03432,2026-Q2,2026-04-29T04:07:00,MEDIUM,POLICY_VIOLATION,SIEM-SENSOR-POWER,AST-POWER-074,2026-04-29T04:17:00,2026-04-29T04:47:00,2026-04-29T09:47:00,FALSE_POSITIVE,False,,ANALYST_VERMA,True,True,True,CLOSED,DEMO/SYNTHETIC - NOT REAL GOVERNMENT DATA
CSE-POWER-01,ALT-POWER-2026-03433,2026-Q2,2026-04-07T07:20:00,MEDIUM,RANSOMWARE,SIEM-SENSOR-POWER,AST-POWER-005,2026-04-07T07:32:00,2026-04-07T08:16:00,2026-04-07T13:16:00,FALSE_POSITIVE,False,,ANALYST_SHARMA,True,True,True,CLOSED,DEMO/SYNTHETIC - NOT REAL GOVERNMENT DATA
CSE-POWER-01,ALT-POWER-2026-03434,2026-Q2,2026-05-28T04:31:00,CRITICAL,SCADA_COMMAND_ANOMALY,SIEM-SENSOR-POWER,AST-POWER-073,2026-05-28T04:43:00,2026-05-28T05:06:00,2026-05-28T07:06:00,TRUE_POSITIVE,False,,ANALYST_SINGH,True,True,True,CLOSED,DEMO/SYNTHETIC - NOT REAL GOVERNMENT DATA
CSE-POWER-01,ALT-POWER-2026-03435,2026-Q2,2026-04-30T05:24:00,CRITICAL,BRUTE_FORCE,SIEM-SENSOR-POWER,AST-POWER-041,2026-04-30T05:43:00,2026-04-30T06:28:00,2026-04-30T12:28:00,TRUE_POSITIVE,False,,ANALYST_SHARMA,True,True,True,CLOSED,DEMO/SYNTHETIC - NOT REAL GOVERNMENT DATA
CSE-POWER-01,ALT-POWER-2026-03436,2026-Q2,2026-04-17T04:39:00,HIGH,UNAUTHORIZED_ACCESS,SIEM-SENSOR-POWER,AST-POWER-076,2026-04-17T04:45:00,2026-04-17T05:02:00,2026-04-17T08:02:00,FALSE_POSITIVE,True,2026-04-17T05:32:00,ANALYST_VERMA,True,True,True,CLOSED,DEMO/SYNTHETIC - NOT REAL GOVERNMENT DATA
CSE-POWER-01,ALT-POWER-2026-03437,2026-Q2,2026-05-30T00:16:00,MEDIUM,UNAUTHORIZED_ACCESS,SIEM-SENSOR-POWER,AST-POWER-028,2026-05-30T00:31:00,2026-05-30T00:46:00,2026-05-30T05:46:00,FALSE_POSITIVE,True,2026-05-30T01:16:00,ANALYST_PATEL,True,True,True,CLOSED,DEMO/SYNTHETIC - NOT REAL GOVERNMENT DATA
CSE-POWER-01,ALT-POWER-2026-03438,2026-Q2,2026-04-05T13:08:00,HIGH,RANSOMWARE,SIEM-SENSOR-POWER,AST-POWER-036,2026-04-05T13:13:00,2026-04-05T13:32:00,2026-04-05T19:32:00,FALSE_POSITIVE,False,,ANALYST_RAO,True,True,True,CLOSED,DEMO/SYNTHETIC - NOT REAL GOVERNMENT DATA
CSE-POWER-01,ALT-POWER-2026-03439,2026-Q2,2026-04-15T19:28:00,MEDIUM,MALWARE,SIEM-SENSOR-POWER,AST-POWER-069,2026-04-15T19:40:00,2026-04-15T20:12:00,2026-04-16T01:12:00,FALSE_POSITIVE,False,,ANALYST_RAO,True,True,True,CLOSED,DEMO/SYNTHETIC - NOT REAL GOVERNMENT DATA
CSE-POWER-01,ALT-POWER-2026-03440,2026-Q2,2026-04-16T12:57:00,LOW,MALWARE,SIEM-SENSOR-POWER,AST-POWER-061,2026-04-16T13:12:00,2026-04-16T13:33:00,2026-04-16T17:33:00,FALSE_POSITIVE,False,,ANALYST_PATEL,True,True,True,CLOSED,DEMO/SYNTHETIC - NOT REAL GOVERNMENT DATA
CSE-POWER-01,ALT-POWER-2026-03441,2026-Q2,2026-05-24T11:46:00,HIGH,BRUTE_FORCE,SIEM-SENSOR-POWER,AST-POWER-018,2026-05-24T11:49:00,2026-05-24T12:33:00,2026-05-24T17:33:00,FALSE_POSITIVE,False,,ANALYST_PATEL,True,True,True,CLOSED,DEMO/SYNTHETIC - NOT REAL GOVERNMENT DATA
CSE-POWER-01,ALT-POWER-2026-03442,2026-Q2,2026-05-15T10:50:00,MEDIUM,BRUTE_FORCE,SIEM-SENSOR-POWER,AST-POWER-014,2026-05-15T11:02:00,2026-05-15T11:23:00,2026-05-15T13:23:00,FALSE_POSITIVE,False,,ANALYST_SHARMA,True,True,True,CLOSED,DEMO/SYNTHETIC - NOT REAL GOVERNMENT DATA
CSE-POWER-01,ALT-POWER-2026-03443,2026-Q2,2026-05-19T12:30:00,MEDIUM,PRIVILEGE_ESCALATION,SIEM-SENSOR-POWER,AST-POWER-079,2026-05-19T12:35:00,2026-05-19T12:56:00,2026-05-19T16:56:00,FALSE_POSITIVE,True,2026-05-19T13:26:00,ANALYST_SINGH,True,True,True,CLOSED,DEMO/SYNTHETIC - NOT REAL GOVERNMENT DATA
CSE-POWER-01,ALT-POWER-2026-03444,2026-Q2,2026-04-17T19:09:00,MEDIUM,SCADA_COMMAND_ANOMALY,SIEM-SENSOR-POWER,AST-POWER-009,2026-04-17T19:19:00,2026-04-17T19:39:00,2026-04-17T22:39:00,FALSE_POSITIVE,False,,ANALYST_SHARMA,True,True,True,CLOSED,DEMO/SYNTHETIC - NOT REAL GOVERNMENT DATA
CSE-POWER-01,ALT-POWER-2026-03445,2026-Q2,2026-06-20T05:16:00,HIGH,DDOS_ATTACK,SIEM-SENSOR-POWER,AST-POWER-041,2026-06-20T05:27:00,2026-06-20T06:12:00,2026-06-20T10:12:00,FALSE_POSITIVE,True,2026-06-20T06:42:00,ANALYST_RAO,True,True,True,CLOSED,DEMO/SYNTHETIC - NOT REAL GOVERNMENT DATA
CSE-POWER-01,ALT-POWER-2026-03446,2026-Q2,2026-06-04T10:20:00,HIGH,SCADA_COMMAND_ANOMALY,SIEM-SENSOR-POWER,AST-POWER-043,2026-06-04T10:38:00,2026-06-04T11:20:00,2026-06-04T13:20:00,FALSE_POSITIVE,False,,ANALYST_PATEL,True,True,True,CLOSED,DEMO/SYNTHETIC - NOT REAL GOVERNMENT DATA
CSE-POWER-01,ALT-POWER-2026-03447,2026-Q2,2026-04-07T09:15:00,HIGH,SCADA_COMMAND_ANOMALY,SIEM-SENSOR-POWER,AST-POWER-061,2026-04-07T09:33:00,2026-04-07T10:05:00,2026-04-07T16:05:00,FALSE_POSITIVE,False,,ANALYST_PATEL,True,True,True,CLOSED,DEMO/SYNTHETIC - NOT REAL GOVERNMENT DATA
CSE-POWER-01,ALT-POWER-2026-03448,2026-Q2,2026-05-07T19:40:00,MEDIUM,DATA_EXFILTRATION,SIEM-SENSOR-POWER,AST-POWER-036,2026-05-07T19:54:00,2026-05-07T20:10:00,2026-05-07T23:10:00,FALSE_POSITIVE,False,,ANALYST_SHARMA,True,True,True,CLOSED,DEMO/SYNTHETIC - NOT REAL GOVERNMENT DATA
CSE-POWER-01,ALT-POWER-2026-03449,2026-Q2,2026-04-05T18:40:00,HIGH,DATA_EXFILTRATION,SIEM-SENSOR-POWER,AST-POWER-007,2026-04-05T18:46:00,2026-04-05T19:04:00,2026-04-06T01:04:00,FALSE_POSITIVE,False,,ANALYST_RAO,True,True,True,CLOSED,DEMO/SYNTHETIC - NOT REAL GOVERNMENT DATA
CSE-POWER-01,ALT-POWER-2026-03450,2026-Q2,2026-06-19T00:11:00,LOW,POLICY_VIOLATION,SIEM-SENSOR-POWER,AST-POWER-060,2026-06-19T00:19:00,2026-06-19T00:35:00,2026-06-19T06:35:00,FALSE_POSITIVE,False,,ANALYST_SINGH,True,True,True,CLOSED,DEMO/SYNTHETIC - NOT REAL GOVERNMENT DATA
CSE-POWER-01,ALT-POWER-2026-03451,2026-Q2,2026-04-12T10:14:00,CRITICAL,RANSOMWARE,SIEM-SENSOR-POWER,AST-POWER-027,2026-04-12T10:28:00,2026-04-12T11:08:00,2026-04-12T16:08:00,TRUE_POSITIVE,False,,ANALYST_VERMA,True,True,True,CLOSED,DEMO/SYNTHETIC - NOT REAL GOVERNMENT DATA
CSE-POWER-01,ALT-POWER-2026-03452,2026-Q2,2026-05-28T01:22:00,CRITICAL,SCADA_COMMAND_ANOMALY,SIEM-SENSOR-POWER,AST-POWER-018,2026-05-28T01:31:00,2026-05-28T02:03:00,2026-05-28T06:03:00,TRUE_POSITIVE,False,,ANALYST_RAO,True,True,True,CLOSED,DEMO/SYNTHETIC - NOT REAL GOVERNMENT DATA
CSE-POWER-01,ALT-POWER-2026-03453,2026-Q2,2026-04-13T22:49:00,CRITICAL,POLICY_VIOLATION,SIEM-SENSOR-POWER,AST-POWER-076,2026-04-13T22:58:00,2026-04-13T23:17:00,2026-04-14T03:17:00,TRUE_POSITIVE,False,,ANALYST_SHARMA,True,True,True,CLOSED,DEMO/SYNTHETIC - NOT REAL GOVERNMENT DATA
CSE-POWER-01,ALT-POWER-2026-03454,2026-Q2,2026-04-29T07:08:00,MEDIUM,SCADA_COMMAND_ANOMALY,SIEM-SENSOR-POWER,AST-POWER-072,2026-04-29T07:18:00,2026-04-29T07:57:00,2026-04-29T09:57:00,FALSE_POSITIVE,False,,ANALYST_PATEL,True,True,True,CLOSED,DEMO/SYNTHETIC - NOT REAL GOVERNMENT DATA
CSE-POWER-01,ALT-POWER-2026-03455,2026-Q2,2026-04-23T15:17:00,CRITICAL,SCADA_COMMAND_ANOMALY,SIEM-SENSOR-POWER,AST-POWER-015,2026-04-23T15:29:00,2026-04-23T15:53:00,2026-04-23T19:53:00,TRUE_POSITIVE,False,,ANALYST_SHARMA,True,True,True,CLOSED,DEMO/SYNTHETIC - NOT REAL GOVERNMENT DATA
CSE-POWER-01,ALT-POWER-2026-03456,2026-Q2,2026-05-10T20:58:00,HIGH,PRIVILEGE_ESCALATION,SIEM-SENSOR-POWER,AST-POWER-002,2026-05-10T21:09:00,2026-05-10T21:48:00,2026-05-11T02:48:00,FALSE_POSITIVE,False,,ANALYST_VERMA,True,True,True,CLOSED,DEMO/SYNTHETIC - NOT REAL GOVERNMENT DATA
CSE-POWER-01,ALT-POWER-2026-03457,2026-Q2,2026-04-03T21:44:00,CRITICAL,BRUTE_FORCE,SIEM-SENSOR-POWER,AST-POWER-001,2026-04-03T21:49:00,2026-04-03T22:11:00,2026-04-04T03:11:00,TRUE_POSITIVE,False,,ANALYST_SINGH,True,True,True,CLOSED,DEMO/SYNTHETIC - NOT REAL GOVERNMENT DATA
CSE-POWER-01,ALT-POWER-2026-03458,2026-Q2,2026-06-02T21:37:00,MEDIUM,POLICY_VIOLATION,SIEM-SENSOR-POWER,AST-POWER-030,2026-06-02T21:49:00,2026-06-02T22:34:00,2026-06-03T00:34:00,FALSE_POSITIVE,False,,ANALYST_SHARMA,True,True,True,CLOSED,DEMO/SYNTHETIC - NOT REAL GOVERNMENT DATA
CSE-POWER-01,ALT-POWER-2026-03459,2026-Q2,2026-05-21T00:28:00,CRITICAL,SCADA_COMMAND_ANOMALY,SIEM-SENSOR-POWER,AST-POWER-008,2026-05-21T00:31:00,2026-05-21T00:53:00,2026-05-21T03:53:00,TRUE_POSITIVE,False,,ANALYST_RAO,True,True,True,CLOSED,DEMO/SYNTHETIC - NOT REAL GOVERNMENT DATA
CSE-POWER-01,ALT-POWER-2026-03460,2026-Q2,2026-05-09T00:18:00,HIGH,UNAUTHORIZED_ACCESS,SIEM-SENSOR-POWER,AST-POWER-014,2026-05-09T00:22:00,2026-05-09T00:51:00,2026-05-09T06:51:00,FALSE_POSITIVE,False,,ANALYST_VERMA,True,True,True,CLOSED,DEMO/SYNTHETIC - NOT REAL GOVERNMENT DATA
CSE-POWER-01,ALT-POWER-2026-03461,2026-Q2,2026-05-25T22:40:00,LOW,RANSOMWARE,SIEM-SENSOR-POWER,AST-POWER-084,2026-05-25T22:48:00,2026-05-25T23:15:00,2026-05-26T01:15:00,FALSE_POSITIVE,False,,ANALYST_RAO,True,True,True,CLOSED,DEMO/SYNTHETIC - NOT REAL GOVERNMENT DATA
CSE-POWER-01,ALT-POWER-2026-03462,2026-Q2,2026-04-05T02:10:00,MEDIUM,DATA_EXFILTRATION,SIEM-SENSOR-POWER,AST-POWER-031,2026-04-05T02:17:00,2026-04-05T02:48:00,2026-04-05T07:48:00,FALSE_POSITIVE,False,,ANALYST_SHARMA,True,True,True,CLOSED,DEMO/SYNTHETIC - NOT REAL GOVERNMENT DATA
CSE-POWER-01,ALT-POWER-2026-03463,2026-Q2,2026-05-29T14:22:00,HIGH,DDOS_ATTACK,SIEM-SENSOR-POWER,AST-POWER-079,2026-05-29T14:30:00,2026-05-29T14:57:00,2026-05-29T17:57:00,FALSE_POSITIVE,True,2026-05-29T15:27:00,ANALYST_PATEL,True,True,True,CLOSED,DEMO/SYNTHETIC - NOT REAL GOVERNMENT DATA
CSE-POWER-01,ALT-POWER-2026-03464,2026-Q2,2026-04-20T01:36:00,HIGH,BRUTE_FORCE,SIEM-SENSOR-POWER,AST-POWER-053,2026-04-20T01:49:00,2026-04-20T02:10:00,2026-04-20T04:10:00,FALSE_POSITIVE,False,,ANALYST_PATEL,True,True,True,CLOSED,DEMO/SYNTHETIC - NOT REAL GOVERNMENT DATA
CSE-POWER-01,ALT-POWER-2026-03465,2026-Q2,2026-06-14T21:38:00,CRITICAL,SCADA_COMMAND_ANOMALY,SIEM-SENSOR-POWER,AST-POWER-005,2026-06-14T21:49:00,2026-06-14T22:16:00,2026-06-15T00:16:00,TRUE_POSITIVE,False,,ANALYST_SHARMA,True,True,True,CLOSED,DEMO/SYNTHETIC - NOT REAL GOVERNMENT DATA
CSE-POWER-01,ALT-POWER-2026-03466,2026-Q2,2026-06-05T15:56:00,LOW,MALWARE,SIEM-SENSOR-POWER,AST-POWER-061,2026-06-05T16:02:00,2026-06-05T16:25:00,2026-06-05T21:25:00,FALSE_POSITIVE,False,,ANALYST_VERMA,True,True,True,CLOSED,DEMO/SYNTHETIC - NOT REAL GOVERNMENT DATA
CSE-POWER-01,ALT-POWER-2026-03467,2026-Q2,2026-04-12T09:44:00,MEDIUM,DATA_EXFILTRATION,SIEM-SENSOR-POWER,AST-POWER-021,2026-04-12T09:46:00,2026-04-12T10:17:00,2026-04-12T16:17:00,FALSE_POSITIVE,False,,ANALYST_RAO,True,True,True,CLOSED,DEMO/SYNTHETIC - NOT REAL GOVERNMENT DATA
CSE-POWER-01,ALT-POWER-2026-03468,2026-Q2,2026-05-04T20:12:00,MEDIUM,DDOS_ATTACK,SIEM-SENSOR-POWER,AST-POWER-081,2026-05-04T20:28:00,2026-05-04T21:04:00,2026-05-05T02:04:00,FALSE_POSITIVE,True,2026-05-04T21:34:00,ANALYST_RAO,True,True,True,CLOSED,DEMO/SYNTHETIC - NOT REAL GOVERNMENT DATA
CSE-POWER-01,ALT-POWER-2026-03469,2026-Q2,2026-06-02T05:16:00,LOW,MALWARE,SIEM-SENSOR-POWER,AST-POWER-078,2026-06-02T05:20:00,2026-06-02T05:42:00,2026-06-02T08:42:00,FALSE_POSITIVE,True,2026-06-02T06:12:00,ANALYST_VERMA,True,True,True,CLOSED,DEMO/SYNTHETIC - NOT REAL GOVERNMENT DATA
CSE-POWER-01,ALT-POWER-2026-03470,2026-Q2,2026-05-21T02:33:00,HIGH,DATA_EXFILTRATION,SIEM-SENSOR-POWER,AST-POWER-052,2026-05-21T02:46:00,2026-05-21T03:13:00,2026-05-21T09:13:00,FALSE_POSITIVE,False,,ANALYST_SHARMA,True,True,True,CLOSED,DEMO/SYNTHETIC - NOT REAL GOVERNMENT DATA
CSE-POWER-01,ALT-POWER-2026-03471,2026-Q2,2026-04-20T14:16:00,LOW,UNAUTHORIZED_ACCESS,SIEM-SENSOR-POWER,AST-POWER-047,2026-04-20T14:29:00,2026-04-20T15:05:00,2026-04-20T21:05:00,FALSE_POSITIVE,True,2026-04-20T15:35:00,ANALYST_SINGH,True,True,True,CLOSED,DEMO/SYNTHETIC - NOT REAL GOVERNMENT DATA
CSE-POWER-01,ALT-POWER-2026-03472,2026-Q2,2026-05-25T23:37:00,CRITICAL,SCADA_COMMAND_ANOMALY,SIEM-SENSOR-POWER,AST-POWER-029,2026-05-25T23:41:00,2026-05-26T00:00:00,2026-05-26T04:00:00,TRUE_POSITIVE,False,,ANALYST_PATEL,True,True,True,CLOSED,DEMO/SYNTHETIC - NOT REAL GOVERNMENT DATA
CSE-POWER-01,ALT-POWER-2026-03473,2026-Q2,2026-06-11T01:11:00,HIGH,DDOS_ATTACK,SIEM-SENSOR-POWER,AST-POWER-022,2026-06-11T01:27:00,2026-06-11T01:50:00,2026-06-11T06:50:00,FALSE_POSITIVE,False,,ANALYST_SHARMA,True,True,True,CLOSED,DEMO/SYNTHETIC - NOT REAL GOVERNMENT DATA
CSE-POWER-01,ALT-POWER-2026-03474,2026-Q2,2026-05-09T23:19:00,CRITICAL,SCADA_COMMAND_ANOMALY,SIEM-SENSOR-POWER,AST-POWER-014,2026-05-09T23:25:00,2026-05-10T00:02:00,2026-05-10T05:02:00,TRUE_POSITIVE,False,,ANALYST_RAO,True,True,True,CLOSED,DEMO/SYNTHETIC - NOT REAL GOVERNMENT DATA
CSE-POWER-01,ALT-POWER-2026-03475,2026-Q2,2026-05-11T12:09:00,HIGH,DDOS_ATTACK,SIEM-SENSOR-POWER,AST-POWER-008,2026-05-11T12:23:00,2026-05-11T12:47:00,2026-05-11T15:47:00,FALSE_POSITIVE,True,2026-05-11T13:17:00,ANALYST_RAO,True,True,True,CLOSED,DEMO/SYNTHETIC - NOT REAL GOVERNMENT DATA
CSE-POWER-01,ALT-POWER-2026-03476,2026-Q2,2026-04-04T14:10:00,HIGH,DDOS_ATTACK,SIEM-SENSOR-POWER,AST-POWER-050,2026-04-04T14:23:00,2026-04-04T15:02:00,2026-04-04T18:02:00,FALSE_POSITIVE,True,2026-04-04T15:32:00,ANALYST_SHARMA,True,True,True,CLOSED,DEMO/SYNTHETIC - NOT REAL GOVERNMENT DATA
CSE-POWER-01,ALT-POWER-2026-03477,2026-Q2,2026-04-28T19:45:00,HIGH,SCADA_COMMAND_ANOMALY,SIEM-SENSOR-POWER,AST-POWER-027,2026-04-28T19:56:00,2026-04-28T20:26:00,2026-04-29T01:26:00,FALSE_POSITIVE,False,,ANALYST_SINGH,True,True,True,CLOSED,DEMO/SYNTHETIC - NOT REAL GOVERNMENT DATA
CSE-POWER-01,ALT-POWER-2026-03478,2026-Q2,2026-06-17T07:31:00,HIGH,POLICY_VIOLATION,SIEM-SENSOR-POWER,AST-POWER-024,2026-06-17T07:38:00,2026-06-17T08:21:00,2026-06-17T12:21:00,FALSE_POSITIVE,True,2026-06-17T08:51:00,ANALYST_RAO,True,True,True,CLOSED,DEMO/SYNTHETIC - NOT REAL GOVERNMENT DATA
CSE-POWER-01,ALT-POWER-2026-03479,2026-Q2,2026-06-05T09:50:00,MEDIUM,MALWARE,SIEM-SENSOR-POWER,AST-POWER-069,2026-06-05T10:05:00,2026-06-05T10:44:00,2026-06-05T12:44:00,FALSE_POSITIVE,True,2026-06-05T11:14:00,ANALYST_SINGH,True,True,True,CLOSED,DEMO/SYNTHETIC - NOT REAL GOVERNMENT DATA
CSE-POWER-01,ALT-POWER-2026-03480,2026-Q2,2026-04-19T13:06:00,CRITICAL,SCADA_COMMAND_ANOMALY,SIEM-SENSOR-POWER,AST-POWER-060,2026-04-19T13:26:00,2026-04-19T14:00:00,2026-04-19T18:00:00,TRUE_POSITIVE,False,,ANALYST_SINGH,True,True,True,CLOSED,DEMO/SYNTHETIC - NOT REAL GOVERNMENT DATA
CSE-POWER-01,ALT-POWER-2026-03481,2026-Q2,2026-06-04T02:37:00,HIGH,UNAUTHORIZED_ACCESS,SIEM-SENSOR-POWER,AST-POWER-053,2026-06-04T02:42:00,2026-06-04T03:02:00,2026-06-04T08:02:00,FALSE_POSITIVE,False,,ANALYST_PATEL,True,True,True,CLOSED,DEMO/SYNTHETIC - NOT REAL GOVERNMENT DATA
CSE-POWER-01,ALT-POWER-2026-03482,2026-Q2,2026-04-12T23:00:00,HIGH,UNAUTHORIZED_ACCESS,SIEM-SENSOR-POWER,AST-POWER-072,2026-04-12T23:17:00,2026-04-12T23:58:00,2026-04-13T02:58:00,FALSE_POSITIVE,True,2026-04-13T00:28:00,ANALYST_SINGH,True,True,True,CLOSED,DEMO/SYNTHETIC - NOT REAL GOVERNMENT DATA
CSE-POWER-01,ALT-POWER-2026-03483,2026-Q2,2026-06-06T12:32:00,LOW,SCADA_COMMAND_ANOMALY,SIEM-SENSOR-POWER,AST-POWER-010,2026-06-06T12:46:00,2026-06-06T13:28:00,2026-06-06T16:28:00,FALSE_POSITIVE,False,,ANALYST_SHARMA,True,True,True,CLOSED,DEMO/SYNTHETIC - NOT REAL GOVERNMENT DATA
CSE-POWER-01,ALT-POWER-2026-03484,2026-Q2,2026-05-20T11:58:00,HIGH,RANSOMWARE,SIEM-SENSOR-POWER,AST-POWER-081,2026-05-20T12:13:00,2026-05-20T12:56:00,2026-05-20T16:56:00,FALSE_POSITIVE,True,2026-05-20T13:26:00,ANALYST_PATEL,True,True,True,CLOSED,DEMO/SYNTHETIC - NOT REAL GOVERNMENT DATA
CSE-POWER-01,ALT-POWER-2026-03485,2026-Q2,2026-04-24T00:21:00,HIGH,PRIVILEGE_ESCALATION,SIEM-SENSOR-POWER,AST-POWER-017,2026-04-24T00:23:00,2026-04-24T01:01:00,2026-04-24T06:01:00,FALSE_POSITIVE,False,,ANALYST_PATEL,True,True,True,CLOSED,DEMO/SYNTHETIC - NOT REAL GOVERNMENT DATA
CSE-POWER-01,ALT-POWER-2026-03486,2026-Q2,2026-05-09T14:49:00,HIGH,BRUTE_FORCE,SIEM-SENSOR-POWER,AST-POWER-054,2026-05-09T15:03:00,2026-05-09T15:22:00,2026-05-09T17:22:00,FALSE_POSITIVE,False,,ANALYST_PATEL,True,True,True,CLOSED,DEMO/SYNTHETIC - NOT REAL GOVERNMENT DATA
CSE-POWER-01,ALT-POWER-2026-03487,2026-Q2,2026-04-20T21:15:00,CRITICAL,SCADA_COMMAND_ANOMALY,SIEM-SENSOR-POWER,AST-POWER-004,2026-04-20T21:28:00,2026-04-20T22:07:00,2026-04-21T01:07:00,TRUE_POSITIVE,False,,ANALYST_SINGH,True,True,True,CLOSED,DEMO/SYNTHETIC - NOT REAL GOVERNMENT DATA
CSE-POWER-01,ALT-POWER-2026-03488,2026-Q2,2026-06-11T02:13:00,MEDIUM,SCADA_COMMAND_ANOMALY,SIEM-SENSOR-POWER,AST-POWER-076,2026-06-11T02:27:00,2026-06-11T03:04:00,2026-06-11T06:04:00,FALSE_POSITIVE,False,,ANALYST_RAO,True,True,True,CLOSED,DEMO/SYNTHETIC - NOT REAL GOVERNMENT DATA
CSE-POWER-01,ALT-POWER-2026-03489,2026-Q2,2026-04-29T11:41:00,LOW,MALWARE,SIEM-SENSOR-POWER,AST-POWER-076,2026-04-29T11:52:00,2026-04-29T12:18:00,2026-04-29T18:18:00,FALSE_POSITIVE,False,,ANALYST_SHARMA,True,True,True,CLOSED,DEMO/SYNTHETIC - NOT REAL GOVERNMENT DATA
CSE-POWER-01,ALT-POWER-2026-03490,2026-Q2,2026-04-29T22:35:00,HIGH,PRIVILEGE_ESCALATION,SIEM-SENSOR-POWER,AST-POWER-018,2026-04-29T22:38:00,2026-04-29T23:03:00,2026-04-30T01:03:00,FALSE_POSITIVE,True,2026-04-29T23:33:00,ANALYST_RAO,True,True,True,CLOSED,DEMO/SYNTHETIC - NOT REAL GOVERNMENT DATA
CSE-POWER-01,ALT-POWER-2026-03491,2026-Q2,2026-05-11T02:47:00,MEDIUM,UNAUTHORIZED_ACCESS,SIEM-SENSOR-POWER,AST-POWER-052,2026-05-11T03:02:00,2026-05-11T03:17:00,2026-05-11T07:17:00,FALSE_POSITIVE,False,,ANALYST_SINGH,True,True,True,CLOSED,DEMO/SYNTHETIC - NOT REAL GOVERNMENT DATA
CSE-POWER-01,ALT-POWER-2026-03492,2026-Q2,2026-05-11T18:10:00,MEDIUM,RANSOMWARE,SIEM-SENSOR-POWER,AST-POWER-075,2026-05-11T18:14:00,2026-05-11T18:39:00,2026-05-12T00:39:00,FALSE_POSITIVE,False,,ANALYST_PATEL,True,True,True,CLOSED,DEMO/SYNTHETIC - NOT REAL GOVERNMENT DATA
CSE-POWER-01,ALT-POWER-2026-03493,2026-Q2,2026-04-20T11:52:00,HIGH,MALWARE,SIEM-SENSOR-POWER,AST-POWER-015,2026-04-20T12:07:00,2026-04-20T12:39:00,2026-04-20T17:39:00,FALSE_POSITIVE,False,,ANALYST_SHARMA,True,True,True,CLOSED,DEMO/SYNTHETIC - NOT REAL GOVERNMENT DATA
CSE-POWER-01,ALT-POWER-2026-03494,2026-Q2,2026-04-06T05:52:00,HIGH,MALWARE,SIEM-SENSOR-POWER,AST-POWER-068,2026-04-06T06:02:00,2026-04-06T06:36:00,2026-04-06T12:36:00,FALSE_POSITIVE,False,,ANALYST_SHARMA,True,True,True,CLOSED,DEMO/SYNTHETIC - NOT REAL GOVERNMENT DATA
CSE-POWER-01,ALT-POWER-2026-03495,2026-Q2,2026-05-15T13:55:00,MEDIUM,BRUTE_FORCE,SIEM-SENSOR-POWER,AST-POWER-062,2026-05-15T14:00:00,2026-05-15T14:45:00,2026-05-15T18:45:00,FALSE_POSITIVE,False,,ANALYST_PATEL,True,True,True,CLOSED,DEMO/SYNTHETIC - NOT REAL GOVERNMENT DATA
CSE-POWER-01,ALT-POWER-2026-03496,2026-Q2,2026-06-10T22:12:00,LOW,BRUTE_FORCE,SIEM-SENSOR-POWER,AST-POWER-009,2026-06-10T22:21:00,2026-06-10T22:53:00,2026-06-11T01:53:00,FALSE_POSITIVE,True,2026-06-10T23:23:00,ANALYST_RAO,True,True,True,CLOSED,DEMO/SYNTHETIC - NOT REAL GOVERNMENT DATA
CSE-POWER-01,ALT-POWER-2026-03497,2026-Q2,2026-05-10T09:37:00,CRITICAL,SCADA_COMMAND_ANOMALY,SIEM-SENSOR-POWER,AST-POWER-037,2026-05-10T09:40:00,2026-05-10T10:02:00,2026-05-10T14:02:00,TRUE_POSITIVE,False,,ANALYST_VERMA,True,True,True,CLOSED,DEMO/SYNTHETIC - NOT REAL GOVERNMENT DATA
CSE-POWER-01,ALT-POWER-2026-03498,2026-Q2,2026-04-19T13:29:00,HIGH,DATA_EXFILTRATION,SIEM-SENSOR-POWER,AST-POWER-044,2026-04-19T13:44:00,2026-04-19T14:22:00,2026-04-19T16:22:00,FALSE_POSITIVE,True,2026-04-19T14:52:00,ANALYST_SINGH,True,True,True,CLOSED,DEMO/SYNTHETIC - NOT REAL GOVERNMENT DATA
CSE-POWER-01,ALT-POWER-2026-03499,2026-Q2,2026-05-13T11:25:00,HIGH,BRUTE_FORCE,SIEM-SENSOR-POWER,AST-POWER-053,2026-05-13T11:39:00,2026-05-13T12:03:00,2026-05-13T14:03:00,FALSE_POSITIVE,False,,ANALYST_SHARMA,True,True,True,CLOSED,DEMO/SYNTHETIC - NOT REAL GOVERNMENT DATA
CSE-POWER-01,ALT-POWER-2026-03500,2026-Q2,2026-06-05T15:54:00,HIGH,UNAUTHORIZED_ACCESS,SIEM-SENSOR-POWER,AST-POWER-010,2026-06-05T16:13:00,2026-06-05T16:33:00,2026-06-05T22:33:00,FALSE_POSITIVE,False,,ANALYST_SINGH,True,True,True,CLOSED,DEMO/SYNTHETIC - NOT REAL GOVERNMENT DATA
CSE-POWER-01,ALT-POWER-2026-03501,2026-Q2,2026-04-13T09:47:00,MEDIUM,RANSOMWARE,SIEM-SENSOR-POWER,AST-POWER-003,2026-04-13T09:58:00,2026-04-13T10:42:00,2026-04-13T16:42:00,FALSE_POSITIVE,False,,ANALYST_SINGH,True,True,True,CLOSED,DEMO/SYNTHETIC - NOT REAL GOVERNMENT DATA
CSE-POWER-01,ALT-POWER-2026-03502,2026-Q2,2026-06-16T15:46:00,MEDIUM,MALWARE,SIEM-SENSOR-POWER,AST-POWER-064,2026-06-16T15:48:00,2026-06-16T16:06:00,2026-06-16T22:06:00,FALSE_POSITIVE,False,,ANALYST_VERMA,True,True,True,CLOSED,DEMO/SYNTHETIC - NOT REAL GOVERNMENT DATA
CSE-POWER-01,ALT-POWER-2026-03503,2026-Q2,2026-06-14T09:25:00,MEDIUM,MALWARE,SIEM-SENSOR-POWER,AST-POWER-014,2026-06-14T09:36:00,2026-06-14T10:18:00,2026-06-14T14:18:00,FALSE_POSITIVE,False,,ANALYST_SINGH,True,True,True,CLOSED,DEMO/SYNTHETIC - NOT REAL GOVERNMENT DATA
CSE-POWER-01,ALT-POWER-2026-03504,2026-Q2,2026-06-14T22:34:00,HIGH,RANSOMWARE,SIEM-SENSOR-POWER,AST-POWER-071,2026-06-14T22:53:00,2026-06-14T23:17:00,2026-06-15T03:17:00,FALSE_POSITIVE,False,,ANALYST_SINGH,True,True,True,CLOSED,DEMO/SYNTHETIC - NOT REAL GOVERNMENT DATA
CSE-POWER-01,ALT-POWER-2026-03505,2026-Q2,2026-06-11T00:42:00,HIGH,SCADA_COMMAND_ANOMALY,SIEM-SENSOR-POWER,AST-POWER-036,2026-06-11T00:53:00,2026-06-11T01:19:00,2026-06-11T06:19:00,FALSE_POSITIVE,False,,ANALYST_SHARMA,True,True,True,CLOSED,DEMO/SYNTHETIC - NOT REAL GOVERNMENT DATA
CSE-POWER-01,ALT-POWER-2026-03506,2026-Q2,2026-05-16T11:47:00,MEDIUM,POLICY_VIOLATION,SIEM-SENSOR-POWER,AST-POWER-026,2026-05-16T11:51:00,2026-05-16T12:16:00,2026-05-16T17:16:00,FALSE_POSITIVE,False,,ANALYST_PATEL,True,True,True,CLOSED,DEMO/SYNTHETIC - NOT REAL GOVERNMENT DATA
CSE-POWER-01,ALT-POWER-2026-03507,2026-Q2,2026-06-16T15:41:00,CRITICAL,SCADA_COMMAND_ANOMALY,SIEM-SENSOR-POWER,AST-POWER-055,2026-06-16T15:49:00,2026-06-16T16:24:00,2026-06-16T18:24:00,TRUE_POSITIVE,False,,ANALYST_SHARMA,True,True,True,CLOSED,DEMO/SYNTHETIC - NOT REAL GOVERNMENT DATA
CSE-POWER-01,ALT-POWER-2026-03508,2026-Q2,2026-04-17T20:14:00,LOW,POLICY_VIOLATION,SIEM-SENSOR-POWER,AST-POWER-052,2026-04-17T20:18:00,2026-04-17T20:45:00,2026-04-18T02:45:00,FALSE_POSITIVE,False,,ANALYST_VERMA,True,True,True,CLOSED,DEMO/SYNTHETIC - NOT REAL GOVERNMENT DATA
CSE-POWER-01,ALT-POWER-2026-03509,2026-Q2,2026-04-27T18:28:00,HIGH,POLICY_VIOLATION,SIEM-SENSOR-POWER,AST-POWER-050,2026-04-27T18:48:00,2026-04-27T19:32:00,2026-04-28T00:32:00,FALSE_POSITIVE,False,,ANALYST_RAO,True,True,True,CLOSED,DEMO/SYNTHETIC - NOT REAL GOVERNMENT DATA
CSE-POWER-01,ALT-POWER-2026-03510,2026-Q2,2026-06-03T03:34:00,MEDIUM,BRUTE_FORCE,SIEM-SENSOR-POWER,AST-POWER-062,2026-06-03T03:43:00,2026-06-03T04:06:00,2026-06-03T06:06:00,FALSE_POSITIVE,False,,ANALYST_RAO,True,True,True,CLOSED,DEMO/SYNTHETIC - NOT REAL GOVERNMENT DATA
CSE-POWER-01,ALT-POWER-2026-03511,2026-Q2,2026-06-13T20:39:00,HIGH,PRIVILEGE_ESCALATION,SIEM-SENSOR-POWER,AST-POWER-015,2026-06-13T20:56:00,2026-06-13T21:21:00,2026-06-14T02:21:00,FALSE_POSITIVE,False,,ANALYST_SHARMA,True,True,True,CLOSED,DEMO/SYNTHETIC - NOT REAL GOVERNMENT DATA
CSE-POWER-01,ALT-POWER-2026-03512,2026-Q2,2026-05-07T08:03:00,HIGH,MALWARE,SIEM-SENSOR-POWER,AST-POWER-016,2026-05-07T08:23:00,2026-05-07T08:41:00,2026-05-07T13:41:00,FALSE_POSITIVE,False,,ANALYST_SHARMA,True,True,True,CLOSED,DEMO/SYNTHETIC - NOT REAL GOVERNMENT DATA
CSE-POWER-01,ALT-POWER-2026-03513,2026-Q2,2026-04-24T13:39:00,HIGH,DDOS_ATTACK,SIEM-SENSOR-POWER,AST-POWER-062,2026-04-24T13:55:00,2026-04-24T14:35:00,2026-04-24T20:35:00,FALSE_POSITIVE,False,,ANALYST_VERMA,True,True,True,CLOSED,DEMO/SYNTHETIC - NOT REAL GOVERNMENT DATA
CSE-POWER-01,ALT-POWER-2026-03514,2026-Q2,2026-05-01T06:11:00,MEDIUM,MALWARE,SIEM-SENSOR-POWER,AST-POWER-049,2026-05-01T06:28:00,2026-05-01T06:49:00,2026-05-01T08:49:00,FALSE_POSITIVE,False,,ANALYST_VERMA,True,True,True,CLOSED,DEMO/SYNTHETIC - NOT REAL GOVERNMENT DATA
CSE-POWER-01,ALT-POWER-2026-03515,2026-Q2,2026-04-23T09:12:00,HIGH,SCADA_COMMAND_ANOMALY,SIEM-SENSOR-POWER,AST-POWER-010,2026-04-23T09:15:00,2026-04-23T09:31:00,2026-04-23T14:31:00,FALSE_POSITIVE,False,,ANALYST_VERMA,True,True,True,CLOSED,DEMO/SYNTHETIC - NOT REAL GOVERNMENT DATA
CSE-POWER-01,ALT-POWER-2026-03516,2026-Q2,2026-06-18T14:10:00,HIGH,BRUTE_FORCE,SIEM-SENSOR-POWER,AST-POWER-048,2026-06-18T14:30:00,2026-06-18T14:47:00,2026-06-18T18:47:00,FALSE_POSITIVE,False,,ANALYST_SINGH,True,True,True,CLOSED,DEMO/SYNTHETIC - NOT REAL GOVERNMENT DATA
CSE-POWER-01,ALT-POWER-2026-03517,2026-Q2,2026-05-30T00:04:00,CRITICAL,SCADA_COMMAND_ANOMALY,SIEM-SENSOR-POWER,AST-POWER-028,2026-05-30T00:14:00,2026-05-30T00:50:00,2026-05-30T04:50:00,TRUE_POSITIVE,False,,ANALYST_PATEL,True,True,True,CLOSED,DEMO/SYNTHETIC - NOT REAL GOVERNMENT DATA
CSE-POWER-01,ALT-POWER-2026-03518,2026-Q2,2026-05-08T02:56:00,MEDIUM,DATA_EXFILTRATION,SIEM-SENSOR-POWER,AST-POWER-050,2026-05-08T03:13:00,2026-05-08T03:49:00,2026-05-08T05:49:00,FALSE_POSITIVE,False,,ANALYST_SHARMA,True,True,True,CLOSED,DEMO/SYNTHETIC - NOT REAL GOVERNMENT DATA
CSE-POWER-01,ALT-POWER-2026-03519,2026-Q2,2026-05-21T11:58:00,CRITICAL,SCADA_COMMAND_ANOMALY,SIEM-SENSOR-POWER,AST-POWER-026,2026-05-21T12:01:00,2026-05-21T12:24:00,2026-05-21T16:24:00,TRUE_POSITIVE,False,,ANALYST_SHARMA,True,True,True,CLOSED,DEMO/SYNTHETIC - NOT REAL GOVERNMENT DATA
CSE-POWER-01,ALT-POWER-2026-03520,2026-Q2,2026-05-18T15:44:00,MEDIUM,DDOS_ATTACK,SIEM-SENSOR-POWER,AST-POWER-069,2026-05-18T15:51:00,2026-05-18T16:10:00,2026-05-18T19:10:00,FALSE_POSITIVE,False,,ANALYST_RAO,True,True,True,CLOSED,DEMO/SYNTHETIC - NOT REAL GOVERNMENT DATA
CSE-POWER-01,ALT-POWER-2026-03521,2026-Q2,2026-04-07T00:49:00,HIGH,PRIVILEGE_ESCALATION,SIEM-SENSOR-POWER,AST-POWER-080,2026-04-07T01:05:00,2026-04-07T01:29:00,2026-04-07T03:29:00,FALSE_POSITIVE,False,,ANALYST_SINGH,True,True,True,CLOSED,DEMO/SYNTHETIC - NOT REAL GOVERNMENT DATA
CSE-POWER-01,ALT-POWER-2026-03522,2026-Q2,2026-04-18T20:03:00,CRITICAL,UNAUTHORIZED_ACCESS,SIEM-SENSOR-POWER,AST-POWER-027,2026-04-18T20:09:00,2026-04-18T20:24:00,2026-04-19T01:24:00,TRUE_POSITIVE,False,,ANALYST_RAO,True,True,True,CLOSED,DEMO/SYNTHETIC - NOT REAL GOVERNMENT DATA
CSE-POWER-01,ALT-POWER-2026-03523,2026-Q2,2026-06-10T14:54:00,LOW,BRUTE_FORCE,SIEM-SENSOR-POWER,AST-POWER-064,2026-06-10T15:04:00,2026-06-10T15:45:00,2026-06-10T20:45:00,FALSE_POSITIVE,False,,ANALYST_SHARMA,True,True,True,CLOSED,DEMO/SYNTHETIC - NOT REAL GOVERNMENT DATA
CSE-POWER-01,ALT-POWER-2026-03524,2026-Q2,2026-04-04T21:51:00,MEDIUM,SCADA_COMMAND_ANOMALY,SIEM-SENSOR-POWER,AST-POWER-016,2026-04-04T22:05:00,2026-04-04T22:24:00,2026-04-05T00:24:00,FALSE_POSITIVE,True,2026-04-04T22:54:00,ANALYST_SINGH,True,True,True,CLOSED,DEMO/SYNTHETIC - NOT REAL GOVERNMENT DATA
CSE-POWER-01,ALT-POWER-2026-03525,2026-Q2,2026-04-14T04:15:00,CRITICAL,SCADA_COMMAND_ANOMALY,SIEM-SENSOR-POWER,AST-POWER-044,2026-04-14T04:24:00,2026-04-14T05:07:00,2026-04-14T10:07:00,TRUE_POSITIVE,False,,ANALYST_PATEL,True,True,True,CLOSED,DEMO/SYNTHETIC - NOT REAL GOVERNMENT DATA
CSE-POWER-01,ALT-POWER-2026-03526,2026-Q2,2026-05-17T19:38:00,HIGH,BRUTE_FORCE,SIEM-SENSOR-POWER,AST-POWER-053,2026-05-17T19:51:00,2026-05-17T20:23:00,2026-05-17T22:23:00,FALSE_POSITIVE,False,,ANALYST_SINGH,True,True,True,CLOSED,DEMO/SYNTHETIC - NOT REAL GOVERNMENT DATA
CSE-POWER-01,ALT-POWER-2026-03527,2026-Q2,2026-05-25T13:44:00,CRITICAL,MALWARE,SIEM-SENSOR-POWER,AST-POWER-005,2026-05-25T13:58:00,2026-05-25T14:40:00,2026-05-25T16:40:00,TRUE_POSITIVE,False,,ANALYST_PATEL,True,True,True,CLOSED,DEMO/SYNTHETIC - NOT REAL GOVERNMENT DATA
CSE-POWER-01,ALT-POWER-2026-03528,2026-Q2,2026-04-04T04:06:00,CRITICAL,SCADA_COMMAND_ANOMALY,SIEM-SENSOR-POWER,AST-POWER-047,2026-04-04T04:26:00,2026-04-04T05:10:00,2026-04-04T10:10:00,TRUE_POSITIVE,False,,ANALYST_SHARMA,True,True,True,CLOSED,DEMO/SYNTHETIC - NOT REAL GOVERNMENT DATA
CSE-POWER-01,ALT-POWER-2026-03529,2026-Q2,2026-05-01T19:36:00,HIGH,SCADA_COMMAND_ANOMALY,SIEM-SENSOR-POWER,AST-POWER-025,2026-05-01T19:54:00,2026-05-01T20:26:00,2026-05-01T22:26:00,FALSE_POSITIVE,False,,ANALYST_RAO,True,True,True,CLOSED,DEMO/SYNTHETIC - NOT REAL GOVERNMENT DATA
CSE-POWER-01,ALT-POWER-2026-03530,2026-Q2,2026-05-21T00:48:00,MEDIUM,SCADA_COMMAND_ANOMALY,SIEM-SENSOR-POWER,AST-POWER-019,2026-05-21T01:04:00,2026-05-21T01:28:00,2026-05-21T03:28:00,FALSE_POSITIVE,False,,ANALYST_RAO,True,True,True,CLOSED,DEMO/SYNTHETIC - NOT REAL GOVERNMENT DATA
CSE-POWER-01,ALT-POWER-2026-03531,2026-Q2,2026-05-09T06:19:00,HIGH,BRUTE_FORCE,SIEM-SENSOR-POWER,AST-POWER-060,2026-05-09T06:33:00,2026-05-09T07:01:00,2026-05-09T12:01:00,FALSE_POSITIVE,True,2026-05-09T07:31:00,ANALYST_RAO,True,True,True,CLOSED,DEMO/SYNTHETIC - NOT REAL GOVERNMENT DATA
CSE-POWER-01,ALT-POWER-2026-03532,2026-Q2,2026-06-16T12:11:00,CRITICAL,SCADA_COMMAND_ANOMALY,SIEM-SENSOR-POWER,AST-POWER-031,2026-06-16T12:18:00,2026-06-16T12:52:00,2026-06-16T16:52:00,TRUE_POSITIVE,False,,ANALYST_PATEL,True,True,True,CLOSED,DEMO/SYNTHETIC - NOT REAL GOVERNMENT DATA
CSE-POWER-01,ALT-POWER-2026-03533,2026-Q2,2026-04-02T03:58:00,MEDIUM,POLICY_VIOLATION,SIEM-SENSOR-POWER,AST-POWER-050,2026-04-02T04:01:00,2026-04-02T04:40:00,2026-04-02T07:40:00,FALSE_POSITIVE,True,2026-04-02T05:10:00,ANALYST_SHARMA,True,True,True,CLOSED,DEMO/SYNTHETIC - NOT REAL GOVERNMENT DATA
CSE-POWER-01,ALT-POWER-2026-03534,2026-Q2,2026-05-14T16:45:00,CRITICAL,SCADA_COMMAND_ANOMALY,SIEM-SENSOR-POWER,AST-POWER-020,2026-05-14T17:02:00,2026-05-14T17:38:00,2026-05-14T19:38:00,TRUE_POSITIVE,False,,ANALYST_SINGH,True,True,True,CLOSED,DEMO/SYNTHETIC - NOT REAL GOVERNMENT DATA
CSE-POWER-01,ALT-POWER-2026-03535,2026-Q2,2026-05-13T21:04:00,MEDIUM,RANSOMWARE,SIEM-SENSOR-POWER,AST-POWER-068,2026-05-13T21:12:00,2026-05-13T21:56:00,2026-05-13T23:56:00,FALSE_POSITIVE,False,,ANALYST_PATEL,True,True,True,CLOSED,DEMO/SYNTHETIC - NOT REAL GOVERNMENT DATA
CSE-POWER-01,ALT-POWER-2026-03536,2026-Q2,2026-06-20T16:05:00,HIGH,POLICY_VIOLATION,SIEM-SENSOR-POWER,AST-POWER-024,2026-06-20T16:09:00,2026-06-20T16:43:00,2026-06-20T19:43:00,FALSE_POSITIVE,True,2026-06-20T17:13:00,ANALYST_PATEL,True,True,True,CLOSED,DEMO/SYNTHETIC - NOT REAL GOVERNMENT DATA
CSE-POWER-01,ALT-POWER-2026-03537,2026-Q2,2026-04-17T01:05:00,LOW,PRIVILEGE_ESCALATION,SIEM-SENSOR-POWER,AST-POWER-075,2026-04-17T01:18:00,2026-04-17T01:38:00,2026-04-17T06:38:00,FALSE_POSITIVE,True,2026-04-17T02:08:00,ANALYST_SHARMA,True,True,True,CLOSED,DEMO/SYNTHETIC - NOT REAL GOVERNMENT DATA
CSE-POWER-01,ALT-POWER-2026-03538,2026-Q2,2026-06-10T14:56:00,HIGH,DDOS_ATTACK,SIEM-SENSOR-POWER,AST-POWER-063,2026-06-10T15:03:00,2026-06-10T15:26:00,2026-06-10T17:26:00,FALSE_POSITIVE,True,2026-06-10T15:56:00,ANALYST_VERMA,True,True,True,CLOSED,DEMO/SYNTHETIC - NOT REAL GOVERNMENT DATA
CSE-POWER-01,ALT-POWER-2026-03539,2026-Q2,2026-05-20T10:46:00,CRITICAL,SCADA_COMMAND_ANOMALY,SIEM-SENSOR-POWER,AST-POWER-067,2026-05-20T10:51:00,2026-05-20T11:07:00,2026-05-20T13:07:00,TRUE_POSITIVE,False,,ANALYST_RAO,True,True,True,CLOSED,DEMO/SYNTHETIC - NOT REAL GOVERNMENT DATA
CSE-POWER-01,ALT-POWER-2026-03540,2026-Q2,2026-06-12T11:51:00,LOW,MALWARE,SIEM-SENSOR-POWER,AST-POWER-021,2026-06-12T12:01:00,2026-06-12T12:34:00,2026-06-12T15:34:00,FALSE_POSITIVE,False,,ANALYST_VERMA,True,True,True,CLOSED,DEMO/SYNTHETIC - NOT REAL GOVERNMENT DATA
CSE-POWER-01,ALT-POWER-2026-03541,2026-Q2,2026-05-04T00:45:00,MEDIUM,DDOS_ATTACK,SIEM-SENSOR-POWER,AST-POWER-011,2026-05-04T01:05:00,2026-05-04T01:40:00,2026-05-04T04:40:00,FALSE_POSITIVE,False,,ANALYST_RAO,True,True,True,CLOSED,DEMO/SYNTHETIC - NOT REAL GOVERNMENT DATA
CSE-POWER-01,ALT-POWER-2026-03542,2026-Q2,2026-06-15T15:52:00,HIGH,DATA_EXFILTRATION,SIEM-SENSOR-POWER,AST-POWER-070,2026-06-15T15:56:00,2026-06-15T16:28:00,2026-06-15T19:28:00,FALSE_POSITIVE,False,,ANALYST_SINGH,True,True,True,CLOSED,DEMO/SYNTHETIC - NOT REAL GOVERNMENT DATA
CSE-POWER-01,ALT-POWER-2026-03543,2026-Q2,2026-06-11T05:22:00,MEDIUM,PRIVILEGE_ESCALATION,SIEM-SENSOR-POWER,AST-POWER-076,2026-06-11T05:33:00,2026-06-11T05:55:00,2026-06-11T08:55:00,FALSE_POSITIVE,False,,ANALYST_SHARMA,True,True,True,CLOSED,DEMO/SYNTHETIC - NOT REAL GOVERNMENT DATA
CSE-POWER-01,ALT-POWER-2026-03544,2026-Q2,2026-06-01T05:17:00,HIGH,UNAUTHORIZED_ACCESS,SIEM-SENSOR-POWER,AST-POWER-045,2026-06-01T05:35:00,2026-06-01T05:55:00,2026-06-01T07:55:00,FALSE_POSITIVE,False,,ANALYST_SHARMA,True,True,True,CLOSED,DEMO/SYNTHETIC - NOT REAL GOVERNMENT DATA
CSE-POWER-01,ALT-POWER-2026-03545,2026-Q2,2026-04-05T17:26:00,CRITICAL,SCADA_COMMAND_ANOMALY,SIEM-SENSOR-POWER,AST-POWER-001,2026-04-05T17:43:00,2026-04-05T18:27:00,2026-04-05T20:27:00,TRUE_POSITIVE,False,,ANALYST_PATEL,True,True,True,CLOSED,DEMO/SYNTHETIC - NOT REAL GOVERNMENT DATA
CSE-POWER-01,ALT-POWER-2026-03546,2026-Q2,2026-04-26T10:14:00,LOW,DATA_EXFILTRATION,SIEM-SENSOR-POWER,AST-POWER-057,2026-04-26T10:20:00,2026-04-26T10:43:00,2026-04-26T13:43:00,FALSE_POSITIVE,False,,ANALYST_VERMA,True,True,True,CLOSED,DEMO/SYNTHETIC - NOT REAL GOVERNMENT DATA
CSE-POWER-01,ALT-POWER-2026-03547,2026-Q2,2026-05-16T14:03:00,MEDIUM,DDOS_ATTACK,SIEM-SENSOR-POWER,AST-POWER-047,2026-05-16T14:16:00,2026-05-16T14:49:00,2026-05-16T17:49:00,FALSE_POSITIVE,False,,ANALYST_PATEL,True,True,True,CLOSED,DEMO/SYNTHETIC - NOT REAL GOVERNMENT DATA
CSE-POWER-01,ALT-POWER-2026-03548,2026-Q2,2026-04-24T15:53:00,MEDIUM,MALWARE,SIEM-SENSOR-POWER,AST-POWER-077,2026-04-24T16:03:00,2026-04-24T16:40:00,2026-04-24T21:40:00,FALSE_POSITIVE,False,,ANALYST_SHARMA,True,True,True,CLOSED,DEMO/SYNTHETIC - NOT REAL GOVERNMENT DATA
CSE-POWER-01,ALT-POWER-2026-03549,2026-Q2,2026-06-18T17:48:00,LOW,BRUTE_FORCE,SIEM-SENSOR-POWER,AST-POWER-009,2026-06-18T17:54:00,2026-06-18T18:38:00,2026-06-18T20:38:00,FALSE_POSITIVE,False,,ANALYST_SINGH,True,True,True,CLOSED,DEMO/SYNTHETIC - NOT REAL GOVERNMENT DATA
CSE-POWER-01,ALT-POWER-2026-03550,2026-Q2,2026-04-07T05:44:00,HIGH,BRUTE_FORCE,SIEM-SENSOR-POWER,AST-POWER-050,2026-04-07T05:48:00,2026-04-07T06:15:00,2026-04-07T11:15:00,FALSE_POSITIVE,True,2026-04-07T06:45:00,ANALYST_SINGH,True,True,True,CLOSED,DEMO/SYNTHETIC - NOT REAL GOVERNMENT DATA
CSE-POWER-01,ALT-POWER-2026-03551,2026-Q2,2026-06-03T01:09:00,CRITICAL,SCADA_COMMAND_ANOMALY,SIEM-SENSOR-POWER,AST-POWER-005,2026-06-03T01:24:00,2026-06-03T01:44:00,2026-06-03T03:44:00,TRUE_POSITIVE,False,,ANALYST_VERMA,True,True,True,CLOSED,DEMO/SYNTHETIC - NOT REAL GOVERNMENT DATA
CSE-POWER-01,ALT-POWER-2026-03552,2026-Q2,2026-04-03T17:13:00,CRITICAL,SCADA_COMMAND_ANOMALY,SIEM-SENSOR-POWER,AST-POWER-024,2026-04-03T17:33:00,2026-04-03T17:50:00,2026-04-03T21:50:00,TRUE_POSITIVE,False,,ANALYST_SHARMA,True,True,True,CLOSED,DEMO/SYNTHETIC - NOT REAL GOVERNMENT DATA
CSE-POWER-01,ALT-POWER-2026-03553,2026-Q2,2026-04-29T20:07:00,MEDIUM,RANSOMWARE,SIEM-SENSOR-POWER,AST-POWER-069,2026-04-29T20:11:00,2026-04-29T20:51:00,2026-04-30T00:51:00,FALSE_POSITIVE,False,,ANALYST_RAO,True,True,True,CLOSED,DEMO/SYNTHETIC - NOT REAL GOVERNMENT DATA
CSE-POWER-01,ALT-POWER-2026-03554,2026-Q2,2026-04-12T21:04:00,MEDIUM,SCADA_COMMAND_ANOMALY,SIEM-SENSOR-POWER,AST-POWER-077,2026-04-12T21:13:00,2026-04-12T21:29:00,2026-04-13T02:29:00,FALSE_POSITIVE,False,,ANALYST_VERMA,True,True,True,CLOSED,DEMO/SYNTHETIC - NOT REAL GOVERNMENT DATA
CSE-POWER-01,ALT-POWER-2026-03555,2026-Q2,2026-06-15T14:09:00,HIGH,SCADA_COMMAND_ANOMALY,SIEM-SENSOR-POWER,AST-POWER-061,2026-06-15T14:27:00,2026-06-15T14:56:00,2026-06-15T19:56:00,FALSE_POSITIVE,True,2026-06-15T15:26:00,ANALYST_VERMA,True,True,True,CLOSED,DEMO/SYNTHETIC - NOT REAL GOVERNMENT DATA
CSE-POWER-01,ALT-POWER-2026-03556,2026-Q2,2026-04-06T09:09:00,LOW,SCADA_COMMAND_ANOMALY,SIEM-SENSOR-POWER,AST-POWER-061,2026-04-06T09:27:00,2026-04-06T10:10:00,2026-04-06T12:10:00,FALSE_POSITIVE,False,,ANALYST_SINGH,True,True,True,CLOSED,DEMO/SYNTHETIC - NOT REAL GOVERNMENT DATA
CSE-POWER-01,ALT-POWER-2026-03557,2026-Q2,2026-06-01T21:47:00,HIGH,DDOS_ATTACK,SIEM-SENSOR-POWER,AST-POWER-037,2026-06-01T22:03:00,2026-06-01T22:46:00,2026-06-02T03:46:00,FALSE_POSITIVE,False,,ANALYST_VERMA,True,True,True,CLOSED,DEMO/SYNTHETIC - NOT REAL GOVERNMENT DATA
CSE-POWER-01,ALT-POWER-2026-03558,2026-Q2,2026-06-17T14:33:00,MEDIUM,MALWARE,SIEM-SENSOR-POWER,AST-POWER-048,2026-06-17T14:53:00,2026-06-17T15:27:00,2026-06-17T17:27:00,FALSE_POSITIVE,True,2026-06-17T15:57:00,ANALYST_VERMA,True,True,True,CLOSED,DEMO/SYNTHETIC - NOT REAL GOVERNMENT DATA
CSE-POWER-01,ALT-POWER-2026-03559,2026-Q2,2026-05-10T02:14:00,CRITICAL,DATA_EXFILTRATION,SIEM-SENSOR-POWER,AST-POWER-033,2026-05-10T02:26:00,2026-05-10T03:06:00,2026-05-10T05:06:00,TRUE_POSITIVE,False,,ANALYST_PATEL,True,True,True,CLOSED,DEMO/SYNTHETIC - NOT REAL GOVERNMENT DATA
CSE-POWER-01,ALT-POWER-2026-03560,2026-Q2,2026-06-14T11:16:00,HIGH,MALWARE,SIEM-SENSOR-POWER,AST-POWER-029,2026-06-14T11:26:00,2026-06-14T11:49:00,2026-06-14T13:49:00,FALSE_POSITIVE,True,2026-06-14T12:19:00,ANALYST_VERMA,True,True,True,CLOSED,DEMO/SYNTHETIC - NOT REAL GOVERNMENT DATA
CSE-POWER-01,ALT-POWER-2026-03561,2026-Q2,2026-06-11T20:32:00,LOW,PRIVILEGE_ESCALATION,SIEM-SENSOR-POWER,AST-POWER-009,2026-06-11T20:50:00,2026-06-11T21:21:00,2026-06-12T03:21:00,FALSE_POSITIVE,True,2026-06-11T21:51:00,ANALYST_SHARMA,True,True,True,CLOSED,DEMO/SYNTHETIC - NOT REAL GOVERNMENT DATA
CSE-POWER-01,ALT-POWER-2026-03562,2026-Q2,2026-05-27T03:00:00,LOW,POLICY_VIOLATION,SIEM-SENSOR-POWER,AST-POWER-036,2026-05-27T03:12:00,2026-05-27T03:34:00,2026-05-27T05:34:00,FALSE_POSITIVE,False,,ANALYST_PATEL,True,True,True,CLOSED,DEMO/SYNTHETIC - NOT REAL GOVERNMENT DATA
CSE-POWER-01,ALT-POWER-2026-03563,2026-Q2,2026-06-16T13:18:00,MEDIUM,DDOS_ATTACK,SIEM-SENSOR-POWER,AST-POWER-002,2026-06-16T13:34:00,2026-06-16T14:10:00,2026-06-16T17:10:00,FALSE_POSITIVE,False,,ANALYST_PATEL,True,True,True,CLOSED,DEMO/SYNTHETIC - NOT REAL GOVERNMENT DATA
CSE-POWER-01,ALT-POWER-2026-03564,2026-Q2,2026-06-03T15:31:00,HIGH,SCADA_COMMAND_ANOMALY,SIEM-SENSOR-POWER,AST-POWER-071,2026-06-03T15:47:00,2026-06-03T16:27:00,2026-06-03T21:27:00,FALSE_POSITIVE,False,,ANALYST_SHARMA,True,True,True,CLOSED,DEMO/SYNTHETIC - NOT REAL GOVERNMENT DATA
CSE-POWER-01,ALT-POWER-2026-03565,2026-Q2,2026-05-18T06:08:00,HIGH,SCADA_COMMAND_ANOMALY,SIEM-SENSOR-POWER,AST-POWER-011,2026-05-18T06:10:00,2026-05-18T06:52:00,2026-05-18T08:52:00,FALSE_POSITIVE,False,,ANALYST_SHARMA,True,True,True,CLOSED,DEMO/SYNTHETIC - NOT REAL GOVERNMENT DATA
CSE-POWER-01,ALT-POWER-2026-03566,2026-Q2,2026-04-20T03:38:00,HIGH,POLICY_VIOLATION,SIEM-SENSOR-POWER,AST-POWER-033,2026-04-20T03:53:00,2026-04-20T04:26:00,2026-04-20T07:26:00,FALSE_POSITIVE,True,2026-04-20T04:56:00,ANALYST_RAO,True,True,True,CLOSED,DEMO/SYNTHETIC - NOT REAL GOVERNMENT DATA
CSE-POWER-01,ALT-POWER-2026-03567,2026-Q2,2026-06-11T22:05:00,MEDIUM,PRIVILEGE_ESCALATION,SIEM-SENSOR-POWER,AST-POWER-010,2026-06-11T22:16:00,2026-06-11T22:50:00,2026-06-12T00:50:00,FALSE_POSITIVE,False,,ANALYST_SINGH,True,True,True,CLOSED,DEMO/SYNTHETIC - NOT REAL GOVERNMENT DATA
CSE-POWER-01,ALT-POWER-2026-03568,2026-Q2,2026-04-07T20:17:00,LOW,PRIVILEGE_ESCALATION,SIEM-SENSOR-POWER,AST-POWER-015,2026-04-07T20:31:00,2026-04-07T20:55:00,2026-04-08T02:55:00,FALSE_POSITIVE,False,,ANALYST_PATEL,True,True,True,CLOSED,DEMO/SYNTHETIC - NOT REAL GOVERNMENT DATA
CSE-POWER-01,ALT-POWER-2026-03569,2026-Q2,2026-04-04T12:44:00,LOW,BRUTE_FORCE,SIEM-SENSOR-POWER,AST-POWER-079,2026-04-04T12:49:00,2026-04-04T13:19:00,2026-04-04T17:19:00,FALSE_POSITIVE,False,,ANALYST_SHARMA,True,True,True,CLOSED,DEMO/SYNTHETIC - NOT REAL GOVERNMENT DATA
CSE-POWER-01,ALT-POWER-2026-03570,2026-Q2,2026-05-08T05:20:00,CRITICAL,POLICY_VIOLATION,SIEM-SENSOR-POWER,AST-POWER-016,2026-05-08T05:28:00,2026-05-08T05:44:00,2026-05-08T10:44:00,TRUE_POSITIVE,False,,ANALYST_PATEL,True,True,True,CLOSED,DEMO/SYNTHETIC - NOT REAL GOVERNMENT DATA
CSE-POWER-01,ALT-POWER-2026-03571,2026-Q2,2026-05-08T15:58:00,CRITICAL,SCADA_COMMAND_ANOMALY,SIEM-SENSOR-POWER,AST-POWER-068,2026-05-08T16:11:00,2026-05-08T16:32:00,2026-05-08T20:32:00,TRUE_POSITIVE,False,,ANALYST_SINGH,True,True,True,CLOSED,DEMO/SYNTHETIC - NOT REAL GOVERNMENT DATA
CSE-POWER-01,ALT-POWER-2026-03572,2026-Q2,2026-06-08T20:36:00,HIGH,MALWARE,SIEM-SENSOR-POWER,AST-POWER-035,2026-06-08T20:48:00,2026-06-08T21:24:00,2026-06-09T03:24:00,FALSE_POSITIVE,False,,ANALYST_VERMA,True,True,True,CLOSED,DEMO/SYNTHETIC - NOT REAL GOVERNMENT DATA
CSE-POWER-01,ALT-POWER-2026-03573,2026-Q2,2026-05-17T03:15:00,CRITICAL,SCADA_COMMAND_ANOMALY,SIEM-SENSOR-POWER,AST-POWER-053,2026-05-17T03:28:00,2026-05-17T04:12:00,2026-05-17T08:12:00,TRUE_POSITIVE,False,,ANALYST_PATEL,True,True,True,CLOSED,DEMO/SYNTHETIC - NOT REAL GOVERNMENT DATA
CSE-POWER-01,ALT-POWER-2026-03574,2026-Q2,2026-04-26T04:15:00,CRITICAL,SCADA_COMMAND_ANOMALY,SIEM-SENSOR-POWER,AST-POWER-029,2026-04-26T04:28:00,2026-04-26T04:46:00,2026-04-26T09:46:00,TRUE_POSITIVE,False,,ANALYST_RAO,True,True,True,CLOSED,DEMO/SYNTHETIC - NOT REAL GOVERNMENT DATA
CSE-POWER-01,ALT-POWER-2026-03575,2026-Q2,2026-06-18T15:35:00,HIGH,RANSOMWARE,SIEM-SENSOR-POWER,AST-POWER-085,2026-06-18T15:52:00,2026-06-18T16:22:00,2026-06-18T19:22:00,FALSE_POSITIVE,False,,ANALYST_SINGH,True,True,True,CLOSED,DEMO/SYNTHETIC - NOT REAL GOVERNMENT DATA
CSE-POWER-01,ALT-POWER-2026-03576,2026-Q2,2026-05-10T07:59:00,HIGH,POLICY_VIOLATION,SIEM-SENSOR-POWER,AST-POWER-016,2026-05-10T08:17:00,2026-05-10T08:49:00,2026-05-10T12:49:00,FALSE_POSITIVE,True,2026-05-10T09:19:00,ANALYST_PATEL,True,True,True,CLOSED,DEMO/SYNTHETIC - NOT REAL GOVERNMENT DATA
CSE-POWER-01,ALT-POWER-2026-03577,2026-Q2,2026-04-15T23:24:00,MEDIUM,DDOS_ATTACK,SIEM-SENSOR-POWER,AST-POWER-041,2026-04-15T23:35:00,2026-04-16T00:19:00,2026-04-16T04:19:00,FALSE_POSITIVE,False,,ANALYST_SINGH,True,True,True,CLOSED,DEMO/SYNTHETIC - NOT REAL GOVERNMENT DATA
CSE-POWER-01,ALT-POWER-2026-03578,2026-Q2,2026-06-16T05:33:00,HIGH,RANSOMWARE,SIEM-SENSOR-POWER,AST-POWER-035,2026-06-16T05:48:00,2026-06-16T06:32:00,2026-06-16T12:32:00,FALSE_POSITIVE,False,,ANALYST_SINGH,True,True,True,CLOSED,DEMO/SYNTHETIC - NOT REAL GOVERNMENT DATA
CSE-POWER-01,ALT-POWER-2026-03579,2026-Q2,2026-05-18T22:17:00,LOW,DATA_EXFILTRATION,SIEM-SENSOR-POWER,AST-POWER-001,2026-05-18T22:31:00,2026-05-18T23:02:00,2026-05-19T05:02:00,FALSE_POSITIVE,False,,ANALYST_SINGH,True,True,True,CLOSED,DEMO/SYNTHETIC - NOT REAL GOVERNMENT DATA
CSE-POWER-01,ALT-POWER-2026-03580,2026-Q2,2026-05-14T06:10:00,HIGH,DDOS_ATTACK,SIEM-SENSOR-POWER,AST-POWER-075,2026-05-14T06:12:00,2026-05-14T06:54:00,2026-05-14T12:54:00,FALSE_POSITIVE,True,2026-05-14T07:24:00,ANALYST_VERMA,True,True,True,CLOSED,DEMO/SYNTHETIC - NOT REAL GOVERNMENT DATA
CSE-POWER-01,ALT-POWER-2026-03581,2026-Q2,2026-04-13T20:42:00,MEDIUM,POLICY_VIOLATION,SIEM-SENSOR-POWER,AST-POWER-023,2026-04-13T20:50:00,2026-04-13T21:23:00,2026-04-14T03:23:00,FALSE_POSITIVE,False,,ANALYST_SHARMA,True,True,True,CLOSED,DEMO/SYNTHETIC - NOT REAL GOVERNMENT DATA
CSE-POWER-01,ALT-POWER-2026-03582,2026-Q2,2026-04-22T01:44:00,CRITICAL,SCADA_COMMAND_ANOMALY,SIEM-SENSOR-POWER,AST-POWER-055,2026-04-22T02:00:00,2026-04-22T02:43:00,2026-04-22T05:43:00,TRUE_POSITIVE,False,,ANALYST_RAO,True,True,True,CLOSED,DEMO/SYNTHETIC - NOT REAL GOVERNMENT DATA
CSE-POWER-01,ALT-POWER-2026-03583,2026-Q2,2026-04-26T17:27:00,MEDIUM,DDOS_ATTACK,SIEM-SENSOR-POWER,AST-POWER-007,2026-04-26T17:46:00,2026-04-26T18:27:00,2026-04-26T23:27:00,FALSE_POSITIVE,True,2026-04-26T18:57:00,ANALYST_SHARMA,True,True,True,CLOSED,DEMO/SYNTHETIC - NOT REAL GOVERNMENT DATA
CSE-POWER-01,ALT-POWER-2026-03584,2026-Q2,2026-05-02T23:59:00,MEDIUM,DDOS_ATTACK,SIEM-SENSOR-POWER,AST-POWER-035,2026-05-03T00:14:00,2026-05-03T00:47:00,2026-05-03T04:47:00,FALSE_POSITIVE,False,,ANALYST_SHARMA,True,True,True,CLOSED,DEMO/SYNTHETIC - NOT REAL GOVERNMENT DATA
CSE-POWER-01,ALT-POWER-2026-03585,2026-Q2,2026-05-17T23:58:00,CRITICAL,UNAUTHORIZED_ACCESS,SIEM-SENSOR-POWER,AST-POWER-038,2026-05-18T00:15:00,2026-05-18T00:37:00,2026-05-18T04:37:00,TRUE_POSITIVE,False,,ANALYST_SINGH,True,True,True,CLOSED,DEMO/SYNTHETIC - NOT REAL GOVERNMENT DATA
CSE-POWER-01,ALT-POWER-2026-03586,2026-Q2,2026-04-05T07:51:00,CRITICAL,DATA_EXFILTRATION,SIEM-SENSOR-POWER,AST-POWER-076,2026-04-05T08:02:00,2026-04-05T08:19:00,2026-04-05T13:19:00,TRUE_POSITIVE,False,,ANALYST_SINGH,True,True,True,CLOSED,DEMO/SYNTHETIC - NOT REAL GOVERNMENT DATA
CSE-POWER-01,ALT-POWER-2026-03587,2026-Q2,2026-04-29T05:10:00,LOW,PRIVILEGE_ESCALATION,SIEM-SENSOR-POWER,AST-POWER-046,2026-04-29T05:19:00,2026-04-29T06:00:00,2026-04-29T09:00:00,FALSE_POSITIVE,False,,ANALYST_SINGH,True,True,True,CLOSED,DEMO/SYNTHETIC - NOT REAL GOVERNMENT DATA
CSE-POWER-01,ALT-POWER-2026-03588,2026-Q2,2026-04-01T05:14:00,HIGH,BRUTE_FORCE,SIEM-SENSOR-POWER,AST-POWER-064,2026-04-01T05:20:00,2026-04-01T06:03:00,2026-04-01T08:03:00,FALSE_POSITIVE,True,2026-04-01T06:33:00,ANALYST_PATEL,True,True,True,CLOSED,DEMO/SYNTHETIC - NOT REAL GOVERNMENT DATA
CSE-POWER-01,ALT-POWER-2026-03589,2026-Q2,2026-06-11T05:34:00,HIGH,RANSOMWARE,SIEM-SENSOR-POWER,AST-POWER-004,2026-06-11T05:38:00,2026-06-11T05:53:00,2026-06-11T08:53:00,FALSE_POSITIVE,False,,ANALYST_RAO,True,True,True,CLOSED,DEMO/SYNTHETIC - NOT REAL GOVERNMENT DATA
CSE-POWER-01,ALT-POWER-2026-03590,2026-Q2,2026-06-18T00:22:00,LOW,SCADA_COMMAND_ANOMALY,SIEM-SENSOR-POWER,AST-POWER-012,2026-06-18T00:38:00,2026-06-18T01:20:00,2026-06-18T07:20:00,FALSE_POSITIVE,False,,ANALYST_RAO,True,True,True,CLOSED,DEMO/SYNTHETIC - NOT REAL GOVERNMENT DATA
CSE-POWER-01,ALT-POWER-2026-03591,2026-Q2,2026-05-13T12:08:00,CRITICAL,UNAUTHORIZED_ACCESS,SIEM-SENSOR-POWER,AST-POWER-076,2026-05-13T12:24:00,2026-05-13T12:57:00,2026-05-13T17:57:00,TRUE_POSITIVE,False,,ANALYST_RAO,True,True,True,CLOSED,DEMO/SYNTHETIC - NOT REAL GOVERNMENT DATA
CSE-POWER-01,ALT-POWER-2026-03592,2026-Q2,2026-05-22T16:33:00,HIGH,DATA_EXFILTRATION,SIEM-SENSOR-POWER,AST-POWER-026,2026-05-22T16:47:00,2026-05-22T17:27:00,2026-05-22T21:27:00,FALSE_POSITIVE,False,,ANALYST_RAO,True,True,True,CLOSED,DEMO/SYNTHETIC - NOT REAL GOVERNMENT DATA
CSE-POWER-01,ALT-POWER-2026-03593,2026-Q2,2026-04-20T19:20:00,HIGH,RANSOMWARE,SIEM-SENSOR-POWER,AST-POWER-062,2026-04-20T19:29:00,2026-04-20T19:51:00,2026-04-20T21:51:00,FALSE_POSITIVE,True,2026-04-20T20:21:00,ANALYST_VERMA,True,True,True,CLOSED,DEMO/SYNTHETIC - NOT REAL GOVERNMENT DATA
CSE-POWER-01,ALT-POWER-2026-03594,2026-Q2,2026-04-01T08:29:00,CRITICAL,MALWARE,SIEM-SENSOR-POWER,AST-POWER-031,2026-04-01T08:36:00,2026-04-01T09:02:00,2026-04-01T12:02:00,TRUE_POSITIVE,False,,ANALYST_RAO,True,True,True,CLOSED,DEMO/SYNTHETIC - NOT REAL GOVERNMENT DATA
CSE-POWER-01,ALT-POWER-2026-03595,2026-Q2,2026-04-06T03:58:00,CRITICAL,SCADA_COMMAND_ANOMALY,SIEM-SENSOR-POWER,AST-POWER-081,2026-04-06T04:18:00,2026-04-06T04:42:00,2026-04-06T06:42:00,TRUE_POSITIVE,False,,ANALYST_SHARMA,True,True,True,CLOSED,DEMO/SYNTHETIC - NOT REAL GOVERNMENT DATA
CSE-POWER-01,ALT-POWER-2026-03596,2026-Q2,2026-04-01T03:05:00,CRITICAL,SCADA_COMMAND_ANOMALY,SIEM-SENSOR-POWER,AST-POWER-007,2026-04-01T03:23:00,2026-04-01T03:41:00,2026-04-01T09:41:00,TRUE_POSITIVE,False,,ANALYST_SINGH,True,True,True,CLOSED,DEMO/SYNTHETIC - NOT REAL GOVERNMENT DATA
CSE-POWER-01,ALT-POWER-2026-03597,2026-Q2,2026-06-03T23:42:00,HIGH,DATA_EXFILTRATION,SIEM-SENSOR-POWER,AST-POWER-050,2026-06-03T23:57:00,2026-06-04T00:38:00,2026-06-04T05:38:00,FALSE_POSITIVE,False,,ANALYST_RAO,True,True,True,CLOSED,DEMO/SYNTHETIC - NOT REAL GOVERNMENT DATA
CSE-POWER-01,ALT-POWER-2026-03598,2026-Q2,2026-05-28T01:31:00,CRITICAL,SCADA_COMMAND_ANOMALY,SIEM-SENSOR-POWER,AST-POWER-031,2026-05-28T01:39:00,2026-05-28T02:18:00,2026-05-28T07:18:00,TRUE_POSITIVE,False,,ANALYST_SINGH,True,True,True,CLOSED,DEMO/SYNTHETIC - NOT REAL GOVERNMENT DATA
CSE-POWER-01,ALT-POWER-2026-03599,2026-Q2,2026-05-18T02:16:00,CRITICAL,PRIVILEGE_ESCALATION,SIEM-SENSOR-POWER,AST-POWER-045,2026-05-18T02:31:00,2026-05-18T03:09:00,2026-05-18T06:09:00,TRUE_POSITIVE,False,,ANALYST_RAO,True,True,True,CLOSED,DEMO/SYNTHETIC - NOT REAL GOVERNMENT DATA
CSE-POWER-01,ALT-POWER-2026-03600,2026-Q2,2026-04-17T04:43:00,HIGH,DATA_EXFILTRATION,SIEM-SENSOR-POWER,AST-POWER-059,2026-04-17T04:57:00,2026-04-17T05:13:00,2026-04-17T07:13:00,FALSE_POSITIVE,False,,ANALYST_SINGH,True,True,True,CLOSED,DEMO/SYNTHETIC - NOT REAL GOVERNMENT DATA
CSE-POWER-01,ALT-POWER-2026-03601,2026-Q2,2026-05-10T18:00:00,HIGH,BRUTE_FORCE,SIEM-SENSOR-POWER,AST-POWER-083,2026-05-10T18:14:00,2026-05-10T18:32:00,2026-05-11T00:32:00,FALSE_POSITIVE,True,2026-05-10T19:02:00,ANALYST_VERMA,True,True,True,CLOSED,DEMO/SYNTHETIC - NOT REAL GOVERNMENT DATA
CSE-POWER-01,ALT-POWER-2026-03602,2026-Q2,2026-06-11T03:23:00,CRITICAL,SCADA_COMMAND_ANOMALY,SIEM-SENSOR-POWER,AST-POWER-048,2026-06-11T03:34:00,2026-06-11T03:50:00,2026-06-11T05:50:00,TRUE_POSITIVE,False,,ANALYST_PATEL,True,True,True,CLOSED,DEMO/SYNTHETIC - NOT REAL GOVERNMENT DATA
CSE-POWER-01,ALT-POWER-2026-03603,2026-Q2,2026-05-10T16:38:00,MEDIUM,PRIVILEGE_ESCALATION,SIEM-SENSOR-POWER,AST-POWER-056,2026-05-10T16:57:00,2026-05-10T17:20:00,2026-05-10T22:20:00,FALSE_POSITIVE,False,,ANALYST_SHARMA,True,True,True,CLOSED,DEMO/SYNTHETIC - NOT REAL GOVERNMENT DATA
CSE-POWER-01,ALT-POWER-2026-03604,2026-Q2,2026-05-05T19:54:00,HIGH,DDOS_ATTACK,SIEM-SENSOR-POWER,AST-POWER-073,2026-05-05T20:10:00,2026-05-05T20:36:00,2026-05-06T00:36:00,FALSE_POSITIVE,False,,ANALYST_SINGH,True,True,True,CLOSED,DEMO/SYNTHETIC - NOT REAL GOVERNMENT DATA
CSE-POWER-01,ALT-POWER-2026-03605,2026-Q2,2026-04-09T05:15:00,HIGH,UNAUTHORIZED_ACCESS,SIEM-SENSOR-POWER,AST-POWER-011,2026-04-09T05:21:00,2026-04-09T05:41:00,2026-04-09T11:41:00,FALSE_POSITIVE,True,2026-04-09T06:11:00,ANALYST_RAO,True,True,True,CLOSED,DEMO/SYNTHETIC - NOT REAL GOVERNMENT DATA
CSE-POWER-01,ALT-POWER-2026-03606,2026-Q2,2026-05-08T00:40:00,CRITICAL,SCADA_COMMAND_ANOMALY,SIEM-SENSOR-POWER,AST-POWER-056,2026-05-08T01:00:00,2026-05-08T01:37:00,2026-05-08T05:37:00,TRUE_POSITIVE,False,,ANALYST_VERMA,True,True,True,CLOSED,DEMO/SYNTHETIC - NOT REAL GOVERNMENT DATA
CSE-POWER-01,ALT-POWER-2026-03607,2026-Q2,2026-04-22T00:06:00,CRITICAL,SCADA_COMMAND_ANOMALY,SIEM-SENSOR-POWER,AST-POWER-018,2026-04-22T00:09:00,2026-04-22T00:42:00,2026-04-22T04:42:00,TRUE_POSITIVE,False,,ANALYST_VERMA,True,True,True,CLOSED,DEMO/SYNTHETIC - NOT REAL GOVERNMENT DATA
CSE-POWER-01,ALT-POWER-2026-03608,2026-Q2,2026-04-29T08:11:00,CRITICAL,SCADA_COMMAND_ANOMALY,SIEM-SENSOR-POWER,AST-POWER-018,2026-04-29T08:15:00,2026-04-29T08:51:00,2026-04-29T14:51:00,TRUE_POSITIVE,False,,ANALYST_RAO,True,True,True,CLOSED,DEMO/SYNTHETIC - NOT REAL GOVERNMENT DATA
CSE-POWER-01,ALT-POWER-2026-03609,2026-Q2,2026-06-10T20:23:00,HIGH,SCADA_COMMAND_ANOMALY,SIEM-SENSOR-POWER,AST-POWER-061,2026-06-10T20:34:00,2026-06-10T20:52:00,2026-06-10T23:52:00,FALSE_POSITIVE,False,,ANALYST_VERMA,True,True,True,CLOSED,DEMO/SYNTHETIC - NOT REAL GOVERNMENT DATA
CSE-POWER-01,ALT-POWER-2026-03610,2026-Q2,2026-04-20T06:02:00,MEDIUM,POLICY_VIOLATION,SIEM-SENSOR-POWER,AST-POWER-029,2026-04-20T06:19:00,2026-04-20T06:37:00,2026-04-20T09:37:00,FALSE_POSITIVE,False,,ANALYST_RAO,True,True,True,CLOSED,DEMO/SYNTHETIC - NOT REAL GOVERNMENT DATA
CSE-POWER-01,ALT-POWER-2026-03611,2026-Q2,2026-05-27T14:16:00,HIGH,SCADA_COMMAND_ANOMALY,SIEM-SENSOR-POWER,AST-POWER-076,2026-05-27T14:24:00,2026-05-27T15:02:00,2026-05-27T19:02:00,FALSE_POSITIVE,False,,ANALYST_RAO,True,True,True,CLOSED,DEMO/SYNTHETIC - NOT REAL GOVERNMENT DATA
CSE-POWER-01,ALT-POWER-2026-03612,2026-Q2,2026-04-21T10:34:00,HIGH,RANSOMWARE,SIEM-SENSOR-POWER,AST-POWER-041,2026-04-21T10:54:00,2026-04-21T11:19:00,2026-04-21T13:19:00,FALSE_POSITIVE,False,,ANALYST_RAO,True,True,True,CLOSED,DEMO/SYNTHETIC - NOT REAL GOVERNMENT DATA
CSE-POWER-01,ALT-POWER-2026-03613,2026-Q2,2026-04-14T09:15:00,HIGH,UNAUTHORIZED_ACCESS,SIEM-SENSOR-POWER,AST-POWER-037,2026-04-14T09:34:00,2026-04-14T10:04:00,2026-04-14T13:04:00,FALSE_POSITIVE,False,,ANALYST_VERMA,True,True,True,CLOSED,DEMO/SYNTHETIC - NOT REAL GOVERNMENT DATA
CSE-POWER-01,ALT-POWER-2026-03614,2026-Q2,2026-05-01T00:34:00,HIGH,SCADA_COMMAND_ANOMALY,SIEM-SENSOR-POWER,AST-POWER-052,2026-05-01T00:49:00,2026-05-01T01:31:00,2026-05-01T05:31:00,FALSE_POSITIVE,False,,ANALYST_SHARMA,True,True,True,CLOSED,DEMO/SYNTHETIC - NOT REAL GOVERNMENT DATA
CSE-POWER-01,ALT-POWER-2026-03615,2026-Q2,2026-05-09T09:47:00,CRITICAL,UNAUTHORIZED_ACCESS,SIEM-SENSOR-POWER,AST-POWER-073,2026-05-09T10:07:00,2026-05-09T10:28:00,2026-05-09T13:28:00,TRUE_POSITIVE,False,,ANALYST_SINGH,True,True,True,CLOSED,DEMO/SYNTHETIC - NOT REAL GOVERNMENT DATA
CSE-POWER-01,ALT-POWER-2026-03616,2026-Q2,2026-06-03T10:44:00,HIGH,UNAUTHORIZED_ACCESS,SIEM-SENSOR-POWER,AST-POWER-013,2026-06-03T10:57:00,2026-06-03T11:42:00,2026-06-03T13:42:00,FALSE_POSITIVE,False,,ANALYST_RAO,True,True,True,CLOSED,DEMO/SYNTHETIC - NOT REAL GOVERNMENT DATA
CSE-POWER-01,ALT-POWER-2026-03617,2026-Q2,2026-04-01T13:12:00,HIGH,SCADA_COMMAND_ANOMALY,SIEM-SENSOR-POWER,AST-POWER-037,2026-04-01T13:22:00,2026-04-01T13:48:00,2026-04-01T15:48:00,FALSE_POSITIVE,False,,ANALYST_RAO,True,True,True,CLOSED,DEMO/SYNTHETIC - NOT REAL GOVERNMENT DATA
CSE-POWER-01,ALT-POWER-2026-03618,2026-Q2,2026-04-24T19:24:00,HIGH,POLICY_VIOLATION,SIEM-SENSOR-POWER,AST-POWER-006,2026-04-24T19:41:00,2026-04-24T20:09:00,2026-04-25T02:09:00,FALSE_POSITIVE,False,,ANALYST_RAO,True,True,True,CLOSED,DEMO/SYNTHETIC - NOT REAL GOVERNMENT DATA
CSE-POWER-01,ALT-POWER-2026-03619,2026-Q2,2026-06-17T17:22:00,LOW,DDOS_ATTACK,SIEM-SENSOR-POWER,AST-POWER-071,2026-06-17T17:34:00,2026-06-17T17:50:00,2026-06-17T21:50:00,FALSE_POSITIVE,True,2026-06-17T18:20:00,ANALYST_VERMA,True,True,True,CLOSED,DEMO/SYNTHETIC - NOT REAL GOVERNMENT DATA
CSE-POWER-01,ALT-POWER-2026-03620,2026-Q2,2026-05-06T09:01:00,CRITICAL,SCADA_COMMAND_ANOMALY,SIEM-SENSOR-POWER,AST-POWER-034,2026-05-06T09:04:00,2026-05-06T09:22:00,2026-05-06T13:22:00,TRUE_POSITIVE,False,,ANALYST_SINGH,True,True,True,CLOSED,DEMO/SYNTHETIC - NOT REAL GOVERNMENT DATA
CSE-POWER-01,ALT-POWER-2026-03621,2026-Q2,2026-04-23T18:21:00,CRITICAL,DDOS_ATTACK,SIEM-SENSOR-POWER,AST-POWER-074,2026-04-23T18:35:00,2026-04-23T19:07:00,2026-04-23T22:07:00,TRUE_POSITIVE,False,,ANALYST_VERMA,True,True,True,CLOSED,DEMO/SYNTHETIC - NOT REAL GOVERNMENT DATA
CSE-POWER-01,ALT-POWER-2026-03622,2026-Q2,2026-05-09T01:09:00,LOW,BRUTE_FORCE,SIEM-SENSOR-POWER,AST-POWER-004,2026-05-09T01:22:00,2026-05-09T01:46:00,2026-05-09T07:46:00,FALSE_POSITIVE,False,,ANALYST_RAO,True,True,True,CLOSED,DEMO/SYNTHETIC - NOT REAL GOVERNMENT DATA
CSE-POWER-01,ALT-POWER-2026-03623,2026-Q2,2026-06-20T09:24:00,CRITICAL,SCADA_COMMAND_ANOMALY,SIEM-SENSOR-POWER,AST-POWER-040,2026-06-20T09:32:00,2026-06-20T09:47:00,2026-06-20T15:47:00,TRUE_POSITIVE,False,,ANALYST_PATEL,True,True,True,CLOSED,DEMO/SYNTHETIC - NOT REAL GOVERNMENT DATA
CSE-POWER-01,ALT-POWER-2026-03624,2026-Q2,2026-05-25T13:55:00,HIGH,RANSOMWARE,SIEM-SENSOR-POWER,AST-POWER-040,2026-05-25T14:00:00,2026-05-25T14:28:00,2026-05-25T19:28:00,FALSE_POSITIVE,False,,ANALYST_PATEL,True,True,True,CLOSED,DEMO/SYNTHETIC - NOT REAL GOVERNMENT DATA
CSE-POWER-01,ALT-POWER-2026-03625,2026-Q2,2026-05-18T23:20:00,HIGH,RANSOMWARE,SIEM-SENSOR-POWER,AST-POWER-074,2026-05-18T23:30:00,2026-05-18T23:56:00,2026-05-19T03:56:00,FALSE_POSITIVE,False,,ANALYST_SHARMA,True,True,True,CLOSED,DEMO/SYNTHETIC - NOT REAL GOVERNMENT DATA
CSE-POWER-01,ALT-POWER-2026-03626,2026-Q2,2026-04-25T13:11:00,MEDIUM,RANSOMWARE,SIEM-SENSOR-POWER,AST-POWER-011,2026-04-25T13:19:00,2026-04-25T13:36:00,2026-04-25T16:36:00,FALSE_POSITIVE,False,,ANALYST_PATEL,True,True,True,CLOSED,DEMO/SYNTHETIC - NOT REAL GOVERNMENT DATA
CSE-POWER-01,ALT-POWER-2026-03627,2026-Q2,2026-06-11T03:07:00,MEDIUM,UNAUTHORIZED_ACCESS,SIEM-SENSOR-POWER,AST-POWER-028,2026-06-11T03:24:00,2026-06-11T03:54:00,2026-06-11T06:54:00,FALSE_POSITIVE,False,,ANALYST_PATEL,True,True,True,CLOSED,DEMO/SYNTHETIC - NOT REAL GOVERNMENT DATA
CSE-POWER-01,ALT-POWER-2026-03628,2026-Q2,2026-06-10T00:56:00,CRITICAL,SCADA_COMMAND_ANOMALY,SIEM-SENSOR-POWER,AST-POWER-064,2026-06-10T01:14:00,2026-06-10T01:32:00,2026-06-10T07:32:00,TRUE_POSITIVE,False,,ANALYST_PATEL,True,True,True,CLOSED,DEMO/SYNTHETIC - NOT REAL GOVERNMENT DATA
CSE-POWER-01,ALT-POWER-2026-03629,2026-Q2,2026-05-22T17:49:00,LOW,UNAUTHORIZED_ACCESS,SIEM-SENSOR-POWER,AST-POWER-054,2026-05-22T18:04:00,2026-05-22T18:35:00,2026-05-23T00:35:00,FALSE_POSITIVE,False,,ANALYST_SINGH,True,True,True,CLOSED,DEMO/SYNTHETIC - NOT REAL GOVERNMENT DATA
CSE-POWER-01,ALT-POWER-2026-03630,2026-Q2,2026-04-26T02:27:00,HIGH,SCADA_COMMAND_ANOMALY,SIEM-SENSOR-POWER,AST-POWER-028,2026-04-26T02:46:00,2026-04-26T03:03:00,2026-04-26T06:03:00,FALSE_POSITIVE,False,,ANALYST_VERMA,True,True,True,CLOSED,DEMO/SYNTHETIC - NOT REAL GOVERNMENT DATA
CSE-BANK-02,ALT-BANK-2026-03631,2026-Q2,2026-05-08T19:47:00,CRITICAL,DATA_EXFILTRATION,SIEM-SENSOR-BANK,AST-BANK-007,2026-05-08T19:58:00,2026-05-08T19:59:00,2026-05-08T20:01:00,BENIGN,False,,ANALYST_RAO,False,False,False,CLOSED,DEMO/SYNTHETIC - NOT REAL GOVERNMENT DATA
CSE-BANK-02,ALT-BANK-2026-03632,2026-Q2,2026-06-16T07:17:00,HIGH,SCADA_COMMAND_ANOMALY,SIEM-SENSOR-BANK,AST-BANK-077,2026-06-16T07:27:00,2026-06-16T07:28:00,2026-06-16T07:32:00,BENIGN,False,,ANALYST_PATEL,False,False,False,CLOSED,DEMO/SYNTHETIC - NOT REAL GOVERNMENT DATA
CSE-BANK-02,ALT-BANK-2026-03633,2026-Q2,2026-05-02T16:56:00,CRITICAL,PRIVILEGE_ESCALATION,SIEM-SENSOR-BANK,AST-BANK-105,2026-05-02T17:13:00,2026-05-02T17:14:00,2026-05-02T17:16:00,BENIGN,False,,ANALYST_VERMA,False,False,False,CLOSED,DEMO/SYNTHETIC - NOT REAL GOVERNMENT DATA
CSE-BANK-02,ALT-BANK-2026-03634,2026-Q2,2026-05-18T23:33:00,CRITICAL,PRIVILEGE_ESCALATION,SIEM-SENSOR-BANK,AST-BANK-099,2026-05-18T23:46:00,2026-05-18T23:47:00,2026-05-18T23:50:00,BENIGN,False,,ANALYST_VERMA,False,False,False,CLOSED,DEMO/SYNTHETIC - NOT REAL GOVERNMENT DATA
CSE-BANK-02,ALT-BANK-2026-03635,2026-Q2,2026-06-13T13:09:00,MEDIUM,UNAUTHORIZED_ACCESS,SIEM-SENSOR-BANK,AST-BANK-027,2026-06-13T13:18:00,2026-06-13T13:19:00,2026-06-13T13:20:00,BENIGN,False,,ANALYST_VERMA,False,False,False,CLOSED,DEMO/SYNTHETIC - NOT REAL GOVERNMENT DATA
CSE-BANK-02,ALT-BANK-2026-03636,2026-Q2,2026-04-15T23:38:00,CRITICAL,SCADA_COMMAND_ANOMALY,SIEM-SENSOR-BANK,AST-BANK-116,2026-04-15T23:41:00,2026-04-15T23:42:00,2026-04-15T23:43:00,BENIGN,False,,ANALYST_SINGH,False,False,False,CLOSED,DEMO/SYNTHETIC - NOT REAL GOVERNMENT DATA
CSE-BANK-02,ALT-BANK-2026-03637,2026-Q2,2026-06-02T07:32:00,HIGH,PRIVILEGE_ESCALATION,SIEM-SENSOR-BANK,AST-BANK-047,2026-06-02T07:35:00,2026-06-02T07:36:00,2026-06-02T07:39:00,BENIGN,False,,ANALYST_RAO,False,False,False,CLOSED,DEMO/SYNTHETIC - NOT REAL GOVERNMENT DATA
CSE-BANK-02,ALT-BANK-2026-03638,2026-Q2,2026-04-13T20:34:00,CRITICAL,POLICY_VIOLATION,SIEM-SENSOR-BANK,AST-BANK-109,2026-04-13T20:38:00,2026-04-13T20:39:00,2026-04-13T20:42:00,BENIGN,False,,ANALYST_SINGH,False,False,False,CLOSED,DEMO/SYNTHETIC - NOT REAL GOVERNMENT DATA
CSE-BANK-02,ALT-BANK-2026-03639,2026-Q2,2026-04-21T12:50:00,HIGH,DATA_EXFILTRATION,SIEM-SENSOR-BANK,AST-BANK-040,2026-04-21T13:05:00,2026-04-21T13:06:00,2026-04-21T13:10:00,BENIGN,False,,ANALYST_VERMA,False,False,False,CLOSED,DEMO/SYNTHETIC - NOT REAL GOVERNMENT DATA
CSE-BANK-02,ALT-BANK-2026-03640,2026-Q2,2026-06-01T22:00:00,MEDIUM,BRUTE_FORCE,SIEM-SENSOR-BANK,AST-BANK-012,2026-06-01T22:18:00,2026-06-01T22:19:00,2026-06-01T22:20:00,BENIGN,False,,ANALYST_SHARMA,False,False,False,CLOSED,DEMO/SYNTHETIC - NOT REAL GOVERNMENT DATA
CSE-BANK-02,ALT-BANK-2026-03641,2026-Q2,2026-04-23T20:55:00,HIGH,DATA_EXFILTRATION,SIEM-SENSOR-BANK,AST-BANK-080,2026-04-23T21:03:00,2026-04-23T21:04:00,2026-04-23T21:07:00,BENIGN,False,,ANALYST_SHARMA,False,False,False,CLOSED,DEMO/SYNTHETIC - NOT REAL GOVERNMENT DATA
CSE-BANK-02,ALT-BANK-2026-03642,2026-Q2,2026-06-15T15:16:00,MEDIUM,SCADA_COMMAND_ANOMALY,SIEM-SENSOR-BANK,AST-BANK-076,2026-06-15T15:30:00,2026-06-15T15:31:00,2026-06-15T15:34:00,BENIGN,False,,ANALYST_RAO,False,False,False,CLOSED,DEMO/SYNTHETIC - NOT REAL GOVERNMENT DATA
CSE-BANK-02,ALT-BANK-2026-03643,2026-Q2,2026-04-20T15:21:00,MEDIUM,BRUTE_FORCE,SIEM-SENSOR-BANK,AST-BANK-057,2026-04-20T15:41:00,2026-04-20T15:42:00,2026-04-20T15:43:00,BENIGN,False,,ANALYST_SINGH,False,False,False,CLOSED,DEMO/SYNTHETIC - NOT REAL GOVERNMENT DATA
CSE-BANK-02,ALT-BANK-2026-03644,2026-Q2,2026-04-30T14:11:00,LOW,DDOS_ATTACK,SIEM-SENSOR-BANK,AST-BANK-045,2026-04-30T14:20:00,2026-04-30T14:21:00,2026-04-30T14:23:00,BENIGN,False,,ANALYST_SINGH,False,False,False,CLOSED,DEMO/SYNTHETIC - NOT REAL GOVERNMENT DATA
CSE-BANK-02,ALT-BANK-2026-03645,2026-Q2,2026-05-03T06:54:00,HIGH,SCADA_COMMAND_ANOMALY,SIEM-SENSOR-BANK,AST-BANK-078,2026-05-03T06:57:00,2026-05-03T06:58:00,2026-05-03T06:59:00,BENIGN,False,,ANALYST_SHARMA,False,False,False,CLOSED,DEMO/SYNTHETIC - NOT REAL GOVERNMENT DATA
CSE-BANK-02,ALT-BANK-2026-03646,2026-Q2,2026-04-04T00:10:00,CRITICAL,UNAUTHORIZED_ACCESS,SIEM-SENSOR-BANK,AST-BANK-117,2026-04-04T00:16:00,2026-04-04T00:17:00,2026-04-04T00:21:00,BENIGN,False,,ANALYST_SHARMA,False,False,False,CLOSED,DEMO/SYNTHETIC - NOT REAL GOVERNMENT DATA
CSE-BANK-02,ALT-BANK-2026-03647,2026-Q2,2026-05-30T12:50:00,CRITICAL,DDOS_ATTACK,SIEM-SENSOR-BANK,AST-BANK-113,2026-05-30T13:03:00,2026-05-30T13:04:00,2026-05-30T13:07:00,BENIGN,False,,ANALYST_VERMA,False,False,False,CLOSED,DEMO/SYNTHETIC - NOT REAL GOVERNMENT DATA
CSE-BANK-02,ALT-BANK-2026-03648,2026-Q2,2026-05-31T17:30:00,CRITICAL,BRUTE_FORCE,SIEM-SENSOR-BANK,AST-BANK-013,2026-05-31T17:48:00,2026-05-31T17:49:00,2026-05-31T17:52:00,BENIGN,False,,ANALYST_VERMA,False,False,False,CLOSED,DEMO/SYNTHETIC - NOT REAL GOVERNMENT DATA
CSE-BANK-02,ALT-BANK-2026-03649,2026-Q2,2026-06-04T09:11:00,CRITICAL,MALWARE,SIEM-SENSOR-BANK,AST-BANK-102,2026-06-04T09:21:00,2026-06-04T09:22:00,2026-06-04T09:24:00,BENIGN,False,,ANALYST_SINGH,False,False,False,CLOSED,DEMO/SYNTHETIC - NOT REAL GOVERNMENT DATA
CSE-BANK-02,ALT-BANK-2026-03650,2026-Q2,2026-04-10T22:39:00,CRITICAL,DATA_EXFILTRATION,SIEM-SENSOR-BANK,AST-BANK-111,2026-04-10T22:58:00,2026-04-10T22:59:00,2026-04-10T23:00:00,BENIGN,False,,ANALYST_SINGH,False,False,False,CLOSED,DEMO/SYNTHETIC - NOT REAL GOVERNMENT DATA
CSE-BANK-02,ALT-BANK-2026-03651,2026-Q2,2026-04-26T13:30:00,CRITICAL,BRUTE_FORCE,SIEM-SENSOR-BANK,AST-BANK-081,2026-04-26T13:48:00,2026-04-26T13:49:00,2026-04-26T13:52:00,BENIGN,False,,ANALYST_SINGH,False,False,False,CLOSED,DEMO/SYNTHETIC - NOT REAL GOVERNMENT DATA
CSE-BANK-02,ALT-BANK-2026-03652,2026-Q2,2026-06-15T21:54:00,HIGH,BRUTE_FORCE,SIEM-SENSOR-BANK,AST-BANK-082,2026-06-15T22:08:00,2026-06-15T22:09:00,2026-06-15T22:11:00,BENIGN,False,,ANALYST_VERMA,False,False,False,CLOSED,DEMO/SYNTHETIC - NOT REAL GOVERNMENT DATA
CSE-BANK-02,ALT-BANK-2026-03653,2026-Q2,2026-06-07T22:51:00,CRITICAL,DATA_EXFILTRATION,SIEM-SENSOR-BANK,AST-BANK-012,2026-06-07T23:04:00,2026-06-07T23:05:00,2026-06-07T23:08:00,BENIGN,False,,ANALYST_RAO,False,False,False,CLOSED,DEMO/SYNTHETIC - NOT REAL GOVERNMENT DATA
CSE-BANK-02,ALT-BANK-2026-03654,2026-Q2,2026-04-01T18:29:00,CRITICAL,RANSOMWARE,SIEM-SENSOR-BANK,AST-BANK-026,2026-04-01T18:47:00,2026-04-01T18:48:00,2026-04-01T18:52:00,BENIGN,False,,ANALYST_SHARMA,False,False,False,CLOSED,DEMO/SYNTHETIC - NOT REAL GOVERNMENT DATA
CSE-BANK-02,ALT-BANK-2026-03655,2026-Q2,2026-04-06T07:54:00,LOW,MALWARE,SIEM-SENSOR-BANK,AST-BANK-091,2026-04-06T08:01:00,2026-04-06T08:02:00,2026-04-06T08:05:00,BENIGN,False,,ANALYST_RAO,False,False,False,CLOSED,DEMO/SYNTHETIC - NOT REAL GOVERNMENT DATA
CSE-BANK-02,ALT-BANK-2026-03656,2026-Q2,2026-06-03T01:18:00,HIGH,RANSOMWARE,SIEM-SENSOR-BANK,AST-BANK-036,2026-06-03T01:29:00,2026-06-03T01:30:00,2026-06-03T01:34:00,BENIGN,False,,ANALYST_RAO,False,False,False,CLOSED,DEMO/SYNTHETIC - NOT REAL GOVERNMENT DATA
CSE-BANK-02,ALT-BANK-2026-03657,2026-Q2,2026-04-27T21:18:00,HIGH,POLICY_VIOLATION,SIEM-SENSOR-BANK,AST-BANK-033,2026-04-27T21:33:00,2026-04-27T21:34:00,2026-04-27T21:37:00,BENIGN,False,,ANALYST_PATEL,False,False,False,CLOSED,DEMO/SYNTHETIC - NOT REAL GOVERNMENT DATA
CSE-BANK-02,ALT-BANK-2026-03658,2026-Q2,2026-06-12T03:15:00,CRITICAL,UNAUTHORIZED_ACCESS,SIEM-SENSOR-BANK,AST-BANK-010,2026-06-12T03:21:00,2026-06-12T03:22:00,2026-06-12T03:24:00,BENIGN,False,,ANALYST_RAO,False,False,False,CLOSED,DEMO/SYNTHETIC - NOT REAL GOVERNMENT DATA
CSE-BANK-02,ALT-BANK-2026-03659,2026-Q2,2026-04-10T20:33:00,CRITICAL,PRIVILEGE_ESCALATION,SIEM-SENSOR-BANK,AST-BANK-070,2026-04-10T20:37:00,2026-04-10T20:38:00,2026-04-10T20:40:00,BENIGN,False,,ANALYST_PATEL,False,False,False,CLOSED,DEMO/SYNTHETIC - NOT REAL GOVERNMENT DATA
CSE-BANK-02,ALT-BANK-2026-03660,2026-Q2,2026-04-26T13:51:00,LOW,SCADA_COMMAND_ANOMALY,SIEM-SENSOR-BANK,AST-BANK-068,2026-04-26T14:05:00,2026-04-26T14:06:00,2026-04-26T14:07:00,BENIGN,False,,ANALYST_SINGH,False,False,False,CLOSED,DEMO/SYNTHETIC - NOT REAL GOVERNMENT DATA
CSE-BANK-02,ALT-BANK-2026-03661,2026-Q2,2026-06-10T05:14:00,CRITICAL,PRIVILEGE_ESCALATION,SIEM-SENSOR-BANK,AST-BANK-013,2026-06-10T05:23:00,2026-06-10T05:24:00,2026-06-10T05:27:00,BENIGN,False,,ANALYST_SHARMA,False,False,False,CLOSED,DEMO/SYNTHETIC - NOT REAL GOVERNMENT DATA
CSE-BANK-02,ALT-BANK-2026-03662,2026-Q2,2026-04-22T05:20:00,MEDIUM,DATA_EXFILTRATION,SIEM-SENSOR-BANK,AST-BANK-047,2026-04-22T05:22:00,2026-04-22T05:23:00,2026-04-22T05:25:00,BENIGN,False,,ANALYST_SINGH,False,False,False,CLOSED,DEMO/SYNTHETIC - NOT REAL GOVERNMENT DATA
CSE-BANK-02,ALT-BANK-2026-03663,2026-Q2,2026-05-22T17:42:00,CRITICAL,BRUTE_FORCE,SIEM-SENSOR-BANK,AST-BANK-097,2026-05-22T17:49:00,2026-05-22T17:50:00,2026-05-22T17:53:00,BENIGN,False,,ANALYST_VERMA,False,False,False,CLOSED,DEMO/SYNTHETIC - NOT REAL GOVERNMENT DATA
CSE-BANK-02,ALT-BANK-2026-03664,2026-Q2,2026-05-31T01:54:00,HIGH,UNAUTHORIZED_ACCESS,SIEM-SENSOR-BANK,AST-BANK-066,2026-05-31T02:05:00,2026-05-31T02:06:00,2026-05-31T02:07:00,BENIGN,False,,ANALYST_SHARMA,False,False,False,CLOSED,DEMO/SYNTHETIC - NOT REAL GOVERNMENT DATA
CSE-BANK-02,ALT-BANK-2026-03665,2026-Q2,2026-05-06T05:14:00,HIGH,POLICY_VIOLATION,SIEM-SENSOR-BANK,AST-BANK-036,2026-05-06T05:24:00,2026-05-06T05:25:00,2026-05-06T05:28:00,BENIGN,False,,ANALYST_RAO,False,False,False,CLOSED,DEMO/SYNTHETIC - NOT REAL GOVERNMENT DATA
CSE-BANK-02,ALT-BANK-2026-03666,2026-Q2,2026-04-16T14:48:00,LOW,RANSOMWARE,SIEM-SENSOR-BANK,AST-BANK-001,2026-04-16T15:03:00,2026-04-16T15:04:00,2026-04-16T15:07:00,BENIGN,False,,ANALYST_SHARMA,False,False,False,CLOSED,DEMO/SYNTHETIC - NOT REAL GOVERNMENT DATA
CSE-BANK-02,ALT-BANK-2026-03667,2026-Q2,2026-05-04T16:29:00,HIGH,POLICY_VIOLATION,SIEM-SENSOR-BANK,AST-BANK-068,2026-05-04T16:42:00,2026-05-04T16:43:00,2026-05-04T16:44:00,BENIGN,False,,ANALYST_SHARMA,False,False,False,CLOSED,DEMO/SYNTHETIC - NOT REAL GOVERNMENT DATA
CSE-BANK-02,ALT-BANK-2026-03668,2026-Q2,2026-05-24T12:59:00,LOW,PRIVILEGE_ESCALATION,SIEM-SENSOR-BANK,AST-BANK-043,2026-05-24T13:15:00,2026-05-24T13:16:00,2026-05-24T13:18:00,BENIGN,False,,ANALYST_SHARMA,False,False,False,CLOSED,DEMO/SYNTHETIC - NOT REAL GOVERNMENT DATA
CSE-BANK-02,ALT-BANK-2026-03669,2026-Q2,2026-05-20T08:09:00,CRITICAL,RANSOMWARE,SIEM-SENSOR-BANK,AST-BANK-056,2026-05-20T08:14:00,2026-05-20T08:15:00,2026-05-20T08:19:00,BENIGN,False,,ANALYST_SHARMA,False,False,False,CLOSED,DEMO/SYNTHETIC - NOT REAL GOVERNMENT DATA
CSE-BANK-02,ALT-BANK-2026-03670,2026-Q2,2026-04-12T09:30:00,LOW,MALWARE,SIEM-SENSOR-BANK,AST-BANK-113,2026-04-12T09:36:00,2026-04-12T09:37:00,2026-04-12T09:40:00,BENIGN,False,,ANALYST_VERMA,False,False,False,CLOSED,DEMO/SYNTHETIC - NOT REAL GOVERNMENT DATA
CSE-BANK-02,ALT-BANK-2026-03671,2026-Q2,2026-04-13T18:25:00,MEDIUM,PRIVILEGE_ESCALATION,SIEM-SENSOR-BANK,AST-BANK-011,2026-04-13T18:36:00,2026-04-13T18:37:00,2026-04-13T18:40:00,BENIGN,False,,ANALYST_SINGH,False,False,False,CLOSED,DEMO/SYNTHETIC - NOT REAL GOVERNMENT DATA
CSE-BANK-02,ALT-BANK-2026-03672,2026-Q2,2026-04-13T17:42:00,CRITICAL,PRIVILEGE_ESCALATION,SIEM-SENSOR-BANK,AST-BANK-035,2026-04-13T17:44:00,2026-04-13T17:45:00,2026-04-13T17:48:00,BENIGN,False,,ANALYST_SHARMA,False,False,False,CLOSED,DEMO/SYNTHETIC - NOT REAL GOVERNMENT DATA
CSE-BANK-02,ALT-BANK-2026-03673,2026-Q2,2026-04-29T16:47:00,MEDIUM,UNAUTHORIZED_ACCESS,SIEM-SENSOR-BANK,AST-BANK-086,2026-04-29T16:57:00,2026-04-29T16:58:00,2026-04-29T17:00:00,BENIGN,False,,ANALYST_PATEL,False,False,False,CLOSED,DEMO/SYNTHETIC - NOT REAL GOVERNMENT DATA
CSE-BANK-02,ALT-BANK-2026-03674,2026-Q2,2026-05-30T19:25:00,HIGH,UNAUTHORIZED_ACCESS,SIEM-SENSOR-BANK,AST-BANK-111,2026-05-30T19:41:00,2026-05-30T19:42:00,2026-05-30T19:46:00,BENIGN,False,,ANALYST_PATEL,False,False,False,CLOSED,DEMO/SYNTHETIC - NOT REAL GOVERNMENT DATA
CSE-BANK-02,ALT-BANK-2026-03675,2026-Q2,2026-05-13T23:36:00,HIGH,RANSOMWARE,SIEM-SENSOR-BANK,AST-BANK-013,2026-05-13T23:55:00,2026-05-13T23:56:00,2026-05-14T00:00:00,BENIGN,False,,ANALYST_SHARMA,False,False,False,CLOSED,DEMO/SYNTHETIC - NOT REAL GOVERNMENT DATA
CSE-BANK-02,ALT-BANK-2026-03676,2026-Q2,2026-04-03T21:59:00,HIGH,SCADA_COMMAND_ANOMALY,SIEM-SENSOR-BANK,AST-BANK-095,2026-04-03T22:11:00,2026-04-03T22:12:00,2026-04-03T22:16:00,BENIGN,False,,ANALYST_SHARMA,False,False,False,CLOSED,DEMO/SYNTHETIC - NOT REAL GOVERNMENT DATA
CSE-BANK-02,ALT-BANK-2026-03677,2026-Q2,2026-05-04T22:37:00,LOW,BRUTE_FORCE,SIEM-SENSOR-BANK,AST-BANK-055,2026-05-04T22:41:00,2026-05-04T22:42:00,2026-05-04T22:46:00,BENIGN,False,,ANALYST_SINGH,False,False,False,CLOSED,DEMO/SYNTHETIC - NOT REAL GOVERNMENT DATA
CSE-BANK-02,ALT-BANK-2026-03678,2026-Q2,2026-05-26T15:03:00,HIGH,SCADA_COMMAND_ANOMALY,SIEM-SENSOR-BANK,AST-BANK-116,2026-05-26T15:18:00,2026-05-26T15:19:00,2026-05-26T15:23:00,BENIGN,False,,ANALYST_SINGH,False,False,False,CLOSED,DEMO/SYNTHETIC - NOT REAL GOVERNMENT DATA
CSE-BANK-02,ALT-BANK-2026-03679,2026-Q2,2026-06-09T17:21:00,CRITICAL,DDOS_ATTACK,SIEM-SENSOR-BANK,AST-BANK-071,2026-06-09T17:23:00,2026-06-09T17:24:00,2026-06-09T17:26:00,BENIGN,False,,ANALYST_VERMA,False,False,False,CLOSED,DEMO/SYNTHETIC - NOT REAL GOVERNMENT DATA
CSE-BANK-02,ALT-BANK-2026-03680,2026-Q2,2026-06-11T11:09:00,HIGH,PRIVILEGE_ESCALATION,SIEM-SENSOR-BANK,AST-BANK-060,2026-06-11T11:20:00,2026-06-11T11:21:00,2026-06-11T11:22:00,BENIGN,False,,ANALYST_PATEL,False,False,False,CLOSED,DEMO/SYNTHETIC - NOT REAL GOVERNMENT DATA
CSE-BANK-02,ALT-BANK-2026-03681,2026-Q2,2026-04-09T10:58:00,CRITICAL,BRUTE_FORCE,SIEM-SENSOR-BANK,AST-BANK-086,2026-04-09T11:00:00,2026-04-09T11:01:00,2026-04-09T11:05:00,BENIGN,False,,ANALYST_RAO,False,False,False,CLOSED,DEMO/SYNTHETIC - NOT REAL GOVERNMENT DATA
CSE-BANK-02,ALT-BANK-2026-03682,2026-Q2,2026-06-05T18:35:00,HIGH,BRUTE_FORCE,SIEM-SENSOR-BANK,AST-BANK-070,2026-06-05T18:39:00,2026-06-05T18:40:00,2026-06-05T18:41:00,BENIGN,False,,ANALYST_PATEL,False,False,False,CLOSED,DEMO/SYNTHETIC - NOT REAL GOVERNMENT DATA
CSE-BANK-02,ALT-BANK-2026-03683,2026-Q2,2026-05-19T21:50:00,MEDIUM,POLICY_VIOLATION,SIEM-SENSOR-BANK,AST-BANK-109,2026-05-19T22:07:00,2026-05-19T22:08:00,2026-05-19T22:10:00,BENIGN,False,,ANALYST_PATEL,False,False,False,CLOSED,DEMO/SYNTHETIC - NOT REAL GOVERNMENT DATA
CSE-BANK-02,ALT-BANK-2026-03684,2026-Q2,2026-04-08T17:49:00,HIGH,DATA_EXFILTRATION,SIEM-SENSOR-BANK,AST-BANK-079,2026-04-08T18:04:00,2026-04-08T18:05:00,2026-04-08T18:09:00,BENIGN,False,,ANALYST_SINGH,False,False,False,CLOSED,DEMO/SYNTHETIC - NOT REAL GOVERNMENT DATA
CSE-BANK-02,ALT-BANK-2026-03685,2026-Q2,2026-05-18T14:42:00,CRITICAL,DDOS_ATTACK,SIEM-SENSOR-BANK,AST-BANK-074,2026-05-18T14:53:00,2026-05-18T14:54:00,2026-05-18T14:55:00,BENIGN,False,,ANALYST_RAO,False,False,False,CLOSED,DEMO/SYNTHETIC - NOT REAL GOVERNMENT DATA
CSE-BANK-02,ALT-BANK-2026-03686,2026-Q2,2026-04-18T06:06:00,LOW,RANSOMWARE,SIEM-SENSOR-BANK,AST-BANK-098,2026-04-18T06:13:00,2026-04-18T06:14:00,2026-04-18T06:18:00,BENIGN,False,,ANALYST_RAO,False,False,False,CLOSED,DEMO/SYNTHETIC - NOT REAL GOVERNMENT DATA
CSE-BANK-02,ALT-BANK-2026-03687,2026-Q2,2026-06-18T20:49:00,HIGH,PRIVILEGE_ESCALATION,SIEM-SENSOR-BANK,AST-BANK-060,2026-06-18T20:58:00,2026-06-18T20:59:00,2026-06-18T21:02:00,BENIGN,False,,ANALYST_SHARMA,False,False,False,CLOSED,DEMO/SYNTHETIC - NOT REAL GOVERNMENT DATA
CSE-BANK-02,ALT-BANK-2026-03688,2026-Q2,2026-05-30T00:02:00,CRITICAL,SCADA_COMMAND_ANOMALY,SIEM-SENSOR-BANK,AST-BANK-038,2026-05-30T00:06:00,2026-05-30T00:07:00,2026-05-30T00:09:00,BENIGN,False,,ANALYST_RAO,False,False,False,CLOSED,DEMO/SYNTHETIC - NOT REAL GOVERNMENT DATA
CSE-BANK-02,ALT-BANK-2026-03689,2026-Q2,2026-04-22T23:17:00,MEDIUM,UNAUTHORIZED_ACCESS,SIEM-SENSOR-BANK,AST-BANK-023,2026-04-22T23:35:00,2026-04-22T23:36:00,2026-04-22T23:40:00,BENIGN,False,,ANALYST_VERMA,False,False,False,CLOSED,DEMO/SYNTHETIC - NOT REAL GOVERNMENT DATA
CSE-BANK-02,ALT-BANK-2026-03690,2026-Q2,2026-06-08T19:43:00,LOW,UNAUTHORIZED_ACCESS,SIEM-SENSOR-BANK,AST-BANK-026,2026-06-08T19:48:00,2026-06-08T19:49:00,2026-06-08T19:52:00,BENIGN,False,,ANALYST_PATEL,False,False,False,CLOSED,DEMO/SYNTHETIC - NOT REAL GOVERNMENT DATA
CSE-BANK-02,ALT-BANK-2026-03691,2026-Q2,2026-05-21T01:17:00,CRITICAL,DDOS_ATTACK,SIEM-SENSOR-BANK,AST-BANK-112,2026-05-21T01:32:00,2026-05-21T01:33:00,2026-05-21T01:35:00,BENIGN,False,,ANALYST_VERMA,False,False,False,CLOSED,DEMO/SYNTHETIC - NOT REAL GOVERNMENT DATA
CSE-BANK-02,ALT-BANK-2026-03692,2026-Q2,2026-06-12T05:09:00,HIGH,PRIVILEGE_ESCALATION,SIEM-SENSOR-BANK,AST-BANK-026,2026-06-12T05:24:00,2026-06-12T05:25:00,2026-06-12T05:27:00,BENIGN,False,,ANALYST_SINGH,False,False,False,CLOSED,DEMO/SYNTHETIC - NOT REAL GOVERNMENT DATA
CSE-BANK-02,ALT-BANK-2026-03693,2026-Q2,2026-04-16T00:46:00,HIGH,PRIVILEGE_ESCALATION,SIEM-SENSOR-BANK,AST-BANK-026,2026-04-16T01:02:00,2026-04-16T01:03:00,2026-04-16T01:05:00,BENIGN,False,,ANALYST_VERMA,False,False,False,CLOSED,DEMO/SYNTHETIC - NOT REAL GOVERNMENT DATA
CSE-BANK-02,ALT-BANK-2026-03694,2026-Q2,2026-05-27T04:51:00,LOW,DDOS_ATTACK,SIEM-SENSOR-BANK,AST-BANK-051,2026-05-27T05:04:00,2026-05-27T05:05:00,2026-05-27T05:08:00,BENIGN,False,,ANALYST_SINGH,False,False,False,CLOSED,DEMO/SYNTHETIC - NOT REAL GOVERNMENT DATA
CSE-BANK-02,ALT-BANK-2026-03695,2026-Q2,2026-04-02T11:36:00,HIGH,UNAUTHORIZED_ACCESS,SIEM-SENSOR-BANK,AST-BANK-031,2026-04-02T11:48:00,2026-04-02T11:49:00,2026-04-02T11:51:00,BENIGN,False,,ANALYST_SINGH,False,False,False,CLOSED,DEMO/SYNTHETIC - NOT REAL GOVERNMENT DATA
CSE-BANK-02,ALT-BANK-2026-03696,2026-Q2,2026-05-31T08:23:00,LOW,UNAUTHORIZED_ACCESS,SIEM-SENSOR-BANK,AST-BANK-065,2026-05-31T08:31:00,2026-05-31T08:32:00,2026-05-31T08:33:00,BENIGN,False,,ANALYST_PATEL,False,False,False,CLOSED,DEMO/SYNTHETIC - NOT REAL GOVERNMENT DATA
CSE-BANK-02,ALT-BANK-2026-03697,2026-Q2,2026-06-11T04:36:00,CRITICAL,BRUTE_FORCE,SIEM-SENSOR-BANK,AST-BANK-110,2026-06-11T04:39:00,2026-06-11T04:40:00,2026-06-11T04:43:00,BENIGN,False,,ANALYST_SINGH,False,False,False,CLOSED,DEMO/SYNTHETIC - NOT REAL GOVERNMENT DATA
CSE-BANK-02,ALT-BANK-2026-03698,2026-Q2,2026-06-14T22:26:00,HIGH,DATA_EXFILTRATION,SIEM-SENSOR-BANK,AST-BANK-018,2026-06-14T22:30:00,2026-06-14T22:31:00,2026-06-14T22:32:00,BENIGN,False,,ANALYST_SINGH,False,False,False,CLOSED,DEMO/SYNTHETIC - NOT REAL GOVERNMENT DATA
CSE-BANK-02,ALT-BANK-2026-03699,2026-Q2,2026-05-25T06:28:00,HIGH,SCADA_COMMAND_ANOMALY,SIEM-SENSOR-BANK,AST-BANK-100,2026-05-25T06:31:00,2026-05-25T06:32:00,2026-05-25T06:35:00,BENIGN,False,,ANALYST_SHARMA,False,False,False,CLOSED,DEMO/SYNTHETIC - NOT REAL GOVERNMENT DATA
CSE-BANK-02,ALT-BANK-2026-03700,2026-Q2,2026-05-28T04:00:00,CRITICAL,SCADA_COMMAND_ANOMALY,SIEM-SENSOR-BANK,AST-BANK-120,2026-05-28T04:19:00,2026-05-28T04:20:00,2026-05-28T04:22:00,BENIGN,False,,ANALYST_PATEL,False,False,False,CLOSED,DEMO/SYNTHETIC - NOT REAL GOVERNMENT DATA
CSE-BANK-02,ALT-BANK-2026-03701,2026-Q2,2026-04-28T18:28:00,HIGH,POLICY_VIOLATION,SIEM-SENSOR-BANK,AST-BANK-001,2026-04-28T18:44:00,2026-04-28T18:45:00,2026-04-28T18:49:00,BENIGN,False,,ANALYST_PATEL,False,False,False,CLOSED,DEMO/SYNTHETIC - NOT REAL GOVERNMENT DATA
CSE-BANK-02,ALT-BANK-2026-03702,2026-Q2,2026-04-05T02:20:00,HIGH,DATA_EXFILTRATION,SIEM-SENSOR-BANK,AST-BANK-088,2026-04-05T02:30:00,2026-04-05T02:31:00,2026-04-05T02:34:00,BENIGN,False,,ANALYST_VERMA,False,False,False,CLOSED,DEMO/SYNTHETIC - NOT REAL GOVERNMENT DATA
CSE-BANK-02,ALT-BANK-2026-03703,2026-Q2,2026-05-02T02:02:00,LOW,MALWARE,SIEM-SENSOR-BANK,AST-BANK-080,2026-05-02T02:10:00,2026-05-02T02:11:00,2026-05-02T02:13:00,BENIGN,False,,ANALYST_PATEL,False,False,False,CLOSED,DEMO/SYNTHETIC - NOT REAL GOVERNMENT DATA
CSE-BANK-02,ALT-BANK-2026-03704,2026-Q2,2026-04-28T12:30:00,HIGH,DATA_EXFILTRATION,SIEM-SENSOR-BANK,AST-BANK-105,2026-04-28T12:33:00,2026-04-28T12:34:00,2026-04-28T12:36:00,BENIGN,False,,ANALYST_SHARMA,False,False,False,CLOSED,DEMO/SYNTHETIC - NOT REAL GOVERNMENT DATA
CSE-BANK-02,ALT-BANK-2026-03705,2026-Q2,2026-05-14T21:46:00,CRITICAL,POLICY_VIOLATION,SIEM-SENSOR-BANK,AST-BANK-004,2026-05-14T22:04:00,2026-05-14T22:05:00,2026-05-14T22:07:00,BENIGN,False,,ANALYST_PATEL,False,False,False,CLOSED,DEMO/SYNTHETIC - NOT REAL GOVERNMENT DATA
CSE-BANK-02,ALT-BANK-2026-03706,2026-Q2,2026-04-14T22:55:00,HIGH,BRUTE_FORCE,SIEM-SENSOR-BANK,AST-BANK-070,2026-04-14T23:04:00,2026-04-14T23:05:00,2026-04-14T23:08:00,BENIGN,False,,ANALYST_SHARMA,False,False,False,CLOSED,DEMO/SYNTHETIC - NOT REAL GOVERNMENT DATA
CSE-BANK-02,ALT-BANK-2026-03707,2026-Q2,2026-04-25T00:58:00,HIGH,DATA_EXFILTRATION,SIEM-SENSOR-BANK,AST-BANK-106,2026-04-25T01:17:00,2026-04-25T01:18:00,2026-04-25T01:20:00,BENIGN,False,,ANALYST_PATEL,False,False,False,CLOSED,DEMO/SYNTHETIC - NOT REAL GOVERNMENT DATA
CSE-BANK-02,ALT-BANK-2026-03708,2026-Q2,2026-04-06T10:47:00,LOW,PRIVILEGE_ESCALATION,SIEM-SENSOR-BANK,AST-BANK-004,2026-04-06T10:53:00,2026-04-06T10:54:00,2026-04-06T10:58:00,BENIGN,False,,ANALYST_PATEL,False,False,False,CLOSED,DEMO/SYNTHETIC - NOT REAL GOVERNMENT DATA
CSE-BANK-02,ALT-BANK-2026-03709,2026-Q2,2026-06-16T17:51:00,MEDIUM,SCADA_COMMAND_ANOMALY,SIEM-SENSOR-BANK,AST-BANK-048,2026-06-16T17:56:00,2026-06-16T17:57:00,2026-06-16T18:01:00,BENIGN,False,,ANALYST_PATEL,False,False,False,CLOSED,DEMO/SYNTHETIC - NOT REAL GOVERNMENT DATA
CSE-BANK-02,ALT-BANK-2026-03710,2026-Q2,2026-06-10T21:44:00,MEDIUM,DDOS_ATTACK,SIEM-SENSOR-BANK,AST-BANK-084,2026-06-10T21:54:00,2026-06-10T21:55:00,2026-06-10T21:57:00,BENIGN,False,,ANALYST_SINGH,False,False,False,CLOSED,DEMO/SYNTHETIC - NOT REAL GOVERNMENT DATA
CSE-BANK-02,ALT-BANK-2026-03711,2026-Q2,2026-04-22T17:25:00,LOW,DATA_EXFILTRATION,SIEM-SENSOR-BANK,AST-BANK-022,2026-04-22T17:27:00,2026-04-22T17:28:00,2026-04-22T17:31:00,BENIGN,False,,ANALYST_RAO,False,False,False,CLOSED,DEMO/SYNTHETIC - NOT REAL GOVERNMENT DATA
CSE-BANK-02,ALT-BANK-2026-03712,2026-Q2,2026-05-30T02:59:00,HIGH,POLICY_VIOLATION,SIEM-SENSOR-BANK,AST-BANK-038,2026-05-30T03:13:00,2026-05-30T03:14:00,2026-05-30T03:17:00,BENIGN,False,,ANALYST_VERMA,False,False,False,CLOSED,DEMO/SYNTHETIC - NOT REAL GOVERNMENT DATA
CSE-BANK-02,ALT-BANK-2026-03713,2026-Q2,2026-06-09T17:57:00,MEDIUM,UNAUTHORIZED_ACCESS,SIEM-SENSOR-BANK,AST-BANK-053,2026-06-09T18:01:00,2026-06-09T18:02:00,2026-06-09T18:04:00,BENIGN,False,,ANALYST_SINGH,False,False,False,CLOSED,DEMO/SYNTHETIC - NOT REAL GOVERNMENT DATA
CSE-BANK-02,ALT-BANK-2026-03714,2026-Q2,2026-04-04T02:04:00,HIGH,UNAUTHORIZED_ACCESS,SIEM-SENSOR-BANK,AST-BANK-104,2026-04-04T02:11:00,2026-04-04T02:12:00,2026-04-04T02:15:00,BENIGN,False,,ANALYST_SHARMA,False,False,False,CLOSED,DEMO/SYNTHETIC - NOT REAL GOVERNMENT DATA
CSE-BANK-02,ALT-BANK-2026-03715,2026-Q2,2026-04-15T17:06:00,CRITICAL,DDOS_ATTACK,SIEM-SENSOR-BANK,AST-BANK-007,2026-04-15T17:20:00,2026-04-15T17:21:00,2026-04-15T17:23:00,BENIGN,False,,ANALYST_SINGH,False,False,False,CLOSED,DEMO/SYNTHETIC - NOT REAL GOVERNMENT DATA
CSE-BANK-02,ALT-BANK-2026-03716,2026-Q2,2026-04-13T00:37:00,LOW,DDOS_ATTACK,SIEM-SENSOR-BANK,AST-BANK-079,2026-04-13T00:52:00,2026-04-13T00:53:00,2026-04-13T00:55:00,BENIGN,False,,ANALYST_VERMA,False,False,False,CLOSED,DEMO/SYNTHETIC - NOT REAL GOVERNMENT DATA
CSE-BANK-02,ALT-BANK-2026-03717,2026-Q2,2026-06-11T08:30:00,CRITICAL,UNAUTHORIZED_ACCESS,SIEM-SENSOR-BANK,AST-BANK-021,2026-06-11T08:44:00,2026-06-11T08:45:00,2026-06-11T08:47:00,BENIGN,False,,ANALYST_SHARMA,False,False,False,CLOSED,DEMO/SYNTHETIC - NOT REAL GOVERNMENT DATA
CSE-BANK-02,ALT-BANK-2026-03718,2026-Q2,2026-04-09T09:04:00,MEDIUM,MALWARE,SIEM-SENSOR-BANK,AST-BANK-036,2026-04-09T09:12:00,2026-04-09T09:13:00,2026-04-09T09:15:00,BENIGN,False,,ANALYST_RAO,False,False,False,CLOSED,DEMO/SYNTHETIC - NOT REAL GOVERNMENT DATA
CSE-BANK-02,ALT-BANK-2026-03719,2026-Q2,2026-05-09T00:42:00,HIGH,DDOS_ATTACK,SIEM-SENSOR-BANK,AST-BANK-110,2026-05-09T00:56:00,2026-05-09T00:57:00,2026-05-09T01:00:00,BENIGN,False,,ANALYST_PATEL,False,False,False,CLOSED,DEMO/SYNTHETIC - NOT REAL GOVERNMENT DATA
CSE-BANK-02,ALT-BANK-2026-03720,2026-Q2,2026-04-19T18:51:00,HIGH,BRUTE_FORCE,SIEM-SENSOR-BANK,AST-BANK-091,2026-04-19T18:58:00,2026-04-19T18:59:00,2026-04-19T19:02:00,BENIGN,False,,ANALYST_SINGH,False,False,False,CLOSED,DEMO/SYNTHETIC - NOT REAL GOVERNMENT DATA
CSE-BANK-02,ALT-BANK-2026-03721,2026-Q2,2026-05-29T04:51:00,HIGH,RANSOMWARE,SIEM-SENSOR-BANK,AST-BANK-009,2026-05-29T05:10:00,2026-05-29T05:11:00,2026-05-29T05:15:00,BENIGN,False,,ANALYST_PATEL,False,False,False,CLOSED,DEMO/SYNTHETIC - NOT REAL GOVERNMENT DATA
CSE-BANK-02,ALT-BANK-2026-03722,2026-Q2,2026-04-05T13:58:00,CRITICAL,DATA_EXFILTRATION,SIEM-SENSOR-BANK,AST-BANK-050,2026-04-05T14:00:00,2026-04-05T14:01:00,2026-04-05T14:03:00,BENIGN,False,,ANALYST_VERMA,False,False,False,CLOSED,DEMO/SYNTHETIC - NOT REAL GOVERNMENT DATA
CSE-BANK-02,ALT-BANK-2026-03723,2026-Q2,2026-05-27T09:59:00,CRITICAL,PRIVILEGE_ESCALATION,SIEM-SENSOR-BANK,AST-BANK-061,2026-05-27T10:19:00,2026-05-27T10:20:00,2026-05-27T10:21:00,BENIGN,False,,ANALYST_SHARMA,False,False,False,CLOSED,DEMO/SYNTHETIC - NOT REAL GOVERNMENT DATA
CSE-BANK-02,ALT-BANK-2026-03724,2026-Q2,2026-05-26T21:30:00,CRITICAL,MALWARE,SIEM-SENSOR-BANK,AST-BANK-110,2026-05-26T21:40:00,2026-05-26T21:41:00,2026-05-26T21:43:00,BENIGN,False,,ANALYST_SHARMA,False,False,False,CLOSED,DEMO/SYNTHETIC - NOT REAL GOVERNMENT DATA
CSE-BANK-02,ALT-BANK-2026-03725,2026-Q2,2026-04-12T03:17:00,CRITICAL,SCADA_COMMAND_ANOMALY,SIEM-SENSOR-BANK,AST-BANK-099,2026-04-12T03:26:00,2026-04-12T03:27:00,2026-04-12T03:31:00,BENIGN,False,,ANALYST_SHARMA,False,False,False,CLOSED,DEMO/SYNTHETIC - NOT REAL GOVERNMENT DATA
CSE-BANK-02,ALT-BANK-2026-03726,2026-Q2,2026-05-19T09:38:00,CRITICAL,UNAUTHORIZED_ACCESS,SIEM-SENSOR-BANK,AST-BANK-064,2026-05-19T09:46:00,2026-05-19T09:47:00,2026-05-19T09:49:00,BENIGN,False,,ANALYST_SHARMA,False,False,False,CLOSED,DEMO/SYNTHETIC - NOT REAL GOVERNMENT DATA
CSE-BANK-02,ALT-BANK-2026-03727,2026-Q2,2026-06-12T09:11:00,HIGH,RANSOMWARE,SIEM-SENSOR-BANK,AST-BANK-094,2026-06-12T09:17:00,2026-06-12T09:18:00,2026-06-12T09:21:00,BENIGN,False,,ANALYST_RAO,False,False,False,CLOSED,DEMO/SYNTHETIC - NOT REAL GOVERNMENT DATA
CSE-BANK-02,ALT-BANK-2026-03728,2026-Q2,2026-06-02T01:26:00,HIGH,DATA_EXFILTRATION,SIEM-SENSOR-BANK,AST-BANK-086,2026-06-02T01:32:00,2026-06-02T01:33:00,2026-06-02T01:35:00,BENIGN,False,,ANALYST_PATEL,False,False,False,CLOSED,DEMO/SYNTHETIC - NOT REAL GOVERNMENT DATA
CSE-BANK-02,ALT-BANK-2026-03729,2026-Q2,2026-04-17T10:44:00,HIGH,BRUTE_FORCE,SIEM-SENSOR-BANK,AST-BANK-054,2026-04-17T10:47:00,2026-04-17T10:48:00,2026-04-17T10:49:00,BENIGN,False,,ANALYST_RAO,False,False,False,CLOSED,DEMO/SYNTHETIC - NOT REAL GOVERNMENT DATA
CSE-BANK-02,ALT-BANK-2026-03730,2026-Q2,2026-05-06T16:57:00,LOW,PRIVILEGE_ESCALATION,SIEM-SENSOR-BANK,AST-BANK-106,2026-05-06T17:07:00,2026-05-06T17:08:00,2026-05-06T17:09:00,BENIGN,False,,ANALYST_VERMA,False,False,False,CLOSED,DEMO/SYNTHETIC - NOT REAL GOVERNMENT DATA
CSE-BANK-02,ALT-BANK-2026-03731,2026-Q2,2026-05-06T22:45:00,HIGH,DDOS_ATTACK,SIEM-SENSOR-BANK,AST-BANK-040,2026-05-06T22:59:00,2026-05-06T23:00:00,2026-05-06T23:02:00,BENIGN,False,,ANALYST_SINGH,False,False,False,CLOSED,DEMO/SYNTHETIC - NOT REAL GOVERNMENT DATA
CSE-BANK-02,ALT-BANK-2026-03732,2026-Q2,2026-06-17T15:05:00,MEDIUM,UNAUTHORIZED_ACCESS,SIEM-SENSOR-BANK,AST-BANK-108,2026-06-17T15:11:00,2026-06-17T15:12:00,2026-06-17T15:13:00,BENIGN,False,,ANALYST_SHARMA,False,False,False,CLOSED,DEMO/SYNTHETIC - NOT REAL GOVERNMENT DATA
CSE-BANK-02,ALT-BANK-2026-03733,2026-Q2,2026-05-01T11:59:00,LOW,PRIVILEGE_ESCALATION,SIEM-SENSOR-BANK,AST-BANK-082,2026-05-01T12:16:00,2026-05-01T12:17:00,2026-05-01T12:20:00,BENIGN,False,,ANALYST_PATEL,False,False,False,CLOSED,DEMO/SYNTHETIC - NOT REAL GOVERNMENT DATA
CSE-BANK-02,ALT-BANK-2026-03734,2026-Q2,2026-05-11T12:29:00,HIGH,DATA_EXFILTRATION,SIEM-SENSOR-BANK,AST-BANK-049,2026-05-11T12:46:00,2026-05-11T12:47:00,2026-05-11T12:51:00,BENIGN,False,,ANALYST_SINGH,False,False,False,CLOSED,DEMO/SYNTHETIC - NOT REAL GOVERNMENT DATA
CSE-BANK-02,ALT-BANK-2026-03735,2026-Q2,2026-05-21T14:51:00,CRITICAL,BRUTE_FORCE,SIEM-SENSOR-BANK,AST-BANK-029,2026-05-21T15:09:00,2026-05-21T15:10:00,2026-05-21T15:11:00,BENIGN,False,,ANALYST_RAO,False,False,False,CLOSED,DEMO/SYNTHETIC - NOT REAL GOVERNMENT DATA
CSE-BANK-02,ALT-BANK-2026-03736,2026-Q2,2026-05-21T18:48:00,LOW,DATA_EXFILTRATION,SIEM-SENSOR-BANK,AST-BANK-117,2026-05-21T18:56:00,2026-05-21T18:57:00,2026-05-21T18:59:00,BENIGN,False,,ANALYST_SHARMA,False,False,False,CLOSED,DEMO/SYNTHETIC - NOT REAL GOVERNMENT DATA
CSE-BANK-02,ALT-BANK-2026-03737,2026-Q2,2026-04-19T05:07:00,HIGH,DATA_EXFILTRATION,SIEM-SENSOR-BANK,AST-BANK-096,2026-04-19T05:15:00,2026-04-19T05:16:00,2026-04-19T05:18:00,BENIGN,False,,ANALYST_RAO,False,False,False,CLOSED,DEMO/SYNTHETIC - NOT REAL GOVERNMENT DATA
CSE-BANK-02,ALT-BANK-2026-03738,2026-Q2,2026-05-07T23:18:00,HIGH,MALWARE,SIEM-SENSOR-BANK,AST-BANK-016,2026-05-07T23:32:00,2026-05-07T23:33:00,2026-05-07T23:34:00,BENIGN,False,,ANALYST_RAO,False,False,False,CLOSED,DEMO/SYNTHETIC - NOT REAL GOVERNMENT DATA
CSE-BANK-02,ALT-BANK-2026-03739,2026-Q2,2026-04-02T00:18:00,HIGH,RANSOMWARE,SIEM-SENSOR-BANK,AST-BANK-041,2026-04-02T00:21:00,2026-04-02T00:22:00,2026-04-02T00:23:00,BENIGN,False,,ANALYST_PATEL,False,False,False,CLOSED,DEMO/SYNTHETIC - NOT REAL GOVERNMENT DATA
CSE-BANK-02,ALT-BANK-2026-03740,2026-Q2,2026-05-13T16:06:00,MEDIUM,SCADA_COMMAND_ANOMALY,SIEM-SENSOR-BANK,AST-BANK-025,2026-05-13T16:19:00,2026-05-13T16:20:00,2026-05-13T16:21:00,BENIGN,False,,ANALYST_SINGH,False,False,False,CLOSED,DEMO/SYNTHETIC - NOT REAL GOVERNMENT DATA
CSE-BANK-02,ALT-BANK-2026-03741,2026-Q2,2026-05-22T18:03:00,HIGH,BRUTE_FORCE,SIEM-SENSOR-BANK,AST-BANK-069,2026-05-22T18:20:00,2026-05-22T18:21:00,2026-05-22T18:25:00,BENIGN,False,,ANALYST_VERMA,False,False,False,CLOSED,DEMO/SYNTHETIC - NOT REAL GOVERNMENT DATA
CSE-BANK-02,ALT-BANK-2026-03742,2026-Q2,2026-05-16T06:39:00,HIGH,UNAUTHORIZED_ACCESS,SIEM-SENSOR-BANK,AST-BANK-005,2026-05-16T06:55:00,2026-05-16T06:56:00,2026-05-16T06:58:00,BENIGN,False,,ANALYST_RAO,False,False,False,CLOSED,DEMO/SYNTHETIC - NOT REAL GOVERNMENT DATA
CSE-BANK-02,ALT-BANK-2026-03743,2026-Q2,2026-05-03T02:01:00,HIGH,POLICY_VIOLATION,SIEM-SENSOR-BANK,AST-BANK-046,2026-05-03T02:21:00,2026-05-03T02:22:00,2026-05-03T02:25:00,BENIGN,False,,ANALYST_SHARMA,False,False,False,CLOSED,DEMO/SYNTHETIC - NOT REAL GOVERNMENT DATA
CSE-BANK-02,ALT-BANK-2026-03744,2026-Q2,2026-04-08T21:59:00,LOW,PRIVILEGE_ESCALATION,SIEM-SENSOR-BANK,AST-BANK-035,2026-04-08T22:04:00,2026-04-08T22:05:00,2026-04-08T22:07:00,BENIGN,False,,ANALYST_RAO,False,False,False,CLOSED,DEMO/SYNTHETIC - NOT REAL GOVERNMENT DATA
CSE-BANK-02,ALT-BANK-2026-03745,2026-Q2,2026-05-06T01:08:00,MEDIUM,DATA_EXFILTRATION,SIEM-SENSOR-BANK,AST-BANK-023,2026-05-06T01:11:00,2026-05-06T01:12:00,2026-05-06T01:15:00,BENIGN,False,,ANALYST_VERMA,False,False,False,CLOSED,DEMO/SYNTHETIC - NOT REAL GOVERNMENT DATA
CSE-BANK-02,ALT-BANK-2026-03746,2026-Q2,2026-04-01T06:50:00,CRITICAL,BRUTE_FORCE,SIEM-SENSOR-BANK,AST-BANK-047,2026-04-01T07:10:00,2026-04-01T07:11:00,2026-04-01T07:14:00,BENIGN,False,,ANALYST_RAO,False,False,False,CLOSED,DEMO/SYNTHETIC - NOT REAL GOVERNMENT DATA
CSE-BANK-02,ALT-BANK-2026-03747,2026-Q2,2026-06-13T19:54:00,LOW,PRIVILEGE_ESCALATION,SIEM-SENSOR-BANK,AST-BANK-074,2026-06-13T20:04:00,2026-06-13T20:05:00,2026-06-13T20:06:00,BENIGN,False,,ANALYST_VERMA,False,False,False,CLOSED,DEMO/SYNTHETIC - NOT REAL GOVERNMENT DATA
CSE-BANK-02,ALT-BANK-2026-03748,2026-Q2,2026-05-27T03:27:00,HIGH,PRIVILEGE_ESCALATION,SIEM-SENSOR-BANK,AST-BANK-117,2026-05-27T03:41:00,2026-05-27T03:42:00,2026-05-27T03:43:00,BENIGN,False,,ANALYST_VERMA,False,False,False,CLOSED,DEMO/SYNTHETIC - NOT REAL GOVERNMENT DATA
CSE-BANK-02,ALT-BANK-2026-03749,2026-Q2,2026-04-16T17:05:00,CRITICAL,POLICY_VIOLATION,SIEM-SENSOR-BANK,AST-BANK-099,2026-04-16T17:13:00,2026-04-16T17:14:00,2026-04-16T17:16:00,BENIGN,False,,ANALYST_SHARMA,False,False,False,CLOSED,DEMO/SYNTHETIC - NOT REAL GOVERNMENT DATA
CSE-BANK-02,ALT-BANK-2026-03750,2026-Q2,2026-06-10T01:42:00,CRITICAL,PRIVILEGE_ESCALATION,SIEM-SENSOR-BANK,AST-BANK-026,2026-06-10T01:50:00,2026-06-10T01:51:00,2026-06-10T01:55:00,BENIGN,False,,ANALYST_PATEL,False,False,False,CLOSED,DEMO/SYNTHETIC - NOT REAL GOVERNMENT DATA
CSE-BANK-02,ALT-BANK-2026-03751,2026-Q2,2026-04-10T09:17:00,LOW,BRUTE_FORCE,SIEM-SENSOR-BANK,AST-BANK-061,2026-04-10T09:23:00,2026-04-10T09:24:00,2026-04-10T09:25:00,BENIGN,False,,ANALYST_PATEL,False,False,False,CLOSED,DEMO/SYNTHETIC - NOT REAL GOVERNMENT DATA
CSE-BANK-02,ALT-BANK-2026-03752,2026-Q2,2026-05-14T02:19:00,MEDIUM,SCADA_COMMAND_ANOMALY,SIEM-SENSOR-BANK,AST-BANK-016,2026-05-14T02:24:00,2026-05-14T02:25:00,2026-05-14T02:28:00,BENIGN,False,,ANALYST_SHARMA,False,False,False,CLOSED,DEMO/SYNTHETIC - NOT REAL GOVERNMENT DATA
CSE-BANK-02,ALT-BANK-2026-03753,2026-Q2,2026-05-23T17:31:00,LOW,DDOS_ATTACK,SIEM-SENSOR-BANK,AST-BANK-015,2026-05-23T17:48:00,2026-05-23T17:49:00,2026-05-23T17:51:00,BENIGN,False,,ANALYST_SHARMA,False,False,False,CLOSED,DEMO/SYNTHETIC - NOT REAL GOVERNMENT DATA
CSE-BANK-02,ALT-BANK-2026-03754,2026-Q2,2026-04-23T03:23:00,CRITICAL,DATA_EXFILTRATION,SIEM-SENSOR-BANK,AST-BANK-045,2026-04-23T03:31:00,2026-04-23T03:32:00,2026-04-23T03:35:00,BENIGN,False,,ANALYST_SHARMA,False,False,False,CLOSED,DEMO/SYNTHETIC - NOT REAL GOVERNMENT DATA
CSE-BANK-02,ALT-BANK-2026-03755,2026-Q2,2026-05-12T20:37:00,HIGH,POLICY_VIOLATION,SIEM-SENSOR-BANK,AST-BANK-029,2026-05-12T20:45:00,2026-05-12T20:46:00,2026-05-12T20:47:00,BENIGN,False,,ANALYST_SHARMA,False,False,False,CLOSED,DEMO/SYNTHETIC - NOT REAL GOVERNMENT DATA
CSE-BANK-02,ALT-BANK-2026-03756,2026-Q2,2026-04-20T03:12:00,MEDIUM,BRUTE_FORCE,SIEM-SENSOR-BANK,AST-BANK-093,2026-04-20T03:23:00,2026-04-20T03:24:00,2026-04-20T03:26:00,BENIGN,False,,ANALYST_VERMA,False,False,False,CLOSED,DEMO/SYNTHETIC - NOT REAL GOVERNMENT DATA
CSE-BANK-02,ALT-BANK-2026-03757,2026-Q2,2026-05-19T12:44:00,HIGH,BRUTE_FORCE,SIEM-SENSOR-BANK,AST-BANK-026,2026-05-19T12:51:00,2026-05-19T12:52:00,2026-05-19T12:53:00,BENIGN,False,,ANALYST_SINGH,False,False,False,CLOSED,DEMO/SYNTHETIC - NOT REAL GOVERNMENT DATA
CSE-BANK-02,ALT-BANK-2026-03758,2026-Q2,2026-05-13T07:37:00,CRITICAL,DATA_EXFILTRATION,SIEM-SENSOR-BANK,AST-BANK-002,2026-05-13T07:39:00,2026-05-13T07:40:00,2026-05-13T07:41:00,BENIGN,False,,ANALYST_SINGH,False,False,False,CLOSED,DEMO/SYNTHETIC - NOT REAL GOVERNMENT DATA
CSE-BANK-02,ALT-BANK-2026-03759,2026-Q2,2026-05-08T13:46:00,CRITICAL,MALWARE,SIEM-SENSOR-BANK,AST-BANK-002,2026-05-08T14:05:00,2026-05-08T14:06:00,2026-05-08T14:09:00,BENIGN,False,,ANALYST_RAO,False,False,False,CLOSED,DEMO/SYNTHETIC - NOT REAL GOVERNMENT DATA
CSE-BANK-02,ALT-BANK-2026-03760,2026-Q2,2026-06-16T17:18:00,CRITICAL,POLICY_VIOLATION,SIEM-SENSOR-BANK,AST-BANK-048,2026-06-16T17:26:00,2026-06-16T17:27:00,2026-06-16T17:31:00,BENIGN,False,,ANALYST_VERMA,False,False,False,CLOSED,DEMO/SYNTHETIC - NOT REAL GOVERNMENT DATA
CSE-BANK-02,ALT-BANK-2026-03761,2026-Q2,2026-04-08T00:30:00,CRITICAL,BRUTE_FORCE,SIEM-SENSOR-BANK,AST-BANK-118,2026-04-08T00:38:00,2026-04-08T00:39:00,2026-04-08T00:42:00,BENIGN,False,,ANALYST_VERMA,False,False,False,CLOSED,DEMO/SYNTHETIC - NOT REAL GOVERNMENT DATA
CSE-BANK-02,ALT-BANK-2026-03762,2026-Q2,2026-05-01T06:44:00,CRITICAL,DDOS_ATTACK,SIEM-SENSOR-BANK,AST-BANK-117,2026-05-01T06:54:00,2026-05-01T06:55:00,2026-05-01T06:56:00,BENIGN,False,,ANALYST_PATEL,False,False,False,CLOSED,DEMO/SYNTHETIC - NOT REAL GOVERNMENT DATA
CSE-BANK-02,ALT-BANK-2026-03763,2026-Q2,2026-05-27T11:07:00,HIGH,UNAUTHORIZED_ACCESS,SIEM-SENSOR-BANK,AST-BANK-058,2026-05-27T11:21:00,2026-05-27T11:22:00,2026-05-27T11:25:00,BENIGN,False,,ANALYST_RAO,False,False,False,CLOSED,DEMO/SYNTHETIC - NOT REAL GOVERNMENT DATA
CSE-BANK-02,ALT-BANK-2026-03764,2026-Q2,2026-06-08T04:21:00,LOW,DATA_EXFILTRATION,SIEM-SENSOR-BANK,AST-BANK-066,2026-06-08T04:39:00,2026-06-08T04:40:00,2026-06-08T04:44:00,BENIGN,False,,ANALYST_VERMA,False,False,False,CLOSED,DEMO/SYNTHETIC - NOT REAL GOVERNMENT DATA
CSE-BANK-02,ALT-BANK-2026-03765,2026-Q2,2026-05-19T02:09:00,CRITICAL,PRIVILEGE_ESCALATION,SIEM-SENSOR-BANK,AST-BANK-099,2026-05-19T02:26:00,2026-05-19T02:27:00,2026-05-19T02:28:00,BENIGN,False,,ANALYST_PATEL,False,False,False,CLOSED,DEMO/SYNTHETIC - NOT REAL GOVERNMENT DATA
CSE-BANK-02,ALT-BANK-2026-03766,2026-Q2,2026-05-14T00:30:00,MEDIUM,UNAUTHORIZED_ACCESS,SIEM-SENSOR-BANK,AST-BANK-090,2026-05-14T00:33:00,2026-05-14T00:34:00,2026-05-14T00:38:00,BENIGN,False,,ANALYST_PATEL,False,False,False,CLOSED,DEMO/SYNTHETIC - NOT REAL GOVERNMENT DATA
CSE-BANK-02,ALT-BANK-2026-03767,2026-Q2,2026-06-12T08:43:00,HIGH,PRIVILEGE_ESCALATION,SIEM-SENSOR-BANK,AST-BANK-050,2026-06-12T08:57:00,2026-06-12T08:58:00,2026-06-12T09:02:00,BENIGN,False,,ANALYST_VERMA,False,False,False,CLOSED,DEMO/SYNTHETIC - NOT REAL GOVERNMENT DATA
CSE-BANK-02,ALT-BANK-2026-03768,2026-Q2,2026-05-22T14:12:00,CRITICAL,RANSOMWARE,SIEM-SENSOR-BANK,AST-BANK-097,2026-05-22T14:26:00,2026-05-22T14:27:00,2026-05-22T14:29:00,BENIGN,False,,ANALYST_PATEL,False,False,False,CLOSED,DEMO/SYNTHETIC - NOT REAL GOVERNMENT DATA
CSE-BANK-02,ALT-BANK-2026-03769,2026-Q2,2026-06-06T12:15:00,CRITICAL,POLICY_VIOLATION,SIEM-SENSOR-BANK,AST-BANK-043,2026-06-06T12:32:00,2026-06-06T12:33:00,2026-06-06T12:34:00,BENIGN,False,,ANALYST_RAO,False,False,False,CLOSED,DEMO/SYNTHETIC - NOT REAL GOVERNMENT DATA
CSE-BANK-02,ALT-BANK-2026-03770,2026-Q2,2026-04-16T21:05:00,CRITICAL,DATA_EXFILTRATION,SIEM-SENSOR-BANK,AST-BANK-026,2026-04-16T21:13:00,2026-04-16T21:14:00,2026-04-16T21:16:00,BENIGN,False,,ANALYST_RAO,False,False,False,CLOSED,DEMO/SYNTHETIC - NOT REAL GOVERNMENT DATA
CSE-BANK-02,ALT-BANK-2026-03771,2026-Q2,2026-06-12T08:10:00,MEDIUM,MALWARE,SIEM-SENSOR-BANK,AST-BANK-066,2026-06-12T08:29:00,2026-06-12T08:30:00,2026-06-12T08:31:00,BENIGN,False,,ANALYST_VERMA,False,False,False,CLOSED,DEMO/SYNTHETIC - NOT REAL GOVERNMENT DATA
CSE-BANK-02,ALT-BANK-2026-03772,2026-Q2,2026-05-24T11:47:00,HIGH,DDOS_ATTACK,SIEM-SENSOR-BANK,AST-BANK-002,2026-05-24T11:50:00,2026-05-24T11:51:00,2026-05-24T11:53:00,BENIGN,False,,ANALYST_RAO,False,False,False,CLOSED,DEMO/SYNTHETIC - NOT REAL GOVERNMENT DATA
CSE-BANK-02,ALT-BANK-2026-03773,2026-Q2,2026-06-11T21:29:00,CRITICAL,POLICY_VIOLATION,SIEM-SENSOR-BANK,AST-BANK-060,2026-06-11T21:43:00,2026-06-11T21:44:00,2026-06-11T21:47:00,BENIGN,False,,ANALYST_SHARMA,False,False,False,CLOSED,DEMO/SYNTHETIC - NOT REAL GOVERNMENT DATA
CSE-BANK-02,ALT-BANK-2026-03774,2026-Q2,2026-06-09T02:13:00,CRITICAL,POLICY_VIOLATION,SIEM-SENSOR-BANK,AST-BANK-067,2026-06-09T02:33:00,2026-06-09T02:34:00,2026-06-09T02:36:00,BENIGN,False,,ANALYST_VERMA,False,False,False,CLOSED,DEMO/SYNTHETIC - NOT REAL GOVERNMENT DATA
CSE-BANK-02,ALT-BANK-2026-03775,2026-Q2,2026-05-05T23:18:00,LOW,RANSOMWARE,SIEM-SENSOR-BANK,AST-BANK-114,2026-05-05T23:21:00,2026-05-05T23:22:00,2026-05-05T23:26:00,BENIGN,False,,ANALYST_RAO,False,False,False,CLOSED,DEMO/SYNTHETIC - NOT REAL GOVERNMENT DATA
CSE-BANK-02,ALT-BANK-2026-03776,2026-Q2,2026-05-10T06:48:00,HIGH,RANSOMWARE,SIEM-SENSOR-BANK,AST-BANK-086,2026-05-10T07:02:00,2026-05-10T07:03:00,2026-05-10T07:04:00,BENIGN,False,,ANALYST_PATEL,False,False,False,CLOSED,DEMO/SYNTHETIC - NOT REAL GOVERNMENT DATA
CSE-BANK-02,ALT-BANK-2026-03777,2026-Q2,2026-05-21T22:09:00,MEDIUM,RANSOMWARE,SIEM-SENSOR-BANK,AST-BANK-070,2026-05-21T22:18:00,2026-05-21T22:19:00,2026-05-21T22:20:00,BENIGN,False,,ANALYST_VERMA,False,False,False,CLOSED,DEMO/SYNTHETIC - NOT REAL GOVERNMENT DATA
CSE-BANK-02,ALT-BANK-2026-03778,2026-Q2,2026-06-14T09:30:00,LOW,SCADA_COMMAND_ANOMALY,SIEM-SENSOR-BANK,AST-BANK-088,2026-06-14T09:40:00,2026-06-14T09:41:00,2026-06-14T09:44:00,BENIGN,False,,ANALYST_SINGH,False,False,False,CLOSED,DEMO/SYNTHETIC - NOT REAL GOVERNMENT DATA
CSE-BANK-02,ALT-BANK-2026-03779,2026-Q2,2026-05-17T13:45:00,HIGH,UNAUTHORIZED_ACCESS,SIEM-SENSOR-BANK,AST-BANK-111,2026-05-17T13:50:00,2026-05-17T13:51:00,2026-05-17T13:55:00,BENIGN,False,,ANALYST_VERMA,False,False,False,CLOSED,DEMO/SYNTHETIC - NOT REAL GOVERNMENT DATA
CSE-BANK-02,ALT-BANK-2026-03780,2026-Q2,2026-06-04T12:23:00,HIGH,POLICY_VIOLATION,SIEM-SENSOR-BANK,AST-BANK-077,2026-06-04T12:34:00,2026-06-04T12:35:00,2026-06-04T12:36:00,BENIGN,False,,ANALYST_PATEL,False,False,False,CLOSED,DEMO/SYNTHETIC - NOT REAL GOVERNMENT DATA
CSE-BANK-02,ALT-BANK-2026-03781,2026-Q2,2026-06-20T05:38:00,HIGH,DATA_EXFILTRATION,SIEM-SENSOR-BANK,AST-BANK-042,2026-06-20T05:56:00,2026-06-20T05:57:00,2026-06-20T05:59:00,BENIGN,False,,ANALYST_RAO,False,False,False,CLOSED,DEMO/SYNTHETIC - NOT REAL GOVERNMENT DATA
CSE-BANK-02,ALT-BANK-2026-03782,2026-Q2,2026-05-29T15:07:00,HIGH,PRIVILEGE_ESCALATION,SIEM-SENSOR-BANK,AST-BANK-078,2026-05-29T15:12:00,2026-05-29T15:13:00,2026-05-29T15:16:00,BENIGN,False,,ANALYST_SHARMA,False,False,False,CLOSED,DEMO/SYNTHETIC - NOT REAL GOVERNMENT DATA
CSE-BANK-02,ALT-BANK-2026-03783,2026-Q2,2026-04-15T23:14:00,HIGH,DATA_EXFILTRATION,SIEM-SENSOR-BANK,AST-BANK-087,2026-04-15T23:31:00,2026-04-15T23:32:00,2026-04-15T23:34:00,BENIGN,False,,ANALYST_SINGH,False,False,False,CLOSED,DEMO/SYNTHETIC - NOT REAL GOVERNMENT DATA
CSE-BANK-02,ALT-BANK-2026-03784,2026-Q2,2026-06-14T03:07:00,HIGH,DATA_EXFILTRATION,SIEM-SENSOR-BANK,AST-BANK-111,2026-06-14T03:10:00,2026-06-14T03:11:00,2026-06-14T03:12:00,BENIGN,False,,ANALYST_RAO,False,False,False,CLOSED,DEMO/SYNTHETIC - NOT REAL GOVERNMENT DATA
CSE-BANK-02,ALT-BANK-2026-03785,2026-Q2,2026-05-03T14:49:00,HIGH,SCADA_COMMAND_ANOMALY,SIEM-SENSOR-BANK,AST-BANK-023,2026-05-03T14:53:00,2026-05-03T14:54:00,2026-05-03T14:58:00,BENIGN,False,,ANALYST_VERMA,False,False,False,CLOSED,DEMO/SYNTHETIC - NOT REAL GOVERNMENT DATA
CSE-BANK-02,ALT-BANK-2026-03786,2026-Q2,2026-04-15T15:41:00,CRITICAL,SCADA_COMMAND_ANOMALY,SIEM-SENSOR-BANK,AST-BANK-110,2026-04-15T15:47:00,2026-04-15T15:48:00,2026-04-15T15:51:00,BENIGN,False,,ANALYST_PATEL,False,False,False,CLOSED,DEMO/SYNTHETIC - NOT REAL GOVERNMENT DATA
CSE-BANK-02,ALT-BANK-2026-03787,2026-Q2,2026-05-04T23:10:00,LOW,BRUTE_FORCE,SIEM-SENSOR-BANK,AST-BANK-082,2026-05-04T23:12:00,2026-05-04T23:13:00,2026-05-04T23:16:00,BENIGN,False,,ANALYST_PATEL,False,False,False,CLOSED,DEMO/SYNTHETIC - NOT REAL GOVERNMENT DATA
CSE-BANK-02,ALT-BANK-2026-03788,2026-Q2,2026-06-18T02:11:00,LOW,PRIVILEGE_ESCALATION,SIEM-SENSOR-BANK,AST-BANK-015,2026-06-18T02:16:00,2026-06-18T02:17:00,2026-06-18T02:21:00,BENIGN,False,,ANALYST_VERMA,False,False,False,CLOSED,DEMO/SYNTHETIC - NOT REAL GOVERNMENT DATA
CSE-BANK-02,ALT-BANK-2026-03789,2026-Q2,2026-05-10T14:59:00,HIGH,DDOS_ATTACK,SIEM-SENSOR-BANK,AST-BANK-097,2026-05-10T15:13:00,2026-05-10T15:14:00,2026-05-10T15:17:00,BENIGN,False,,ANALYST_VERMA,False,False,False,CLOSED,DEMO/SYNTHETIC - NOT REAL GOVERNMENT DATA
CSE-BANK-02,ALT-BANK-2026-03790,2026-Q2,2026-04-16T16:13:00,MEDIUM,POLICY_VIOLATION,SIEM-SENSOR-BANK,AST-BANK-004,2026-04-16T16:29:00,2026-04-16T16:30:00,2026-04-16T16:31:00,BENIGN,False,,ANALYST_RAO,False,False,False,CLOSED,DEMO/SYNTHETIC - NOT REAL GOVERNMENT DATA
CSE-BANK-02,ALT-BANK-2026-03791,2026-Q2,2026-04-25T14:48:00,CRITICAL,MALWARE,SIEM-SENSOR-BANK,AST-BANK-047,2026-04-25T15:02:00,2026-04-25T15:03:00,2026-04-25T15:05:00,BENIGN,False,,ANALYST_SHARMA,False,False,False,CLOSED,DEMO/SYNTHETIC - NOT REAL GOVERNMENT DATA
CSE-BANK-02,ALT-BANK-2026-03792,2026-Q2,2026-04-15T23:08:00,CRITICAL,RANSOMWARE,SIEM-SENSOR-BANK,AST-BANK-110,2026-04-15T23:26:00,2026-04-15T23:27:00,2026-04-15T23:28:00,BENIGN,False,,ANALYST_RAO,False,False,False,CLOSED,DEMO/SYNTHETIC - NOT REAL GOVERNMENT DATA
CSE-BANK-02,ALT-BANK-2026-03793,2026-Q2,2026-05-01T19:40:00,HIGH,PRIVILEGE_ESCALATION,SIEM-SENSOR-BANK,AST-BANK-011,2026-05-01T19:55:00,2026-05-01T19:56:00,2026-05-01T19:58:00,BENIGN,False,,ANALYST_PATEL,False,False,False,CLOSED,DEMO/SYNTHETIC - NOT REAL GOVERNMENT DATA
CSE-BANK-02,ALT-BANK-2026-03794,2026-Q2,2026-05-04T11:09:00,CRITICAL,PRIVILEGE_ESCALATION,SIEM-SENSOR-BANK,AST-BANK-047,2026-05-04T11:29:00,2026-05-04T11:30:00,2026-05-04T11:34:00,BENIGN,False,,ANALYST_PATEL,False,False,False,CLOSED,DEMO/SYNTHETIC - NOT REAL GOVERNMENT DATA
CSE-BANK-02,ALT-BANK-2026-03795,2026-Q2,2026-04-23T07:52:00,MEDIUM,BRUTE_FORCE,SIEM-SENSOR-BANK,AST-BANK-102,2026-04-23T08:10:00,2026-04-23T08:11:00,2026-04-23T08:14:00,BENIGN,False,,ANALYST_PATEL,False,False,False,CLOSED,DEMO/SYNTHETIC - NOT REAL GOVERNMENT DATA
CSE-BANK-02,ALT-BANK-2026-03796,2026-Q2,2026-05-16T05:54:00,CRITICAL,MALWARE,SIEM-SENSOR-BANK,AST-BANK-079,2026-05-16T06:11:00,2026-05-16T06:12:00,2026-05-16T06:13:00,BENIGN,False,,ANALYST_SINGH,False,False,False,CLOSED,DEMO/SYNTHETIC - NOT REAL GOVERNMENT DATA
CSE-BANK-02,ALT-BANK-2026-03797,2026-Q2,2026-04-24T11:40:00,HIGH,SCADA_COMMAND_ANOMALY,SIEM-SENSOR-BANK,AST-BANK-037,2026-04-24T11:59:00,2026-04-24T12:00:00,2026-04-24T12:03:00,BENIGN,False,,ANALYST_RAO,False,False,False,CLOSED,DEMO/SYNTHETIC - NOT REAL GOVERNMENT DATA
CSE-BANK-02,ALT-BANK-2026-03798,2026-Q2,2026-05-11T09:08:00,CRITICAL,UNAUTHORIZED_ACCESS,SIEM-SENSOR-BANK,AST-BANK-042,2026-05-11T09:26:00,2026-05-11T09:27:00,2026-05-11T09:31:00,BENIGN,False,,ANALYST_RAO,False,False,False,CLOSED,DEMO/SYNTHETIC - NOT REAL GOVERNMENT DATA
CSE-BANK-02,ALT-BANK-2026-03799,2026-Q2,2026-04-23T18:07:00,CRITICAL,SCADA_COMMAND_ANOMALY,SIEM-SENSOR-BANK,AST-BANK-085,2026-04-23T18:21:00,2026-04-23T18:22:00,2026-04-23T18:26:00,BENIGN,False,,ANALYST_PATEL,False,False,False,CLOSED,DEMO/SYNTHETIC - NOT REAL GOVERNMENT DATA
CSE-BANK-02,ALT-BANK-2026-03800,2026-Q2,2026-05-01T07:41:00,HIGH,RANSOMWARE,SIEM-SENSOR-BANK,AST-BANK-059,2026-05-01T07:56:00,2026-05-01T07:57:00,2026-05-01T07:59:00,BENIGN,False,,ANALYST_SHARMA,False,False,False,CLOSED,DEMO/SYNTHETIC - NOT REAL GOVERNMENT DATA
CSE-BANK-02,ALT-BANK-2026-03801,2026-Q2,2026-04-19T06:03:00,CRITICAL,BRUTE_FORCE,SIEM-SENSOR-BANK,AST-BANK-057,2026-04-19T06:16:00,2026-04-19T06:17:00,2026-04-19T06:20:00,BENIGN,False,,ANALYST_SHARMA,False,False,False,CLOSED,DEMO/SYNTHETIC - NOT REAL GOVERNMENT DATA
CSE-BANK-02,ALT-BANK-2026-03802,2026-Q2,2026-06-01T13:12:00,CRITICAL,PRIVILEGE_ESCALATION,SIEM-SENSOR-BANK,AST-BANK-084,2026-06-01T13:26:00,2026-06-01T13:27:00,2026-06-01T13:31:00,BENIGN,False,,ANALYST_SHARMA,False,False,False,CLOSED,DEMO/SYNTHETIC - NOT REAL GOVERNMENT DATA
CSE-BANK-02,ALT-BANK-2026-03803,2026-Q2,2026-04-17T02:56:00,HIGH,DDOS_ATTACK,SIEM-SENSOR-BANK,AST-BANK-082,2026-04-17T03:06:00,2026-04-17T03:07:00,2026-04-17T03:11:00,BENIGN,False,,ANALYST_SINGH,False,False,False,CLOSED,DEMO/SYNTHETIC - NOT REAL GOVERNMENT DATA
CSE-BANK-02,ALT-BANK-2026-03804,2026-Q2,2026-04-27T15:18:00,MEDIUM,UNAUTHORIZED_ACCESS,SIEM-SENSOR-BANK,AST-BANK-031,2026-04-27T15:26:00,2026-04-27T15:27:00,2026-04-27T15:31:00,BENIGN,False,,ANALYST_SHARMA,False,False,False,CLOSED,DEMO/SYNTHETIC - NOT REAL GOVERNMENT DATA
CSE-BANK-02,ALT-BANK-2026-03805,2026-Q2,2026-06-06T13:42:00,MEDIUM,MALWARE,SIEM-SENSOR-BANK,AST-BANK-050,2026-06-06T13:58:00,2026-06-06T13:59:00,2026-06-06T14:00:00,BENIGN,False,,ANALYST_PATEL,False,False,False,CLOSED,DEMO/SYNTHETIC - NOT REAL GOVERNMENT DATA
CSE-BANK-02,ALT-BANK-2026-03806,2026-Q2,2026-05-13T16:16:00,LOW,UNAUTHORIZED_ACCESS,SIEM-SENSOR-BANK,AST-BANK-043,2026-05-13T16:20:00,2026-05-13T16:21:00,2026-05-13T16:25:00,BENIGN,False,,ANALYST_VERMA,False,False,False,CLOSED,DEMO/SYNTHETIC - NOT REAL GOVERNMENT DATA
CSE-BANK-02,ALT-BANK-2026-03807,2026-Q2,2026-05-12T05:11:00,HIGH,POLICY_VIOLATION,SIEM-SENSOR-BANK,AST-BANK-050,2026-05-12T05:27:00,2026-05-12T05:28:00,2026-05-12T05:30:00,BENIGN,False,,ANALYST_SHARMA,False,False,False,CLOSED,DEMO/SYNTHETIC - NOT REAL GOVERNMENT DATA
CSE-BANK-02,ALT-BANK-2026-03808,2026-Q2,2026-05-30T08:56:00,HIGH,UNAUTHORIZED_ACCESS,SIEM-SENSOR-BANK,AST-BANK-032,2026-05-30T09:00:00,2026-05-30T09:01:00,2026-05-30T09:02:00,BENIGN,False,,ANALYST_RAO,False,False,False,CLOSED,DEMO/SYNTHETIC - NOT REAL GOVERNMENT DATA
CSE-BANK-02,ALT-BANK-2026-03809,2026-Q2,2026-05-18T17:50:00,HIGH,SCADA_COMMAND_ANOMALY,SIEM-SENSOR-BANK,AST-BANK-058,2026-05-18T17:59:00,2026-05-18T18:00:00,2026-05-18T18:03:00,BENIGN,False,,ANALYST_SHARMA,False,False,False,CLOSED,DEMO/SYNTHETIC - NOT REAL GOVERNMENT DATA
CSE-BANK-02,ALT-BANK-2026-03810,2026-Q2,2026-04-12T15:05:00,HIGH,DATA_EXFILTRATION,SIEM-SENSOR-BANK,AST-BANK-086,2026-04-12T15:21:00,2026-04-12T15:22:00,2026-04-12T15:25:00,BENIGN,False,,ANALYST_PATEL,False,False,False,CLOSED,DEMO/SYNTHETIC - NOT REAL GOVERNMENT DATA
CSE-BANK-02,ALT-BANK-2026-03811,2026-Q2,2026-05-14T00:54:00,LOW,UNAUTHORIZED_ACCESS,SIEM-SENSOR-BANK,AST-BANK-078,2026-05-14T00:57:00,2026-05-14T00:58:00,2026-05-14T01:02:00,BENIGN,False,,ANALYST_SINGH,False,False,False,CLOSED,DEMO/SYNTHETIC - NOT REAL GOVERNMENT DATA
CSE-BANK-02,ALT-BANK-2026-03812,2026-Q2,2026-05-04T01:51:00,LOW,POLICY_VIOLATION,SIEM-SENSOR-BANK,AST-BANK-085,2026-05-04T01:58:00,2026-05-04T01:59:00,2026-05-04T02:02:00,BENIGN,False,,ANALYST_SHARMA,False,False,False,CLOSED,DEMO/SYNTHETIC - NOT REAL GOVERNMENT DATA
CSE-BANK-02,ALT-BANK-2026-03813,2026-Q2,2026-05-07T13:06:00,CRITICAL,PRIVILEGE_ESCALATION,SIEM-SENSOR-BANK,AST-BANK-081,2026-05-07T13:13:00,2026-05-07T13:14:00,2026-05-07T13:17:00,BENIGN,False,,ANALYST_RAO,False,False,False,CLOSED,DEMO/SYNTHETIC - NOT REAL GOVERNMENT DATA
CSE-BANK-02,ALT-BANK-2026-03814,2026-Q2,2026-06-20T00:50:00,CRITICAL,POLICY_VIOLATION,SIEM-SENSOR-BANK,AST-BANK-072,2026-06-20T00:53:00,2026-06-20T00:54:00,2026-06-20T00:55:00,BENIGN,False,,ANALYST_VERMA,False,False,False,CLOSED,DEMO/SYNTHETIC - NOT REAL GOVERNMENT DATA
CSE-BANK-02,ALT-BANK-2026-03815,2026-Q2,2026-05-17T17:04:00,CRITICAL,UNAUTHORIZED_ACCESS,SIEM-SENSOR-BANK,AST-BANK-115,2026-05-17T17:13:00,2026-05-17T17:14:00,2026-05-17T17:17:00,BENIGN,False,,ANALYST_PATEL,False,False,False,CLOSED,DEMO/SYNTHETIC - NOT REAL GOVERNMENT DATA
CSE-BANK-02,ALT-BANK-2026-03816,2026-Q2,2026-04-25T03:04:00,MEDIUM,PRIVILEGE_ESCALATION,SIEM-SENSOR-BANK,AST-BANK-082,2026-04-25T03:17:00,2026-04-25T03:18:00,2026-04-25T03:20:00,BENIGN,False,,ANALYST_SHARMA,False,False,False,CLOSED,DEMO/SYNTHETIC - NOT REAL GOVERNMENT DATA
CSE-BANK-02,ALT-BANK-2026-03817,2026-Q2,2026-04-27T08:20:00,MEDIUM,UNAUTHORIZED_ACCESS,SIEM-SENSOR-BANK,AST-BANK-107,2026-04-27T08:40:00,2026-04-27T08:41:00,2026-04-27T08:45:00,BENIGN,False,,ANALYST_PATEL,False,False,False,CLOSED,DEMO/SYNTHETIC - NOT REAL GOVERNMENT DATA
CSE-BANK-02,ALT-BANK-2026-03818,2026-Q2,2026-06-01T02:57:00,MEDIUM,RANSOMWARE,SIEM-SENSOR-BANK,AST-BANK-063,2026-06-01T03:11:00,2026-06-01T03:12:00,2026-06-01T03:16:00,BENIGN,False,,ANALYST_SINGH,False,False,False,CLOSED,DEMO/SYNTHETIC - NOT REAL GOVERNMENT DATA
CSE-BANK-02,ALT-BANK-2026-03819,2026-Q2,2026-06-11T01:24:00,MEDIUM,DDOS_ATTACK,SIEM-SENSOR-BANK,AST-BANK-007,2026-06-11T01:27:00,2026-06-11T01:28:00,2026-06-11T01:32:00,BENIGN,False,,ANALYST_RAO,False,False,False,CLOSED,DEMO/SYNTHETIC - NOT REAL GOVERNMENT DATA
CSE-BANK-02,ALT-BANK-2026-03820,2026-Q2,2026-05-16T03:05:00,HIGH,MALWARE,SIEM-SENSOR-BANK,AST-BANK-071,2026-05-16T03:07:00,2026-05-16T03:08:00,2026-05-16T03:09:00,BENIGN,False,,ANALYST_RAO,False,False,False,CLOSED,DEMO/SYNTHETIC - NOT REAL GOVERNMENT DATA
CSE-BANK-02,ALT-BANK-2026-03821,2026-Q2,2026-05-08T23:17:00,CRITICAL,UNAUTHORIZED_ACCESS,SIEM-SENSOR-BANK,AST-BANK-035,2026-05-08T23:35:00,2026-05-08T23:36:00,2026-05-08T23:38:00,BENIGN,False,,ANALYST_VERMA,False,False,False,CLOSED,DEMO/SYNTHETIC - NOT REAL GOVERNMENT DATA
CSE-BANK-02,ALT-BANK-2026-03822,2026-Q2,2026-05-12T07:06:00,HIGH,MALWARE,SIEM-SENSOR-BANK,AST-BANK-111,2026-05-12T07:21:00,2026-05-12T07:22:00,2026-05-12T07:23:00,BENIGN,False,,ANALYST_RAO,False,False,False,CLOSED,DEMO/SYNTHETIC - NOT REAL GOVERNMENT DATA
CSE-BANK-02,ALT-BANK-2026-03823,2026-Q2,2026-05-15T21:22:00,CRITICAL,DATA_EXFILTRATION,SIEM-SENSOR-BANK,AST-BANK-084,2026-05-15T21:26:00,2026-05-15T21:27:00,2026-05-15T21:29:00,BENIGN,False,,ANALYST_SHARMA,False,False,False,CLOSED,DEMO/SYNTHETIC - NOT REAL GOVERNMENT DATA
CSE-BANK-02,ALT-BANK-2026-03824,2026-Q2,2026-05-04T02:18:00,MEDIUM,BRUTE_FORCE,SIEM-SENSOR-BANK,AST-BANK-018,2026-05-04T02:37:00,2026-05-04T02:38:00,2026-05-04T02:40:00,BENIGN,False,,ANALYST_SINGH,False,False,False,CLOSED,DEMO/SYNTHETIC - NOT REAL GOVERNMENT DATA
CSE-BANK-02,ALT-BANK-2026-03825,2026-Q2,2026-05-20T11:34:00,HIGH,PRIVILEGE_ESCALATION,SIEM-SENSOR-BANK,AST-BANK-082,2026-05-20T11:51:00,2026-05-20T11:52:00,2026-05-20T11:54:00,BENIGN,False,,ANALYST_VERMA,False,False,False,CLOSED,DEMO/SYNTHETIC - NOT REAL GOVERNMENT DATA
CSE-BANK-02,ALT-BANK-2026-03826,2026-Q2,2026-06-08T06:54:00,LOW,DDOS_ATTACK,SIEM-SENSOR-BANK,AST-BANK-101,2026-06-08T07:13:00,2026-06-08T07:14:00,2026-06-08T07:17:00,BENIGN,False,,ANALYST_PATEL,False,False,False,CLOSED,DEMO/SYNTHETIC - NOT REAL GOVERNMENT DATA
CSE-BANK-02,ALT-BANK-2026-03827,2026-Q2,2026-05-23T19:17:00,HIGH,DDOS_ATTACK,SIEM-SENSOR-BANK,AST-BANK-066,2026-05-23T19:33:00,2026-05-23T19:34:00,2026-05-23T19:35:00,BENIGN,False,,ANALYST_RAO,False,False,False,CLOSED,DEMO/SYNTHETIC - NOT REAL GOVERNMENT DATA
CSE-BANK-02,ALT-BANK-2026-03828,2026-Q2,2026-06-17T06:56:00,CRITICAL,PRIVILEGE_ESCALATION,SIEM-SENSOR-BANK,AST-BANK-063,2026-06-17T07:16:00,2026-06-17T07:17:00,2026-06-17T07:21:00,BENIGN,False,,ANALYST_PATEL,False,False,False,CLOSED,DEMO/SYNTHETIC - NOT REAL GOVERNMENT DATA
CSE-BANK-02,ALT-BANK-2026-03829,2026-Q2,2026-05-13T18:06:00,CRITICAL,RANSOMWARE,SIEM-SENSOR-BANK,AST-BANK-077,2026-05-13T18:16:00,2026-05-13T18:17:00,2026-05-13T18:20:00,BENIGN,False,,ANALYST_RAO,False,False,False,CLOSED,DEMO/SYNTHETIC - NOT REAL GOVERNMENT DATA
CSE-BANK-02,ALT-BANK-2026-03830,2026-Q2,2026-06-18T06:00:00,HIGH,SCADA_COMMAND_ANOMALY,SIEM-SENSOR-BANK,AST-BANK-040,2026-06-18T06:16:00,2026-06-18T06:17:00,2026-06-18T06:20:00,BENIGN,False,,ANALYST_RAO,False,False,False,CLOSED,DEMO/SYNTHETIC - NOT REAL GOVERNMENT DATA
CSE-BANK-02,ALT-BANK-2026-03831,2026-Q2,2026-05-03T19:41:00,MEDIUM,MALWARE,SIEM-SENSOR-BANK,AST-BANK-104,2026-05-03T19:44:00,2026-05-03T19:45:00,2026-05-03T19:49:00,BENIGN,False,,ANALYST_VERMA,False,False,False,CLOSED,DEMO/SYNTHETIC - NOT REAL GOVERNMENT DATA
CSE-BANK-02,ALT-BANK-2026-03832,2026-Q2,2026-05-31T03:56:00,LOW,DATA_EXFILTRATION,SIEM-SENSOR-BANK,AST-BANK-084,2026-05-31T04:08:00,2026-05-31T04:09:00,2026-05-31T04:10:00,BENIGN,False,,ANALYST_SINGH,False,False,False,CLOSED,DEMO/SYNTHETIC - NOT REAL GOVERNMENT DATA
CSE-BANK-02,ALT-BANK-2026-03833,2026-Q2,2026-04-20T17:27:00,CRITICAL,BRUTE_FORCE,SIEM-SENSOR-BANK,AST-BANK-010,2026-04-20T17:36:00,2026-04-20T17:37:00,2026-04-20T17:41:00,BENIGN,False,,ANALYST_PATEL,False,False,False,CLOSED,DEMO/SYNTHETIC - NOT REAL GOVERNMENT DATA
CSE-BANK-02,ALT-BANK-2026-03834,2026-Q2,2026-05-23T19:04:00,CRITICAL,BRUTE_FORCE,SIEM-SENSOR-BANK,AST-BANK-101,2026-05-23T19:23:00,2026-05-23T19:24:00,2026-05-23T19:25:00,BENIGN,False,,ANALYST_PATEL,False,False,False,CLOSED,DEMO/SYNTHETIC - NOT REAL GOVERNMENT DATA
CSE-BANK-02,ALT-BANK-2026-03835,2026-Q2,2026-04-29T15:33:00,CRITICAL,BRUTE_FORCE,SIEM-SENSOR-BANK,AST-BANK-006,2026-04-29T15:49:00,2026-04-29T15:50:00,2026-04-29T15:51:00,BENIGN,False,,ANALYST_RAO,False,False,False,CLOSED,DEMO/SYNTHETIC - NOT REAL GOVERNMENT DATA
CSE-BANK-02,ALT-BANK-2026-03836,2026-Q2,2026-06-05T20:41:00,CRITICAL,DATA_EXFILTRATION,SIEM-SENSOR-BANK,AST-BANK-033,2026-06-05T20:50:00,2026-06-05T20:51:00,2026-06-05T20:53:00,BENIGN,False,,ANALYST_RAO,False,False,False,CLOSED,DEMO/SYNTHETIC - NOT REAL GOVERNMENT DATA
CSE-BANK-02,ALT-BANK-2026-03837,2026-Q2,2026-05-15T12:30:00,CRITICAL,BRUTE_FORCE,SIEM-SENSOR-BANK,AST-BANK-073,2026-05-15T12:34:00,2026-05-15T12:35:00,2026-05-15T12:36:00,BENIGN,False,,ANALYST_RAO,False,False,False,CLOSED,DEMO/SYNTHETIC - NOT REAL GOVERNMENT DATA
CSE-BANK-02,ALT-BANK-2026-03838,2026-Q2,2026-04-01T18:17:00,HIGH,MALWARE,SIEM-SENSOR-BANK,AST-BANK-052,2026-04-01T18:35:00,2026-04-01T18:36:00,2026-04-01T18:38:00,BENIGN,False,,ANALYST_RAO,False,False,False,CLOSED,DEMO/SYNTHETIC - NOT REAL GOVERNMENT DATA
CSE-BANK-02,ALT-BANK-2026-03839,2026-Q2,2026-04-10T13:21:00,HIGH,DATA_EXFILTRATION,SIEM-SENSOR-BANK,AST-BANK-104,2026-04-10T13:28:00,2026-04-10T13:29:00,2026-04-10T13:30:00,BENIGN,False,,ANALYST_SINGH,False,False,False,CLOSED,DEMO/SYNTHETIC - NOT REAL GOVERNMENT DATA
CSE-BANK-02,ALT-BANK-2026-03840,2026-Q2,2026-04-01T00:34:00,LOW,SCADA_COMMAND_ANOMALY,SIEM-SENSOR-BANK,AST-BANK-096,2026-04-01T00:51:00,2026-04-01T00:52:00,2026-04-01T00:56:00,BENIGN,False,,ANALYST_PATEL,False,False,False,CLOSED,DEMO/SYNTHETIC - NOT REAL GOVERNMENT DATA
CSE-BANK-02,ALT-BANK-2026-03841,2026-Q2,2026-04-14T09:15:00,HIGH,POLICY_VIOLATION,SIEM-SENSOR-BANK,AST-BANK-022,2026-04-14T09:22:00,2026-04-14T09:23:00,2026-04-14T09:26:00,BENIGN,False,,ANALYST_VERMA,False,False,False,CLOSED,DEMO/SYNTHETIC - NOT REAL GOVERNMENT DATA
CSE-BANK-02,ALT-BANK-2026-03842,2026-Q2,2026-05-12T13:50:00,HIGH,RANSOMWARE,SIEM-SENSOR-BANK,AST-BANK-011,2026-05-12T14:10:00,2026-05-12T14:11:00,2026-05-12T14:13:00,BENIGN,False,,ANALYST_RAO,False,False,False,CLOSED,DEMO/SYNTHETIC - NOT REAL GOVERNMENT DATA
CSE-BANK-02,ALT-BANK-2026-03843,2026-Q2,2026-05-16T09:34:00,HIGH,UNAUTHORIZED_ACCESS,SIEM-SENSOR-BANK,AST-BANK-093,2026-05-16T09:42:00,2026-05-16T09:43:00,2026-05-16T09:45:00,BENIGN,False,,ANALYST_SINGH,False,False,False,CLOSED,DEMO/SYNTHETIC - NOT REAL GOVERNMENT DATA
CSE-BANK-02,ALT-BANK-2026-03844,2026-Q2,2026-05-30T13:55:00,LOW,BRUTE_FORCE,SIEM-SENSOR-BANK,AST-BANK-076,2026-05-30T13:58:00,2026-05-30T13:59:00,2026-05-30T14:01:00,BENIGN,False,,ANALYST_PATEL,False,False,False,CLOSED,DEMO/SYNTHETIC - NOT REAL GOVERNMENT DATA
CSE-BANK-02,ALT-BANK-2026-03845,2026-Q2,2026-05-31T14:15:00,CRITICAL,UNAUTHORIZED_ACCESS,SIEM-SENSOR-BANK,AST-BANK-102,2026-05-31T14:27:00,2026-05-31T14:28:00,2026-05-31T14:30:00,BENIGN,False,,ANALYST_VERMA,False,False,False,CLOSED,DEMO/SYNTHETIC - NOT REAL GOVERNMENT DATA
CSE-BANK-02,ALT-BANK-2026-03846,2026-Q2,2026-05-29T21:20:00,MEDIUM,RANSOMWARE,SIEM-SENSOR-BANK,AST-BANK-027,2026-05-29T21:39:00,2026-05-29T21:40:00,2026-05-29T21:43:00,BENIGN,False,,ANALYST_RAO,False,False,False,CLOSED,DEMO/SYNTHETIC - NOT REAL GOVERNMENT DATA
CSE-BANK-02,ALT-BANK-2026-03847,2026-Q2,2026-05-15T21:04:00,HIGH,DATA_EXFILTRATION,SIEM-SENSOR-BANK,AST-BANK-006,2026-05-15T21:21:00,2026-05-15T21:22:00,2026-05-15T21:25:00,BENIGN,False,,ANALYST_SHARMA,False,False,False,CLOSED,DEMO/SYNTHETIC - NOT REAL GOVERNMENT DATA
CSE-BANK-02,ALT-BANK-2026-03848,2026-Q2,2026-05-26T15:08:00,CRITICAL,POLICY_VIOLATION,SIEM-SENSOR-BANK,AST-BANK-099,2026-05-26T15:26:00,2026-05-26T15:27:00,2026-05-26T15:28:00,BENIGN,False,,ANALYST_PATEL,False,False,False,CLOSED,DEMO/SYNTHETIC - NOT REAL GOVERNMENT DATA
CSE-BANK-02,ALT-BANK-2026-03849,2026-Q2,2026-04-14T16:32:00,CRITICAL,UNAUTHORIZED_ACCESS,SIEM-SENSOR-BANK,AST-BANK-057,2026-04-14T16:35:00,2026-04-14T16:36:00,2026-04-14T16:39:00,BENIGN,False,,ANALYST_SINGH,False,False,False,CLOSED,DEMO/SYNTHETIC - NOT REAL GOVERNMENT DATA
CSE-BANK-02,ALT-BANK-2026-03850,2026-Q2,2026-06-13T11:57:00,HIGH,POLICY_VIOLATION,SIEM-SENSOR-BANK,AST-BANK-099,2026-06-13T12:07:00,2026-06-13T12:08:00,2026-06-13T12:10:00,BENIGN,False,,ANALYST_SHARMA,False,False,False,CLOSED,DEMO/SYNTHETIC - NOT REAL GOVERNMENT DATA
CSE-BANK-02,ALT-BANK-2026-03851,2026-Q2,2026-05-18T07:44:00,HIGH,POLICY_VIOLATION,SIEM-SENSOR-BANK,AST-BANK-053,2026-05-18T07:59:00,2026-05-18T08:00:00,2026-05-18T08:04:00,BENIGN,False,,ANALYST_PATEL,False,False,False,CLOSED,DEMO/SYNTHETIC - NOT REAL GOVERNMENT DATA
CSE-BANK-02,ALT-BANK-2026-03852,2026-Q2,2026-05-02T04:53:00,HIGH,DATA_EXFILTRATION,SIEM-SENSOR-BANK,AST-BANK-076,2026-05-02T05:07:00,2026-05-02T05:08:00,2026-05-02T05:09:00,BENIGN,False,,ANALYST_SINGH,False,False,False,CLOSED,DEMO/SYNTHETIC - NOT REAL GOVERNMENT DATA
CSE-BANK-02,ALT-BANK-2026-03853,2026-Q2,2026-06-02T00:11:00,HIGH,POLICY_VIOLATION,SIEM-SENSOR-BANK,AST-BANK-028,2026-06-02T00:17:00,2026-06-02T00:18:00,2026-06-02T00:20:00,BENIGN,False,,ANALYST_SINGH,False,False,False,CLOSED,DEMO/SYNTHETIC - NOT REAL GOVERNMENT DATA
CSE-BANK-02,ALT-BANK-2026-03854,2026-Q2,2026-06-10T00:23:00,HIGH,MALWARE,SIEM-SENSOR-BANK,AST-BANK-015,2026-06-10T00:38:00,2026-06-10T00:39:00,2026-06-10T00:41:00,BENIGN,False,,ANALYST_SINGH,False,False,False,CLOSED,DEMO/SYNTHETIC - NOT REAL GOVERNMENT DATA
CSE-BANK-02,ALT-BANK-2026-03855,2026-Q2,2026-06-17T12:43:00,MEDIUM,SCADA_COMMAND_ANOMALY,SIEM-SENSOR-BANK,AST-BANK-081,2026-06-17T13:00:00,2026-06-17T13:01:00,2026-06-17T13:03:00,BENIGN,False,,ANALYST_VERMA,False,False,False,CLOSED,DEMO/SYNTHETIC - NOT REAL GOVERNMENT DATA
CSE-BANK-02,ALT-BANK-2026-03856,2026-Q2,2026-06-07T18:55:00,CRITICAL,DATA_EXFILTRATION,SIEM-SENSOR-BANK,AST-BANK-022,2026-06-07T19:14:00,2026-06-07T19:15:00,2026-06-07T19:18:00,BENIGN,False,,ANALYST_SINGH,False,False,False,CLOSED,DEMO/SYNTHETIC - NOT REAL GOVERNMENT DATA
CSE-BANK-02,ALT-BANK-2026-03857,2026-Q2,2026-05-08T09:25:00,MEDIUM,DDOS_ATTACK,SIEM-SENSOR-BANK,AST-BANK-065,2026-05-08T09:45:00,2026-05-08T09:46:00,2026-05-08T09:49:00,BENIGN,False,,ANALYST_PATEL,False,False,False,CLOSED,DEMO/SYNTHETIC - NOT REAL GOVERNMENT DATA
CSE-BANK-02,ALT-BANK-2026-03858,2026-Q2,2026-06-17T19:50:00,MEDIUM,MALWARE,SIEM-SENSOR-BANK,AST-BANK-010,2026-06-17T19:54:00,2026-06-17T19:55:00,2026-06-17T19:57:00,BENIGN,False,,ANALYST_PATEL,False,False,False,CLOSED,DEMO/SYNTHETIC - NOT REAL GOVERNMENT DATA
CSE-BANK-02,ALT-BANK-2026-03859,2026-Q2,2026-04-05T08:19:00,CRITICAL,POLICY_VIOLATION,SIEM-SENSOR-BANK,AST-BANK-078,2026-04-05T08:27:00,2026-04-05T08:28:00,2026-04-05T08:31:00,BENIGN,False,,ANALYST_RAO,False,False,False,CLOSED,DEMO/SYNTHETIC - NOT REAL GOVERNMENT DATA
CSE-BANK-02,ALT-BANK-2026-03860,2026-Q2,2026-06-08T11:26:00,CRITICAL,PRIVILEGE_ESCALATION,SIEM-SENSOR-BANK,AST-BANK-096,2026-06-08T11:37:00,2026-06-08T11:38:00,2026-06-08T11:41:00,BENIGN,False,,ANALYST_SHARMA,False,False,False,CLOSED,DEMO/SYNTHETIC - NOT REAL GOVERNMENT DATA
CSE-BANK-02,ALT-BANK-2026-03861,2026-Q2,2026-05-24T05:16:00,CRITICAL,DATA_EXFILTRATION,SIEM-SENSOR-BANK,AST-BANK-088,2026-05-24T05:21:00,2026-05-24T05:22:00,2026-05-24T05:26:00,BENIGN,False,,ANALYST_RAO,False,False,False,CLOSED,DEMO/SYNTHETIC - NOT REAL GOVERNMENT DATA
CSE-BANK-02,ALT-BANK-2026-03862,2026-Q2,2026-04-28T02:27:00,MEDIUM,DDOS_ATTACK,SIEM-SENSOR-BANK,AST-BANK-099,2026-04-28T02:32:00,2026-04-28T02:33:00,2026-04-28T02:37:00,BENIGN,False,,ANALYST_RAO,False,False,False,CLOSED,DEMO/SYNTHETIC - NOT REAL GOVERNMENT DATA
CSE-BANK-02,ALT-BANK-2026-03863,2026-Q2,2026-04-08T07:14:00,HIGH,UNAUTHORIZED_ACCESS,SIEM-SENSOR-BANK,AST-BANK-033,2026-04-08T07:24:00,2026-04-08T07:25:00,2026-04-08T07:27:00,BENIGN,False,,ANALYST_SINGH,False,False,False,CLOSED,DEMO/SYNTHETIC - NOT REAL GOVERNMENT DATA
CSE-BANK-02,ALT-BANK-2026-03864,2026-Q2,2026-04-15T04:47:00,LOW,DDOS_ATTACK,SIEM-SENSOR-BANK,AST-BANK-103,2026-04-15T04:49:00,2026-04-15T04:50:00,2026-04-15T04:53:00,BENIGN,False,,ANALYST_SINGH,False,False,False,CLOSED,DEMO/SYNTHETIC - NOT REAL GOVERNMENT DATA
CSE-BANK-02,ALT-BANK-2026-03865,2026-Q2,2026-06-04T00:44:00,MEDIUM,PRIVILEGE_ESCALATION,SIEM-SENSOR-BANK,AST-BANK-054,2026-06-04T00:46:00,2026-06-04T00:47:00,2026-06-04T00:49:00,BENIGN,False,,ANALYST_PATEL,False,False,False,CLOSED,DEMO/SYNTHETIC - NOT REAL GOVERNMENT DATA
CSE-BANK-02,ALT-BANK-2026-03866,2026-Q2,2026-06-14T03:40:00,HIGH,SCADA_COMMAND_ANOMALY,SIEM-SENSOR-BANK,AST-BANK-113,2026-06-14T03:58:00,2026-06-14T03:59:00,2026-06-14T04:00:00,BENIGN,False,,ANALYST_PATEL,False,False,False,CLOSED,DEMO/SYNTHETIC - NOT REAL GOVERNMENT DATA
CSE-BANK-02,ALT-BANK-2026-03867,2026-Q2,2026-05-27T04:17:00,CRITICAL,UNAUTHORIZED_ACCESS,SIEM-SENSOR-BANK,AST-BANK-062,2026-05-27T04:26:00,2026-05-27T04:27:00,2026-05-27T04:28:00,BENIGN,False,,ANALYST_RAO,False,False,False,CLOSED,DEMO/SYNTHETIC - NOT REAL GOVERNMENT DATA
CSE-BANK-02,ALT-BANK-2026-03868,2026-Q2,2026-06-11T22:28:00,MEDIUM,MALWARE,SIEM-SENSOR-BANK,AST-BANK-020,2026-06-11T22:43:00,2026-06-11T22:44:00,2026-06-11T22:48:00,BENIGN,False,,ANALYST_SINGH,False,False,False,CLOSED,DEMO/SYNTHETIC - NOT REAL GOVERNMENT DATA
CSE-BANK-02,ALT-BANK-2026-03869,2026-Q2,2026-04-29T08:39:00,HIGH,SCADA_COMMAND_ANOMALY,SIEM-SENSOR-BANK,AST-BANK-090,2026-04-29T08:42:00,2026-04-29T08:43:00,2026-04-29T08:44:00,BENIGN,False,,ANALYST_SINGH,False,False,False,CLOSED,DEMO/SYNTHETIC - NOT REAL GOVERNMENT DATA
CSE-BANK-02,ALT-BANK-2026-03870,2026-Q2,2026-05-12T22:02:00,CRITICAL,PRIVILEGE_ESCALATION,SIEM-SENSOR-BANK,AST-BANK-101,2026-05-12T22:14:00,2026-05-12T22:15:00,2026-05-12T22:18:00,BENIGN,False,,ANALYST_PATEL,False,False,False,CLOSED,DEMO/SYNTHETIC - NOT REAL GOVERNMENT DATA
CSE-BANK-02,ALT-BANK-2026-03871,2026-Q2,2026-06-13T02:45:00,CRITICAL,DDOS_ATTACK,SIEM-SENSOR-BANK,AST-BANK-045,2026-06-13T03:00:00,2026-06-13T03:01:00,2026-06-13T03:05:00,BENIGN,False,,ANALYST_SHARMA,False,False,False,CLOSED,DEMO/SYNTHETIC - NOT REAL GOVERNMENT DATA
CSE-BANK-02,ALT-BANK-2026-03872,2026-Q2,2026-06-14T05:07:00,CRITICAL,BRUTE_FORCE,SIEM-SENSOR-BANK,AST-BANK-093,2026-06-14T05:19:00,2026-06-14T05:20:00,2026-06-14T05:22:00,BENIGN,False,,ANALYST_PATEL,False,False,False,CLOSED,DEMO/SYNTHETIC - NOT REAL GOVERNMENT DATA
CSE-BANK-02,ALT-BANK-2026-03873,2026-Q2,2026-05-22T02:30:00,CRITICAL,DDOS_ATTACK,SIEM-SENSOR-BANK,AST-BANK-061,2026-05-22T02:50:00,2026-05-22T02:51:00,2026-05-22T02:55:00,BENIGN,False,,ANALYST_SHARMA,False,False,False,CLOSED,DEMO/SYNTHETIC - NOT REAL GOVERNMENT DATA
CSE-BANK-02,ALT-BANK-2026-03874,2026-Q2,2026-06-04T07:54:00,HIGH,POLICY_VIOLATION,SIEM-SENSOR-BANK,AST-BANK-018,2026-06-04T07:58:00,2026-06-04T07:59:00,2026-06-04T08:03:00,BENIGN,False,,ANALYST_SHARMA,False,False,False,CLOSED,DEMO/SYNTHETIC - NOT REAL GOVERNMENT DATA
CSE-BANK-02,ALT-BANK-2026-03875,2026-Q2,2026-05-03T17:41:00,MEDIUM,DATA_EXFILTRATION,SIEM-SENSOR-BANK,AST-BANK-060,2026-05-03T17:50:00,2026-05-03T17:51:00,2026-05-03T17:53:00,BENIGN,False,,ANALYST_SHARMA,False,False,False,CLOSED,DEMO/SYNTHETIC - NOT REAL GOVERNMENT DATA
CSE-BANK-02,ALT-BANK-2026-03876,2026-Q2,2026-05-12T17:05:00,MEDIUM,DDOS_ATTACK,SIEM-SENSOR-BANK,AST-BANK-027,2026-05-12T17:24:00,2026-05-12T17:25:00,2026-05-12T17:26:00,BENIGN,False,,ANALYST_RAO,False,False,False,CLOSED,DEMO/SYNTHETIC - NOT REAL GOVERNMENT DATA
CSE-BANK-02,ALT-BANK-2026-03877,2026-Q2,2026-04-05T09:43:00,LOW,RANSOMWARE,SIEM-SENSOR-BANK,AST-BANK-114,2026-04-05T09:49:00,2026-04-05T09:50:00,2026-04-05T09:53:00,BENIGN,False,,ANALYST_SINGH,False,False,False,CLOSED,DEMO/SYNTHETIC - NOT REAL GOVERNMENT DATA
CSE-BANK-02,ALT-BANK-2026-03878,2026-Q2,2026-05-21T18:07:00,HIGH,RANSOMWARE,SIEM-SENSOR-BANK,AST-BANK-096,2026-05-21T18:16:00,2026-05-21T18:17:00,2026-05-21T18:18:00,BENIGN,False,,ANALYST_PATEL,False,False,False,CLOSED,DEMO/SYNTHETIC - NOT REAL GOVERNMENT DATA
CSE-BANK-02,ALT-BANK-2026-03879,2026-Q2,2026-05-14T17:50:00,LOW,SCADA_COMMAND_ANOMALY,SIEM-SENSOR-BANK,AST-BANK-064,2026-05-14T17:57:00,2026-05-14T17:58:00,2026-05-14T18:01:00,BENIGN,False,,ANALYST_SINGH,False,False,False,CLOSED,DEMO/SYNTHETIC - NOT REAL GOVERNMENT DATA
CSE-BANK-02,ALT-BANK-2026-03880,2026-Q2,2026-05-25T12:05:00,CRITICAL,BRUTE_FORCE,SIEM-SENSOR-BANK,AST-BANK-005,2026-05-25T12:09:00,2026-05-25T12:10:00,2026-05-25T12:13:00,BENIGN,False,,ANALYST_SINGH,False,False,False,CLOSED,DEMO/SYNTHETIC - NOT REAL GOVERNMENT DATA
CSE-BANK-02,ALT-BANK-2026-03881,2026-Q2,2026-06-04T02:50:00,HIGH,SCADA_COMMAND_ANOMALY,SIEM-SENSOR-BANK,AST-BANK-079,2026-06-04T02:56:00,2026-06-04T02:57:00,2026-06-04T03:01:00,BENIGN,False,,ANALYST_VERMA,False,False,False,CLOSED,DEMO/SYNTHETIC - NOT REAL GOVERNMENT DATA
CSE-BANK-02,ALT-BANK-2026-03882,2026-Q2,2026-05-12T06:27:00,LOW,BRUTE_FORCE,SIEM-SENSOR-BANK,AST-BANK-039,2026-05-12T06:29:00,2026-05-12T06:30:00,2026-05-12T06:31:00,BENIGN,False,,ANALYST_RAO,False,False,False,CLOSED,DEMO/SYNTHETIC - NOT REAL GOVERNMENT DATA
CSE-BANK-02,ALT-BANK-2026-03883,2026-Q2,2026-06-11T15:35:00,HIGH,UNAUTHORIZED_ACCESS,SIEM-SENSOR-BANK,AST-BANK-030,2026-06-11T15:46:00,2026-06-11T15:47:00,2026-06-11T15:49:00,BENIGN,False,,ANALYST_SINGH,False,False,False,CLOSED,DEMO/SYNTHETIC - NOT REAL GOVERNMENT DATA
CSE-BANK-02,ALT-BANK-2026-03884,2026-Q2,2026-05-20T20:04:00,CRITICAL,BRUTE_FORCE,SIEM-SENSOR-BANK,AST-BANK-037,2026-05-20T20:18:00,2026-05-20T20:19:00,2026-05-20T20:20:00,BENIGN,False,,ANALYST_VERMA,False,False,False,CLOSED,DEMO/SYNTHETIC - NOT REAL GOVERNMENT DATA
CSE-BANK-02,ALT-BANK-2026-03885,2026-Q2,2026-06-07T19:43:00,CRITICAL,DATA_EXFILTRATION,SIEM-SENSOR-BANK,AST-BANK-009,2026-06-07T19:50:00,2026-06-07T19:51:00,2026-06-07T19:52:00,BENIGN,False,,ANALYST_RAO,False,False,False,CLOSED,DEMO/SYNTHETIC - NOT REAL GOVERNMENT DATA
CSE-BANK-02,ALT-BANK-2026-03886,2026-Q2,2026-04-20T02:50:00,HIGH,RANSOMWARE,SIEM-SENSOR-BANK,AST-BANK-102,2026-04-20T03:09:00,2026-04-20T03:10:00,2026-04-20T03:14:00,BENIGN,False,,ANALYST_VERMA,False,False,False,CLOSED,DEMO/SYNTHETIC - NOT REAL GOVERNMENT DATA
CSE-BANK-02,ALT-BANK-2026-03887,2026-Q2,2026-04-27T00:02:00,HIGH,UNAUTHORIZED_ACCESS,SIEM-SENSOR-BANK,AST-BANK-102,2026-04-27T00:09:00,2026-04-27T00:10:00,2026-04-27T00:14:00,BENIGN,False,,ANALYST_VERMA,False,False,False,CLOSED,DEMO/SYNTHETIC - NOT REAL GOVERNMENT DATA
CSE-BANK-02,ALT-BANK-2026-03888,2026-Q2,2026-06-17T22:22:00,LOW,RANSOMWARE,SIEM-SENSOR-BANK,AST-BANK-060,2026-06-17T22:35:00,2026-06-17T22:36:00,2026-06-17T22:40:00,BENIGN,False,,ANALYST_SINGH,False,False,False,CLOSED,DEMO/SYNTHETIC - NOT REAL GOVERNMENT DATA
CSE-BANK-02,ALT-BANK-2026-03889,2026-Q2,2026-06-20T09:41:00,CRITICAL,SCADA_COMMAND_ANOMALY,SIEM-SENSOR-BANK,AST-BANK-076,2026-06-20T09:54:00,2026-06-20T09:55:00,2026-06-20T09:57:00,BENIGN,False,,ANALYST_RAO,False,False,False,CLOSED,DEMO/SYNTHETIC - NOT REAL GOVERNMENT DATA
CSE-BANK-02,ALT-BANK-2026-03890,2026-Q2,2026-04-05T15:08:00,LOW,PRIVILEGE_ESCALATION,SIEM-SENSOR-BANK,AST-BANK-078,2026-04-05T15:10:00,2026-04-05T15:11:00,2026-04-05T15:13:00,BENIGN,False,,ANALYST_RAO,False,False,False,CLOSED,DEMO/SYNTHETIC - NOT REAL GOVERNMENT DATA
CSE-BANK-02,ALT-BANK-2026-03891,2026-Q2,2026-05-04T18:19:00,HIGH,RANSOMWARE,SIEM-SENSOR-BANK,AST-BANK-031,2026-05-04T18:39:00,2026-05-04T18:40:00,2026-05-04T18:43:00,BENIGN,False,,ANALYST_SHARMA,False,False,False,CLOSED,DEMO/SYNTHETIC - NOT REAL GOVERNMENT DATA
CSE-BANK-02,ALT-BANK-2026-03892,2026-Q2,2026-05-11T11:09:00,MEDIUM,MALWARE,SIEM-SENSOR-BANK,AST-BANK-106,2026-05-11T11:21:00,2026-05-11T11:22:00,2026-05-11T11:25:00,BENIGN,False,,ANALYST_RAO,False,False,False,CLOSED,DEMO/SYNTHETIC - NOT REAL GOVERNMENT DATA
CSE-BANK-02,ALT-BANK-2026-03893,2026-Q2,2026-06-19T22:16:00,MEDIUM,MALWARE,SIEM-SENSOR-BANK,AST-BANK-066,2026-06-19T22:20:00,2026-06-19T22:21:00,2026-06-19T22:24:00,BENIGN,False,,ANALYST_RAO,False,False,False,CLOSED,DEMO/SYNTHETIC - NOT REAL GOVERNMENT DATA
CSE-BANK-02,ALT-BANK-2026-03894,2026-Q2,2026-05-01T12:47:00,CRITICAL,PRIVILEGE_ESCALATION,SIEM-SENSOR-BANK,AST-BANK-113,2026-05-01T13:05:00,2026-05-01T13:06:00,2026-05-01T13:10:00,BENIGN,False,,ANALYST_RAO,False,False,False,CLOSED,DEMO/SYNTHETIC - NOT REAL GOVERNMENT DATA
CSE-BANK-02,ALT-BANK-2026-03895,2026-Q2,2026-04-14T07:13:00,MEDIUM,RANSOMWARE,SIEM-SENSOR-BANK,AST-BANK-002,2026-04-14T07:28:00,2026-04-14T07:29:00,2026-04-14T07:30:00,BENIGN,False,,ANALYST_RAO,False,False,False,CLOSED,DEMO/SYNTHETIC - NOT REAL GOVERNMENT DATA
CSE-BANK-02,ALT-BANK-2026-03896,2026-Q2,2026-06-20T07:06:00,CRITICAL,RANSOMWARE,SIEM-SENSOR-BANK,AST-BANK-064,2026-06-20T07:14:00,2026-06-20T07:15:00,2026-06-20T07:19:00,BENIGN,False,,ANALYST_VERMA,False,False,False,CLOSED,DEMO/SYNTHETIC - NOT REAL GOVERNMENT DATA
CSE-BANK-02,ALT-BANK-2026-03897,2026-Q2,2026-05-31T22:44:00,HIGH,SCADA_COMMAND_ANOMALY,SIEM-SENSOR-BANK,AST-BANK-024,2026-05-31T22:52:00,2026-05-31T22:53:00,2026-05-31T22:56:00,BENIGN,False,,ANALYST_SHARMA,False,False,False,CLOSED,DEMO/SYNTHETIC - NOT REAL GOVERNMENT DATA
CSE-BANK-02,ALT-BANK-2026-03898,2026-Q2,2026-06-20T05:47:00,LOW,BRUTE_FORCE,SIEM-SENSOR-BANK,AST-BANK-105,2026-06-20T05:51:00,2026-06-20T05:52:00,2026-06-20T05:53:00,BENIGN,False,,ANALYST_SHARMA,False,False,False,CLOSED,DEMO/SYNTHETIC - NOT REAL GOVERNMENT DATA
CSE-BANK-02,ALT-BANK-2026-03899,2026-Q2,2026-04-04T18:35:00,CRITICAL,UNAUTHORIZED_ACCESS,SIEM-SENSOR-BANK,AST-BANK-065,2026-04-04T18:55:00,2026-04-04T18:56:00,2026-04-04T18:58:00,BENIGN,False,,ANALYST_SINGH,False,False,False,CLOSED,DEMO/SYNTHETIC - NOT REAL GOVERNMENT DATA
CSE-BANK-02,ALT-BANK-2026-03900,2026-Q2,2026-04-29T06:02:00,HIGH,BRUTE_FORCE,SIEM-SENSOR-BANK,AST-BANK-025,2026-04-29T06:06:00,2026-04-29T06:07:00,2026-04-29T06:11:00,BENIGN,False,,ANALYST_PATEL,False,False,False,CLOSED,DEMO/SYNTHETIC - NOT REAL GOVERNMENT DATA
CSE-BANK-02,ALT-BANK-2026-03901,2026-Q2,2026-04-03T05:01:00,MEDIUM,SCADA_COMMAND_ANOMALY,SIEM-SENSOR-BANK,AST-BANK-020,2026-04-03T05:21:00,2026-04-03T05:22:00,2026-04-03T05:26:00,BENIGN,False,,ANALYST_PATEL,False,False,False,CLOSED,DEMO/SYNTHETIC - NOT REAL GOVERNMENT DATA
CSE-BANK-02,ALT-BANK-2026-03902,2026-Q2,2026-06-04T20:07:00,HIGH,DATA_EXFILTRATION,SIEM-SENSOR-BANK,AST-BANK-031,2026-06-04T20:19:00,2026-06-04T20:20:00,2026-06-04T20:24:00,BENIGN,False,,ANALYST_VERMA,False,False,False,CLOSED,DEMO/SYNTHETIC - NOT REAL GOVERNMENT DATA
CSE-BANK-02,ALT-BANK-2026-03903,2026-Q2,2026-04-23T17:15:00,MEDIUM,PRIVILEGE_ESCALATION,SIEM-SENSOR-BANK,AST-BANK-065,2026-04-23T17:17:00,2026-04-23T17:18:00,2026-04-23T17:21:00,BENIGN,False,,ANALYST_PATEL,False,False,False,CLOSED,DEMO/SYNTHETIC - NOT REAL GOVERNMENT DATA
CSE-BANK-02,ALT-BANK-2026-03904,2026-Q2,2026-06-07T14:31:00,HIGH,DDOS_ATTACK,SIEM-SENSOR-BANK,AST-BANK-065,2026-06-07T14:47:00,2026-06-07T14:48:00,2026-06-07T14:52:00,BENIGN,False,,ANALYST_SHARMA,False,False,False,CLOSED,DEMO/SYNTHETIC - NOT REAL GOVERNMENT DATA
CSE-BANK-02,ALT-BANK-2026-03905,2026-Q2,2026-06-11T15:36:00,CRITICAL,DATA_EXFILTRATION,SIEM-SENSOR-BANK,AST-BANK-037,2026-06-11T15:46:00,2026-06-11T15:47:00,2026-06-11T15:50:00,BENIGN,False,,ANALYST_SINGH,False,False,False,CLOSED,DEMO/SYNTHETIC - NOT REAL GOVERNMENT DATA
CSE-BANK-02,ALT-BANK-2026-03906,2026-Q2,2026-04-21T06:41:00,HIGH,SCADA_COMMAND_ANOMALY,SIEM-SENSOR-BANK,AST-BANK-093,2026-04-21T06:51:00,2026-04-21T06:52:00,2026-04-21T06:55:00,BENIGN,False,,ANALYST_SINGH,False,False,False,CLOSED,DEMO/SYNTHETIC - NOT REAL GOVERNMENT DATA
CSE-BANK-02,ALT-BANK-2026-03907,2026-Q2,2026-04-04T22:46:00,LOW,MALWARE,SIEM-SENSOR-BANK,AST-BANK-088,2026-04-04T22:48:00,2026-04-04T22:49:00,2026-04-04T22:51:00,BENIGN,False,,ANALYST_SINGH,False,False,False,CLOSED,DEMO/SYNTHETIC - NOT REAL GOVERNMENT DATA
CSE-BANK-02,ALT-BANK-2026-03908,2026-Q2,2026-06-02T11:16:00,LOW,MALWARE,SIEM-SENSOR-BANK,AST-BANK-119,2026-06-02T11:35:00,2026-06-02T11:36:00,2026-06-02T11:37:00,BENIGN,False,,ANALYST_RAO,False,False,False,CLOSED,DEMO/SYNTHETIC - NOT REAL GOVERNMENT DATA
CSE-BANK-02,ALT-BANK-2026-03909,2026-Q2,2026-05-30T12:34:00,HIGH,RANSOMWARE,SIEM-SENSOR-BANK,AST-BANK-106,2026-05-30T12:42:00,2026-05-30T12:43:00,2026-05-30T12:44:00,BENIGN,False,,ANALYST_SINGH,False,False,False,CLOSED,DEMO/SYNTHETIC - NOT REAL GOVERNMENT DATA
CSE-BANK-02,ALT-BANK-2026-03910,2026-Q2,2026-05-13T19:25:00,HIGH,SCADA_COMMAND_ANOMALY,SIEM-SENSOR-BANK,AST-BANK-049,2026-05-13T19:43:00,2026-05-13T19:44:00,2026-05-13T19:45:00,BENIGN,False,,ANALYST_SINGH,False,False,False,CLOSED,DEMO/SYNTHETIC - NOT REAL GOVERNMENT DATA
CSE-BANK-02,ALT-BANK-2026-03911,2026-Q2,2026-05-05T01:49:00,CRITICAL,DATA_EXFILTRATION,SIEM-SENSOR-BANK,AST-BANK-069,2026-05-05T02:01:00,2026-05-05T02:02:00,2026-05-05T02:05:00,BENIGN,False,,ANALYST_RAO,False,False,False,CLOSED,DEMO/SYNTHETIC - NOT REAL GOVERNMENT DATA
CSE-BANK-02,ALT-BANK-2026-03912,2026-Q2,2026-05-12T07:26:00,HIGH,RANSOMWARE,SIEM-SENSOR-BANK,AST-BANK-084,2026-05-12T07:41:00,2026-05-12T07:42:00,2026-05-12T07:44:00,BENIGN,False,,ANALYST_VERMA,False,False,False,CLOSED,DEMO/SYNTHETIC - NOT REAL GOVERNMENT DATA
CSE-BANK-02,ALT-BANK-2026-03913,2026-Q2,2026-04-28T08:22:00,HIGH,UNAUTHORIZED_ACCESS,SIEM-SENSOR-BANK,AST-BANK-065,2026-04-28T08:26:00,2026-04-28T08:27:00,2026-04-28T08:31:00,BENIGN,False,,ANALYST_SHARMA,False,False,False,CLOSED,DEMO/SYNTHETIC - NOT REAL GOVERNMENT DATA
CSE-BANK-02,ALT-BANK-2026-03914,2026-Q2,2026-05-16T18:24:00,HIGH,BRUTE_FORCE,SIEM-SENSOR-BANK,AST-BANK-091,2026-05-16T18:35:00,2026-05-16T18:36:00,2026-05-16T18:40:00,BENIGN,False,,ANALYST_RAO,False,False,False,CLOSED,DEMO/SYNTHETIC - NOT REAL GOVERNMENT DATA
CSE-BANK-02,ALT-BANK-2026-03915,2026-Q2,2026-05-20T11:33:00,HIGH,UNAUTHORIZED_ACCESS,SIEM-SENSOR-BANK,AST-BANK-068,2026-05-20T11:46:00,2026-05-20T11:47:00,2026-05-20T11:51:00,BENIGN,False,,ANALYST_PATEL,False,False,False,CLOSED,DEMO/SYNTHETIC - NOT REAL GOVERNMENT DATA
CSE-BANK-02,ALT-BANK-2026-03916,2026-Q2,2026-04-16T01:30:00,CRITICAL,BRUTE_FORCE,SIEM-SENSOR-BANK,AST-BANK-013,2026-04-16T01:32:00,2026-04-16T01:33:00,2026-04-16T01:35:00,BENIGN,False,,ANALYST_RAO,False,False,False,CLOSED,DEMO/SYNTHETIC - NOT REAL GOVERNMENT DATA
CSE-BANK-02,ALT-BANK-2026-03917,2026-Q2,2026-04-22T21:13:00,MEDIUM,PRIVILEGE_ESCALATION,SIEM-SENSOR-BANK,AST-BANK-115,2026-04-22T21:28:00,2026-04-22T21:29:00,2026-04-22T21:30:00,BENIGN,False,,ANALYST_PATEL,False,False,False,CLOSED,DEMO/SYNTHETIC - NOT REAL GOVERNMENT DATA
CSE-BANK-02,ALT-BANK-2026-03918,2026-Q2,2026-05-15T16:21:00,MEDIUM,MALWARE,SIEM-SENSOR-BANK,AST-BANK-023,2026-05-15T16:34:00,2026-05-15T16:35:00,2026-05-15T16:36:00,BENIGN,False,,ANALYST_PATEL,False,False,False,CLOSED,DEMO/SYNTHETIC - NOT REAL GOVERNMENT DATA
CSE-BANK-02,ALT-BANK-2026-03919,2026-Q2,2026-05-09T09:13:00,HIGH,DATA_EXFILTRATION,SIEM-SENSOR-BANK,AST-BANK-069,2026-05-09T09:24:00,2026-05-09T09:25:00,2026-05-09T09:29:00,BENIGN,False,,ANALYST_PATEL,False,False,False,CLOSED,DEMO/SYNTHETIC - NOT REAL GOVERNMENT DATA
CSE-BANK-02,ALT-BANK-2026-03920,2026-Q2,2026-04-09T17:06:00,HIGH,PRIVILEGE_ESCALATION,SIEM-SENSOR-BANK,AST-BANK-057,2026-04-09T17:22:00,2026-04-09T17:23:00,2026-04-09T17:27:00,BENIGN,False,,ANALYST_RAO,False,False,False,CLOSED,DEMO/SYNTHETIC - NOT REAL GOVERNMENT DATA
CSE-BANK-02,ALT-BANK-2026-03921,2026-Q2,2026-06-06T04:27:00,HIGH,DDOS_ATTACK,SIEM-SENSOR-BANK,AST-BANK-077,2026-06-06T04:30:00,2026-06-06T04:31:00,2026-06-06T04:35:00,BENIGN,False,,ANALYST_SHARMA,False,False,False,CLOSED,DEMO/SYNTHETIC - NOT REAL GOVERNMENT DATA
CSE-BANK-02,ALT-BANK-2026-03922,2026-Q2,2026-04-30T20:50:00,CRITICAL,DDOS_ATTACK,SIEM-SENSOR-BANK,AST-BANK-046,2026-04-30T20:53:00,2026-04-30T20:54:00,2026-04-30T20:58:00,BENIGN,False,,ANALYST_PATEL,False,False,False,CLOSED,DEMO/SYNTHETIC - NOT REAL GOVERNMENT DATA
CSE-BANK-02,ALT-BANK-2026-03923,2026-Q2,2026-05-30T08:27:00,HIGH,DATA_EXFILTRATION,SIEM-SENSOR-BANK,AST-BANK-028,2026-05-30T08:38:00,2026-05-30T08:39:00,2026-05-30T08:40:00,BENIGN,False,,ANALYST_VERMA,False,False,False,CLOSED,DEMO/SYNTHETIC - NOT REAL GOVERNMENT DATA
CSE-BANK-02,ALT-BANK-2026-03924,2026-Q2,2026-06-12T22:43:00,HIGH,PRIVILEGE_ESCALATION,SIEM-SENSOR-BANK,AST-BANK-044,2026-06-12T22:45:00,2026-06-12T22:46:00,2026-06-12T22:47:00,BENIGN,False,,ANALYST_RAO,False,False,False,CLOSED,DEMO/SYNTHETIC - NOT REAL GOVERNMENT DATA
CSE-BANK-02,ALT-BANK-2026-03925,2026-Q2,2026-04-26T06:12:00,MEDIUM,DATA_EXFILTRATION,SIEM-SENSOR-BANK,AST-BANK-111,2026-04-26T06:16:00,2026-04-26T06:17:00,2026-04-26T06:21:00,BENIGN,False,,ANALYST_VERMA,False,False,False,CLOSED,DEMO/SYNTHETIC - NOT REAL GOVERNMENT DATA
CSE-BANK-02,ALT-BANK-2026-03926,2026-Q2,2026-06-02T22:18:00,HIGH,DDOS_ATTACK,SIEM-SENSOR-BANK,AST-BANK-090,2026-06-02T22:23:00,2026-06-02T22:24:00,2026-06-02T22:27:00,BENIGN,False,,ANALYST_VERMA,False,False,False,CLOSED,DEMO/SYNTHETIC - NOT REAL GOVERNMENT DATA
CSE-BANK-02,ALT-BANK-2026-03927,2026-Q2,2026-05-01T23:16:00,CRITICAL,MALWARE,SIEM-SENSOR-BANK,AST-BANK-051,2026-05-01T23:19:00,2026-05-01T23:20:00,2026-05-01T23:21:00,BENIGN,False,,ANALYST_SHARMA,False,False,False,CLOSED,DEMO/SYNTHETIC - NOT REAL GOVERNMENT DATA
CSE-BANK-02,ALT-BANK-2026-03928,2026-Q2,2026-05-13T23:33:00,MEDIUM,MALWARE,SIEM-SENSOR-BANK,AST-BANK-049,2026-05-13T23:40:00,2026-05-13T23:41:00,2026-05-13T23:43:00,BENIGN,False,,ANALYST_VERMA,False,False,False,CLOSED,DEMO/SYNTHETIC - NOT REAL GOVERNMENT DATA
CSE-BANK-02,ALT-BANK-2026-03929,2026-Q2,2026-04-06T14:44:00,LOW,SCADA_COMMAND_ANOMALY,SIEM-SENSOR-BANK,AST-BANK-109,2026-04-06T15:01:00,2026-04-06T15:02:00,2026-04-06T15:06:00,BENIGN,False,,ANALYST_RAO,False,False,False,CLOSED,DEMO/SYNTHETIC - NOT REAL GOVERNMENT DATA
CSE-BANK-02,ALT-BANK-2026-03930,2026-Q2,2026-06-10T09:26:00,CRITICAL,UNAUTHORIZED_ACCESS,SIEM-SENSOR-BANK,AST-BANK-048,2026-06-10T09:32:00,2026-06-10T09:33:00,2026-06-10T09:34:00,BENIGN,False,,ANALYST_RAO,False,False,False,CLOSED,DEMO/SYNTHETIC - NOT REAL GOVERNMENT DATA
CSE-BANK-02,ALT-BANK-2026-03931,2026-Q2,2026-04-12T02:33:00,HIGH,SCADA_COMMAND_ANOMALY,SIEM-SENSOR-BANK,AST-BANK-023,2026-04-12T02:40:00,2026-04-12T02:41:00,2026-04-12T02:45:00,BENIGN,False,,ANALYST_SINGH,False,False,False,CLOSED,DEMO/SYNTHETIC - NOT REAL GOVERNMENT DATA
CSE-BANK-02,ALT-BANK-2026-03932,2026-Q2,2026-04-30T23:19:00,CRITICAL,SCADA_COMMAND_ANOMALY,SIEM-SENSOR-BANK,AST-BANK-070,2026-04-30T23:30:00,2026-04-30T23:31:00,2026-04-30T23:35:00,BENIGN,False,,ANALYST_SHARMA,False,False,False,CLOSED,DEMO/SYNTHETIC - NOT REAL GOVERNMENT DATA
CSE-BANK-02,ALT-BANK-2026-03933,2026-Q2,2026-05-27T23:16:00,CRITICAL,BRUTE_FORCE,SIEM-SENSOR-BANK,AST-BANK-106,2026-05-27T23:22:00,2026-05-27T23:23:00,2026-05-27T23:27:00,BENIGN,False,,ANALYST_PATEL,False,False,False,CLOSED,DEMO/SYNTHETIC - NOT REAL GOVERNMENT DATA
CSE-BANK-02,ALT-BANK-2026-03934,2026-Q2,2026-04-11T20:22:00,LOW,BRUTE_FORCE,SIEM-SENSOR-BANK,AST-BANK-100,2026-04-11T20:27:00,2026-04-11T20:28:00,2026-04-11T20:31:00,BENIGN,False,,ANALYST_VERMA,False,False,False,CLOSED,DEMO/SYNTHETIC - NOT REAL GOVERNMENT DATA
CSE-BANK-02,ALT-BANK-2026-03935,2026-Q2,2026-06-08T17:48:00,CRITICAL,DDOS_ATTACK,SIEM-SENSOR-BANK,AST-BANK-090,2026-06-08T17:58:00,2026-06-08T17:59:00,2026-06-08T18:01:00,BENIGN,False,,ANALYST_VERMA,False,False,False,CLOSED,DEMO/SYNTHETIC - NOT REAL GOVERNMENT DATA
CSE-BANK-02,ALT-BANK-2026-03936,2026-Q2,2026-06-16T08:27:00,CRITICAL,POLICY_VIOLATION,SIEM-SENSOR-BANK,AST-BANK-094,2026-06-16T08:46:00,2026-06-16T08:47:00,2026-06-16T08:51:00,BENIGN,False,,ANALYST_SHARMA,False,False,False,CLOSED,DEMO/SYNTHETIC - NOT REAL GOVERNMENT DATA
CSE-BANK-02,ALT-BANK-2026-03937,2026-Q2,2026-06-08T06:20:00,LOW,POLICY_VIOLATION,SIEM-SENSOR-BANK,AST-BANK-030,2026-06-08T06:31:00,2026-06-08T06:32:00,2026-06-08T06:35:00,BENIGN,False,,ANALYST_SINGH,False,False,False,CLOSED,DEMO/SYNTHETIC - NOT REAL GOVERNMENT DATA
CSE-BANK-02,ALT-BANK-2026-03938,2026-Q2,2026-05-10T22:50:00,HIGH,POLICY_VIOLATION,SIEM-SENSOR-BANK,AST-BANK-034,2026-05-10T22:58:00,2026-05-10T22:59:00,2026-05-10T23:00:00,BENIGN,False,,ANALYST_SINGH,False,False,False,CLOSED,DEMO/SYNTHETIC - NOT REAL GOVERNMENT DATA
CSE-BANK-02,ALT-BANK-2026-03939,2026-Q2,2026-06-16T17:01:00,HIGH,MALWARE,SIEM-SENSOR-BANK,AST-BANK-032,2026-06-16T17:16:00,2026-06-16T17:17:00,2026-06-16T17:21:00,BENIGN,False,,ANALYST_VERMA,False,False,False,CLOSED,DEMO/SYNTHETIC - NOT REAL GOVERNMENT DATA
CSE-BANK-02,ALT-BANK-2026-03940,2026-Q2,2026-06-05T03:43:00,CRITICAL,BRUTE_FORCE,SIEM-SENSOR-BANK,AST-BANK-043,2026-06-05T03:53:00,2026-06-05T03:54:00,2026-06-05T03:56:00,BENIGN,False,,ANALYST_RAO,False,False,False,CLOSED,DEMO/SYNTHETIC - NOT REAL GOVERNMENT DATA
CSE-BANK-02,ALT-BANK-2026-03941,2026-Q2,2026-04-29T14:15:00,HIGH,POLICY_VIOLATION,SIEM-SENSOR-BANK,AST-BANK-058,2026-04-29T14:25:00,2026-04-29T14:26:00,2026-04-29T14:27:00,BENIGN,False,,ANALYST_SHARMA,False,False,False,CLOSED,DEMO/SYNTHETIC - NOT REAL GOVERNMENT DATA
CSE-BANK-02,ALT-BANK-2026-03942,2026-Q2,2026-05-03T22:21:00,LOW,SCADA_COMMAND_ANOMALY,SIEM-SENSOR-BANK,AST-BANK-069,2026-05-03T22:25:00,2026-05-03T22:26:00,2026-05-03T22:28:00,BENIGN,False,,ANALYST_SINGH,False,False,False,CLOSED,DEMO/SYNTHETIC - NOT REAL GOVERNMENT DATA
CSE-BANK-02,ALT-BANK-2026-03943,2026-Q2,2026-04-25T04:15:00,HIGH,UNAUTHORIZED_ACCESS,SIEM-SENSOR-BANK,AST-BANK-052,2026-04-25T04:21:00,2026-04-25T04:22:00,2026-04-25T04:26:00,BENIGN,False,,ANALYST_VERMA,False,False,False,CLOSED,DEMO/SYNTHETIC - NOT REAL GOVERNMENT DATA
CSE-BANK-02,ALT-BANK-2026-03944,2026-Q2,2026-05-28T10:48:00,HIGH,DATA_EXFILTRATION,SIEM-SENSOR-BANK,AST-BANK-093,2026-05-28T10:59:00,2026-05-28T11:00:00,2026-05-28T11:01:00,BENIGN,False,,ANALYST_PATEL,False,False,False,CLOSED,DEMO/SYNTHETIC - NOT REAL GOVERNMENT DATA
CSE-BANK-02,ALT-BANK-2026-03945,2026-Q2,2026-04-02T09:09:00,CRITICAL,UNAUTHORIZED_ACCESS,SIEM-SENSOR-BANK,AST-BANK-101,2026-04-02T09:29:00,2026-04-02T09:30:00,2026-04-02T09:34:00,BENIGN,False,,ANALYST_PATEL,False,False,False,CLOSED,DEMO/SYNTHETIC - NOT REAL GOVERNMENT DATA
CSE-BANK-02,ALT-BANK-2026-03946,2026-Q2,2026-06-15T22:33:00,HIGH,POLICY_VIOLATION,SIEM-SENSOR-BANK,AST-BANK-053,2026-06-15T22:37:00,2026-06-15T22:38:00,2026-06-15T22:42:00,BENIGN,False,,ANALYST_SHARMA,False,False,False,CLOSED,DEMO/SYNTHETIC - NOT REAL GOVERNMENT DATA
CSE-BANK-02,ALT-BANK-2026-03947,2026-Q2,2026-05-24T21:24:00,HIGH,RANSOMWARE,SIEM-SENSOR-BANK,AST-BANK-106,2026-05-24T21:44:00,2026-05-24T21:45:00,2026-05-24T21:47:00,BENIGN,False,,ANALYST_PATEL,False,False,False,CLOSED,DEMO/SYNTHETIC - NOT REAL GOVERNMENT DATA
CSE-BANK-02,ALT-BANK-2026-03948,2026-Q2,2026-06-03T17:43:00,LOW,DDOS_ATTACK,SIEM-SENSOR-BANK,AST-BANK-082,2026-06-03T18:00:00,2026-06-03T18:01:00,2026-06-03T18:02:00,BENIGN,False,,ANALYST_SHARMA,False,False,False,CLOSED,DEMO/SYNTHETIC - NOT REAL GOVERNMENT DATA
CSE-BANK-02,ALT-BANK-2026-03949,2026-Q2,2026-06-12T15:47:00,HIGH,SCADA_COMMAND_ANOMALY,SIEM-SENSOR-BANK,AST-BANK-077,2026-06-12T15:49:00,2026-06-12T15:50:00,2026-06-12T15:54:00,BENIGN,False,,ANALYST_VERMA,False,False,False,CLOSED,DEMO/SYNTHETIC - NOT REAL GOVERNMENT DATA
CSE-BANK-02,ALT-BANK-2026-03950,2026-Q2,2026-06-13T16:15:00,LOW,RANSOMWARE,SIEM-SENSOR-BANK,AST-BANK-067,2026-06-13T16:17:00,2026-06-13T16:18:00,2026-06-13T16:19:00,BENIGN,False,,ANALYST_SHARMA,False,False,False,CLOSED,DEMO/SYNTHETIC - NOT REAL GOVERNMENT DATA
CSE-BANK-02,ALT-BANK-2026-03951,2026-Q2,2026-04-25T12:56:00,CRITICAL,UNAUTHORIZED_ACCESS,SIEM-SENSOR-BANK,AST-BANK-065,2026-04-25T13:00:00,2026-04-25T13:01:00,2026-04-25T13:04:00,BENIGN,False,,ANALYST_VERMA,False,False,False,CLOSED,DEMO/SYNTHETIC - NOT REAL GOVERNMENT DATA
CSE-BANK-02,ALT-BANK-2026-03952,2026-Q2,2026-04-20T22:45:00,HIGH,DDOS_ATTACK,SIEM-SENSOR-BANK,AST-BANK-062,2026-04-20T22:55:00,2026-04-20T22:56:00,2026-04-20T22:59:00,BENIGN,False,,ANALYST_RAO,False,False,False,CLOSED,DEMO/SYNTHETIC - NOT REAL GOVERNMENT DATA
CSE-BANK-02,ALT-BANK-2026-03953,2026-Q2,2026-05-23T22:56:00,CRITICAL,MALWARE,SIEM-SENSOR-BANK,AST-BANK-019,2026-05-23T22:58:00,2026-05-23T22:59:00,2026-05-23T23:02:00,BENIGN,False,,ANALYST_RAO,False,False,False,CLOSED,DEMO/SYNTHETIC - NOT REAL GOVERNMENT DATA
CSE-BANK-02,ALT-BANK-2026-03954,2026-Q2,2026-05-10T20:24:00,HIGH,SCADA_COMMAND_ANOMALY,SIEM-SENSOR-BANK,AST-BANK-111,2026-05-10T20:35:00,2026-05-10T20:36:00,2026-05-10T20:37:00,BENIGN,False,,ANALYST_PATEL,False,False,False,CLOSED,DEMO/SYNTHETIC - NOT REAL GOVERNMENT DATA
CSE-BANK-02,ALT-BANK-2026-03955,2026-Q2,2026-05-18T18:21:00,CRITICAL,DATA_EXFILTRATION,SIEM-SENSOR-BANK,AST-BANK-024,2026-05-18T18:23:00,2026-05-18T18:24:00,2026-05-18T18:26:00,BENIGN,False,,ANALYST_SHARMA,False,False,False,CLOSED,DEMO/SYNTHETIC - NOT REAL GOVERNMENT DATA
CSE-BANK-02,ALT-BANK-2026-03956,2026-Q2,2026-06-08T18:47:00,CRITICAL,DATA_EXFILTRATION,SIEM-SENSOR-BANK,AST-BANK-103,2026-06-08T19:03:00,2026-06-08T19:04:00,2026-06-08T19:05:00,BENIGN,False,,ANALYST_VERMA,False,False,False,CLOSED,DEMO/SYNTHETIC - NOT REAL GOVERNMENT DATA
CSE-BANK-02,ALT-BANK-2026-03957,2026-Q2,2026-05-08T05:54:00,MEDIUM,RANSOMWARE,SIEM-SENSOR-BANK,AST-BANK-087,2026-05-08T06:12:00,2026-05-08T06:13:00,2026-05-08T06:14:00,BENIGN,False,,ANALYST_PATEL,False,False,False,CLOSED,DEMO/SYNTHETIC - NOT REAL GOVERNMENT DATA
CSE-BANK-02,ALT-BANK-2026-03958,2026-Q2,2026-05-02T23:29:00,MEDIUM,MALWARE,SIEM-SENSOR-BANK,AST-BANK-085,2026-05-02T23:36:00,2026-05-02T23:37:00,2026-05-02T23:40:00,BENIGN,False,,ANALYST_RAO,False,False,False,CLOSED,DEMO/SYNTHETIC - NOT REAL GOVERNMENT DATA
CSE-BANK-02,ALT-BANK-2026-03959,2026-Q2,2026-06-13T12:38:00,MEDIUM,PRIVILEGE_ESCALATION,SIEM-SENSOR-BANK,AST-BANK-063,2026-06-13T12:56:00,2026-06-13T12:57:00,2026-06-13T13:00:00,BENIGN,False,,ANALYST_VERMA,False,False,False,CLOSED,DEMO/SYNTHETIC - NOT REAL GOVERNMENT DATA
CSE-BANK-02,ALT-BANK-2026-03960,2026-Q2,2026-05-30T10:53:00,LOW,MALWARE,SIEM-SENSOR-BANK,AST-BANK-120,2026-05-30T10:55:00,2026-05-30T10:56:00,2026-05-30T11:00:00,BENIGN,False,,ANALYST_VERMA,False,False,False,CLOSED,DEMO/SYNTHETIC - NOT REAL GOVERNMENT DATA
CSE-BANK-02,ALT-BANK-2026-03961,2026-Q2,2026-05-11T18:43:00,HIGH,UNAUTHORIZED_ACCESS,SIEM-SENSOR-BANK,AST-BANK-043,2026-05-11T18:45:00,2026-05-11T18:46:00,2026-05-11T18:48:00,BENIGN,False,,ANALYST_SINGH,False,False,False,CLOSED,DEMO/SYNTHETIC - NOT REAL GOVERNMENT DATA
CSE-BANK-02,ALT-BANK-2026-03962,2026-Q2,2026-04-24T04:17:00,HIGH,UNAUTHORIZED_ACCESS,SIEM-SENSOR-BANK,AST-BANK-030,2026-04-24T04:21:00,2026-04-24T04:22:00,2026-04-24T04:24:00,BENIGN,False,,ANALYST_VERMA,False,False,False,CLOSED,DEMO/SYNTHETIC - NOT REAL GOVERNMENT DATA
CSE-BANK-02,ALT-BANK-2026-03963,2026-Q2,2026-04-25T14:34:00,MEDIUM,UNAUTHORIZED_ACCESS,SIEM-SENSOR-BANK,AST-BANK-008,2026-04-25T14:53:00,2026-04-25T14:54:00,2026-04-25T14:57:00,BENIGN,False,,ANALYST_SINGH,False,False,False,CLOSED,DEMO/SYNTHETIC - NOT REAL GOVERNMENT DATA
CSE-BANK-02,ALT-BANK-2026-03964,2026-Q2,2026-05-23T08:09:00,HIGH,RANSOMWARE,SIEM-SENSOR-BANK,AST-BANK-072,2026-05-23T08:21:00,2026-05-23T08:22:00,2026-05-23T08:25:00,BENIGN,False,,ANALYST_RAO,False,False,False,CLOSED,DEMO/SYNTHETIC - NOT REAL GOVERNMENT DATA
CSE-BANK-02,ALT-BANK-2026-03965,2026-Q2,2026-04-06T14:40:00,HIGH,MALWARE,SIEM-SENSOR-BANK,AST-BANK-100,2026-04-06T14:43:00,2026-04-06T14:44:00,2026-04-06T14:46:00,BENIGN,False,,ANALYST_SHARMA,False,False,False,CLOSED,DEMO/SYNTHETIC - NOT REAL GOVERNMENT DATA
CSE-BANK-02,ALT-BANK-2026-03966,2026-Q2,2026-04-17T09:17:00,HIGH,BRUTE_FORCE,SIEM-SENSOR-BANK,AST-BANK-029,2026-04-17T09:31:00,2026-04-17T09:32:00,2026-04-17T09:33:00,BENIGN,False,,ANALYST_SHARMA,False,False,False,CLOSED,DEMO/SYNTHETIC - NOT REAL GOVERNMENT DATA
CSE-BANK-02,ALT-BANK-2026-03967,2026-Q2,2026-04-01T16:23:00,HIGH,POLICY_VIOLATION,SIEM-SENSOR-BANK,AST-BANK-008,2026-04-01T16:28:00,2026-04-01T16:29:00,2026-04-01T16:31:00,BENIGN,False,,ANALYST_RAO,False,False,False,CLOSED,DEMO/SYNTHETIC - NOT REAL GOVERNMENT DATA
CSE-BANK-02,ALT-BANK-2026-03968,2026-Q2,2026-05-23T08:00:00,MEDIUM,DDOS_ATTACK,SIEM-SENSOR-BANK,AST-BANK-036,2026-05-23T08:13:00,2026-05-23T08:14:00,2026-05-23T08:15:00,BENIGN,False,,ANALYST_SHARMA,False,False,False,CLOSED,DEMO/SYNTHETIC - NOT REAL GOVERNMENT DATA
CSE-BANK-02,ALT-BANK-2026-03969,2026-Q2,2026-04-16T16:08:00,CRITICAL,DATA_EXFILTRATION,SIEM-SENSOR-BANK,AST-BANK-015,2026-04-16T16:15:00,2026-04-16T16:16:00,2026-04-16T16:19:00,BENIGN,False,,ANALYST_VERMA,False,False,False,CLOSED,DEMO/SYNTHETIC - NOT REAL GOVERNMENT DATA
CSE-BANK-02,ALT-BANK-2026-03970,2026-Q2,2026-04-08T02:01:00,CRITICAL,MALWARE,SIEM-SENSOR-BANK,AST-BANK-025,2026-04-08T02:06:00,2026-04-08T02:07:00,2026-04-08T02:09:00,BENIGN,False,,ANALYST_VERMA,False,False,False,CLOSED,DEMO/SYNTHETIC - NOT REAL GOVERNMENT DATA
CSE-BANK-02,ALT-BANK-2026-03971,2026-Q2,2026-06-12T18:40:00,HIGH,SCADA_COMMAND_ANOMALY,SIEM-SENSOR-BANK,AST-BANK-041,2026-06-12T18:45:00,2026-06-12T18:46:00,2026-06-12T18:49:00,BENIGN,False,,ANALYST_PATEL,False,False,False,CLOSED,DEMO/SYNTHETIC - NOT REAL GOVERNMENT DATA
CSE-BANK-02,ALT-BANK-2026-03972,2026-Q2,2026-04-24T15:14:00,HIGH,MALWARE,SIEM-SENSOR-BANK,AST-BANK-018,2026-04-24T15:24:00,2026-04-24T15:25:00,2026-04-24T15:26:00,BENIGN,False,,ANALYST_SHARMA,False,False,False,CLOSED,DEMO/SYNTHETIC - NOT REAL GOVERNMENT DATA
CSE-BANK-02,ALT-BANK-2026-03973,2026-Q2,2026-05-21T02:03:00,HIGH,BRUTE_FORCE,SIEM-SENSOR-BANK,AST-BANK-077,2026-05-21T02:15:00,2026-05-21T02:16:00,2026-05-21T02:18:00,BENIGN,False,,ANALYST_PATEL,False,False,False,CLOSED,DEMO/SYNTHETIC - NOT REAL GOVERNMENT DATA
CSE-BANK-02,ALT-BANK-2026-03974,2026-Q2,2026-04-19T02:00:00,HIGH,POLICY_VIOLATION,SIEM-SENSOR-BANK,AST-BANK-065,2026-04-19T02:07:00,2026-04-19T02:08:00,2026-04-19T02:09:00,BENIGN,False,,ANALYST_RAO,False,False,False,CLOSED,DEMO/SYNTHETIC - NOT REAL GOVERNMENT DATA
CSE-BANK-02,ALT-BANK-2026-03975,2026-Q2,2026-05-08T20:55:00,CRITICAL,PRIVILEGE_ESCALATION,SIEM-SENSOR-BANK,AST-BANK-108,2026-05-08T21:06:00,2026-05-08T21:07:00,2026-05-08T21:08:00,BENIGN,False,,ANALYST_SHARMA,False,False,False,CLOSED,DEMO/SYNTHETIC - NOT REAL GOVERNMENT DATA
CSE-BANK-02,ALT-BANK-2026-03976,2026-Q2,2026-06-19T18:29:00,LOW,SCADA_COMMAND_ANOMALY,SIEM-SENSOR-BANK,AST-BANK-112,2026-06-19T18:46:00,2026-06-19T18:47:00,2026-06-19T18:51:00,BENIGN,False,,ANALYST_SHARMA,False,False,False,CLOSED,DEMO/SYNTHETIC - NOT REAL GOVERNMENT DATA
CSE-BANK-02,ALT-BANK-2026-03977,2026-Q2,2026-04-14T19:52:00,HIGH,BRUTE_FORCE,SIEM-SENSOR-BANK,AST-BANK-014,2026-04-14T20:02:00,2026-04-14T20:03:00,2026-04-14T20:05:00,BENIGN,False,,ANALYST_RAO,False,False,False,CLOSED,DEMO/SYNTHETIC - NOT REAL GOVERNMENT DATA
CSE-BANK-02,ALT-BANK-2026-03978,2026-Q2,2026-04-15T13:44:00,HIGH,UNAUTHORIZED_ACCESS,SIEM-SENSOR-BANK,AST-BANK-011,2026-04-15T13:49:00,2026-04-15T13:50:00,2026-04-15T13:51:00,BENIGN,False,,ANALYST_RAO,False,False,False,CLOSED,DEMO/SYNTHETIC - NOT REAL GOVERNMENT DATA
CSE-BANK-02,ALT-BANK-2026-03979,2026-Q2,2026-05-09T21:57:00,MEDIUM,SCADA_COMMAND_ANOMALY,SIEM-SENSOR-BANK,AST-BANK-018,2026-05-09T22:12:00,2026-05-09T22:13:00,2026-05-09T22:16:00,BENIGN,False,,ANALYST_SHARMA,False,False,False,CLOSED,DEMO/SYNTHETIC - NOT REAL GOVERNMENT DATA
CSE-BANK-02,ALT-BANK-2026-03980,2026-Q2,2026-05-19T04:41:00,HIGH,UNAUTHORIZED_ACCESS,SIEM-SENSOR-BANK,AST-BANK-079,2026-05-19T04:49:00,2026-05-19T04:50:00,2026-05-19T04:52:00,BENIGN,False,,ANALYST_PATEL,False,False,False,CLOSED,DEMO/SYNTHETIC - NOT REAL GOVERNMENT DATA
CSE-HEALTH-03,ALT-HEALTH-2026-03981,2026-Q2,2026-06-03T06:27:00,MEDIUM,BRUTE_FORCE,SIEM-SENSOR-HEALTH,AST-HEALTH-001,2026-06-03T06:47:00,2026-06-03T07:03:00,2026-06-03T12:03:00,TRUE_POSITIVE,False,,ANALYST_VERMA,False,False,True,CLOSED,DEMO/SYNTHETIC - NOT REAL GOVERNMENT DATA
CSE-HEALTH-03,ALT-HEALTH-2026-03982,2026-Q2,2026-04-17T01:47:00,LOW,BRUTE_FORCE,SIEM-SENSOR-HEALTH,AST-HEALTH-001,2026-04-17T02:01:00,2026-04-17T02:22:00,2026-04-17T06:22:00,TRUE_POSITIVE,False,,ANALYST_RAO,False,False,True,CLOSED,DEMO/SYNTHETIC - NOT REAL GOVERNMENT DATA
CSE-HEALTH-03,ALT-HEALTH-2026-03983,2026-Q2,2026-04-13T13:28:00,LOW,BRUTE_FORCE,SIEM-SENSOR-HEALTH,AST-HEALTH-001,2026-04-13T13:34:00,2026-04-13T13:58:00,2026-04-13T18:58:00,TRUE_POSITIVE,False,,ANALYST_SHARMA,False,False,True,CLOSED,DEMO/SYNTHETIC - NOT REAL GOVERNMENT DATA
CSE-HEALTH-03,ALT-HEALTH-2026-03984,2026-Q2,2026-04-03T03:14:00,CRITICAL,BRUTE_FORCE,SIEM-SENSOR-HEALTH,AST-HEALTH-001,2026-04-03T03:30:00,2026-04-03T03:44:00,2026-04-03T06:44:00,TRUE_POSITIVE,False,,ANALYST_PATEL,False,False,True,CLOSED,DEMO/SYNTHETIC - NOT REAL GOVERNMENT DATA
CSE-HEALTH-03,ALT-HEALTH-2026-03985,2026-Q2,2026-05-02T20:47:00,HIGH,BRUTE_FORCE,SIEM-SENSOR-HEALTH,AST-HEALTH-001,2026-05-02T21:03:00,2026-05-02T21:38:00,2026-05-02T22:38:00,TRUE_POSITIVE,False,,ANALYST_PATEL,False,False,True,CLOSED,DEMO/SYNTHETIC - NOT REAL GOVERNMENT DATA
CSE-HEALTH-03,ALT-HEALTH-2026-03986,2026-Q2,2026-04-26T00:25:00,MEDIUM,BRUTE_FORCE,SIEM-SENSOR-HEALTH,AST-HEALTH-001,2026-04-26T00:43:00,2026-04-26T01:08:00,2026-04-26T06:08:00,TRUE_POSITIVE,False,,ANALYST_PATEL,False,False,True,CLOSED,DEMO/SYNTHETIC - NOT REAL GOVERNMENT DATA
CSE-HEALTH-03,ALT-HEALTH-2026-03987,2026-Q2,2026-06-13T05:59:00,LOW,BRUTE_FORCE,SIEM-SENSOR-HEALTH,AST-HEALTH-001,2026-06-13T06:05:00,2026-06-13T06:32:00,2026-06-13T09:32:00,TRUE_POSITIVE,False,,ANALYST_VERMA,False,False,True,CLOSED,DEMO/SYNTHETIC - NOT REAL GOVERNMENT DATA
CSE-HEALTH-03,ALT-HEALTH-2026-03988,2026-Q2,2026-04-19T12:48:00,CRITICAL,BRUTE_FORCE,SIEM-SENSOR-HEALTH,AST-HEALTH-001,2026-04-19T13:06:00,2026-04-19T13:37:00,2026-04-19T16:37:00,TRUE_POSITIVE,False,,ANALYST_SINGH,False,False,True,CLOSED,DEMO/SYNTHETIC - NOT REAL GOVERNMENT DATA
CSE-HEALTH-03,ALT-HEALTH-2026-03989,2026-Q2,2026-04-08T03:20:00,MEDIUM,BRUTE_FORCE,SIEM-SENSOR-HEALTH,AST-HEALTH-001,2026-04-08T03:27:00,2026-04-08T03:47:00,2026-04-08T08:47:00,TRUE_POSITIVE,False,,ANALYST_VERMA,False,False,True,CLOSED,DEMO/SYNTHETIC - NOT REAL GOVERNMENT DATA
CSE-HEALTH-03,ALT-HEALTH-2026-03990,2026-Q2,2026-04-03T13:00:00,HIGH,BRUTE_FORCE,SIEM-SENSOR-HEALTH,AST-HEALTH-001,2026-04-03T13:19:00,2026-04-03T13:34:00,2026-04-03T17:34:00,TRUE_POSITIVE,False,,ANALYST_PATEL,False,False,True,CLOSED,DEMO/SYNTHETIC - NOT REAL GOVERNMENT DATA
CSE-HEALTH-03,ALT-HEALTH-2026-03991,2026-Q2,2026-05-07T15:02:00,HIGH,BRUTE_FORCE,SIEM-SENSOR-HEALTH,AST-HEALTH-001,2026-05-07T15:13:00,2026-05-07T15:42:00,2026-05-07T19:42:00,TRUE_POSITIVE,False,,ANALYST_SINGH,False,False,True,CLOSED,DEMO/SYNTHETIC - NOT REAL GOVERNMENT DATA
CSE-HEALTH-03,ALT-HEALTH-2026-03992,2026-Q2,2026-06-01T04:37:00,HIGH,BRUTE_FORCE,SIEM-SENSOR-HEALTH,AST-HEALTH-001,2026-06-01T04:57:00,2026-06-01T05:23:00,2026-06-01T06:23:00,TRUE_POSITIVE,False,,ANALYST_SINGH,False,False,True,CLOSED,DEMO/SYNTHETIC - NOT REAL GOVERNMENT DATA
CSE-HEALTH-03,ALT-HEALTH-2026-03993,2026-Q2,2026-05-02T07:17:00,LOW,BRUTE_FORCE,SIEM-SENSOR-HEALTH,AST-HEALTH-001,2026-05-02T07:26:00,2026-05-02T07:42:00,2026-05-02T12:42:00,TRUE_POSITIVE,False,,ANALYST_RAO,False,False,True,CLOSED,DEMO/SYNTHETIC - NOT REAL GOVERNMENT DATA
CSE-HEALTH-03,ALT-HEALTH-2026-03994,2026-Q2,2026-06-18T20:08:00,MEDIUM,BRUTE_FORCE,SIEM-SENSOR-HEALTH,AST-HEALTH-001,2026-06-18T20:26:00,2026-06-18T20:52:00,2026-06-18T22:52:00,TRUE_POSITIVE,False,,ANALYST_SINGH,False,False,True,CLOSED,DEMO/SYNTHETIC - NOT REAL GOVERNMENT DATA
CSE-HEALTH-03,ALT-HEALTH-2026-03995,2026-Q2,2026-04-23T01:32:00,HIGH,BRUTE_FORCE,SIEM-SENSOR-HEALTH,AST-HEALTH-001,2026-04-23T01:35:00,2026-04-23T02:05:00,2026-04-23T05:05:00,TRUE_POSITIVE,False,,ANALYST_VERMA,False,False,True,CLOSED,DEMO/SYNTHETIC - NOT REAL GOVERNMENT DATA
CSE-HEALTH-03,ALT-HEALTH-2026-03996,2026-Q2,2026-05-14T19:33:00,CRITICAL,BRUTE_FORCE,SIEM-SENSOR-HEALTH,AST-HEALTH-001,2026-05-14T19:43:00,2026-05-14T20:01:00,2026-05-14T21:01:00,TRUE_POSITIVE,False,,ANALYST_VERMA,False,False,True,CLOSED,DEMO/SYNTHETIC - NOT REAL GOVERNMENT DATA
CSE-HEALTH-03,ALT-HEALTH-2026-03997,2026-Q2,2026-05-16T13:22:00,MEDIUM,BRUTE_FORCE,SIEM-SENSOR-HEALTH,AST-HEALTH-001,2026-05-16T13:26:00,2026-05-16T13:54:00,2026-05-16T17:54:00,TRUE_POSITIVE,False,,ANALYST_RAO,False,False,True,CLOSED,DEMO/SYNTHETIC - NOT REAL GOVERNMENT DATA
CSE-HEALTH-03,ALT-HEALTH-2026-03998,2026-Q2,2026-06-17T11:02:00,HIGH,BRUTE_FORCE,SIEM-SENSOR-HEALTH,AST-HEALTH-001,2026-06-17T11:13:00,2026-06-17T11:50:00,2026-06-17T16:50:00,TRUE_POSITIVE,False,,ANALYST_RAO,False,False,True,CLOSED,DEMO/SYNTHETIC - NOT REAL GOVERNMENT DATA
CSE-HEALTH-03,ALT-HEALTH-2026-03999,2026-Q2,2026-04-18T21:01:00,MEDIUM,BRUTE_FORCE,SIEM-SENSOR-HEALTH,AST-HEALTH-001,2026-04-18T21:13:00,2026-04-18T21:34:00,2026-04-19T00:34:00,TRUE_POSITIVE,False,,ANALYST_RAO,False,False,True,CLOSED,DEMO/SYNTHETIC - NOT REAL GOVERNMENT DATA
CSE-HEALTH-03,ALT-HEALTH-2026-04000,2026-Q2,2026-06-07T06:04:00,LOW,BRUTE_FORCE,SIEM-SENSOR-HEALTH,AST-HEALTH-001,2026-06-07T06:24:00,2026-06-07T07:01:00,2026-06-07T10:01:00,TRUE_POSITIVE,False,,ANALYST_SINGH,False,False,True,CLOSED,DEMO/SYNTHETIC - NOT REAL GOVERNMENT DATA
CSE-HEALTH-03,ALT-HEALTH-2026-04001,2026-Q2,2026-05-05T04:11:00,LOW,BRUTE_FORCE,SIEM-SENSOR-HEALTH,AST-HEALTH-001,2026-05-05T04:17:00,2026-05-05T04:46:00,2026-05-05T09:46:00,TRUE_POSITIVE,False,,ANALYST_VERMA,False,False,True,CLOSED,DEMO/SYNTHETIC - NOT REAL GOVERNMENT DATA
CSE-HEALTH-03,ALT-HEALTH-2026-04002,2026-Q2,2026-05-29T09:09:00,MEDIUM,BRUTE_FORCE,SIEM-SENSOR-HEALTH,AST-HEALTH-001,2026-05-29T09:24:00,2026-05-29T09:57:00,2026-05-29T11:57:00,TRUE_POSITIVE,True,2026-05-29T10:17:00,ANALYST_PATEL,False,False,True,CLOSED,DEMO/SYNTHETIC - NOT REAL GOVERNMENT DATA
CSE-HEALTH-03,ALT-HEALTH-2026-04003,2026-Q2,2026-05-12T20:21:00,CRITICAL,BRUTE_FORCE,SIEM-SENSOR-HEALTH,AST-HEALTH-001,2026-05-12T20:37:00,2026-05-12T21:04:00,2026-05-13T01:04:00,TRUE_POSITIVE,False,,ANALYST_RAO,False,False,True,CLOSED,DEMO/SYNTHETIC - NOT REAL GOVERNMENT DATA
CSE-HEALTH-03,ALT-HEALTH-2026-04004,2026-Q2,2026-04-09T13:12:00,MEDIUM,BRUTE_FORCE,SIEM-SENSOR-HEALTH,AST-HEALTH-001,2026-04-09T13:30:00,2026-04-09T14:01:00,2026-04-09T15:01:00,TRUE_POSITIVE,True,2026-04-09T14:21:00,ANALYST_VERMA,False,False,True,CLOSED,DEMO/SYNTHETIC - NOT REAL GOVERNMENT DATA
CSE-HEALTH-03,ALT-HEALTH-2026-04005,2026-Q2,2026-05-14T23:53:00,MEDIUM,BRUTE_FORCE,SIEM-SENSOR-HEALTH,AST-HEALTH-001,2026-05-15T00:06:00,2026-05-15T00:19:00,2026-05-15T02:19:00,TRUE_POSITIVE,True,2026-05-15T00:39:00,ANALYST_VERMA,False,False,True,CLOSED,DEMO/SYNTHETIC - NOT REAL GOVERNMENT DATA
CSE-HEALTH-03,ALT-HEALTH-2026-04006,2026-Q2,2026-06-04T18:46:00,LOW,DDOS_ATTACK,SIEM-SENSOR-HEALTH,AST-HEALTH-021,2026-06-04T18:51:00,2026-06-04T19:31:00,2026-06-04T20:31:00,TRUE_POSITIVE,False,,ANALYST_VERMA,False,True,True,CLOSED,DEMO/SYNTHETIC - NOT REAL GOVERNMENT DATA
CSE-HEALTH-03,ALT-HEALTH-2026-04007,2026-Q2,2026-05-18T12:14:00,LOW,DDOS_ATTACK,SIEM-SENSOR-HEALTH,AST-HEALTH-029,2026-05-18T12:17:00,2026-05-18T12:56:00,2026-05-18T15:56:00,TRUE_POSITIVE,False,,ANALYST_SHARMA,False,True,True,CLOSED,DEMO/SYNTHETIC - NOT REAL GOVERNMENT DATA
CSE-HEALTH-03,ALT-HEALTH-2026-04008,2026-Q2,2026-04-06T02:22:00,MEDIUM,DATA_EXFILTRATION,SIEM-SENSOR-HEALTH,AST-HEALTH-002,2026-04-06T02:35:00,2026-04-06T03:11:00,2026-04-06T06:11:00,TRUE_POSITIVE,False,,ANALYST_SINGH,True,False,True,CLOSED,DEMO/SYNTHETIC - NOT REAL GOVERNMENT DATA
CSE-HEALTH-03,ALT-HEALTH-2026-04009,2026-Q2,2026-05-20T23:58:00,MEDIUM,RANSOMWARE,SIEM-SENSOR-HEALTH,AST-HEALTH-044,2026-05-21T00:04:00,2026-05-21T00:36:00,2026-05-21T05:36:00,TRUE_POSITIVE,True,2026-05-21T00:56:00,ANALYST_PATEL,False,False,True,CLOSED,DEMO/SYNTHETIC - NOT REAL GOVERNMENT DATA
CSE-HEALTH-03,ALT-HEALTH-2026-04010,2026-Q2,2026-05-18T15:55:00,MEDIUM,BRUTE_FORCE,SIEM-SENSOR-HEALTH,AST-HEALTH-051,2026-05-18T16:10:00,2026-05-18T16:49:00,2026-05-18T19:49:00,TRUE_POSITIVE,False,,ANALYST_SHARMA,True,True,True,CLOSED,DEMO/SYNTHETIC - NOT REAL GOVERNMENT DATA
CSE-HEALTH-03,ALT-HEALTH-2026-04011,2026-Q2,2026-05-10T00:25:00,HIGH,DDOS_ATTACK,SIEM-SENSOR-HEALTH,AST-HEALTH-046,2026-05-10T00:43:00,2026-05-10T01:05:00,2026-05-10T02:05:00,TRUE_POSITIVE,False,,ANALYST_RAO,True,True,True,CLOSED,DEMO/SYNTHETIC - NOT REAL GOVERNMENT DATA
CSE-HEALTH-03,ALT-HEALTH-2026-04012,2026-Q2,2026-05-23T14:36:00,MEDIUM,RANSOMWARE,SIEM-SENSOR-HEALTH,AST-HEALTH-024,2026-05-23T14:56:00,2026-05-23T15:26:00,2026-05-23T19:26:00,TRUE_POSITIVE,False,,ANALYST_RAO,True,True,True,CLOSED,DEMO/SYNTHETIC - NOT REAL GOVERNMENT DATA
CSE-HEALTH-03,ALT-HEALTH-2026-04013,2026-Q2,2026-04-23T16:58:00,HIGH,PRIVILEGE_ESCALATION,SIEM-SENSOR-HEALTH,AST-HEALTH-054,2026-04-23T17:16:00,2026-04-23T17:32:00,2026-04-23T21:32:00,TRUE_POSITIVE,False,,ANALYST_VERMA,True,True,True,CLOSED,DEMO/SYNTHETIC - NOT REAL GOVERNMENT DATA
CSE-HEALTH-03,ALT-HEALTH-2026-04014,2026-Q2,2026-05-08T02:31:00,MEDIUM,RANSOMWARE,SIEM-SENSOR-HEALTH,AST-HEALTH-032,2026-05-08T02:34:00,2026-05-08T02:47:00,2026-05-08T03:47:00,TRUE_POSITIVE,False,,ANALYST_SINGH,False,False,True,CLOSED,DEMO/SYNTHETIC - NOT REAL GOVERNMENT DATA
CSE-HEALTH-03,ALT-HEALTH-2026-04015,2026-Q2,2026-04-06T11:13:00,HIGH,PRIVILEGE_ESCALATION,SIEM-SENSOR-HEALTH,AST-HEALTH-005,2026-04-06T11:25:00,2026-04-06T12:04:00,2026-04-06T17:04:00,TRUE_POSITIVE,False,,ANALYST_VERMA,False,True,True,CLOSED,DEMO/SYNTHETIC - NOT REAL GOVERNMENT DATA
CSE-HEALTH-03,ALT-HEALTH-2026-04016,2026-Q2,2026-05-17T09:39:00,MEDIUM,SCADA_COMMAND_ANOMALY,SIEM-SENSOR-HEALTH,AST-HEALTH-008,2026-05-17T09:44:00,2026-05-17T10:10:00,2026-05-17T13:10:00,TRUE_POSITIVE,False,,ANALYST_SINGH,True,False,True,CLOSED,DEMO/SYNTHETIC - NOT REAL GOVERNMENT DATA
CSE-HEALTH-03,ALT-HEALTH-2026-04017,2026-Q2,2026-06-06T21:23:00,LOW,DDOS_ATTACK,SIEM-SENSOR-HEALTH,AST-HEALTH-040,2026-06-06T21:25:00,2026-06-06T21:41:00,2026-06-07T01:41:00,TRUE_POSITIVE,False,,ANALYST_SINGH,True,True,True,CLOSED,DEMO/SYNTHETIC - NOT REAL GOVERNMENT DATA
CSE-HEALTH-03,ALT-HEALTH-2026-04018,2026-Q2,2026-06-08T13:25:00,HIGH,POLICY_VIOLATION,SIEM-SENSOR-HEALTH,AST-HEALTH-013,2026-06-08T13:31:00,2026-06-08T13:43:00,2026-06-08T17:43:00,TRUE_POSITIVE,False,,ANALYST_PATEL,True,False,True,CLOSED,DEMO/SYNTHETIC - NOT REAL GOVERNMENT DATA
CSE-HEALTH-03,ALT-HEALTH-2026-04019,2026-Q2,2026-05-26T13:29:00,HIGH,UNAUTHORIZED_ACCESS,SIEM-SENSOR-HEALTH,AST-HEALTH-049,2026-05-26T13:46:00,2026-05-26T14:24:00,2026-05-26T16:24:00,TRUE_POSITIVE,False,,ANALYST_SHARMA,True,True,True,CLOSED,DEMO/SYNTHETIC - NOT REAL GOVERNMENT DATA
CSE-HEALTH-03,ALT-HEALTH-2026-04020,2026-Q2,2026-04-25T13:23:00,MEDIUM,DDOS_ATTACK,SIEM-SENSOR-HEALTH,AST-HEALTH-010,2026-04-25T13:39:00,2026-04-25T14:11:00,2026-04-25T18:11:00,TRUE_POSITIVE,False,,ANALYST_RAO,False,False,True,CLOSED,DEMO/SYNTHETIC - NOT REAL GOVERNMENT DATA
CSE-HEALTH-03,ALT-HEALTH-2026-04021,2026-Q2,2026-06-20T03:26:00,HIGH,MALWARE,SIEM-SENSOR-HEALTH,AST-HEALTH-021,2026-06-20T03:31:00,2026-06-20T04:11:00,2026-06-20T06:11:00,TRUE_POSITIVE,False,,ANALYST_SINGH,True,False,True,CLOSED,DEMO/SYNTHETIC - NOT REAL GOVERNMENT DATA
CSE-HEALTH-03,ALT-HEALTH-2026-04022,2026-Q2,2026-05-03T10:46:00,MEDIUM,DATA_EXFILTRATION,SIEM-SENSOR-HEALTH,AST-HEALTH-034,2026-05-03T10:50:00,2026-05-03T11:14:00,2026-05-03T15:14:00,TRUE_POSITIVE,False,,ANALYST_PATEL,False,True,True,CLOSED,DEMO/SYNTHETIC - NOT REAL GOVERNMENT DATA
CSE-HEALTH-03,ALT-HEALTH-2026-04023,2026-Q2,2026-06-07T20:04:00,CRITICAL,PRIVILEGE_ESCALATION,SIEM-SENSOR-HEALTH,AST-HEALTH-062,2026-06-07T20:08:00,2026-06-07T20:48:00,2026-06-08T01:48:00,TRUE_POSITIVE,False,,ANALYST_PATEL,True,False,True,CLOSED,DEMO/SYNTHETIC - NOT REAL GOVERNMENT DATA
CSE-HEALTH-03,ALT-HEALTH-2026-04024,2026-Q2,2026-06-02T00:14:00,MEDIUM,BRUTE_FORCE,SIEM-SENSOR-HEALTH,AST-HEALTH-045,2026-06-02T00:29:00,2026-06-02T00:54:00,2026-06-02T01:54:00,TRUE_POSITIVE,False,,ANALYST_SINGH,False,False,True,CLOSED,DEMO/SYNTHETIC - NOT REAL GOVERNMENT DATA
CSE-HEALTH-03,ALT-HEALTH-2026-04025,2026-Q2,2026-04-06T17:49:00,HIGH,SCADA_COMMAND_ANOMALY,SIEM-SENSOR-HEALTH,AST-HEALTH-026,2026-04-06T18:03:00,2026-04-06T18:14:00,2026-04-06T22:14:00,TRUE_POSITIVE,False,,ANALYST_PATEL,False,True,True,CLOSED,DEMO/SYNTHETIC - NOT REAL GOVERNMENT DATA
CSE-HEALTH-03,ALT-HEALTH-2026-04026,2026-Q2,2026-06-19T17:38:00,MEDIUM,BRUTE_FORCE,SIEM-SENSOR-HEALTH,AST-HEALTH-009,2026-06-19T17:46:00,2026-06-19T17:56:00,2026-06-19T22:56:00,TRUE_POSITIVE,False,,ANALYST_SHARMA,True,False,True,CLOSED,DEMO/SYNTHETIC - NOT REAL GOVERNMENT DATA
CSE-HEALTH-03,ALT-HEALTH-2026-04027,2026-Q2,2026-04-28T17:44:00,MEDIUM,UNAUTHORIZED_ACCESS,SIEM-SENSOR-HEALTH,AST-HEALTH-034,2026-04-28T17:55:00,2026-04-28T18:29:00,2026-04-28T21:29:00,TRUE_POSITIVE,True,2026-04-28T18:49:00,ANALYST_SHARMA,True,True,True,CLOSED,DEMO/SYNTHETIC - NOT REAL GOVERNMENT DATA
CSE-HEALTH-03,ALT-HEALTH-2026-04028,2026-Q2,2026-04-13T06:51:00,CRITICAL,RANSOMWARE,SIEM-SENSOR-HEALTH,AST-HEALTH-042,2026-04-13T07:09:00,2026-04-13T07:30:00,2026-04-13T09:30:00,TRUE_POSITIVE,False,,ANALYST_RAO,True,False,True,CLOSED,DEMO/SYNTHETIC - NOT REAL GOVERNMENT DATA
CSE-HEALTH-03,ALT-HEALTH-2026-04029,2026-Q2,2026-04-02T09:50:00,MEDIUM,UNAUTHORIZED_ACCESS,SIEM-SENSOR-HEALTH,AST-HEALTH-001,2026-04-02T10:07:00,2026-04-02T10:45:00,2026-04-02T13:45:00,TRUE_POSITIVE,False,,ANALYST_RAO,False,False,True,CLOSED,DEMO/SYNTHETIC - NOT REAL GOVERNMENT DATA
CSE-HEALTH-03,ALT-HEALTH-2026-04030,2026-Q2,2026-06-06T22:45:00,MEDIUM,SCADA_COMMAND_ANOMALY,SIEM-SENSOR-HEALTH,AST-HEALTH-033,2026-06-06T22:52:00,2026-06-06T23:11:00,2026-06-07T04:11:00,TRUE_POSITIVE,False,,ANALYST_SHARMA,True,False,True,CLOSED,DEMO/SYNTHETIC - NOT REAL GOVERNMENT DATA
CSE-HEALTH-03,ALT-HEALTH-2026-04031,2026-Q2,2026-06-16T04:29:00,MEDIUM,RANSOMWARE,SIEM-SENSOR-HEALTH,AST-HEALTH-044,2026-06-16T04:39:00,2026-06-16T05:10:00,2026-06-16T08:10:00,TRUE_POSITIVE,False,,ANALYST_RAO,False,False,True,CLOSED,DEMO/SYNTHETIC - NOT REAL GOVERNMENT DATA
CSE-HEALTH-03,ALT-HEALTH-2026-04032,2026-Q2,2026-06-19T00:21:00,LOW,POLICY_VIOLATION,SIEM-SENSOR-HEALTH,AST-HEALTH-026,2026-06-19T00:26:00,2026-06-19T00:54:00,2026-06-19T05:54:00,TRUE_POSITIVE,False,,ANALYST_SHARMA,True,False,True,CLOSED,DEMO/SYNTHETIC - NOT REAL GOVERNMENT DATA
CSE-HEALTH-03,ALT-HEALTH-2026-04033,2026-Q2,2026-05-27T20:33:00,HIGH,DATA_EXFILTRATION,SIEM-SENSOR-HEALTH,AST-HEALTH-048,2026-05-27T20:48:00,2026-05-27T21:05:00,2026-05-28T01:05:00,TRUE_POSITIVE,False,,ANALYST_SINGH,True,True,True,CLOSED,DEMO/SYNTHETIC - NOT REAL GOVERNMENT DATA
CSE-HEALTH-03,ALT-HEALTH-2026-04034,2026-Q2,2026-04-11T13:12:00,LOW,DDOS_ATTACK,SIEM-SENSOR-HEALTH,AST-HEALTH-030,2026-04-11T13:28:00,2026-04-11T13:45:00,2026-04-11T15:45:00,TRUE_POSITIVE,False,,ANALYST_SHARMA,True,False,True,CLOSED,DEMO/SYNTHETIC - NOT REAL GOVERNMENT DATA
CSE-HEALTH-03,ALT-HEALTH-2026-04035,2026-Q2,2026-05-21T17:40:00,HIGH,PRIVILEGE_ESCALATION,SIEM-SENSOR-HEALTH,AST-HEALTH-058,2026-05-21T17:43:00,2026-05-21T18:18:00,2026-05-21T19:18:00,TRUE_POSITIVE,False,,ANALYST_SHARMA,True,False,True,CLOSED,DEMO/SYNTHETIC - NOT REAL GOVERNMENT DATA
CSE-HEALTH-03,ALT-HEALTH-2026-04036,2026-Q2,2026-05-05T06:07:00,LOW,DDOS_ATTACK,SIEM-SENSOR-HEALTH,AST-HEALTH-020,2026-05-05T06:14:00,2026-05-05T06:30:00,2026-05-05T09:30:00,TRUE_POSITIVE,False,,ANALYST_PATEL,True,True,True,CLOSED,DEMO/SYNTHETIC - NOT REAL GOVERNMENT DATA
CSE-HEALTH-03,ALT-HEALTH-2026-04037,2026-Q2,2026-05-01T11:28:00,CRITICAL,MALWARE,SIEM-SENSOR-HEALTH,AST-HEALTH-003,2026-05-01T11:45:00,2026-05-01T12:04:00,2026-05-01T17:04:00,TRUE_POSITIVE,True,2026-05-01T12:24:00,ANALYST_RAO,True,False,True,CLOSED,DEMO/SYNTHETIC - NOT REAL GOVERNMENT DATA
CSE-HEALTH-03,ALT-HEALTH-2026-04038,2026-Q2,2026-05-25T00:24:00,MEDIUM,SCADA_COMMAND_ANOMALY,SIEM-SENSOR-HEALTH,AST-HEALTH-058,2026-05-25T00:42:00,2026-05-25T01:06:00,2026-05-25T02:06:00,TRUE_POSITIVE,True,2026-05-25T01:26:00,ANALYST_VERMA,True,True,True,CLOSED,DEMO/SYNTHETIC - NOT REAL GOVERNMENT DATA
CSE-HEALTH-03,ALT-HEALTH-2026-04039,2026-Q2,2026-05-12T07:57:00,HIGH,UNAUTHORIZED_ACCESS,SIEM-SENSOR-HEALTH,AST-HEALTH-061,2026-05-12T08:17:00,2026-05-12T08:49:00,2026-05-12T09:49:00,TRUE_POSITIVE,False,,ANALYST_SINGH,True,False,True,CLOSED,DEMO/SYNTHETIC - NOT REAL GOVERNMENT DATA
CSE-HEALTH-03,ALT-HEALTH-2026-04040,2026-Q2,2026-06-13T12:02:00,MEDIUM,DDOS_ATTACK,SIEM-SENSOR-HEALTH,AST-HEALTH-060,2026-06-13T12:12:00,2026-06-13T12:29:00,2026-06-13T15:29:00,TRUE_POSITIVE,False,,ANALYST_RAO,True,True,True,CLOSED,DEMO/SYNTHETIC - NOT REAL GOVERNMENT DATA
CSE-HEALTH-03,ALT-HEALTH-2026-04041,2026-Q2,2026-06-03T02:26:00,MEDIUM,BRUTE_FORCE,SIEM-SENSOR-HEALTH,AST-HEALTH-047,2026-06-03T02:34:00,2026-06-03T02:51:00,2026-06-03T06:51:00,TRUE_POSITIVE,True,2026-06-03T03:11:00,ANALYST_SINGH,False,True,True,CLOSED,DEMO/SYNTHETIC - NOT REAL GOVERNMENT DATA
CSE-HEALTH-03,ALT-HEALTH-2026-04042,2026-Q2,2026-04-11T07:43:00,HIGH,BRUTE_FORCE,SIEM-SENSOR-HEALTH,AST-HEALTH-024,2026-04-11T07:45:00,2026-04-11T08:02:00,2026-04-11T12:02:00,TRUE_POSITIVE,False,,ANALYST_VERMA,True,True,True,CLOSED,DEMO/SYNTHETIC - NOT REAL GOVERNMENT DATA
CSE-HEALTH-03,ALT-HEALTH-2026-04043,2026-Q2,2026-04-30T01:34:00,CRITICAL,UNAUTHORIZED_ACCESS,SIEM-SENSOR-HEALTH,AST-HEALTH-026,2026-04-30T01:36:00,2026-04-30T01:52:00,2026-04-30T04:52:00,TRUE_POSITIVE,False,,ANALYST_RAO,True,True,True,CLOSED,DEMO/SYNTHETIC - NOT REAL GOVERNMENT DATA
CSE-HEALTH-03,ALT-HEALTH-2026-04044,2026-Q2,2026-06-18T10:46:00,MEDIUM,UNAUTHORIZED_ACCESS,SIEM-SENSOR-HEALTH,AST-HEALTH-036,2026-06-18T10:57:00,2026-06-18T11:35:00,2026-06-18T16:35:00,TRUE_POSITIVE,False,,ANALYST_VERMA,False,True,True,CLOSED,DEMO/SYNTHETIC - NOT REAL GOVERNMENT DATA
CSE-HEALTH-03,ALT-HEALTH-2026-04045,2026-Q2,2026-05-26T16:46:00,MEDIUM,RANSOMWARE,SIEM-SENSOR-HEALTH,AST-HEALTH-021,2026-05-26T16:50:00,2026-05-26T17:28:00,2026-05-26T20:28:00,TRUE_POSITIVE,False,,ANALYST_SHARMA,False,True,True,CLOSED,DEMO/SYNTHETIC - NOT REAL GOVERNMENT DATA
CSE-HEALTH-03,ALT-HEALTH-2026-04046,2026-Q2,2026-05-28T07:12:00,LOW,DATA_EXFILTRATION,SIEM-SENSOR-HEALTH,AST-HEALTH-050,2026-05-28T07:29:00,2026-05-28T07:52:00,2026-05-28T11:52:00,TRUE_POSITIVE,False,,ANALYST_SINGH,False,True,True,CLOSED,DEMO/SYNTHETIC - NOT REAL GOVERNMENT DATA
CSE-HEALTH-03,ALT-HEALTH-2026-04047,2026-Q2,2026-06-02T06:30:00,CRITICAL,SCADA_COMMAND_ANOMALY,SIEM-SENSOR-HEALTH,AST-HEALTH-058,2026-06-02T06:41:00,2026-06-02T07:18:00,2026-06-02T11:18:00,TRUE_POSITIVE,False,,ANALYST_SINGH,True,False,True,CLOSED,DEMO/SYNTHETIC - NOT REAL GOVERNMENT DATA
CSE-HEALTH-03,ALT-HEALTH-2026-04048,2026-Q2,2026-05-14T00:33:00,MEDIUM,MALWARE,SIEM-SENSOR-HEALTH,AST-HEALTH-048,2026-05-14T00:35:00,2026-05-14T00:54:00,2026-05-14T03:54:00,TRUE_POSITIVE,False,,ANALYST_SINGH,False,False,True,CLOSED,DEMO/SYNTHETIC - NOT REAL GOVERNMENT DATA
CSE-HEALTH-03,ALT-HEALTH-2026-04049,2026-Q2,2026-06-11T07:23:00,MEDIUM,SCADA_COMMAND_ANOMALY,SIEM-SENSOR-HEALTH,AST-HEALTH-062,2026-06-11T07:30:00,2026-06-11T07:43:00,2026-06-11T08:43:00,TRUE_POSITIVE,False,,ANALYST_RAO,True,False,True,CLOSED,DEMO/SYNTHETIC - NOT REAL GOVERNMENT DATA
CSE-HEALTH-03,ALT-HEALTH-2026-04050,2026-Q2,2026-05-07T21:50:00,MEDIUM,DATA_EXFILTRATION,SIEM-SENSOR-HEALTH,AST-HEALTH-030,2026-05-07T21:55:00,2026-05-07T22:21:00,2026-05-08T02:21:00,TRUE_POSITIVE,False,,ANALYST_SHARMA,False,True,True,CLOSED,DEMO/SYNTHETIC - NOT REAL GOVERNMENT DATA
CSE-HEALTH-03,ALT-HEALTH-2026-04051,2026-Q2,2026-05-18T22:14:00,LOW,RANSOMWARE,SIEM-SENSOR-HEALTH,AST-HEALTH-047,2026-05-18T22:30:00,2026-05-18T23:04:00,2026-05-19T03:04:00,TRUE_POSITIVE,False,,ANALYST_SINGH,False,False,True,CLOSED,DEMO/SYNTHETIC - NOT REAL GOVERNMENT DATA
CSE-HEALTH-03,ALT-HEALTH-2026-04052,2026-Q2,2026-04-24T15:02:00,MEDIUM,RANSOMWARE,SIEM-SENSOR-HEALTH,AST-HEALTH-053,2026-04-24T15:13:00,2026-04-24T15:46:00,2026-04-24T20:46:00,TRUE_POSITIVE,False,,ANALYST_RAO,True,False,True,CLOSED,DEMO/SYNTHETIC - NOT REAL GOVERNMENT DATA
CSE-HEALTH-03,ALT-HEALTH-2026-04053,2026-Q2,2026-04-28T16:41:00,LOW,PRIVILEGE_ESCALATION,SIEM-SENSOR-HEALTH,AST-HEALTH-028,2026-04-28T16:50:00,2026-04-28T17:08:00,2026-04-28T21:08:00,TRUE_POSITIVE,False,,ANALYST_SINGH,False,False,True,CLOSED,DEMO/SYNTHETIC - NOT REAL GOVERNMENT DATA
CSE-HEALTH-03,ALT-HEALTH-2026-04054,2026-Q2,2026-06-03T16:02:00,HIGH,POLICY_VIOLATION,SIEM-SENSOR-HEALTH,AST-HEALTH-008,2026-06-03T16:13:00,2026-06-03T16:31:00,2026-06-03T19:31:00,TRUE_POSITIVE,False,,ANALYST_RAO,True,True,True,CLOSED,DEMO/SYNTHETIC - NOT REAL GOVERNMENT DATA
CSE-HEALTH-03,ALT-HEALTH-2026-04055,2026-Q2,2026-04-24T08:37:00,HIGH,SCADA_COMMAND_ANOMALY,SIEM-SENSOR-HEALTH,AST-HEALTH-001,2026-04-24T08:53:00,2026-04-24T09:11:00,2026-04-24T12:11:00,TRUE_POSITIVE,False,,ANALYST_PATEL,False,False,True,CLOSED,DEMO/SYNTHETIC - NOT REAL GOVERNMENT DATA
CSE-HEALTH-03,ALT-HEALTH-2026-04056,2026-Q2,2026-04-13T20:32:00,MEDIUM,BRUTE_FORCE,SIEM-SENSOR-HEALTH,AST-HEALTH-006,2026-04-13T20:50:00,2026-04-13T21:28:00,2026-04-14T01:28:00,TRUE_POSITIVE,False,,ANALYST_RAO,True,False,True,CLOSED,DEMO/SYNTHETIC - NOT REAL GOVERNMENT DATA
CSE-HEALTH-03,ALT-HEALTH-2026-04057,2026-Q2,2026-05-19T02:35:00,LOW,BRUTE_FORCE,SIEM-SENSOR-HEALTH,AST-HEALTH-050,2026-05-19T02:52:00,2026-05-19T03:04:00,2026-05-19T06:04:00,TRUE_POSITIVE,True,2026-05-19T03:24:00,ANALYST_RAO,True,False,True,CLOSED,DEMO/SYNTHETIC - NOT REAL GOVERNMENT DATA
CSE-HEALTH-03,ALT-HEALTH-2026-04058,2026-Q2,2026-05-10T21:45:00,HIGH,PRIVILEGE_ESCALATION,SIEM-SENSOR-HEALTH,AST-HEALTH-052,2026-05-10T21:53:00,2026-05-10T22:31:00,2026-05-11T00:31:00,TRUE_POSITIVE,False,,ANALYST_SINGH,True,True,True,CLOSED,DEMO/SYNTHETIC - NOT REAL GOVERNMENT DATA
CSE-HEALTH-03,ALT-HEALTH-2026-04059,2026-Q2,2026-04-28T01:11:00,LOW,PRIVILEGE_ESCALATION,SIEM-SENSOR-HEALTH,AST-HEALTH-064,2026-04-28T01:26:00,2026-04-28T01:46:00,2026-04-28T03:46:00,TRUE_POSITIVE,False,,ANALYST_PATEL,True,True,True,CLOSED,DEMO/SYNTHETIC - NOT REAL GOVERNMENT DATA
CSE-HEALTH-03,ALT-HEALTH-2026-04060,2026-Q2,2026-04-28T13:53:00,MEDIUM,RANSOMWARE,SIEM-SENSOR-HEALTH,AST-HEALTH-019,2026-04-28T13:58:00,2026-04-28T14:28:00,2026-04-28T16:28:00,TRUE_POSITIVE,False,,ANALYST_SHARMA,True,True,True,CLOSED,DEMO/SYNTHETIC - NOT REAL GOVERNMENT DATA
CSE-HEALTH-03,ALT-HEALTH-2026-04061,2026-Q2,2026-06-01T19:36:00,LOW,DATA_EXFILTRATION,SIEM-SENSOR-HEALTH,AST-HEALTH-034,2026-06-01T19:55:00,2026-06-01T20:26:00,2026-06-01T23:26:00,TRUE_POSITIVE,True,2026-06-01T20:46:00,ANALYST_SHARMA,True,False,True,CLOSED,DEMO/SYNTHETIC - NOT REAL GOVERNMENT DATA
CSE-HEALTH-03,ALT-HEALTH-2026-04062,2026-Q2,2026-06-01T23:26:00,LOW,SCADA_COMMAND_ANOMALY,SIEM-SENSOR-HEALTH,AST-HEALTH-008,2026-06-01T23:32:00,2026-06-02T00:11:00,2026-06-02T02:11:00,TRUE_POSITIVE,False,,ANALYST_PATEL,True,False,True,CLOSED,DEMO/SYNTHETIC - NOT REAL GOVERNMENT DATA
CSE-HEALTH-03,ALT-HEALTH-2026-04063,2026-Q2,2026-04-22T06:14:00,MEDIUM,SCADA_COMMAND_ANOMALY,SIEM-SENSOR-HEALTH,AST-HEALTH-003,2026-04-22T06:30:00,2026-04-22T07:02:00,2026-04-22T09:02:00,TRUE_POSITIVE,True,2026-04-22T07:22:00,ANALYST_RAO,True,False,True,CLOSED,DEMO/SYNTHETIC - NOT REAL GOVERNMENT DATA
CSE-HEALTH-03,ALT-HEALTH-2026-04064,2026-Q2,2026-04-25T22:58:00,MEDIUM,PRIVILEGE_ESCALATION,SIEM-SENSOR-HEALTH,AST-HEALTH-013,2026-04-25T23:13:00,2026-04-25T23:27:00,2026-04-26T02:27:00,TRUE_POSITIVE,False,,ANALYST_SHARMA,False,False,True,CLOSED,DEMO/SYNTHETIC - NOT REAL GOVERNMENT DATA
CSE-HEALTH-03,ALT-HEALTH-2026-04065,2026-Q2,2026-05-28T02:32:00,MEDIUM,BRUTE_FORCE,SIEM-SENSOR-HEALTH,AST-HEALTH-035,2026-05-28T02:48:00,2026-05-28T03:12:00,2026-05-28T04:12:00,TRUE_POSITIVE,False,,ANALYST_SINGH,True,True,True,CLOSED,DEMO/SYNTHETIC - NOT REAL GOVERNMENT DATA
CSE-HEALTH-03,ALT-HEALTH-2026-04066,2026-Q2,2026-06-07T01:38:00,MEDIUM,MALWARE,SIEM-SENSOR-HEALTH,AST-HEALTH-060,2026-06-07T01:52:00,2026-06-07T02:30:00,2026-06-07T03:30:00,TRUE_POSITIVE,True,2026-06-07T02:50:00,ANALYST_PATEL,False,True,True,CLOSED,DEMO/SYNTHETIC - NOT REAL GOVERNMENT DATA
CSE-HEALTH-03,ALT-HEALTH-2026-04067,2026-Q2,2026-04-30T21:45:00,HIGH,DATA_EXFILTRATION,SIEM-SENSOR-HEALTH,AST-HEALTH-005,2026-04-30T22:00:00,2026-04-30T22:30:00,2026-04-30T23:30:00,TRUE_POSITIVE,False,,ANALYST_VERMA,False,True,True,CLOSED,DEMO/SYNTHETIC - NOT REAL GOVERNMENT DATA
CSE-HEALTH-03,ALT-HEALTH-2026-04068,2026-Q2,2026-06-11T23:34:00,MEDIUM,POLICY_VIOLATION,SIEM-SENSOR-HEALTH,AST-HEALTH-037,2026-06-11T23:47:00,2026-06-12T00:17:00,2026-06-12T03:17:00,TRUE_POSITIVE,True,2026-06-12T00:37:00,ANALYST_VERMA,False,False,True,CLOSED,DEMO/SYNTHETIC - NOT REAL GOVERNMENT DATA
CSE-HEALTH-03,ALT-HEALTH-2026-04069,2026-Q2,2026-06-10T09:10:00,LOW,DATA_EXFILTRATION,SIEM-SENSOR-HEALTH,AST-HEALTH-047,2026-06-10T09:17:00,2026-06-10T09:43:00,2026-06-10T13:43:00,TRUE_POSITIVE,False,,ANALYST_RAO,True,True,True,CLOSED,DEMO/SYNTHETIC - NOT REAL GOVERNMENT DATA
CSE-HEALTH-03,ALT-HEALTH-2026-04070,2026-Q2,2026-04-30T16:26:00,MEDIUM,SCADA_COMMAND_ANOMALY,SIEM-SENSOR-HEALTH,AST-HEALTH-010,2026-04-30T16:38:00,2026-04-30T17:08:00,2026-04-30T19:08:00,TRUE_POSITIVE,False,,ANALYST_RAO,False,False,True,CLOSED,DEMO/SYNTHETIC - NOT REAL GOVERNMENT DATA
CSE-HEALTH-03,ALT-HEALTH-2026-04071,2026-Q2,2026-04-26T23:56:00,HIGH,RANSOMWARE,SIEM-SENSOR-HEALTH,AST-HEALTH-025,2026-04-27T00:10:00,2026-04-27T00:41:00,2026-04-27T03:41:00,TRUE_POSITIVE,False,,ANALYST_VERMA,True,False,True,CLOSED,DEMO/SYNTHETIC - NOT REAL GOVERNMENT DATA
CSE-HEALTH-03,ALT-HEALTH-2026-04072,2026-Q2,2026-05-09T09:18:00,MEDIUM,UNAUTHORIZED_ACCESS,SIEM-SENSOR-HEALTH,AST-HEALTH-019,2026-05-09T09:36:00,2026-05-09T09:55:00,2026-05-09T11:55:00,TRUE_POSITIVE,False,,ANALYST_SHARMA,True,False,True,CLOSED,DEMO/SYNTHETIC - NOT REAL GOVERNMENT DATA
CSE-HEALTH-03,ALT-HEALTH-2026-04073,2026-Q2,2026-04-17T02:20:00,MEDIUM,SCADA_COMMAND_ANOMALY,SIEM-SENSOR-HEALTH,AST-HEALTH-055,2026-04-17T02:30:00,2026-04-17T03:02:00,2026-04-17T08:02:00,TRUE_POSITIVE,False,,ANALYST_RAO,True,False,True,CLOSED,DEMO/SYNTHETIC - NOT REAL GOVERNMENT DATA
CSE-HEALTH-03,ALT-HEALTH-2026-04074,2026-Q2,2026-04-22T00:50:00,LOW,MALWARE,SIEM-SENSOR-HEALTH,AST-HEALTH-058,2026-04-22T00:53:00,2026-04-22T01:06:00,2026-04-22T06:06:00,TRUE_POSITIVE,True,2026-04-22T01:26:00,ANALYST_SHARMA,True,True,True,CLOSED,DEMO/SYNTHETIC - NOT REAL GOVERNMENT DATA
CSE-HEALTH-03,ALT-HEALTH-2026-04075,2026-Q2,2026-05-18T04:57:00,LOW,MALWARE,SIEM-SENSOR-HEALTH,AST-HEALTH-020,2026-05-18T05:11:00,2026-05-18T05:25:00,2026-05-18T08:25:00,TRUE_POSITIVE,False,,ANALYST_RAO,True,False,True,CLOSED,DEMO/SYNTHETIC - NOT REAL GOVERNMENT DATA
CSE-HEALTH-03,ALT-HEALTH-2026-04076,2026-Q2,2026-04-20T23:58:00,CRITICAL,DDOS_ATTACK,SIEM-SENSOR-HEALTH,AST-HEALTH-045,2026-04-21T00:11:00,2026-04-21T00:50:00,2026-04-21T04:50:00,TRUE_POSITIVE,False,,ANALYST_RAO,False,True,True,CLOSED,DEMO/SYNTHETIC - NOT REAL GOVERNMENT DATA
CSE-HEALTH-03,ALT-HEALTH-2026-04077,2026-Q2,2026-06-03T01:59:00,HIGH,UNAUTHORIZED_ACCESS,SIEM-SENSOR-HEALTH,AST-HEALTH-057,2026-06-03T02:03:00,2026-06-03T02:39:00,2026-06-03T03:39:00,TRUE_POSITIVE,False,,ANALYST_SHARMA,False,False,True,CLOSED,DEMO/SYNTHETIC - NOT REAL GOVERNMENT DATA
CSE-HEALTH-03,ALT-HEALTH-2026-04078,2026-Q2,2026-05-18T22:56:00,MEDIUM,PRIVILEGE_ESCALATION,SIEM-SENSOR-HEALTH,AST-HEALTH-030,2026-05-18T23:14:00,2026-05-18T23:54:00,2026-05-19T01:54:00,TRUE_POSITIVE,False,,ANALYST_PATEL,False,True,True,CLOSED,DEMO/SYNTHETIC - NOT REAL GOVERNMENT DATA
CSE-HEALTH-03,ALT-HEALTH-2026-04079,2026-Q2,2026-04-27T14:05:00,LOW,POLICY_VIOLATION,SIEM-SENSOR-HEALTH,AST-HEALTH-010,2026-04-27T14:18:00,2026-04-27T14:55:00,2026-04-27T18:55:00,TRUE_POSITIVE,False,,ANALYST_PATEL,False,False,True,CLOSED,DEMO/SYNTHETIC - NOT REAL GOVERNMENT DATA
CSE-HEALTH-03,ALT-HEALTH-2026-04080,2026-Q2,2026-06-09T02:32:00,MEDIUM,PRIVILEGE_ESCALATION,SIEM-SENSOR-HEALTH,AST-HEALTH-065,2026-06-09T02:45:00,2026-06-09T03:12:00,2026-06-09T08:12:00,TRUE_POSITIVE,False,,ANALYST_SHARMA,True,False,True,CLOSED,DEMO/SYNTHETIC - NOT REAL GOVERNMENT DATA
CSE-HEALTH-03,ALT-HEALTH-2026-04081,2026-Q2,2026-06-17T06:29:00,MEDIUM,UNAUTHORIZED_ACCESS,SIEM-SENSOR-HEALTH,AST-HEALTH-065,2026-06-17T06:33:00,2026-06-17T07:01:00,2026-06-17T10:01:00,TRUE_POSITIVE,False,,ANALYST_SINGH,True,True,True,CLOSED,DEMO/SYNTHETIC - NOT REAL GOVERNMENT DATA
CSE-HEALTH-03,ALT-HEALTH-2026-04082,2026-Q2,2026-04-23T03:00:00,LOW,UNAUTHORIZED_ACCESS,SIEM-SENSOR-HEALTH,AST-HEALTH-034,2026-04-23T03:04:00,2026-04-23T03:39:00,2026-04-23T08:39:00,TRUE_POSITIVE,False,,ANALYST_SINGH,True,False,True,CLOSED,DEMO/SYNTHETIC - NOT REAL GOVERNMENT DATA
CSE-HEALTH-03,ALT-HEALTH-2026-04083,2026-Q2,2026-06-06T10:51:00,MEDIUM,UNAUTHORIZED_ACCESS,SIEM-SENSOR-HEALTH,AST-HEALTH-025,2026-06-06T10:53:00,2026-06-06T11:31:00,2026-06-06T16:31:00,TRUE_POSITIVE,False,,ANALYST_SINGH,False,False,True,CLOSED,DEMO/SYNTHETIC - NOT REAL GOVERNMENT DATA
CSE-HEALTH-03,ALT-HEALTH-2026-04084,2026-Q2,2026-05-09T13:54:00,HIGH,BRUTE_FORCE,SIEM-SENSOR-HEALTH,AST-HEALTH-007,2026-05-09T14:10:00,2026-05-09T14:40:00,2026-05-09T17:40:00,TRUE_POSITIVE,True,2026-05-09T15:00:00,ANALYST_VERMA,True,False,True,CLOSED,DEMO/SYNTHETIC - NOT REAL GOVERNMENT DATA
CSE-HEALTH-03,ALT-HEALTH-2026-04085,2026-Q2,2026-04-25T14:41:00,MEDIUM,RANSOMWARE,SIEM-SENSOR-HEALTH,AST-HEALTH-015,2026-04-25T14:58:00,2026-04-25T15:08:00,2026-04-25T16:08:00,TRUE_POSITIVE,False,,ANALYST_RAO,True,True,True,CLOSED,DEMO/SYNTHETIC - NOT REAL GOVERNMENT DATA
CSE-HEALTH-03,ALT-HEALTH-2026-04086,2026-Q2,2026-05-23T22:44:00,LOW,MALWARE,SIEM-SENSOR-HEALTH,AST-HEALTH-017,2026-05-23T22:58:00,2026-05-23T23:26:00,2026-05-24T01:26:00,TRUE_POSITIVE,False,,ANALYST_SINGH,True,True,True,CLOSED,DEMO/SYNTHETIC - NOT REAL GOVERNMENT DATA
CSE-HEALTH-03,ALT-HEALTH-2026-04087,2026-Q2,2026-04-30T09:09:00,LOW,DATA_EXFILTRATION,SIEM-SENSOR-HEALTH,AST-HEALTH-064,2026-04-30T09:18:00,2026-04-30T09:28:00,2026-04-30T11:28:00,TRUE_POSITIVE,False,,ANALYST_SINGH,True,False,True,CLOSED,DEMO/SYNTHETIC - NOT REAL GOVERNMENT DATA
CSE-HEALTH-03,ALT-HEALTH-2026-04088,2026-Q2,2026-04-15T02:35:00,CRITICAL,BRUTE_FORCE,SIEM-SENSOR-HEALTH,AST-HEALTH-051,2026-04-15T02:54:00,2026-04-15T03:14:00,2026-04-15T05:14:00,TRUE_POSITIVE,False,,ANALYST_PATEL,True,False,True,CLOSED,DEMO/SYNTHETIC - NOT REAL GOVERNMENT DATA
CSE-HEALTH-03,ALT-HEALTH-2026-04089,2026-Q2,2026-06-04T05:43:00,MEDIUM,POLICY_VIOLATION,SIEM-SENSOR-HEALTH,AST-HEALTH-037,2026-06-04T06:01:00,2026-06-04T06:40:00,2026-06-04T11:40:00,TRUE_POSITIVE,False,,ANALYST_SINGH,True,True,True,CLOSED,DEMO/SYNTHETIC - NOT REAL GOVERNMENT DATA
CSE-HEALTH-03,ALT-HEALTH-2026-04090,2026-Q2,2026-06-19T03:38:00,MEDIUM,SCADA_COMMAND_ANOMALY,SIEM-SENSOR-HEALTH,AST-HEALTH-015,2026-06-19T03:46:00,2026-06-19T04:14:00,2026-06-19T05:14:00,TRUE_POSITIVE,False,,ANALYST_VERMA,True,False,True,CLOSED,DEMO/SYNTHETIC - NOT REAL GOVERNMENT DATA
CSE-HEALTH-03,ALT-HEALTH-2026-04091,2026-Q2,2026-04-21T20:48:00,HIGH,MALWARE,SIEM-SENSOR-HEALTH,AST-HEALTH-059,2026-04-21T20:59:00,2026-04-21T21:11:00,2026-04-21T23:11:00,TRUE_POSITIVE,False,,ANALYST_RAO,True,True,True,CLOSED,DEMO/SYNTHETIC - NOT REAL GOVERNMENT DATA
CSE-HEALTH-03,ALT-HEALTH-2026-04092,2026-Q2,2026-05-11T09:51:00,HIGH,PRIVILEGE_ESCALATION,SIEM-SENSOR-HEALTH,AST-HEALTH-039,2026-05-11T10:03:00,2026-05-11T10:24:00,2026-05-11T12:24:00,TRUE_POSITIVE,True,2026-05-11T10:44:00,ANALYST_SINGH,False,False,True,CLOSED,DEMO/SYNTHETIC - NOT REAL GOVERNMENT DATA
CSE-HEALTH-03,ALT-HEALTH-2026-04093,2026-Q2,2026-05-24T19:02:00,LOW,UNAUTHORIZED_ACCESS,SIEM-SENSOR-HEALTH,AST-HEALTH-021,2026-05-24T19:22:00,2026-05-24T19:51:00,2026-05-24T20:51:00,TRUE_POSITIVE,False,,ANALYST_RAO,True,False,True,CLOSED,DEMO/SYNTHETIC - NOT REAL GOVERNMENT DATA
CSE-HEALTH-03,ALT-HEALTH-2026-04094,2026-Q2,2026-05-31T17:29:00,MEDIUM,DDOS_ATTACK,SIEM-SENSOR-HEALTH,AST-HEALTH-064,2026-05-31T17:37:00,2026-05-31T18:09:00,2026-05-31T22:09:00,TRUE_POSITIVE,False,,ANALYST_RAO,True,False,True,CLOSED,DEMO/SYNTHETIC - NOT REAL GOVERNMENT DATA
CSE-HEALTH-03,ALT-HEALTH-2026-04095,2026-Q2,2026-05-09T10:31:00,MEDIUM,MALWARE,SIEM-SENSOR-HEALTH,AST-HEALTH-064,2026-05-09T10:40:00,2026-05-09T11:04:00,2026-05-09T13:04:00,TRUE_POSITIVE,False,,ANALYST_RAO,True,True,True,CLOSED,DEMO/SYNTHETIC - NOT REAL GOVERNMENT DATA
CSE-HEALTH-03,ALT-HEALTH-2026-04096,2026-Q2,2026-06-13T11:12:00,MEDIUM,DATA_EXFILTRATION,SIEM-SENSOR-HEALTH,AST-HEALTH-040,2026-06-13T11:32:00,2026-06-13T12:12:00,2026-06-13T16:12:00,TRUE_POSITIVE,False,,ANALYST_RAO,True,False,True,CLOSED,DEMO/SYNTHETIC - NOT REAL GOVERNMENT DATA
CSE-HEALTH-03,ALT-HEALTH-2026-04097,2026-Q2,2026-06-15T10:59:00,CRITICAL,RANSOMWARE,SIEM-SENSOR-HEALTH,AST-HEALTH-054,2026-06-15T11:06:00,2026-06-15T11:45:00,2026-06-15T12:45:00,TRUE_POSITIVE,True,2026-06-15T12:05:00,ANALYST_PATEL,True,True,True,CLOSED,DEMO/SYNTHETIC - NOT REAL GOVERNMENT DATA
CSE-HEALTH-03,ALT-HEALTH-2026-04098,2026-Q2,2026-05-15T22:51:00,MEDIUM,RANSOMWARE,SIEM-SENSOR-HEALTH,AST-HEALTH-040,2026-05-15T22:57:00,2026-05-15T23:26:00,2026-05-16T03:26:00,TRUE_POSITIVE,False,,ANALYST_SHARMA,True,False,True,CLOSED,DEMO/SYNTHETIC - NOT REAL GOVERNMENT DATA
CSE-HEALTH-03,ALT-HEALTH-2026-04099,2026-Q2,2026-06-17T15:01:00,LOW,DATA_EXFILTRATION,SIEM-SENSOR-HEALTH,AST-HEALTH-005,2026-06-17T15:09:00,2026-06-17T15:46:00,2026-06-17T19:46:00,TRUE_POSITIVE,False,,ANALYST_SHARMA,True,False,True,CLOSED,DEMO/SYNTHETIC - NOT REAL GOVERNMENT DATA
CSE-HEALTH-03,ALT-HEALTH-2026-04100,2026-Q2,2026-04-17T13:53:00,HIGH,POLICY_VIOLATION,SIEM-SENSOR-HEALTH,AST-HEALTH-049,2026-04-17T13:59:00,2026-04-17T14:17:00,2026-04-17T18:17:00,TRUE_POSITIVE,True,2026-04-17T14:37:00,ANALYST_PATEL,True,False,True,CLOSED,DEMO/SYNTHETIC - NOT REAL GOVERNMENT DATA
CSE-HEALTH-03,ALT-HEALTH-2026-04101,2026-Q2,2026-06-20T19:41:00,HIGH,SCADA_COMMAND_ANOMALY,SIEM-SENSOR-HEALTH,AST-HEALTH-003,2026-06-20T19:52:00,2026-06-20T20:26:00,2026-06-21T00:26:00,TRUE_POSITIVE,False,,ANALYST_RAO,False,True,True,CLOSED,DEMO/SYNTHETIC - NOT REAL GOVERNMENT DATA
CSE-HEALTH-03,ALT-HEALTH-2026-04102,2026-Q2,2026-05-12T03:21:00,MEDIUM,UNAUTHORIZED_ACCESS,SIEM-SENSOR-HEALTH,AST-HEALTH-053,2026-05-12T03:30:00,2026-05-12T04:09:00,2026-05-12T07:09:00,TRUE_POSITIVE,False,,ANALYST_SHARMA,False,True,True,CLOSED,DEMO/SYNTHETIC - NOT REAL GOVERNMENT DATA
CSE-HEALTH-03,ALT-HEALTH-2026-04103,2026-Q2,2026-05-20T02:01:00,MEDIUM,UNAUTHORIZED_ACCESS,SIEM-SENSOR-HEALTH,AST-HEALTH-008,2026-05-20T02:06:00,2026-05-20T02:31:00,2026-05-20T03:31:00,TRUE_POSITIVE,False,,ANALYST_PATEL,False,True,True,CLOSED,DEMO/SYNTHETIC - NOT REAL GOVERNMENT DATA
CSE-HEALTH-03,ALT-HEALTH-2026-04104,2026-Q2,2026-06-11T03:29:00,MEDIUM,DATA_EXFILTRATION,SIEM-SENSOR-HEALTH,AST-HEALTH-001,2026-06-11T03:48:00,2026-06-11T04:14:00,2026-06-11T07:14:00,TRUE_POSITIVE,False,,ANALYST_PATEL,False,False,True,CLOSED,DEMO/SYNTHETIC - NOT REAL GOVERNMENT DATA
CSE-HEALTH-03,ALT-HEALTH-2026-04105,2026-Q2,2026-04-28T02:50:00,MEDIUM,BRUTE_FORCE,SIEM-SENSOR-HEALTH,AST-HEALTH-047,2026-04-28T03:02:00,2026-04-28T03:42:00,2026-04-28T04:42:00,TRUE_POSITIVE,False,,ANALYST_RAO,True,True,True,CLOSED,DEMO/SYNTHETIC - NOT REAL GOVERNMENT DATA
CSE-HEALTH-03,ALT-HEALTH-2026-04106,2026-Q2,2026-06-07T04:33:00,MEDIUM,DDOS_ATTACK,SIEM-SENSOR-HEALTH,AST-HEALTH-060,2026-06-07T04:36:00,2026-06-07T05:04:00,2026-06-07T09:04:00,TRUE_POSITIVE,False,,ANALYST_SHARMA,True,False,True,CLOSED,DEMO/SYNTHETIC - NOT REAL GOVERNMENT DATA
CSE-HEALTH-03,ALT-HEALTH-2026-04107,2026-Q2,2026-06-10T04:49:00,MEDIUM,POLICY_VIOLATION,SIEM-SENSOR-HEALTH,AST-HEALTH-046,2026-06-10T04:54:00,2026-06-10T05:22:00,2026-06-10T10:22:00,TRUE_POSITIVE,False,,ANALYST_SINGH,False,False,True,CLOSED,DEMO/SYNTHETIC - NOT REAL GOVERNMENT DATA
CSE-HEALTH-03,ALT-HEALTH-2026-04108,2026-Q2,2026-04-07T21:28:00,HIGH,PRIVILEGE_ESCALATION,SIEM-SENSOR-HEALTH,AST-HEALTH-061,2026-04-07T21:43:00,2026-04-07T22:19:00,2026-04-07T23:19:00,TRUE_POSITIVE,False,,ANALYST_PATEL,False,True,True,CLOSED,DEMO/SYNTHETIC - NOT REAL GOVERNMENT DATA
CSE-HEALTH-03,ALT-HEALTH-2026-04109,2026-Q2,2026-04-26T00:02:00,MEDIUM,RANSOMWARE,SIEM-SENSOR-HEALTH,AST-HEALTH-021,2026-04-26T00:04:00,2026-04-26T00:27:00,2026-04-26T03:27:00,TRUE_POSITIVE,False,,ANALYST_VERMA,True,False,True,CLOSED,DEMO/SYNTHETIC - NOT REAL GOVERNMENT DATA
CSE-HEALTH-03,ALT-HEALTH-2026-04110,2026-Q2,2026-06-18T16:15:00,MEDIUM,BRUTE_FORCE,SIEM-SENSOR-HEALTH,AST-HEALTH-040,2026-06-18T16:17:00,2026-06-18T16:32:00,2026-06-18T21:32:00,TRUE_POSITIVE,False,,ANALYST_SHARMA,False,True,True,CLOSED,DEMO/SYNTHETIC - NOT REAL GOVERNMENT DATA
CSE-HEALTH-03,ALT-HEALTH-2026-04111,2026-Q2,2026-06-05T21:00:00,HIGH,DATA_EXFILTRATION,SIEM-SENSOR-HEALTH,AST-HEALTH-020,2026-06-05T21:03:00,2026-06-05T21:20:00,2026-06-05T22:20:00,TRUE_POSITIVE,False,,ANALYST_PATEL,False,True,True,CLOSED,DEMO/SYNTHETIC - NOT REAL GOVERNMENT DATA
CSE-HEALTH-03,ALT-HEALTH-2026-04112,2026-Q2,2026-05-26T10:41:00,MEDIUM,BRUTE_FORCE,SIEM-SENSOR-HEALTH,AST-HEALTH-057,2026-05-26T10:48:00,2026-05-26T11:16:00,2026-05-26T13:16:00,TRUE_POSITIVE,False,,ANALYST_SINGH,True,True,True,CLOSED,DEMO/SYNTHETIC - NOT REAL GOVERNMENT DATA
CSE-HEALTH-03,ALT-HEALTH-2026-04113,2026-Q2,2026-06-07T03:08:00,HIGH,PRIVILEGE_ESCALATION,SIEM-SENSOR-HEALTH,AST-HEALTH-029,2026-06-07T03:20:00,2026-06-07T03:34:00,2026-06-07T07:34:00,TRUE_POSITIVE,True,2026-06-07T03:54:00,ANALYST_VERMA,True,True,True,CLOSED,DEMO/SYNTHETIC - NOT REAL GOVERNMENT DATA
CSE-HEALTH-03,ALT-HEALTH-2026-04114,2026-Q2,2026-04-14T05:58:00,LOW,UNAUTHORIZED_ACCESS,SIEM-SENSOR-HEALTH,AST-HEALTH-062,2026-04-14T06:16:00,2026-04-14T06:42:00,2026-04-14T11:42:00,TRUE_POSITIVE,False,,ANALYST_VERMA,False,True,True,CLOSED,DEMO/SYNTHETIC - NOT REAL GOVERNMENT DATA
CSE-HEALTH-03,ALT-HEALTH-2026-04115,2026-Q2,2026-04-12T04:16:00,MEDIUM,DDOS_ATTACK,SIEM-SENSOR-HEALTH,AST-HEALTH-045,2026-04-12T04:21:00,2026-04-12T04:32:00,2026-04-12T05:32:00,TRUE_POSITIVE,True,2026-04-12T04:52:00,ANALYST_VERMA,False,True,True,CLOSED,DEMO/SYNTHETIC - NOT REAL GOVERNMENT DATA
CSE-HEALTH-03,ALT-HEALTH-2026-04116,2026-Q2,2026-04-07T23:22:00,MEDIUM,UNAUTHORIZED_ACCESS,SIEM-SENSOR-HEALTH,AST-HEALTH-011,2026-04-07T23:38:00,2026-04-07T23:51:00,2026-04-08T02:51:00,TRUE_POSITIVE,False,,ANALYST_SHARMA,True,True,True,CLOSED,DEMO/SYNTHETIC - NOT REAL GOVERNMENT DATA
CSE-HEALTH-03,ALT-HEALTH-2026-04117,2026-Q2,2026-04-09T10:01:00,MEDIUM,DATA_EXFILTRATION,SIEM-SENSOR-HEALTH,AST-HEALTH-014,2026-04-09T10:08:00,2026-04-09T10:41:00,2026-04-09T13:41:00,TRUE_POSITIVE,True,2026-04-09T11:01:00,ANALYST_VERMA,True,False,True,CLOSED,DEMO/SYNTHETIC - NOT REAL GOVERNMENT DATA
CSE-HEALTH-03,ALT-HEALTH-2026-04118,2026-Q2,2026-05-29T10:03:00,LOW,MALWARE,SIEM-SENSOR-HEALTH,AST-HEALTH-051,2026-05-29T10:06:00,2026-05-29T10:22:00,2026-05-29T15:22:00,TRUE_POSITIVE,True,2026-05-29T10:42:00,ANALYST_SINGH,True,False,True,CLOSED,DEMO/SYNTHETIC - NOT REAL GOVERNMENT DATA
CSE-HEALTH-03,ALT-HEALTH-2026-04119,2026-Q2,2026-06-15T03:18:00,MEDIUM,RANSOMWARE,SIEM-SENSOR-HEALTH,AST-HEALTH-064,2026-06-15T03:22:00,2026-06-15T03:33:00,2026-06-15T06:33:00,TRUE_POSITIVE,False,,ANALYST_SHARMA,True,True,True,CLOSED,DEMO/SYNTHETIC - NOT REAL GOVERNMENT DATA
CSE-HEALTH-03,ALT-HEALTH-2026-04120,2026-Q2,2026-06-04T03:50:00,MEDIUM,DDOS_ATTACK,SIEM-SENSOR-HEALTH,AST-HEALTH-009,2026-06-04T04:10:00,2026-06-04T04:31:00,2026-06-04T09:31:00,TRUE_POSITIVE,False,,ANALYST_SHARMA,False,False,True,CLOSED,DEMO/SYNTHETIC - NOT REAL GOVERNMENT DATA
CSE-HEALTH-03,ALT-HEALTH-2026-04121,2026-Q2,2026-06-16T02:52:00,HIGH,PRIVILEGE_ESCALATION,SIEM-SENSOR-HEALTH,AST-HEALTH-030,2026-06-16T02:59:00,2026-06-16T03:18:00,2026-06-16T07:18:00,TRUE_POSITIVE,False,,ANALYST_SINGH,False,True,True,CLOSED,DEMO/SYNTHETIC - NOT REAL GOVERNMENT DATA
CSE-HEALTH-03,ALT-HEALTH-2026-04122,2026-Q2,2026-04-24T07:43:00,HIGH,DATA_EXFILTRATION,SIEM-SENSOR-HEALTH,AST-HEALTH-061,2026-04-24T07:45:00,2026-04-24T08:20:00,2026-04-24T13:20:00,TRUE_POSITIVE,False,,ANALYST_RAO,False,False,True,CLOSED,DEMO/SYNTHETIC - NOT REAL GOVERNMENT DATA
CSE-HEALTH-03,ALT-HEALTH-2026-04123,2026-Q2,2026-05-16T23:26:00,HIGH,DDOS_ATTACK,SIEM-SENSOR-HEALTH,AST-HEALTH-035,2026-05-16T23:39:00,2026-05-17T00:05:00,2026-05-17T03:05:00,TRUE_POSITIVE,False,,ANALYST_SHARMA,True,False,True,CLOSED,DEMO/SYNTHETIC - NOT REAL GOVERNMENT DATA
CSE-HEALTH-03,ALT-HEALTH-2026-04124,2026-Q2,2026-05-15T14:30:00,CRITICAL,UNAUTHORIZED_ACCESS,SIEM-SENSOR-HEALTH,AST-HEALTH-057,2026-05-15T14:43:00,2026-05-15T15:08:00,2026-05-15T19:08:00,TRUE_POSITIVE,False,,ANALYST_SINGH,True,True,True,CLOSED,DEMO/SYNTHETIC - NOT REAL GOVERNMENT DATA
CSE-HEALTH-03,ALT-HEALTH-2026-04125,2026-Q2,2026-05-30T02:03:00,LOW,DDOS_ATTACK,SIEM-SENSOR-HEALTH,AST-HEALTH-014,2026-05-30T02:14:00,2026-05-30T02:29:00,2026-05-30T03:29:00,TRUE_POSITIVE,False,,ANALYST_SHARMA,True,False,True,CLOSED,DEMO/SYNTHETIC - NOT REAL GOVERNMENT DATA
CSE-HEALTH-03,ALT-HEALTH-2026-04126,2026-Q2,2026-04-30T17:24:00,MEDIUM,SCADA_COMMAND_ANOMALY,SIEM-SENSOR-HEALTH,AST-HEALTH-009,2026-04-30T17:40:00,2026-04-30T18:07:00,2026-04-30T19:07:00,TRUE_POSITIVE,True,2026-04-30T18:27:00,ANALYST_RAO,True,False,True,CLOSED,DEMO/SYNTHETIC - NOT REAL GOVERNMENT DATA
CSE-HEALTH-03,ALT-HEALTH-2026-04127,2026-Q2,2026-05-20T03:58:00,LOW,UNAUTHORIZED_ACCESS,SIEM-SENSOR-HEALTH,AST-HEALTH-008,2026-05-20T04:10:00,2026-05-20T04:27:00,2026-05-20T07:27:00,TRUE_POSITIVE,False,,ANALYST_PATEL,True,True,True,CLOSED,DEMO/SYNTHETIC - NOT REAL GOVERNMENT DATA
CSE-HEALTH-03,ALT-HEALTH-2026-04128,2026-Q2,2026-06-07T03:16:00,HIGH,DATA_EXFILTRATION,SIEM-SENSOR-HEALTH,AST-HEALTH-031,2026-06-07T03:26:00,2026-06-07T03:44:00,2026-06-07T07:44:00,TRUE_POSITIVE,False,,ANALYST_PATEL,True,True,True,CLOSED,DEMO/SYNTHETIC - NOT REAL GOVERNMENT DATA
CSE-HEALTH-03,ALT-HEALTH-2026-04129,2026-Q2,2026-05-24T06:38:00,LOW,BRUTE_FORCE,SIEM-SENSOR-HEALTH,AST-HEALTH-014,2026-05-24T06:57:00,2026-05-24T07:35:00,2026-05-24T09:35:00,TRUE_POSITIVE,True,2026-05-24T07:55:00,ANALYST_VERMA,False,False,True,CLOSED,DEMO/SYNTHETIC - NOT REAL GOVERNMENT DATA
CSE-HEALTH-03,ALT-HEALTH-2026-04130,2026-Q2,2026-04-11T10:58:00,HIGH,MALWARE,SIEM-SENSOR-HEALTH,AST-HEALTH-021,2026-04-11T11:14:00,2026-04-11T11:39:00,2026-04-11T15:39:00,TRUE_POSITIVE,True,2026-04-11T11:59:00,ANALYST_SINGH,True,False,True,CLOSED,DEMO/SYNTHETIC - NOT REAL GOVERNMENT DATA
CSE-HEALTH-03,ALT-HEALTH-2026-04131,2026-Q2,2026-05-23T03:58:00,LOW,UNAUTHORIZED_ACCESS,SIEM-SENSOR-HEALTH,AST-HEALTH-008,2026-05-23T04:06:00,2026-05-23T04:19:00,2026-05-23T05:19:00,TRUE_POSITIVE,False,,ANALYST_SHARMA,False,False,True,CLOSED,DEMO/SYNTHETIC - NOT REAL GOVERNMENT DATA
CSE-HEALTH-03,ALT-HEALTH-2026-04132,2026-Q2,2026-06-03T16:28:00,CRITICAL,SCADA_COMMAND_ANOMALY,SIEM-SENSOR-HEALTH,AST-HEALTH-061,2026-06-03T16:44:00,2026-06-03T17:15:00,2026-06-03T22:15:00,TRUE_POSITIVE,False,,ANALYST_PATEL,True,False,True,CLOSED,DEMO/SYNTHETIC - NOT REAL GOVERNMENT DATA
CSE-HEALTH-03,ALT-HEALTH-2026-04133,2026-Q2,2026-05-01T01:36:00,CRITICAL,POLICY_VIOLATION,SIEM-SENSOR-HEALTH,AST-HEALTH-061,2026-05-01T01:48:00,2026-05-01T02:15:00,2026-05-01T05:15:00,TRUE_POSITIVE,True,2026-05-01T02:35:00,ANALYST_VERMA,False,False,True,CLOSED,DEMO/SYNTHETIC - NOT REAL GOVERNMENT DATA
CSE-HEALTH-03,ALT-HEALTH-2026-04134,2026-Q2,2026-04-01T13:11:00,MEDIUM,UNAUTHORIZED_ACCESS,SIEM-SENSOR-HEALTH,AST-HEALTH-035,2026-04-01T13:25:00,2026-04-01T13:56:00,2026-04-01T17:56:00,TRUE_POSITIVE,True,2026-04-01T14:16:00,ANALYST_SINGH,False,False,True,CLOSED,DEMO/SYNTHETIC - NOT REAL GOVERNMENT DATA
CSE-HEALTH-03,ALT-HEALTH-2026-04135,2026-Q2,2026-06-12T00:59:00,LOW,MALWARE,SIEM-SENSOR-HEALTH,AST-HEALTH-047,2026-06-12T01:06:00,2026-06-12T01:43:00,2026-06-12T06:43:00,TRUE_POSITIVE,False,,ANALYST_RAO,False,True,True,CLOSED,DEMO/SYNTHETIC - NOT REAL GOVERNMENT DATA
CSE-HEALTH-03,ALT-HEALTH-2026-04136,2026-Q2,2026-06-11T08:01:00,MEDIUM,UNAUTHORIZED_ACCESS,SIEM-SENSOR-HEALTH,AST-HEALTH-034,2026-06-11T08:21:00,2026-06-11T08:31:00,2026-06-11T10:31:00,TRUE_POSITIVE,False,,ANALYST_SHARMA,False,True,True,CLOSED,DEMO/SYNTHETIC - NOT REAL GOVERNMENT DATA
CSE-HEALTH-03,ALT-HEALTH-2026-04137,2026-Q2,2026-04-14T15:28:00,LOW,RANSOMWARE,SIEM-SENSOR-HEALTH,AST-HEALTH-064,2026-04-14T15:44:00,2026-04-14T16:18:00,2026-04-14T18:18:00,TRUE_POSITIVE,True,2026-04-14T16:38:00,ANALYST_PATEL,False,True,True,CLOSED,DEMO/SYNTHETIC - NOT REAL GOVERNMENT DATA
CSE-HEALTH-03,ALT-HEALTH-2026-04138,2026-Q2,2026-04-25T01:07:00,MEDIUM,MALWARE,SIEM-SENSOR-HEALTH,AST-HEALTH-043,2026-04-25T01:25:00,2026-04-25T01:48:00,2026-04-25T04:48:00,TRUE_POSITIVE,False,,ANALYST_SHARMA,True,True,True,CLOSED,DEMO/SYNTHETIC - NOT REAL GOVERNMENT DATA
CSE-HEALTH-03,ALT-HEALTH-2026-04139,2026-Q2,2026-04-06T05:13:00,CRITICAL,POLICY_VIOLATION,SIEM-SENSOR-HEALTH,AST-HEALTH-038,2026-04-06T05:30:00,2026-04-06T05:43:00,2026-04-06T08:43:00,TRUE_POSITIVE,False,,ANALYST_RAO,True,True,True,CLOSED,DEMO/SYNTHETIC - NOT REAL GOVERNMENT DATA
CSE-HEALTH-03,ALT-HEALTH-2026-04140,2026-Q2,2026-05-31T03:20:00,LOW,UNAUTHORIZED_ACCESS,SIEM-SENSOR-HEALTH,AST-HEALTH-002,2026-05-31T03:30:00,2026-05-31T03:57:00,2026-05-31T08:57:00,TRUE_POSITIVE,False,,ANALYST_SINGH,True,True,True,CLOSED,DEMO/SYNTHETIC - NOT REAL GOVERNMENT DATA
CSE-HEALTH-03,ALT-HEALTH-2026-04141,2026-Q2,2026-04-08T02:09:00,CRITICAL,BRUTE_FORCE,SIEM-SENSOR-HEALTH,AST-HEALTH-041,2026-04-08T02:23:00,2026-04-08T03:02:00,2026-04-08T05:02:00,TRUE_POSITIVE,True,2026-04-08T03:22:00,ANALYST_VERMA,False,False,True,CLOSED,DEMO/SYNTHETIC - NOT REAL GOVERNMENT DATA
CSE-HEALTH-03,ALT-HEALTH-2026-04142,2026-Q2,2026-05-25T21:30:00,MEDIUM,POLICY_VIOLATION,SIEM-SENSOR-HEALTH,AST-HEALTH-041,2026-05-25T21:35:00,2026-05-25T22:08:00,2026-05-26T03:08:00,TRUE_POSITIVE,False,,ANALYST_SINGH,True,False,True,CLOSED,DEMO/SYNTHETIC - NOT REAL GOVERNMENT DATA
CSE-HEALTH-03,ALT-HEALTH-2026-04143,2026-Q2,2026-04-03T00:27:00,LOW,POLICY_VIOLATION,SIEM-SENSOR-HEALTH,AST-HEALTH-032,2026-04-03T00:39:00,2026-04-03T01:19:00,2026-04-03T06:19:00,TRUE_POSITIVE,False,,ANALYST_SINGH,False,False,True,CLOSED,DEMO/SYNTHETIC - NOT REAL GOVERNMENT DATA
CSE-HEALTH-03,ALT-HEALTH-2026-04144,2026-Q2,2026-04-19T21:13:00,HIGH,PRIVILEGE_ESCALATION,SIEM-SENSOR-HEALTH,AST-HEALTH-014,2026-04-19T21:15:00,2026-04-19T21:53:00,2026-04-20T02:53:00,TRUE_POSITIVE,True,2026-04-19T22:13:00,ANALYST_SHARMA,True,True,True,CLOSED,DEMO/SYNTHETIC - NOT REAL GOVERNMENT DATA
CSE-HEALTH-03,ALT-HEALTH-2026-04145,2026-Q2,2026-04-30T10:54:00,MEDIUM,UNAUTHORIZED_ACCESS,SIEM-SENSOR-HEALTH,AST-HEALTH-026,2026-04-30T11:09:00,2026-04-30T11:42:00,2026-04-30T12:42:00,TRUE_POSITIVE,False,,ANALYST_SINGH,True,False,True,CLOSED,DEMO/SYNTHETIC - NOT REAL GOVERNMENT DATA
CSE-HEALTH-03,ALT-HEALTH-2026-04146,2026-Q2,2026-06-07T16:56:00,MEDIUM,RANSOMWARE,SIEM-SENSOR-HEALTH,AST-HEALTH-060,2026-06-07T16:58:00,2026-06-07T17:21:00,2026-06-07T18:21:00,TRUE_POSITIVE,False,,ANALYST_SINGH,True,True,True,CLOSED,DEMO/SYNTHETIC - NOT REAL GOVERNMENT DATA
CSE-HEALTH-03,ALT-HEALTH-2026-04147,2026-Q2,2026-04-08T14:22:00,MEDIUM,RANSOMWARE,SIEM-SENSOR-HEALTH,AST-HEALTH-015,2026-04-08T14:41:00,2026-04-08T14:56:00,2026-04-08T18:56:00,TRUE_POSITIVE,False,,ANALYST_SINGH,True,False,True,CLOSED,DEMO/SYNTHETIC - NOT REAL GOVERNMENT DATA
CSE-HEALTH-03,ALT-HEALTH-2026-04148,2026-Q2,2026-05-05T09:13:00,HIGH,MALWARE,SIEM-SENSOR-HEALTH,AST-HEALTH-043,2026-05-05T09:33:00,2026-05-05T10:02:00,2026-05-05T11:02:00,TRUE_POSITIVE,True,2026-05-05T10:22:00,ANALYST_RAO,True,True,True,CLOSED,DEMO/SYNTHETIC - NOT REAL GOVERNMENT DATA
CSE-HEALTH-03,ALT-HEALTH-2026-04149,2026-Q2,2026-05-11T13:24:00,MEDIUM,RANSOMWARE,SIEM-SENSOR-HEALTH,AST-HEALTH-041,2026-05-11T13:44:00,2026-05-11T13:54:00,2026-05-11T15:54:00,TRUE_POSITIVE,False,,ANALYST_SINGH,True,False,True,CLOSED,DEMO/SYNTHETIC - NOT REAL GOVERNMENT DATA
CSE-HEALTH-03,ALT-HEALTH-2026-04150,2026-Q2,2026-04-26T05:03:00,CRITICAL,RANSOMWARE,SIEM-SENSOR-HEALTH,AST-HEALTH-051,2026-04-26T05:14:00,2026-04-26T05:31:00,2026-04-26T09:31:00,TRUE_POSITIVE,True,2026-04-26T05:51:00,ANALYST_RAO,True,False,True,CLOSED,DEMO/SYNTHETIC - NOT REAL GOVERNMENT DATA
CSE-HEALTH-03,ALT-HEALTH-2026-04151,2026-Q2,2026-06-16T18:11:00,MEDIUM,POLICY_VIOLATION,SIEM-SENSOR-HEALTH,AST-HEALTH-018,2026-06-16T18:21:00,2026-06-16T18:49:00,2026-06-16T22:49:00,TRUE_POSITIVE,False,,ANALYST_VERMA,False,False,True,CLOSED,DEMO/SYNTHETIC - NOT REAL GOVERNMENT DATA
CSE-HEALTH-03,ALT-HEALTH-2026-04152,2026-Q2,2026-06-08T15:30:00,MEDIUM,DDOS_ATTACK,SIEM-SENSOR-HEALTH,AST-HEALTH-006,2026-06-08T15:39:00,2026-06-08T15:52:00,2026-06-08T16:52:00,TRUE_POSITIVE,False,,ANALYST_SHARMA,True,True,True,CLOSED,DEMO/SYNTHETIC - NOT REAL GOVERNMENT DATA
CSE-HEALTH-03,ALT-HEALTH-2026-04153,2026-Q2,2026-04-26T02:58:00,HIGH,PRIVILEGE_ESCALATION,SIEM-SENSOR-HEALTH,AST-HEALTH-064,2026-04-26T03:17:00,2026-04-26T03:57:00,2026-04-26T05:57:00,TRUE_POSITIVE,False,,ANALYST_SHARMA,True,True,True,CLOSED,DEMO/SYNTHETIC - NOT REAL GOVERNMENT DATA
CSE-HEALTH-03,ALT-HEALTH-2026-04154,2026-Q2,2026-05-29T03:44:00,CRITICAL,SCADA_COMMAND_ANOMALY,SIEM-SENSOR-HEALTH,AST-HEALTH-034,2026-05-29T03:59:00,2026-05-29T04:35:00,2026-05-29T08:35:00,TRUE_POSITIVE,False,,ANALYST_SINGH,True,False,True,CLOSED,DEMO/SYNTHETIC - NOT REAL GOVERNMENT DATA
CSE-HEALTH-03,ALT-HEALTH-2026-04155,2026-Q2,2026-04-05T09:11:00,MEDIUM,BRUTE_FORCE,SIEM-SENSOR-HEALTH,AST-HEALTH-008,2026-04-05T09:27:00,2026-04-05T09:45:00,2026-04-05T14:45:00,TRUE_POSITIVE,False,,ANALYST_VERMA,True,True,True,CLOSED,DEMO/SYNTHETIC - NOT REAL GOVERNMENT DATA
CSE-HEALTH-03,ALT-HEALTH-2026-04156,2026-Q2,2026-04-10T05:52:00,CRITICAL,MALWARE,SIEM-SENSOR-HEALTH,AST-HEALTH-039,2026-04-10T06:11:00,2026-04-10T06:44:00,2026-04-10T10:44:00,TRUE_POSITIVE,False,,ANALYST_PATEL,False,True,True,CLOSED,DEMO/SYNTHETIC - NOT REAL GOVERNMENT DATA
CSE-HEALTH-03,ALT-HEALTH-2026-04157,2026-Q2,2026-05-16T15:53:00,LOW,MALWARE,SIEM-SENSOR-HEALTH,AST-HEALTH-016,2026-05-16T15:57:00,2026-05-16T16:29:00,2026-05-16T21:29:00,TRUE_POSITIVE,True,2026-05-16T16:49:00,ANALYST_VERMA,True,True,True,CLOSED,DEMO/SYNTHETIC - NOT REAL GOVERNMENT DATA
CSE-HEALTH-03,ALT-HEALTH-2026-04158,2026-Q2,2026-06-15T22:56:00,CRITICAL,SCADA_COMMAND_ANOMALY,SIEM-SENSOR-HEALTH,AST-HEALTH-021,2026-06-15T23:12:00,2026-06-15T23:35:00,2026-06-16T03:35:00,TRUE_POSITIVE,False,,ANALYST_PATEL,True,True,True,CLOSED,DEMO/SYNTHETIC - NOT REAL GOVERNMENT DATA
CSE-HEALTH-03,ALT-HEALTH-2026-04159,2026-Q2,2026-04-11T20:04:00,HIGH,PRIVILEGE_ESCALATION,SIEM-SENSOR-HEALTH,AST-HEALTH-004,2026-04-11T20:12:00,2026-04-11T20:35:00,2026-04-12T00:35:00,TRUE_POSITIVE,False,,ANALYST_VERMA,False,True,True,CLOSED,DEMO/SYNTHETIC - NOT REAL GOVERNMENT DATA
CSE-HEALTH-03,ALT-HEALTH-2026-04160,2026-Q2,2026-06-17T09:38:00,HIGH,SCADA_COMMAND_ANOMALY,SIEM-SENSOR-HEALTH,AST-HEALTH-027,2026-06-17T09:55:00,2026-06-17T10:20:00,2026-06-17T13:20:00,TRUE_POSITIVE,False,,ANALYST_SINGH,True,False,True,CLOSED,DEMO/SYNTHETIC - NOT REAL GOVERNMENT DATA
CSE-HEALTH-03,ALT-HEALTH-2026-04161,2026-Q2,2026-05-13T14:07:00,LOW,PRIVILEGE_ESCALATION,SIEM-SENSOR-HEALTH,AST-HEALTH-047,2026-05-13T14:27:00,2026-05-13T15:01:00,2026-05-13T19:01:00,TRUE_POSITIVE,False,,ANALYST_RAO,True,False,True,CLOSED,DEMO/SYNTHETIC - NOT REAL GOVERNMENT DATA
CSE-HEALTH-03,ALT-HEALTH-2026-04162,2026-Q2,2026-04-06T08:04:00,LOW,MALWARE,SIEM-SENSOR-HEALTH,AST-HEALTH-012,2026-04-06T08:21:00,2026-04-06T08:34:00,2026-04-06T12:34:00,TRUE_POSITIVE,True,2026-04-06T08:54:00,ANALYST_SINGH,False,False,True,CLOSED,DEMO/SYNTHETIC - NOT REAL GOVERNMENT DATA
CSE-HEALTH-03,ALT-HEALTH-2026-04163,2026-Q2,2026-05-07T08:19:00,HIGH,SCADA_COMMAND_ANOMALY,SIEM-SENSOR-HEALTH,AST-HEALTH-025,2026-05-07T08:33:00,2026-05-07T08:49:00,2026-05-07T10:49:00,TRUE_POSITIVE,False,,ANALYST_PATEL,True,True,True,CLOSED,DEMO/SYNTHETIC - NOT REAL GOVERNMENT DATA
CSE-HEALTH-03,ALT-HEALTH-2026-04164,2026-Q2,2026-04-22T18:43:00,MEDIUM,PRIVILEGE_ESCALATION,SIEM-SENSOR-HEALTH,AST-HEALTH-042,2026-04-22T19:00:00,2026-04-22T19:40:00,2026-04-22T20:40:00,TRUE_POSITIVE,True,2026-04-22T20:00:00,ANALYST_RAO,True,True,True,CLOSED,DEMO/SYNTHETIC - NOT REAL GOVERNMENT DATA
CSE-HEALTH-03,ALT-HEALTH-2026-04165,2026-Q2,2026-05-20T17:02:00,MEDIUM,DDOS_ATTACK,SIEM-SENSOR-HEALTH,AST-HEALTH-024,2026-05-20T17:08:00,2026-05-20T17:25:00,2026-05-20T22:25:00,TRUE_POSITIVE,False,,ANALYST_RAO,True,True,True,CLOSED,DEMO/SYNTHETIC - NOT REAL GOVERNMENT DATA
CSE-HEALTH-03,ALT-HEALTH-2026-04166,2026-Q2,2026-05-11T06:08:00,LOW,SCADA_COMMAND_ANOMALY,SIEM-SENSOR-HEALTH,AST-HEALTH-029,2026-05-11T06:13:00,2026-05-11T06:40:00,2026-05-11T10:40:00,TRUE_POSITIVE,False,,ANALYST_PATEL,True,False,True,CLOSED,DEMO/SYNTHETIC - NOT REAL GOVERNMENT DATA
CSE-HEALTH-03,ALT-HEALTH-2026-04167,2026-Q2,2026-06-07T09:07:00,MEDIUM,DATA_EXFILTRATION,SIEM-SENSOR-HEALTH,AST-HEALTH-024,2026-06-07T09:22:00,2026-06-07T09:58:00,2026-06-07T12:58:00,TRUE_POSITIVE,False,,ANALYST_RAO,False,True,True,CLOSED,DEMO/SYNTHETIC - NOT REAL GOVERNMENT DATA
CSE-HEALTH-03,ALT-HEALTH-2026-04168,2026-Q2,2026-06-06T00:53:00,HIGH,DATA_EXFILTRATION,SIEM-SENSOR-HEALTH,AST-HEALTH-052,2026-06-06T00:56:00,2026-06-06T01:28:00,2026-06-06T02:28:00,TRUE_POSITIVE,False,,ANALYST_SINGH,False,False,True,CLOSED,DEMO/SYNTHETIC - NOT REAL GOVERNMENT DATA
CSE-HEALTH-03,ALT-HEALTH-2026-04169,2026-Q2,2026-06-09T08:31:00,HIGH,BRUTE_FORCE,SIEM-SENSOR-HEALTH,AST-HEALTH-004,2026-06-09T08:40:00,2026-06-09T09:05:00,2026-06-09T10:05:00,TRUE_POSITIVE,False,,ANALYST_SINGH,True,True,True,CLOSED,DEMO/SYNTHETIC - NOT REAL GOVERNMENT DATA
CSE-HEALTH-03,ALT-HEALTH-2026-04170,2026-Q2,2026-05-18T01:35:00,HIGH,DDOS_ATTACK,SIEM-SENSOR-HEALTH,AST-HEALTH-009,2026-05-18T01:44:00,2026-05-18T02:03:00,2026-05-18T03:03:00,TRUE_POSITIVE,False,,ANALYST_SINGH,True,False,True,CLOSED,DEMO/SYNTHETIC - NOT REAL GOVERNMENT DATA
CSE-HEALTH-03,ALT-HEALTH-2026-04171,2026-Q2,2026-05-12T19:01:00,MEDIUM,POLICY_VIOLATION,SIEM-SENSOR-HEALTH,AST-HEALTH-045,2026-05-12T19:12:00,2026-05-12T19:23:00,2026-05-12T20:23:00,TRUE_POSITIVE,True,2026-05-12T19:43:00,ANALYST_VERMA,True,True,True,CLOSED,DEMO/SYNTHETIC - NOT REAL GOVERNMENT DATA
CSE-HEALTH-03,ALT-HEALTH-2026-04172,2026-Q2,2026-05-01T10:28:00,MEDIUM,DATA_EXFILTRATION,SIEM-SENSOR-HEALTH,AST-HEALTH-012,2026-05-01T10:45:00,2026-05-01T11:25:00,2026-05-01T15:25:00,TRUE_POSITIVE,True,2026-05-01T11:45:00,ANALYST_VERMA,False,False,True,CLOSED,DEMO/SYNTHETIC - NOT REAL GOVERNMENT DATA
CSE-HEALTH-03,ALT-HEALTH-2026-04173,2026-Q2,2026-06-06T15:38:00,LOW,SCADA_COMMAND_ANOMALY,SIEM-SENSOR-HEALTH,AST-HEALTH-031,2026-06-06T15:45:00,2026-06-06T16:14:00,2026-06-06T17:14:00,TRUE_POSITIVE,False,,ANALYST_PATEL,False,False,True,CLOSED,DEMO/SYNTHETIC - NOT REAL GOVERNMENT DATA
CSE-HEALTH-03,ALT-HEALTH-2026-04174,2026-Q2,2026-04-11T20:35:00,LOW,DATA_EXFILTRATION,SIEM-SENSOR-HEALTH,AST-HEALTH-006,2026-04-11T20:52:00,2026-04-11T21:10:00,2026-04-11T23:10:00,TRUE_POSITIVE,False,,ANALYST_SHARMA,True,False,True,CLOSED,DEMO/SYNTHETIC - NOT REAL GOVERNMENT DATA
CSE-HEALTH-03,ALT-HEALTH-2026-04175,2026-Q2,2026-05-03T06:10:00,LOW,POLICY_VIOLATION,SIEM-SENSOR-HEALTH,AST-HEALTH-050,2026-05-03T06:18:00,2026-05-03T06:38:00,2026-05-03T10:38:00,TRUE_POSITIVE,False,,ANALYST_SHARMA,True,True,True,CLOSED,DEMO/SYNTHETIC - NOT REAL GOVERNMENT DATA
CSE-HEALTH-03,ALT-HEALTH-2026-04176,2026-Q2,2026-05-07T15:11:00,LOW,MALWARE,SIEM-SENSOR-HEALTH,AST-HEALTH-055,2026-05-07T15:28:00,2026-05-07T15:42:00,2026-05-07T20:42:00,TRUE_POSITIVE,False,,ANALYST_RAO,False,True,True,CLOSED,DEMO/SYNTHETIC - NOT REAL GOVERNMENT DATA
CSE-HEALTH-03,ALT-HEALTH-2026-04177,2026-Q2,2026-04-21T20:24:00,CRITICAL,RANSOMWARE,SIEM-SENSOR-HEALTH,AST-HEALTH-024,2026-04-21T20:30:00,2026-04-21T21:01:00,2026-04-22T01:01:00,TRUE_POSITIVE,False,,ANALYST_VERMA,True,False,True,CLOSED,DEMO/SYNTHETIC - NOT REAL GOVERNMENT DATA
CSE-HEALTH-03,ALT-HEALTH-2026-04178,2026-Q2,2026-05-16T16:13:00,HIGH,DATA_EXFILTRATION,SIEM-SENSOR-HEALTH,AST-HEALTH-010,2026-05-16T16:22:00,2026-05-16T16:32:00,2026-05-16T21:32:00,TRUE_POSITIVE,False,,ANALYST_SINGH,True,False,True,CLOSED,DEMO/SYNTHETIC - NOT REAL GOVERNMENT DATA
CSE-HEALTH-03,ALT-HEALTH-2026-04179,2026-Q2,2026-04-11T23:50:00,MEDIUM,BRUTE_FORCE,SIEM-SENSOR-HEALTH,AST-HEALTH-019,2026-04-11T23:56:00,2026-04-12T00:14:00,2026-04-12T01:14:00,TRUE_POSITIVE,False,,ANALYST_RAO,True,True,True,CLOSED,DEMO/SYNTHETIC - NOT REAL GOVERNMENT DATA
CSE-HEALTH-03,ALT-HEALTH-2026-04180,2026-Q2,2026-06-17T15:23:00,HIGH,SCADA_COMMAND_ANOMALY,SIEM-SENSOR-HEALTH,AST-HEALTH-030,2026-06-17T15:25:00,2026-06-17T15:59:00,2026-06-17T20:59:00,TRUE_POSITIVE,False,,ANALYST_VERMA,True,True,True,CLOSED,DEMO/SYNTHETIC - NOT REAL GOVERNMENT DATA
CSE-HEALTH-03,ALT-HEALTH-2026-04181,2026-Q2,2026-06-10T01:52:00,CRITICAL,MALWARE,SIEM-SENSOR-HEALTH,AST-HEALTH-030,2026-06-10T02:08:00,2026-06-10T02:32:00,2026-06-10T07:32:00,TRUE_POSITIVE,False,,ANALYST_SINGH,True,False,True,CLOSED,DEMO/SYNTHETIC - NOT REAL GOVERNMENT DATA
CSE-HEALTH-03,ALT-HEALTH-2026-04182,2026-Q2,2026-05-14T08:49:00,MEDIUM,DATA_EXFILTRATION,SIEM-SENSOR-HEALTH,AST-HEALTH-037,2026-05-14T09:00:00,2026-05-14T09:14:00,2026-05-14T14:14:00,TRUE_POSITIVE,False,,ANALYST_RAO,True,True,True,CLOSED,DEMO/SYNTHETIC - NOT REAL GOVERNMENT DATA
CSE-HEALTH-03,ALT-HEALTH-2026-04183,2026-Q2,2026-06-11T06:10:00,MEDIUM,RANSOMWARE,SIEM-SENSOR-HEALTH,AST-HEALTH-033,2026-06-11T06:18:00,2026-06-11T06:34:00,2026-06-11T10:34:00,TRUE_POSITIVE,False,,ANALYST_PATEL,True,False,True,CLOSED,DEMO/SYNTHETIC - NOT REAL GOVERNMENT DATA
CSE-HEALTH-03,ALT-HEALTH-2026-04184,2026-Q2,2026-04-29T15:34:00,HIGH,RANSOMWARE,SIEM-SENSOR-HEALTH,AST-HEALTH-026,2026-04-29T15:39:00,2026-04-29T16:16:00,2026-04-29T20:16:00,TRUE_POSITIVE,False,,ANALYST_SHARMA,True,False,True,CLOSED,DEMO/SYNTHETIC - NOT REAL GOVERNMENT DATA
CSE-HEALTH-03,ALT-HEALTH-2026-04185,2026-Q2,2026-05-24T08:22:00,LOW,DDOS_ATTACK,SIEM-SENSOR-HEALTH,AST-HEALTH-057,2026-05-24T08:38:00,2026-05-24T08:49:00,2026-05-24T11:49:00,TRUE_POSITIVE,False,,ANALYST_RAO,False,True,True,CLOSED,DEMO/SYNTHETIC - NOT REAL GOVERNMENT DATA
CSE-HEALTH-03,ALT-HEALTH-2026-04186,2026-Q2,2026-04-12T20:34:00,HIGH,RANSOMWARE,SIEM-SENSOR-HEALTH,AST-HEALTH-029,2026-04-12T20:47:00,2026-04-12T21:09:00,2026-04-12T23:09:00,TRUE_POSITIVE,False,,ANALYST_VERMA,False,True,True,CLOSED,DEMO/SYNTHETIC - NOT REAL GOVERNMENT DATA
CSE-HEALTH-03,ALT-HEALTH-2026-04187,2026-Q2,2026-04-03T03:13:00,HIGH,SCADA_COMMAND_ANOMALY,SIEM-SENSOR-HEALTH,AST-HEALTH-040,2026-04-03T03:16:00,2026-04-03T03:48:00,2026-04-03T05:48:00,TRUE_POSITIVE,False,,ANALYST_SHARMA,True,False,True,CLOSED,DEMO/SYNTHETIC - NOT REAL GOVERNMENT DATA
CSE-HEALTH-03,ALT-HEALTH-2026-04188,2026-Q2,2026-05-27T06:52:00,MEDIUM,UNAUTHORIZED_ACCESS,SIEM-SENSOR-HEALTH,AST-HEALTH-017,2026-05-27T06:55:00,2026-05-27T07:07:00,2026-05-27T11:07:00,TRUE_POSITIVE,False,,ANALYST_VERMA,False,False,True,CLOSED,DEMO/SYNTHETIC - NOT REAL GOVERNMENT DATA
CSE-HEALTH-03,ALT-HEALTH-2026-04189,2026-Q2,2026-06-20T13:49:00,LOW,DDOS_ATTACK,SIEM-SENSOR-HEALTH,AST-HEALTH-051,2026-06-20T14:04:00,2026-06-20T14:27:00,2026-06-20T16:27:00,TRUE_POSITIVE,True,2026-06-20T14:47:00,ANALYST_PATEL,True,False,True,CLOSED,DEMO/SYNTHETIC - NOT REAL GOVERNMENT DATA
CSE-HEALTH-03,ALT-HEALTH-2026-04190,2026-Q2,2026-05-07T17:34:00,MEDIUM,RANSOMWARE,SIEM-SENSOR-HEALTH,AST-HEALTH-058,2026-05-07T17:49:00,2026-05-07T18:16:00,2026-05-07T19:16:00,TRUE_POSITIVE,False,,ANALYST_RAO,False,False,True,CLOSED,DEMO/SYNTHETIC - NOT REAL GOVERNMENT DATA
CSE-HEALTH-03,ALT-HEALTH-2026-04191,2026-Q2,2026-04-11T02:01:00,HIGH,SCADA_COMMAND_ANOMALY,SIEM-SENSOR-HEALTH,AST-HEALTH-040,2026-04-11T02:09:00,2026-04-11T02:35:00,2026-04-11T04:35:00,TRUE_POSITIVE,False,,ANALYST_PATEL,False,True,True,CLOSED,DEMO/SYNTHETIC - NOT REAL GOVERNMENT DATA
CSE-HEALTH-03,ALT-HEALTH-2026-04192,2026-Q2,2026-05-27T11:12:00,HIGH,DDOS_ATTACK,SIEM-SENSOR-HEALTH,AST-HEALTH-038,2026-05-27T11:26:00,2026-05-27T11:42:00,2026-05-27T13:42:00,TRUE_POSITIVE,True,2026-05-27T12:02:00,ANALYST_PATEL,False,False,True,CLOSED,DEMO/SYNTHETIC - NOT REAL GOVERNMENT DATA
CSE-HEALTH-03,ALT-HEALTH-2026-04193,2026-Q2,2026-04-02T12:53:00,HIGH,RANSOMWARE,SIEM-SENSOR-HEALTH,AST-HEALTH-026,2026-04-02T13:02:00,2026-04-02T13:31:00,2026-04-02T17:31:00,TRUE_POSITIVE,False,,ANALYST_VERMA,False,True,True,CLOSED,DEMO/SYNTHETIC - NOT REAL GOVERNMENT DATA
CSE-HEALTH-03,ALT-HEALTH-2026-04194,2026-Q2,2026-04-13T21:35:00,MEDIUM,DATA_EXFILTRATION,SIEM-SENSOR-HEALTH,AST-HEALTH-015,2026-04-13T21:47:00,2026-04-13T21:59:00,2026-04-14T01:59:00,TRUE_POSITIVE,False,,ANALYST_SHARMA,False,False,True,CLOSED,DEMO/SYNTHETIC - NOT REAL GOVERNMENT DATA
CSE-HEALTH-03,ALT-HEALTH-2026-04195,2026-Q2,2026-05-23T10:38:00,LOW,RANSOMWARE,SIEM-SENSOR-HEALTH,AST-HEALTH-054,2026-05-23T10:55:00,2026-05-23T11:22:00,2026-05-23T13:22:00,TRUE_POSITIVE,False,,ANALYST_RAO,True,False,True,CLOSED,DEMO/SYNTHETIC - NOT REAL GOVERNMENT DATA
CSE-HEALTH-03,ALT-HEALTH-2026-04196,2026-Q2,2026-05-29T00:12:00,HIGH,DDOS_ATTACK,SIEM-SENSOR-HEALTH,AST-HEALTH-006,2026-05-29T00:30:00,2026-05-29T00:56:00,2026-05-29T05:56:00,TRUE_POSITIVE,False,,ANALYST_SHARMA,False,True,True,CLOSED,DEMO/SYNTHETIC - NOT REAL GOVERNMENT DATA
CSE-HEALTH-03,ALT-HEALTH-2026-04197,2026-Q2,2026-06-12T02:12:00,MEDIUM,DATA_EXFILTRATION,SIEM-SENSOR-HEALTH,AST-HEALTH-059,2026-06-12T02:17:00,2026-06-12T02:55:00,2026-06-12T03:55:00,TRUE_POSITIVE,False,,ANALYST_VERMA,True,False,True,CLOSED,DEMO/SYNTHETIC - NOT REAL GOVERNMENT DATA
CSE-HEALTH-03,ALT-HEALTH-2026-04198,2026-Q2,2026-06-16T07:06:00,MEDIUM,UNAUTHORIZED_ACCESS,SIEM-SENSOR-HEALTH,AST-HEALTH-040,2026-06-16T07:13:00,2026-06-16T07:39:00,2026-06-16T09:39:00,TRUE_POSITIVE,False,,ANALYST_RAO,True,True,True,CLOSED,DEMO/SYNTHETIC - NOT REAL GOVERNMENT DATA
CSE-HEALTH-03,ALT-HEALTH-2026-04199,2026-Q2,2026-04-03T21:39:00,LOW,MALWARE,SIEM-SENSOR-HEALTH,AST-HEALTH-027,2026-04-03T21:46:00,2026-04-03T21:58:00,2026-04-03T23:58:00,TRUE_POSITIVE,False,,ANALYST_PATEL,False,True,True,CLOSED,DEMO/SYNTHETIC - NOT REAL GOVERNMENT DATA
CSE-HEALTH-03,ALT-HEALTH-2026-04200,2026-Q2,2026-05-17T03:00:00,LOW,UNAUTHORIZED_ACCESS,SIEM-SENSOR-HEALTH,AST-HEALTH-063,2026-05-17T03:11:00,2026-05-17T03:39:00,2026-05-17T07:39:00,TRUE_POSITIVE,False,,ANALYST_PATEL,True,False,True,CLOSED,DEMO/SYNTHETIC - NOT REAL GOVERNMENT DATA
CSE-TRANS-04,ALT-TRANS-2026-04201,2026-Q2,2026-04-05T18:28:00,MEDIUM,POLICY_VIOLATION,SIEM-SENSOR-TRANS,AST-TRANS-087,2026-04-05T18:43:00,2026-04-05T19:00:00,2026-04-05T20:00:00,RESOLVED,False,,ANALYST_SINGH,False,False,False,CLOSED,DEMO/SYNTHETIC - NOT REAL GOVERNMENT DATA
CSE-TRANS-04,ALT-TRANS-2026-04202,2026-Q2,2026-05-10T10:12:00,CRITICAL,DATA_EXFILTRATION,SIEM-SENSOR-TRANS,AST-TRANS-018,2026-05-10T10:20:00,2026-05-10T10:42:00,2026-05-10T13:42:00,RESOLVED,False,,ANALYST_VERMA,False,False,False,CLOSED,DEMO/SYNTHETIC - NOT REAL GOVERNMENT DATA
CSE-TRANS-04,ALT-TRANS-2026-04203,2026-Q2,2026-05-01T05:30:00,CRITICAL,POLICY_VIOLATION,SIEM-SENSOR-TRANS,AST-TRANS-089,2026-05-01T05:43:00,2026-05-01T05:53:00,2026-05-01T09:53:00,RESOLVED,False,,ANALYST_VERMA,False,False,False,CLOSED,DEMO/SYNTHETIC - NOT REAL GOVERNMENT DATA
CSE-TRANS-04,ALT-TRANS-2026-04204,2026-Q2,2026-04-20T06:14:00,LOW,POLICY_VIOLATION,SIEM-SENSOR-TRANS,AST-TRANS-048,2026-04-20T06:34:00,2026-04-20T06:52:00,2026-04-20T09:52:00,RESOLVED,False,,ANALYST_SHARMA,False,False,False,CLOSED,DEMO/SYNTHETIC - NOT REAL GOVERNMENT DATA
CSE-TRANS-04,ALT-TRANS-2026-04205,2026-Q2,2026-06-05T07:05:00,MEDIUM,DATA_EXFILTRATION,SIEM-SENSOR-TRANS,AST-TRANS-075,2026-06-05T07:20:00,2026-06-05T07:30:00,2026-06-05T08:30:00,RESOLVED,False,,ANALYST_VERMA,False,False,False,CLOSED,DEMO/SYNTHETIC - NOT REAL GOVERNMENT DATA
CSE-TRANS-04,ALT-TRANS-2026-04206,2026-Q2,2026-06-05T15:47:00,MEDIUM,DDOS_ATTACK,SIEM-SENSOR-TRANS,AST-TRANS-029,2026-06-05T16:04:00,2026-06-05T16:20:00,2026-06-05T20:20:00,RESOLVED,False,,ANALYST_SHARMA,False,False,False,CLOSED,DEMO/SYNTHETIC - NOT REAL GOVERNMENT DATA
CSE-TRANS-04,ALT-TRANS-2026-04207,2026-Q2,2026-05-11T15:23:00,MEDIUM,SCADA_COMMAND_ANOMALY,SIEM-SENSOR-TRANS,AST-TRANS-031,2026-05-11T15:31:00,2026-05-11T16:00:00,2026-05-11T17:00:00,RESOLVED,False,,ANALYST_SINGH,False,False,False,CLOSED,DEMO/SYNTHETIC - NOT REAL GOVERNMENT DATA
CSE-TRANS-04,ALT-TRANS-2026-04208,2026-Q2,2026-04-28T16:39:00,MEDIUM,BRUTE_FORCE,SIEM-SENSOR-TRANS,AST-TRANS-001,2026-04-28T16:59:00,2026-04-28T17:19:00,2026-04-28T21:19:00,RESOLVED,False,,ANALYST_VERMA,False,False,False,CLOSED,DEMO/SYNTHETIC - NOT REAL GOVERNMENT DATA
CSE-TRANS-04,ALT-TRANS-2026-04209,2026-Q2,2026-04-27T07:43:00,LOW,PRIVILEGE_ESCALATION,SIEM-SENSOR-TRANS,AST-TRANS-068,2026-04-27T07:49:00,2026-04-27T08:05:00,2026-04-27T11:05:00,RESOLVED,False,,ANALYST_SINGH,False,False,False,CLOSED,DEMO/SYNTHETIC - NOT REAL GOVERNMENT DATA
CSE-TRANS-04,ALT-TRANS-2026-04210,2026-Q2,2026-04-17T07:52:00,HIGH,MALWARE,SIEM-SENSOR-TRANS,AST-TRANS-019,2026-04-17T08:03:00,2026-04-17T08:15:00,2026-04-17T09:15:00,RESOLVED,False,,ANALYST_SINGH,False,False,False,CLOSED,DEMO/SYNTHETIC - NOT REAL GOVERNMENT DATA
CSE-TRANS-04,ALT-TRANS-2026-04211,2026-Q2,2026-05-06T04:12:00,LOW,PRIVILEGE_ESCALATION,SIEM-SENSOR-TRANS,AST-TRANS-049,2026-05-06T04:24:00,2026-05-06T04:48:00,2026-05-06T08:48:00,RESOLVED,False,,ANALYST_SINGH,False,False,False,CLOSED,DEMO/SYNTHETIC - NOT REAL GOVERNMENT DATA
CSE-TRANS-04,ALT-TRANS-2026-04212,2026-Q2,2026-05-22T03:40:00,MEDIUM,PRIVILEGE_ESCALATION,SIEM-SENSOR-TRANS,AST-TRANS-016,2026-05-22T03:50:00,2026-05-22T04:07:00,2026-05-22T07:07:00,RESOLVED,False,,ANALYST_SINGH,False,False,False,CLOSED,DEMO/SYNTHETIC - NOT REAL GOVERNMENT DATA
CSE-TRANS-04,ALT-TRANS-2026-04213,2026-Q2,2026-05-10T07:39:00,MEDIUM,SCADA_COMMAND_ANOMALY,SIEM-SENSOR-TRANS,AST-TRANS-073,2026-05-10T07:59:00,2026-05-10T08:09:00,2026-05-10T10:09:00,RESOLVED,False,,ANALYST_VERMA,False,False,False,CLOSED,DEMO/SYNTHETIC - NOT REAL GOVERNMENT DATA
CSE-TRANS-04,ALT-TRANS-2026-04214,2026-Q2,2026-05-23T08:24:00,MEDIUM,SCADA_COMMAND_ANOMALY,SIEM-SENSOR-TRANS,AST-TRANS-002,2026-05-23T08:38:00,2026-05-23T09:05:00,2026-05-23T13:05:00,RESOLVED,False,,ANALYST_VERMA,False,False,False,CLOSED,DEMO/SYNTHETIC - NOT REAL GOVERNMENT DATA
CSE-TRANS-04,ALT-TRANS-2026-04215,2026-Q2,2026-04-15T20:40:00,HIGH,DDOS_ATTACK,SIEM-SENSOR-TRANS,AST-TRANS-085,2026-04-15T20:45:00,2026-04-15T20:59:00,2026-04-15T23:59:00,RESOLVED,False,,ANALYST_SINGH,False,False,False,CLOSED,DEMO/SYNTHETIC - NOT REAL GOVERNMENT DATA
CSE-TRANS-04,ALT-TRANS-2026-04216,2026-Q2,2026-05-19T20:35:00,HIGH,POLICY_VIOLATION,SIEM-SENSOR-TRANS,AST-TRANS-049,2026-05-19T20:46:00,2026-05-19T21:09:00,2026-05-19T23:09:00,RESOLVED,False,,ANALYST_SINGH,False,False,False,CLOSED,DEMO/SYNTHETIC - NOT REAL GOVERNMENT DATA
CSE-TRANS-04,ALT-TRANS-2026-04217,2026-Q2,2026-05-18T19:43:00,LOW,UNAUTHORIZED_ACCESS,SIEM-SENSOR-TRANS,AST-TRANS-024,2026-05-18T19:50:00,2026-05-18T20:15:00,2026-05-19T00:15:00,RESOLVED,False,,ANALYST_PATEL,False,False,False,CLOSED,DEMO/SYNTHETIC - NOT REAL GOVERNMENT DATA
CSE-TRANS-04,ALT-TRANS-2026-04218,2026-Q2,2026-05-06T22:34:00,HIGH,DATA_EXFILTRATION,SIEM-SENSOR-TRANS,AST-TRANS-041,2026-05-06T22:48:00,2026-05-06T23:05:00,2026-05-07T02:05:00,RESOLVED,False,,ANALYST_SINGH,False,False,False,CLOSED,DEMO/SYNTHETIC - NOT REAL GOVERNMENT DATA
CSE-TRANS-04,ALT-TRANS-2026-04219,2026-Q2,2026-05-28T21:35:00,LOW,UNAUTHORIZED_ACCESS,SIEM-SENSOR-TRANS,AST-TRANS-007,2026-05-28T21:43:00,2026-05-28T22:08:00,2026-05-29T02:08:00,RESOLVED,False,,ANALYST_SHARMA,False,False,False,CLOSED,DEMO/SYNTHETIC - NOT REAL GOVERNMENT DATA
CSE-TRANS-04,ALT-TRANS-2026-04220,2026-Q2,2026-04-21T23:47:00,MEDIUM,BRUTE_FORCE,SIEM-SENSOR-TRANS,AST-TRANS-031,2026-04-21T23:53:00,2026-04-22T00:11:00,2026-04-22T02:11:00,RESOLVED,False,,ANALYST_SINGH,False,False,False,CLOSED,DEMO/SYNTHETIC - NOT REAL GOVERNMENT DATA
CSE-TRANS-04,ALT-TRANS-2026-04221,2026-Q2,2026-05-07T13:47:00,MEDIUM,PRIVILEGE_ESCALATION,SIEM-SENSOR-TRANS,AST-TRANS-021,2026-05-07T14:04:00,2026-05-07T14:34:00,2026-05-07T15:34:00,RESOLVED,False,,ANALYST_SHARMA,False,False,False,CLOSED,DEMO/SYNTHETIC - NOT REAL GOVERNMENT DATA
CSE-TRANS-04,ALT-TRANS-2026-04222,2026-Q2,2026-05-31T04:24:00,MEDIUM,POLICY_VIOLATION,SIEM-SENSOR-TRANS,AST-TRANS-074,2026-05-31T04:32:00,2026-05-31T04:43:00,2026-05-31T05:43:00,RESOLVED,False,,ANALYST_PATEL,False,False,False,CLOSED,DEMO/SYNTHETIC - NOT REAL GOVERNMENT DATA
CSE-TRANS-04,ALT-TRANS-2026-04223,2026-Q2,2026-04-25T01:17:00,HIGH,UNAUTHORIZED_ACCESS,SIEM-SENSOR-TRANS,AST-TRANS-063,2026-04-25T01:37:00,2026-04-25T01:47:00,2026-04-25T02:47:00,RESOLVED,False,,ANALYST_SINGH,False,False,False,CLOSED,DEMO/SYNTHETIC - NOT REAL GOVERNMENT DATA
CSE-TRANS-04,ALT-TRANS-2026-04224,2026-Q2,2026-04-17T02:53:00,MEDIUM,RANSOMWARE,SIEM-SENSOR-TRANS,AST-TRANS-024,2026-04-17T03:11:00,2026-04-17T03:38:00,2026-04-17T06:38:00,RESOLVED,True,2026-04-17T03:58:00,ANALYST_VERMA,False,False,False,CLOSED,DEMO/SYNTHETIC - NOT REAL GOVERNMENT DATA
CSE-TRANS-04,ALT-TRANS-2026-04225,2026-Q2,2026-05-14T11:21:00,CRITICAL,DDOS_ATTACK,SIEM-SENSOR-TRANS,AST-TRANS-021,2026-05-14T11:26:00,2026-05-14T11:53:00,2026-05-14T12:53:00,RESOLVED,True,2026-05-14T12:13:00,ANALYST_SINGH,False,False,False,CLOSED,DEMO/SYNTHETIC - NOT REAL GOVERNMENT DATA
CSE-TRANS-04,ALT-TRANS-2026-04226,2026-Q2,2026-04-26T02:38:00,MEDIUM,DATA_EXFILTRATION,SIEM-SENSOR-TRANS,AST-TRANS-036,2026-04-26T02:41:00,2026-04-26T03:04:00,2026-04-26T07:04:00,RESOLVED,False,,ANALYST_PATEL,False,False,False,CLOSED,DEMO/SYNTHETIC - NOT REAL GOVERNMENT DATA
CSE-TRANS-04,ALT-TRANS-2026-04227,2026-Q2,2026-05-05T22:27:00,HIGH,UNAUTHORIZED_ACCESS,SIEM-SENSOR-TRANS,AST-TRANS-086,2026-05-05T22:39:00,2026-05-05T22:51:00,2026-05-06T02:51:00,RESOLVED,False,,ANALYST_SINGH,False,False,False,CLOSED,DEMO/SYNTHETIC - NOT REAL GOVERNMENT DATA
CSE-TRANS-04,ALT-TRANS-2026-04228,2026-Q2,2026-04-17T12:20:00,LOW,DATA_EXFILTRATION,SIEM-SENSOR-TRANS,AST-TRANS-061,2026-04-17T12:37:00,2026-04-17T12:48:00,2026-04-17T15:48:00,RESOLVED,False,,ANALYST_VERMA,False,False,False,CLOSED,DEMO/SYNTHETIC - NOT REAL GOVERNMENT DATA
CSE-TRANS-04,ALT-TRANS-2026-04229,2026-Q2,2026-05-09T03:23:00,HIGH,SCADA_COMMAND_ANOMALY,SIEM-SENSOR-TRANS,AST-TRANS-058,2026-05-09T03:41:00,2026-05-09T04:06:00,2026-05-09T05:06:00,RESOLVED,False,,ANALYST_SINGH,False,False,False,CLOSED,DEMO/SYNTHETIC - NOT REAL GOVERNMENT DATA
CSE-TRANS-04,ALT-TRANS-2026-04230,2026-Q2,2026-04-01T18:33:00,HIGH,PRIVILEGE_ESCALATION,SIEM-SENSOR-TRANS,AST-TRANS-008,2026-04-01T18:41:00,2026-04-01T19:01:00,2026-04-01T23:01:00,RESOLVED,False,,ANALYST_SINGH,False,False,False,CLOSED,DEMO/SYNTHETIC - NOT REAL GOVERNMENT DATA
CSE-TRANS-04,ALT-TRANS-2026-04231,2026-Q2,2026-04-27T16:55:00,MEDIUM,MALWARE,SIEM-SENSOR-TRANS,AST-TRANS-025,2026-04-27T17:06:00,2026-04-27T17:36:00,2026-04-27T19:36:00,RESOLVED,False,,ANALYST_RAO,False,False,False,CLOSED,DEMO/SYNTHETIC - NOT REAL GOVERNMENT DATA
CSE-TRANS-04,ALT-TRANS-2026-04232,2026-Q2,2026-05-26T01:25:00,HIGH,RANSOMWARE,SIEM-SENSOR-TRANS,AST-TRANS-064,2026-05-26T01:28:00,2026-05-26T01:42:00,2026-05-26T02:42:00,RESOLVED,False,,ANALYST_SINGH,False,False,False,CLOSED,DEMO/SYNTHETIC - NOT REAL GOVERNMENT DATA
CSE-TRANS-04,ALT-TRANS-2026-04233,2026-Q2,2026-04-05T14:15:00,MEDIUM,DDOS_ATTACK,SIEM-SENSOR-TRANS,AST-TRANS-054,2026-04-05T14:18:00,2026-04-05T14:35:00,2026-04-05T15:35:00,RESOLVED,False,,ANALYST_PATEL,False,False,False,CLOSED,DEMO/SYNTHETIC - NOT REAL GOVERNMENT DATA
CSE-TRANS-04,ALT-TRANS-2026-04234,2026-Q2,2026-05-27T13:01:00,MEDIUM,UNAUTHORIZED_ACCESS,SIEM-SENSOR-TRANS,AST-TRANS-035,2026-05-27T13:16:00,2026-05-27T13:26:00,2026-05-27T14:26:00,RESOLVED,False,,ANALYST_SINGH,False,False,False,CLOSED,DEMO/SYNTHETIC - NOT REAL GOVERNMENT DATA
CSE-TRANS-04,ALT-TRANS-2026-04235,2026-Q2,2026-05-01T23:04:00,MEDIUM,DATA_EXFILTRATION,SIEM-SENSOR-TRANS,AST-TRANS-074,2026-05-01T23:14:00,2026-05-01T23:32:00,2026-05-02T00:32:00,RESOLVED,False,,ANALYST_VERMA,False,False,False,CLOSED,DEMO/SYNTHETIC - NOT REAL GOVERNMENT DATA
CSE-TRANS-04,ALT-TRANS-2026-04236,2026-Q2,2026-05-17T19:02:00,HIGH,SCADA_COMMAND_ANOMALY,SIEM-SENSOR-TRANS,AST-TRANS-057,2026-05-17T19:21:00,2026-05-17T19:35:00,2026-05-17T23:35:00,RESOLVED,False,,ANALYST_PATEL,False,False,False,CLOSED,DEMO/SYNTHETIC - NOT REAL GOVERNMENT DATA
CSE-TRANS-04,ALT-TRANS-2026-04237,2026-Q2,2026-04-18T10:21:00,LOW,POLICY_VIOLATION,SIEM-SENSOR-TRANS,AST-TRANS-039,2026-04-18T10:31:00,2026-04-18T10:52:00,2026-04-18T11:52:00,RESOLVED,False,,ANALYST_SHARMA,False,False,False,CLOSED,DEMO/SYNTHETIC - NOT REAL GOVERNMENT DATA
CSE-TRANS-04,ALT-TRANS-2026-04238,2026-Q2,2026-04-05T13:24:00,CRITICAL,DDOS_ATTACK,SIEM-SENSOR-TRANS,AST-TRANS-030,2026-04-05T13:26:00,2026-04-05T13:54:00,2026-04-05T14:54:00,RESOLVED,False,,ANALYST_RAO,False,False,False,CLOSED,DEMO/SYNTHETIC - NOT REAL GOVERNMENT DATA
CSE-TRANS-04,ALT-TRANS-2026-04239,2026-Q2,2026-05-19T02:58:00,MEDIUM,RANSOMWARE,SIEM-SENSOR-TRANS,AST-TRANS-016,2026-05-19T03:06:00,2026-05-19T03:23:00,2026-05-19T07:23:00,RESOLVED,False,,ANALYST_VERMA,False,False,False,CLOSED,DEMO/SYNTHETIC - NOT REAL GOVERNMENT DATA
CSE-TRANS-04,ALT-TRANS-2026-04240,2026-Q2,2026-04-23T17:01:00,HIGH,RANSOMWARE,SIEM-SENSOR-TRANS,AST-TRANS-025,2026-04-23T17:15:00,2026-04-23T17:33:00,2026-04-23T20:33:00,RESOLVED,False,,ANALYST_VERMA,False,False,False,CLOSED,DEMO/SYNTHETIC - NOT REAL GOVERNMENT DATA
CSE-TRANS-04,ALT-TRANS-2026-04241,2026-Q2,2026-05-18T16:06:00,MEDIUM,DATA_EXFILTRATION,SIEM-SENSOR-TRANS,AST-TRANS-054,2026-05-18T16:18:00,2026-05-18T16:33:00,2026-05-18T20:33:00,RESOLVED,False,,ANALYST_SHARMA,False,False,False,CLOSED,DEMO/SYNTHETIC - NOT REAL GOVERNMENT DATA
CSE-TRANS-04,ALT-TRANS-2026-04242,2026-Q2,2026-06-18T03:23:00,MEDIUM,DATA_EXFILTRATION,SIEM-SENSOR-TRANS,AST-TRANS-084,2026-06-18T03:40:00,2026-06-18T04:08:00,2026-06-18T07:08:00,RESOLVED,False,,ANALYST_SHARMA,False,False,False,CLOSED,DEMO/SYNTHETIC - NOT REAL GOVERNMENT DATA
CSE-TRANS-04,ALT-TRANS-2026-04243,2026-Q2,2026-06-18T22:01:00,MEDIUM,SCADA_COMMAND_ANOMALY,SIEM-SENSOR-TRANS,AST-TRANS-013,2026-06-18T22:14:00,2026-06-18T22:38:00,2026-06-18T23:38:00,RESOLVED,False,,ANALYST_VERMA,False,False,False,CLOSED,DEMO/SYNTHETIC - NOT REAL GOVERNMENT DATA
CSE-TRANS-04,ALT-TRANS-2026-04244,2026-Q2,2026-06-18T16:46:00,HIGH,MALWARE,SIEM-SENSOR-TRANS,AST-TRANS-034,2026-06-18T17:06:00,2026-06-18T17:30:00,2026-06-18T18:30:00,RESOLVED,False,,ANALYST_PATEL,False,False,False,CLOSED,DEMO/SYNTHETIC - NOT REAL GOVERNMENT DATA
CSE-TRANS-04,ALT-TRANS-2026-04245,2026-Q2,2026-04-07T13:31:00,HIGH,DDOS_ATTACK,SIEM-SENSOR-TRANS,AST-TRANS-043,2026-04-07T13:33:00,2026-04-07T13:43:00,2026-04-07T15:43:00,RESOLVED,False,,ANALYST_SHARMA,False,False,False,CLOSED,DEMO/SYNTHETIC - NOT REAL GOVERNMENT DATA
CSE-TRANS-04,ALT-TRANS-2026-04246,2026-Q2,2026-06-12T23:28:00,MEDIUM,DDOS_ATTACK,SIEM-SENSOR-TRANS,AST-TRANS-039,2026-06-12T23:30:00,2026-06-13T00:00:00,2026-06-13T03:00:00,RESOLVED,False,,ANALYST_SINGH,False,False,False,CLOSED,DEMO/SYNTHETIC - NOT REAL GOVERNMENT DATA
CSE-TRANS-04,ALT-TRANS-2026-04247,2026-Q2,2026-04-04T02:25:00,HIGH,BRUTE_FORCE,SIEM-SENSOR-TRANS,AST-TRANS-019,2026-04-04T02:40:00,2026-04-04T03:03:00,2026-04-04T05:03:00,RESOLVED,False,,ANALYST_RAO,False,False,False,CLOSED,DEMO/SYNTHETIC - NOT REAL GOVERNMENT DATA
CSE-TRANS-04,ALT-TRANS-2026-04248,2026-Q2,2026-06-14T11:04:00,HIGH,PRIVILEGE_ESCALATION,SIEM-SENSOR-TRANS,AST-TRANS-009,2026-06-14T11:10:00,2026-06-14T11:36:00,2026-06-14T12:36:00,RESOLVED,False,,ANALYST_SINGH,False,False,False,CLOSED,DEMO/SYNTHETIC - NOT REAL GOVERNMENT DATA
CSE-TRANS-04,ALT-TRANS-2026-04249,2026-Q2,2026-04-14T08:11:00,LOW,SCADA_COMMAND_ANOMALY,SIEM-SENSOR-TRANS,AST-TRANS-085,2026-04-14T08:28:00,2026-04-14T08:47:00,2026-04-14T12:47:00,RESOLVED,False,,ANALYST_RAO,False,False,False,CLOSED,DEMO/SYNTHETIC - NOT REAL GOVERNMENT DATA
CSE-TRANS-04,ALT-TRANS-2026-04250,2026-Q2,2026-04-16T06:27:00,LOW,BRUTE_FORCE,SIEM-SENSOR-TRANS,AST-TRANS-078,2026-04-16T06:46:00,2026-04-16T06:56:00,2026-04-16T09:56:00,RESOLVED,False,,ANALYST_RAO,False,False,False,CLOSED,DEMO/SYNTHETIC - NOT REAL GOVERNMENT DATA
CSE-TRANS-04,ALT-TRANS-2026-04251,2026-Q2,2026-05-14T21:35:00,LOW,UNAUTHORIZED_ACCESS,SIEM-SENSOR-TRANS,AST-TRANS-082,2026-05-14T21:51:00,2026-05-14T22:05:00,2026-05-14T23:05:00,RESOLVED,False,,ANALYST_VERMA,False,False,False,CLOSED,DEMO/SYNTHETIC - NOT REAL GOVERNMENT DATA
CSE-TRANS-04,ALT-TRANS-2026-04252,2026-Q2,2026-04-14T04:06:00,LOW,UNAUTHORIZED_ACCESS,SIEM-SENSOR-TRANS,AST-TRANS-045,2026-04-14T04:24:00,2026-04-14T04:50:00,2026-04-14T07:50:00,RESOLVED,True,2026-04-14T05:10:00,ANALYST_PATEL,False,False,False,CLOSED,DEMO/SYNTHETIC - NOT REAL GOVERNMENT DATA
CSE-TRANS-04,ALT-TRANS-2026-04253,2026-Q2,2026-05-21T20:40:00,MEDIUM,MALWARE,SIEM-SENSOR-TRANS,AST-TRANS-049,2026-05-21T20:44:00,2026-05-21T21:01:00,2026-05-22T00:01:00,RESOLVED,False,,ANALYST_VERMA,False,False,False,CLOSED,DEMO/SYNTHETIC - NOT REAL GOVERNMENT DATA
CSE-TRANS-04,ALT-TRANS-2026-04254,2026-Q2,2026-05-30T16:04:00,MEDIUM,MALWARE,SIEM-SENSOR-TRANS,AST-TRANS-080,2026-05-30T16:10:00,2026-05-30T16:23:00,2026-05-30T18:23:00,RESOLVED,False,,ANALYST_RAO,False,False,False,CLOSED,DEMO/SYNTHETIC - NOT REAL GOVERNMENT DATA
CSE-TRANS-04,ALT-TRANS-2026-04255,2026-Q2,2026-04-18T05:59:00,MEDIUM,BRUTE_FORCE,SIEM-SENSOR-TRANS,AST-TRANS-009,2026-04-18T06:06:00,2026-04-18T06:23:00,2026-04-18T07:23:00,RESOLVED,True,2026-04-18T06:43:00,ANALYST_RAO,False,False,False,CLOSED,DEMO/SYNTHETIC - NOT REAL GOVERNMENT DATA
CSE-TRANS-04,ALT-TRANS-2026-04256,2026-Q2,2026-05-10T15:52:00,LOW,POLICY_VIOLATION,SIEM-SENSOR-TRANS,AST-TRANS-081,2026-05-10T16:02:00,2026-05-10T16:31:00,2026-05-10T18:31:00,RESOLVED,True,2026-05-10T16:51:00,ANALYST_SHARMA,False,False,False,CLOSED,DEMO/SYNTHETIC - NOT REAL GOVERNMENT DATA
CSE-TRANS-04,ALT-TRANS-2026-04257,2026-Q2,2026-04-23T00:24:00,MEDIUM,PRIVILEGE_ESCALATION,SIEM-SENSOR-TRANS,AST-TRANS-030,2026-04-23T00:36:00,2026-04-23T00:55:00,2026-04-23T02:55:00,RESOLVED,False,,ANALYST_PATEL,False,False,False,CLOSED,DEMO/SYNTHETIC - NOT REAL GOVERNMENT DATA
CSE-TRANS-04,ALT-TRANS-2026-04258,2026-Q2,2026-06-05T08:22:00,LOW,BRUTE_FORCE,SIEM-SENSOR-TRANS,AST-TRANS-017,2026-06-05T08:42:00,2026-06-05T08:58:00,2026-06-05T12:58:00,RESOLVED,False,,ANALYST_PATEL,False,False,False,CLOSED,DEMO/SYNTHETIC - NOT REAL GOVERNMENT DATA
CSE-TRANS-04,ALT-TRANS-2026-04259,2026-Q2,2026-05-05T06:04:00,CRITICAL,DATA_EXFILTRATION,SIEM-SENSOR-TRANS,AST-TRANS-074,2026-05-05T06:14:00,2026-05-05T06:40:00,2026-05-05T10:40:00,RESOLVED,False,,ANALYST_SHARMA,False,False,False,CLOSED,DEMO/SYNTHETIC - NOT REAL GOVERNMENT DATA
CSE-TRANS-04,ALT-TRANS-2026-04260,2026-Q2,2026-05-06T05:28:00,HIGH,UNAUTHORIZED_ACCESS,SIEM-SENSOR-TRANS,AST-TRANS-075,2026-05-06T05:31:00,2026-05-06T05:44:00,2026-05-06T09:44:00,RESOLVED,True,2026-05-06T06:04:00,ANALYST_VERMA,False,False,False,CLOSED,DEMO/SYNTHETIC - NOT REAL GOVERNMENT DATA
CSE-TRANS-04,ALT-TRANS-2026-04261,2026-Q2,2026-05-24T20:53:00,MEDIUM,SCADA_COMMAND_ANOMALY,SIEM-SENSOR-TRANS,AST-TRANS-026,2026-05-24T21:13:00,2026-05-24T21:27:00,2026-05-25T00:27:00,RESOLVED,True,2026-05-24T21:47:00,ANALYST_VERMA,False,False,False,CLOSED,DEMO/SYNTHETIC - NOT REAL GOVERNMENT DATA
CSE-TRANS-04,ALT-TRANS-2026-04262,2026-Q2,2026-04-23T16:59:00,CRITICAL,DDOS_ATTACK,SIEM-SENSOR-TRANS,AST-TRANS-070,2026-04-23T17:15:00,2026-04-23T17:32:00,2026-04-23T19:32:00,RESOLVED,False,,ANALYST_SHARMA,False,False,False,CLOSED,DEMO/SYNTHETIC - NOT REAL GOVERNMENT DATA
CSE-TRANS-04,ALT-TRANS-2026-04263,2026-Q2,2026-04-14T18:29:00,LOW,UNAUTHORIZED_ACCESS,SIEM-SENSOR-TRANS,AST-TRANS-059,2026-04-14T18:35:00,2026-04-14T18:47:00,2026-04-14T19:47:00,RESOLVED,False,,ANALYST_SINGH,False,False,False,CLOSED,DEMO/SYNTHETIC - NOT REAL GOVERNMENT DATA
CSE-TRANS-04,ALT-TRANS-2026-04264,2026-Q2,2026-05-15T20:03:00,MEDIUM,DDOS_ATTACK,SIEM-SENSOR-TRANS,AST-TRANS-047,2026-05-15T20:12:00,2026-05-15T20:30:00,2026-05-15T21:30:00,RESOLVED,True,2026-05-15T20:50:00,ANALYST_RAO,False,False,False,CLOSED,DEMO/SYNTHETIC - NOT REAL GOVERNMENT DATA
CSE-TRANS-04,ALT-TRANS-2026-04265,2026-Q2,2026-06-03T02:26:00,CRITICAL,MALWARE,SIEM-SENSOR-TRANS,AST-TRANS-059,2026-06-03T02:38:00,2026-06-03T02:55:00,2026-06-03T05:55:00,RESOLVED,False,,ANALYST_SINGH,False,False,False,CLOSED,DEMO/SYNTHETIC - NOT REAL GOVERNMENT DATA
CSE-TRANS-04,ALT-TRANS-2026-04266,2026-Q2,2026-04-27T21:05:00,MEDIUM,DDOS_ATTACK,SIEM-SENSOR-TRANS,AST-TRANS-013,2026-04-27T21:24:00,2026-04-27T21:47:00,2026-04-27T22:47:00,RESOLVED,False,,ANALYST_SHARMA,False,False,False,CLOSED,DEMO/SYNTHETIC - NOT REAL GOVERNMENT DATA
CSE-TRANS-04,ALT-TRANS-2026-04267,2026-Q2,2026-04-23T20:55:00,HIGH,PRIVILEGE_ESCALATION,SIEM-SENSOR-TRANS,AST-TRANS-074,2026-04-23T21:15:00,2026-04-23T21:32:00,2026-04-23T22:32:00,RESOLVED,False,,ANALYST_VERMA,False,False,False,CLOSED,DEMO/SYNTHETIC - NOT REAL GOVERNMENT DATA
CSE-TRANS-04,ALT-TRANS-2026-04268,2026-Q2,2026-05-08T21:17:00,MEDIUM,MALWARE,SIEM-SENSOR-TRANS,AST-TRANS-075,2026-05-08T21:32:00,2026-05-08T21:59:00,2026-05-09T01:59:00,RESOLVED,False,,ANALYST_RAO,False,False,False,CLOSED,DEMO/SYNTHETIC - NOT REAL GOVERNMENT DATA
CSE-TRANS-04,ALT-TRANS-2026-04269,2026-Q2,2026-05-23T03:07:00,MEDIUM,POLICY_VIOLATION,SIEM-SENSOR-TRANS,AST-TRANS-005,2026-05-23T03:11:00,2026-05-23T03:21:00,2026-05-23T05:21:00,RESOLVED,True,2026-05-23T03:41:00,ANALYST_SHARMA,False,False,False,CLOSED,DEMO/SYNTHETIC - NOT REAL GOVERNMENT DATA
CSE-TRANS-04,ALT-TRANS-2026-04270,2026-Q2,2026-05-31T07:28:00,MEDIUM,DDOS_ATTACK,SIEM-SENSOR-TRANS,AST-TRANS-052,2026-05-31T07:41:00,2026-05-31T08:06:00,2026-05-31T09:06:00,RESOLVED,False,,ANALYST_RAO,False,False,False,CLOSED,DEMO/SYNTHETIC - NOT REAL GOVERNMENT DATA
CSE-TRANS-04,ALT-TRANS-2026-04271,2026-Q2,2026-05-13T15:10:00,MEDIUM,RANSOMWARE,SIEM-SENSOR-TRANS,AST-TRANS-034,2026-05-13T15:19:00,2026-05-13T15:46:00,2026-05-13T19:46:00,RESOLVED,False,,ANALYST_SHARMA,False,False,False,CLOSED,DEMO/SYNTHETIC - NOT REAL GOVERNMENT DATA
CSE-TRANS-04,ALT-TRANS-2026-04272,2026-Q2,2026-05-20T15:43:00,LOW,RANSOMWARE,SIEM-SENSOR-TRANS,AST-TRANS-084,2026-05-20T15:49:00,2026-05-20T16:14:00,2026-05-20T18:14:00,RESOLVED,False,,ANALYST_SINGH,False,False,False,CLOSED,DEMO/SYNTHETIC - NOT REAL GOVERNMENT DATA
CSE-TRANS-04,ALT-TRANS-2026-04273,2026-Q2,2026-04-04T12:12:00,HIGH,RANSOMWARE,SIEM-SENSOR-TRANS,AST-TRANS-016,2026-04-04T12:17:00,2026-04-04T12:38:00,2026-04-04T13:38:00,RESOLVED,False,,ANALYST_VERMA,False,False,False,CLOSED,DEMO/SYNTHETIC - NOT REAL GOVERNMENT DATA
CSE-TRANS-04,ALT-TRANS-2026-04274,2026-Q2,2026-04-06T00:38:00,MEDIUM,BRUTE_FORCE,SIEM-SENSOR-TRANS,AST-TRANS-023,2026-04-06T00:58:00,2026-04-06T01:24:00,2026-04-06T03:24:00,RESOLVED,False,,ANALYST_PATEL,False,False,False,CLOSED,DEMO/SYNTHETIC - NOT REAL GOVERNMENT DATA
CSE-TRANS-04,ALT-TRANS-2026-04275,2026-Q2,2026-06-06T13:06:00,HIGH,BRUTE_FORCE,SIEM-SENSOR-TRANS,AST-TRANS-013,2026-06-06T13:14:00,2026-06-06T13:34:00,2026-06-06T14:34:00,RESOLVED,False,,ANALYST_SHARMA,False,False,False,CLOSED,DEMO/SYNTHETIC - NOT REAL GOVERNMENT DATA
CSE-TRANS-04,ALT-TRANS-2026-04276,2026-Q2,2026-04-11T01:57:00,MEDIUM,MALWARE,SIEM-SENSOR-TRANS,AST-TRANS-008,2026-04-11T02:09:00,2026-04-11T02:37:00,2026-04-11T04:37:00,RESOLVED,False,,ANALYST_RAO,False,False,False,CLOSED,DEMO/SYNTHETIC - NOT REAL GOVERNMENT DATA
CSE-TRANS-04,ALT-TRANS-2026-04277,2026-Q2,2026-06-17T12:14:00,MEDIUM,DATA_EXFILTRATION,SIEM-SENSOR-TRANS,AST-TRANS-042,2026-06-17T12:26:00,2026-06-17T12:44:00,2026-06-17T16:44:00,RESOLVED,False,,ANALYST_VERMA,False,False,False,CLOSED,DEMO/SYNTHETIC - NOT REAL GOVERNMENT DATA
CSE-TRANS-04,ALT-TRANS-2026-04278,2026-Q2,2026-05-24T12:11:00,LOW,UNAUTHORIZED_ACCESS,SIEM-SENSOR-TRANS,AST-TRANS-002,2026-05-24T12:27:00,2026-05-24T12:44:00,2026-05-24T16:44:00,RESOLVED,False,,ANALYST_VERMA,False,False,False,CLOSED,DEMO/SYNTHETIC - NOT REAL GOVERNMENT DATA
CSE-TRANS-04,ALT-TRANS-2026-04279,2026-Q2,2026-05-15T15:59:00,MEDIUM,UNAUTHORIZED_ACCESS,SIEM-SENSOR-TRANS,AST-TRANS-067,2026-05-15T16:11:00,2026-05-15T16:23:00,2026-05-15T17:23:00,RESOLVED,False,,ANALYST_SHARMA,False,False,False,CLOSED,DEMO/SYNTHETIC - NOT REAL GOVERNMENT DATA
CSE-TRANS-04,ALT-TRANS-2026-04280,2026-Q2,2026-06-03T17:14:00,HIGH,DDOS_ATTACK,SIEM-SENSOR-TRANS,AST-TRANS-068,2026-06-03T17:29:00,2026-06-03T17:41:00,2026-06-03T20:41:00,RESOLVED,False,,ANALYST_VERMA,False,False,False,CLOSED,DEMO/SYNTHETIC - NOT REAL GOVERNMENT DATA
CSE-TRANS-04,ALT-TRANS-2026-04281,2026-Q2,2026-05-09T12:16:00,LOW,PRIVILEGE_ESCALATION,SIEM-SENSOR-TRANS,AST-TRANS-047,2026-05-09T12:29:00,2026-05-09T12:46:00,2026-05-09T13:46:00,RESOLVED,True,2026-05-09T13:06:00,ANALYST_SINGH,False,False,False,CLOSED,DEMO/SYNTHETIC - NOT REAL GOVERNMENT DATA
CSE-TRANS-04,ALT-TRANS-2026-04282,2026-Q2,2026-04-18T13:55:00,MEDIUM,SCADA_COMMAND_ANOMALY,SIEM-SENSOR-TRANS,AST-TRANS-078,2026-04-18T14:06:00,2026-04-18T14:21:00,2026-04-18T18:21:00,RESOLVED,False,,ANALYST_SINGH,False,False,False,CLOSED,DEMO/SYNTHETIC - NOT REAL GOVERNMENT DATA
CSE-TRANS-04,ALT-TRANS-2026-04283,2026-Q2,2026-05-05T16:38:00,LOW,MALWARE,SIEM-SENSOR-TRANS,AST-TRANS-048,2026-05-05T16:44:00,2026-05-05T17:13:00,2026-05-05T18:13:00,RESOLVED,False,,ANALYST_RAO,False,False,False,CLOSED,DEMO/SYNTHETIC - NOT REAL GOVERNMENT DATA
CSE-TRANS-04,ALT-TRANS-2026-04284,2026-Q2,2026-06-17T15:36:00,HIGH,POLICY_VIOLATION,SIEM-SENSOR-TRANS,AST-TRANS-033,2026-06-17T15:40:00,2026-06-17T16:00:00,2026-06-17T20:00:00,RESOLVED,False,,ANALYST_SHARMA,False,False,False,CLOSED,DEMO/SYNTHETIC - NOT REAL GOVERNMENT DATA
CSE-TRANS-04,ALT-TRANS-2026-04285,2026-Q2,2026-05-24T16:55:00,LOW,MALWARE,SIEM-SENSOR-TRANS,AST-TRANS-057,2026-05-24T17:08:00,2026-05-24T17:26:00,2026-05-24T20:26:00,RESOLVED,False,,ANALYST_VERMA,False,False,False,CLOSED,DEMO/SYNTHETIC - NOT REAL GOVERNMENT DATA
CSE-TRANS-04,ALT-TRANS-2026-04286,2026-Q2,2026-06-07T06:53:00,LOW,MALWARE,SIEM-SENSOR-TRANS,AST-TRANS-036,2026-06-07T06:59:00,2026-06-07T07:15:00,2026-06-07T08:15:00,RESOLVED,False,,ANALYST_SHARMA,False,False,False,CLOSED,DEMO/SYNTHETIC - NOT REAL GOVERNMENT DATA
CSE-TRANS-04,ALT-TRANS-2026-04287,2026-Q2,2026-04-10T04:10:00,LOW,DATA_EXFILTRATION,SIEM-SENSOR-TRANS,AST-TRANS-025,2026-04-10T04:26:00,2026-04-10T04:39:00,2026-04-10T07:39:00,RESOLVED,False,,ANALYST_PATEL,False,False,False,CLOSED,DEMO/SYNTHETIC - NOT REAL GOVERNMENT DATA
CSE-TRANS-04,ALT-TRANS-2026-04288,2026-Q2,2026-04-20T21:15:00,MEDIUM,BRUTE_FORCE,SIEM-SENSOR-TRANS,AST-TRANS-040,2026-04-20T21:35:00,2026-04-20T21:46:00,2026-04-20T22:46:00,RESOLVED,False,,ANALYST_VERMA,False,False,False,CLOSED,DEMO/SYNTHETIC - NOT REAL GOVERNMENT DATA
CSE-TRANS-04,ALT-TRANS-2026-04289,2026-Q2,2026-04-16T14:52:00,MEDIUM,DATA_EXFILTRATION,SIEM-SENSOR-TRANS,AST-TRANS-080,2026-04-16T15:12:00,2026-04-16T15:27:00,2026-04-16T17:27:00,RESOLVED,False,,ANALYST_SHARMA,False,False,False,CLOSED,DEMO/SYNTHETIC - NOT REAL GOVERNMENT DATA
CSE-TRANS-04,ALT-TRANS-2026-04290,2026-Q2,2026-04-13T03:00:00,MEDIUM,DDOS_ATTACK,SIEM-SENSOR-TRANS,AST-TRANS-090,2026-04-13T03:02:00,2026-04-13T03:17:00,2026-04-13T06:17:00,RESOLVED,False,,ANALYST_SINGH,False,False,False,CLOSED,DEMO/SYNTHETIC - NOT REAL GOVERNMENT DATA
CSE-TRANS-04,ALT-TRANS-2026-04291,2026-Q2,2026-05-24T18:55:00,MEDIUM,DATA_EXFILTRATION,SIEM-SENSOR-TRANS,AST-TRANS-093,2026-05-24T19:14:00,2026-05-24T19:38:00,2026-05-24T23:38:00,RESOLVED,False,,ANALYST_SINGH,False,False,False,CLOSED,DEMO/SYNTHETIC - NOT REAL GOVERNMENT DATA
CSE-TRANS-04,ALT-TRANS-2026-04292,2026-Q2,2026-05-31T08:47:00,LOW,POLICY_VIOLATION,SIEM-SENSOR-TRANS,AST-TRANS-078,2026-05-31T08:49:00,2026-05-31T09:13:00,2026-05-31T11:13:00,RESOLVED,False,,ANALYST_VERMA,False,False,False,CLOSED,DEMO/SYNTHETIC - NOT REAL GOVERNMENT DATA
CSE-TRANS-04,ALT-TRANS-2026-04293,2026-Q2,2026-06-02T17:11:00,CRITICAL,MALWARE,SIEM-SENSOR-TRANS,AST-TRANS-062,2026-06-02T17:13:00,2026-06-02T17:24:00,2026-06-02T21:24:00,RESOLVED,False,,ANALYST_PATEL,False,False,False,CLOSED,DEMO/SYNTHETIC - NOT REAL GOVERNMENT DATA
CSE-TRANS-04,ALT-TRANS-2026-04294,2026-Q2,2026-05-03T12:18:00,HIGH,POLICY_VIOLATION,SIEM-SENSOR-TRANS,AST-TRANS-032,2026-05-03T12:31:00,2026-05-03T12:55:00,2026-05-03T16:55:00,RESOLVED,False,,ANALYST_RAO,False,False,False,CLOSED,DEMO/SYNTHETIC - NOT REAL GOVERNMENT DATA
CSE-TRANS-04,ALT-TRANS-2026-04295,2026-Q2,2026-05-17T16:54:00,MEDIUM,RANSOMWARE,SIEM-SENSOR-TRANS,AST-TRANS-013,2026-05-17T16:58:00,2026-05-17T17:14:00,2026-05-17T20:14:00,RESOLVED,False,,ANALYST_SHARMA,False,False,False,CLOSED,DEMO/SYNTHETIC - NOT REAL GOVERNMENT DATA
CSE-TRANS-04,ALT-TRANS-2026-04296,2026-Q2,2026-05-11T17:24:00,MEDIUM,PRIVILEGE_ESCALATION,SIEM-SENSOR-TRANS,AST-TRANS-053,2026-05-11T17:35:00,2026-05-11T17:52:00,2026-05-11T18:52:00,RESOLVED,False,,ANALYST_RAO,False,False,False,CLOSED,DEMO/SYNTHETIC - NOT REAL GOVERNMENT DATA
CSE-TRANS-04,ALT-TRANS-2026-04297,2026-Q2,2026-04-15T23:23:00,LOW,BRUTE_FORCE,SIEM-SENSOR-TRANS,AST-TRANS-026,2026-04-15T23:41:00,2026-04-15T23:56:00,2026-04-16T01:56:00,RESOLVED,False,,ANALYST_SINGH,False,False,False,CLOSED,DEMO/SYNTHETIC - NOT REAL GOVERNMENT DATA
CSE-TRANS-04,ALT-TRANS-2026-04298,2026-Q2,2026-04-19T19:45:00,CRITICAL,DATA_EXFILTRATION,SIEM-SENSOR-TRANS,AST-TRANS-056,2026-04-19T20:03:00,2026-04-19T20:22:00,2026-04-20T00:22:00,RESOLVED,False,,ANALYST_SHARMA,False,False,False,CLOSED,DEMO/SYNTHETIC - NOT REAL GOVERNMENT DATA
CSE-TRANS-04,ALT-TRANS-2026-04299,2026-Q2,2026-05-27T09:02:00,MEDIUM,DATA_EXFILTRATION,SIEM-SENSOR-TRANS,AST-TRANS-068,2026-05-27T09:07:00,2026-05-27T09:33:00,2026-05-27T13:33:00,RESOLVED,False,,ANALYST_SHARMA,False,False,False,CLOSED,DEMO/SYNTHETIC - NOT REAL GOVERNMENT DATA
CSE-TRANS-04,ALT-TRANS-2026-04300,2026-Q2,2026-04-14T15:59:00,MEDIUM,UNAUTHORIZED_ACCESS,SIEM-SENSOR-TRANS,AST-TRANS-070,2026-04-14T16:18:00,2026-04-14T16:30:00,2026-04-14T19:30:00,RESOLVED,False,,ANALYST_RAO,False,False,False,CLOSED,DEMO/SYNTHETIC - NOT REAL GOVERNMENT DATA
CSE-TRANS-04,ALT-TRANS-2026-04301,2026-Q2,2026-06-02T14:44:00,HIGH,PRIVILEGE_ESCALATION,SIEM-SENSOR-TRANS,AST-TRANS-095,2026-06-02T15:01:00,2026-06-02T15:21:00,2026-06-02T16:21:00,RESOLVED,False,,ANALYST_VERMA,False,False,False,CLOSED,DEMO/SYNTHETIC - NOT REAL GOVERNMENT DATA
CSE-TRANS-04,ALT-TRANS-2026-04302,2026-Q2,2026-04-27T13:05:00,LOW,RANSOMWARE,SIEM-SENSOR-TRANS,AST-TRANS-024,2026-04-27T13:16:00,2026-04-27T13:27:00,2026-04-27T17:27:00,RESOLVED,False,,ANALYST_SHARMA,False,False,False,CLOSED,DEMO/SYNTHETIC - NOT REAL GOVERNMENT DATA
CSE-TRANS-04,ALT-TRANS-2026-04303,2026-Q2,2026-04-22T06:24:00,HIGH,SCADA_COMMAND_ANOMALY,SIEM-SENSOR-TRANS,AST-TRANS-013,2026-04-22T06:40:00,2026-04-22T07:08:00,2026-04-22T08:08:00,RESOLVED,False,,ANALYST_PATEL,False,False,False,CLOSED,DEMO/SYNTHETIC - NOT REAL GOVERNMENT DATA
CSE-TRANS-04,ALT-TRANS-2026-04304,2026-Q2,2026-04-11T06:01:00,MEDIUM,DDOS_ATTACK,SIEM-SENSOR-TRANS,AST-TRANS-050,2026-04-11T06:15:00,2026-04-11T06:39:00,2026-04-11T07:39:00,RESOLVED,False,,ANALYST_SHARMA,False,False,False,CLOSED,DEMO/SYNTHETIC - NOT REAL GOVERNMENT DATA
CSE-TRANS-04,ALT-TRANS-2026-04305,2026-Q2,2026-05-26T19:28:00,MEDIUM,DDOS_ATTACK,SIEM-SENSOR-TRANS,AST-TRANS-023,2026-05-26T19:42:00,2026-05-26T20:07:00,2026-05-26T21:07:00,RESOLVED,False,,ANALYST_SINGH,False,False,False,CLOSED,DEMO/SYNTHETIC - NOT REAL GOVERNMENT DATA
CSE-TRANS-04,ALT-TRANS-2026-04306,2026-Q2,2026-06-09T05:26:00,MEDIUM,PRIVILEGE_ESCALATION,SIEM-SENSOR-TRANS,AST-TRANS-075,2026-06-09T05:29:00,2026-06-09T05:40:00,2026-06-09T09:40:00,RESOLVED,False,,ANALYST_SINGH,False,False,False,CLOSED,DEMO/SYNTHETIC - NOT REAL GOVERNMENT DATA
CSE-TRANS-04,ALT-TRANS-2026-04307,2026-Q2,2026-04-15T04:28:00,CRITICAL,MALWARE,SIEM-SENSOR-TRANS,AST-TRANS-011,2026-04-15T04:33:00,2026-04-15T05:02:00,2026-04-15T09:02:00,RESOLVED,False,,ANALYST_RAO,False,False,False,CLOSED,DEMO/SYNTHETIC - NOT REAL GOVERNMENT DATA
CSE-TRANS-04,ALT-TRANS-2026-04308,2026-Q2,2026-04-03T19:53:00,MEDIUM,MALWARE,SIEM-SENSOR-TRANS,AST-TRANS-059,2026-04-03T19:58:00,2026-04-03T20:21:00,2026-04-04T00:21:00,RESOLVED,False,,ANALYST_VERMA,False,False,False,CLOSED,DEMO/SYNTHETIC - NOT REAL GOVERNMENT DATA
CSE-TRANS-04,ALT-TRANS-2026-04309,2026-Q2,2026-06-12T19:09:00,MEDIUM,DATA_EXFILTRATION,SIEM-SENSOR-TRANS,AST-TRANS-019,2026-06-12T19:26:00,2026-06-12T19:52:00,2026-06-12T23:52:00,RESOLVED,False,,ANALYST_SINGH,False,False,False,CLOSED,DEMO/SYNTHETIC - NOT REAL GOVERNMENT DATA
CSE-TRANS-04,ALT-TRANS-2026-04310,2026-Q2,2026-06-04T08:00:00,HIGH,SCADA_COMMAND_ANOMALY,SIEM-SENSOR-TRANS,AST-TRANS-045,2026-06-04T08:06:00,2026-06-04T08:16:00,2026-06-04T12:16:00,RESOLVED,False,,ANALYST_SHARMA,False,False,False,CLOSED,DEMO/SYNTHETIC - NOT REAL GOVERNMENT DATA
CSE-TRANS-04,ALT-TRANS-2026-04311,2026-Q2,2026-05-19T16:52:00,MEDIUM,RANSOMWARE,SIEM-SENSOR-TRANS,AST-TRANS-061,2026-05-19T16:57:00,2026-05-19T17:15:00,2026-05-19T20:15:00,RESOLVED,False,,ANALYST_SHARMA,False,False,False,CLOSED,DEMO/SYNTHETIC - NOT REAL GOVERNMENT DATA
CSE-TRANS-04,ALT-TRANS-2026-04312,2026-Q2,2026-06-04T14:30:00,HIGH,PRIVILEGE_ESCALATION,SIEM-SENSOR-TRANS,AST-TRANS-068,2026-06-04T14:36:00,2026-06-04T15:01:00,2026-06-04T16:01:00,RESOLVED,False,,ANALYST_PATEL,False,False,False,CLOSED,DEMO/SYNTHETIC - NOT REAL GOVERNMENT DATA
CSE-TRANS-04,ALT-TRANS-2026-04313,2026-Q2,2026-04-19T21:22:00,MEDIUM,RANSOMWARE,SIEM-SENSOR-TRANS,AST-TRANS-028,2026-04-19T21:42:00,2026-04-19T21:54:00,2026-04-20T01:54:00,RESOLVED,False,,ANALYST_PATEL,False,False,False,CLOSED,DEMO/SYNTHETIC - NOT REAL GOVERNMENT DATA
CSE-TRANS-04,ALT-TRANS-2026-04314,2026-Q2,2026-04-28T13:32:00,MEDIUM,DATA_EXFILTRATION,SIEM-SENSOR-TRANS,AST-TRANS-021,2026-04-28T13:44:00,2026-04-28T13:56:00,2026-04-28T14:56:00,RESOLVED,False,,ANALYST_SHARMA,False,False,False,CLOSED,DEMO/SYNTHETIC - NOT REAL GOVERNMENT DATA
CSE-TRANS-04,ALT-TRANS-2026-04315,2026-Q2,2026-05-21T02:00:00,MEDIUM,BRUTE_FORCE,SIEM-SENSOR-TRANS,AST-TRANS-093,2026-05-21T02:18:00,2026-05-21T02:32:00,2026-05-21T06:32:00,RESOLVED,False,,ANALYST_VERMA,False,False,False,CLOSED,DEMO/SYNTHETIC - NOT REAL GOVERNMENT DATA
CSE-TRANS-04,ALT-TRANS-2026-04316,2026-Q2,2026-05-15T06:38:00,MEDIUM,SCADA_COMMAND_ANOMALY,SIEM-SENSOR-TRANS,AST-TRANS-090,2026-05-15T06:55:00,2026-05-15T07:18:00,2026-05-15T11:18:00,RESOLVED,False,,ANALYST_VERMA,False,False,False,CLOSED,DEMO/SYNTHETIC - NOT REAL GOVERNMENT DATA
CSE-TRANS-04,ALT-TRANS-2026-04317,2026-Q2,2026-05-24T09:10:00,MEDIUM,DDOS_ATTACK,SIEM-SENSOR-TRANS,AST-TRANS-058,2026-05-24T09:18:00,2026-05-24T09:28:00,2026-05-24T10:28:00,RESOLVED,False,,ANALYST_SINGH,False,False,False,CLOSED,DEMO/SYNTHETIC - NOT REAL GOVERNMENT DATA
CSE-TRANS-04,ALT-TRANS-2026-04318,2026-Q2,2026-04-26T10:42:00,HIGH,DATA_EXFILTRATION,SIEM-SENSOR-TRANS,AST-TRANS-031,2026-04-26T10:45:00,2026-04-26T11:09:00,2026-04-26T12:09:00,RESOLVED,False,,ANALYST_RAO,False,False,False,CLOSED,DEMO/SYNTHETIC - NOT REAL GOVERNMENT DATA
CSE-TRANS-04,ALT-TRANS-2026-04319,2026-Q2,2026-05-22T04:49:00,MEDIUM,DDOS_ATTACK,SIEM-SENSOR-TRANS,AST-TRANS-056,2026-05-22T05:06:00,2026-05-22T05:32:00,2026-05-22T08:32:00,RESOLVED,False,,ANALYST_RAO,False,False,False,CLOSED,DEMO/SYNTHETIC - NOT REAL GOVERNMENT DATA
CSE-TRANS-04,ALT-TRANS-2026-04320,2026-Q2,2026-05-11T12:16:00,LOW,BRUTE_FORCE,SIEM-SENSOR-TRANS,AST-TRANS-030,2026-05-11T12:18:00,2026-05-11T12:40:00,2026-05-11T16:40:00,RESOLVED,False,,ANALYST_SHARMA,False,False,False,CLOSED,DEMO/SYNTHETIC - NOT REAL GOVERNMENT DATA
CSE-TRANS-04,ALT-TRANS-2026-04321,2026-Q2,2026-04-20T19:44:00,LOW,MALWARE,SIEM-SENSOR-TRANS,AST-TRANS-079,2026-04-20T19:56:00,2026-04-20T20:09:00,2026-04-20T22:09:00,RESOLVED,False,,ANALYST_RAO,False,False,False,CLOSED,DEMO/SYNTHETIC - NOT REAL GOVERNMENT DATA
CSE-TRANS-04,ALT-TRANS-2026-04322,2026-Q2,2026-05-23T00:38:00,MEDIUM,BRUTE_FORCE,SIEM-SENSOR-TRANS,AST-TRANS-085,2026-05-23T00:56:00,2026-05-23T01:06:00,2026-05-23T05:06:00,RESOLVED,False,,ANALYST_RAO,False,False,False,CLOSED,DEMO/SYNTHETIC - NOT REAL GOVERNMENT DATA
CSE-TRANS-04,ALT-TRANS-2026-04323,2026-Q2,2026-05-25T20:21:00,LOW,PRIVILEGE_ESCALATION,SIEM-SENSOR-TRANS,AST-TRANS-088,2026-05-25T20:29:00,2026-05-25T20:59:00,2026-05-26T00:59:00,RESOLVED,False,,ANALYST_SHARMA,False,False,False,CLOSED,DEMO/SYNTHETIC - NOT REAL GOVERNMENT DATA
CSE-TRANS-04,ALT-TRANS-2026-04324,2026-Q2,2026-04-19T13:10:00,LOW,POLICY_VIOLATION,SIEM-SENSOR-TRANS,AST-TRANS-042,2026-04-19T13:22:00,2026-04-19T13:52:00,2026-04-19T16:52:00,RESOLVED,False,,ANALYST_SHARMA,False,False,False,CLOSED,DEMO/SYNTHETIC - NOT REAL GOVERNMENT DATA
CSE-TRANS-04,ALT-TRANS-2026-04325,2026-Q2,2026-05-24T00:10:00,MEDIUM,DATA_EXFILTRATION,SIEM-SENSOR-TRANS,AST-TRANS-050,2026-05-24T00:21:00,2026-05-24T00:32:00,2026-05-24T04:32:00,RESOLVED,False,,ANALYST_VERMA,False,False,False,CLOSED,DEMO/SYNTHETIC - NOT REAL GOVERNMENT DATA
CSE-TRANS-04,ALT-TRANS-2026-04326,2026-Q2,2026-05-28T10:38:00,MEDIUM,DATA_EXFILTRATION,SIEM-SENSOR-TRANS,AST-TRANS-092,2026-05-28T10:56:00,2026-05-28T11:21:00,2026-05-28T12:21:00,RESOLVED,False,,ANALYST_RAO,False,False,False,CLOSED,DEMO/SYNTHETIC - NOT REAL GOVERNMENT DATA
CSE-TRANS-04,ALT-TRANS-2026-04327,2026-Q2,2026-04-03T15:40:00,MEDIUM,UNAUTHORIZED_ACCESS,SIEM-SENSOR-TRANS,AST-TRANS-043,2026-04-03T15:51:00,2026-04-03T16:02:00,2026-04-03T17:02:00,RESOLVED,False,,ANALYST_SINGH,False,False,False,CLOSED,DEMO/SYNTHETIC - NOT REAL GOVERNMENT DATA
CSE-TRANS-04,ALT-TRANS-2026-04328,2026-Q2,2026-04-14T11:33:00,MEDIUM,PRIVILEGE_ESCALATION,SIEM-SENSOR-TRANS,AST-TRANS-087,2026-04-14T11:44:00,2026-04-14T11:54:00,2026-04-14T15:54:00,RESOLVED,False,,ANALYST_VERMA,False,False,False,CLOSED,DEMO/SYNTHETIC - NOT REAL GOVERNMENT DATA
CSE-TRANS-04,ALT-TRANS-2026-04329,2026-Q2,2026-05-11T20:53:00,MEDIUM,UNAUTHORIZED_ACCESS,SIEM-SENSOR-TRANS,AST-TRANS-059,2026-05-11T21:10:00,2026-05-11T21:33:00,2026-05-12T00:33:00,RESOLVED,False,,ANALYST_RAO,False,False,False,CLOSED,DEMO/SYNTHETIC - NOT REAL GOVERNMENT DATA
CSE-TRANS-04,ALT-TRANS-2026-04330,2026-Q2,2026-05-02T18:11:00,CRITICAL,SCADA_COMMAND_ANOMALY,SIEM-SENSOR-TRANS,AST-TRANS-016,2026-05-02T18:25:00,2026-05-02T18:44:00,2026-05-02T20:44:00,RESOLVED,False,,ANALYST_PATEL,False,False,False,CLOSED,DEMO/SYNTHETIC - NOT REAL GOVERNMENT DATA
CSE-TRANS-04,ALT-TRANS-2026-04331,2026-Q2,2026-04-08T09:49:00,HIGH,PRIVILEGE_ESCALATION,SIEM-SENSOR-TRANS,AST-TRANS-038,2026-04-08T09:53:00,2026-04-08T10:21:00,2026-04-08T11:21:00,RESOLVED,False,,ANALYST_RAO,False,False,False,CLOSED,DEMO/SYNTHETIC - NOT REAL GOVERNMENT DATA
CSE-TRANS-04,ALT-TRANS-2026-04332,2026-Q2,2026-05-25T01:03:00,MEDIUM,MALWARE,SIEM-SENSOR-TRANS,AST-TRANS-020,2026-05-25T01:15:00,2026-05-25T01:38:00,2026-05-25T05:38:00,RESOLVED,False,,ANALYST_SINGH,False,False,False,CLOSED,DEMO/SYNTHETIC - NOT REAL GOVERNMENT DATA
CSE-TRANS-04,ALT-TRANS-2026-04333,2026-Q2,2026-05-24T12:08:00,HIGH,DATA_EXFILTRATION,SIEM-SENSOR-TRANS,AST-TRANS-092,2026-05-24T12:24:00,2026-05-24T12:51:00,2026-05-24T13:51:00,RESOLVED,False,,ANALYST_SHARMA,False,False,False,CLOSED,DEMO/SYNTHETIC - NOT REAL GOVERNMENT DATA
CSE-TRANS-04,ALT-TRANS-2026-04334,2026-Q2,2026-06-06T21:47:00,CRITICAL,DDOS_ATTACK,SIEM-SENSOR-TRANS,AST-TRANS-047,2026-06-06T22:01:00,2026-06-06T22:14:00,2026-06-07T01:14:00,RESOLVED,False,,ANALYST_PATEL,False,False,False,CLOSED,DEMO/SYNTHETIC - NOT REAL GOVERNMENT DATA
CSE-TRANS-04,ALT-TRANS-2026-04335,2026-Q2,2026-04-20T21:52:00,LOW,BRUTE_FORCE,SIEM-SENSOR-TRANS,AST-TRANS-075,2026-04-20T22:06:00,2026-04-20T22:33:00,2026-04-21T02:33:00,RESOLVED,False,,ANALYST_VERMA,False,False,False,CLOSED,DEMO/SYNTHETIC - NOT REAL GOVERNMENT DATA
CSE-TRANS-04,ALT-TRANS-2026-04336,2026-Q2,2026-04-12T05:58:00,HIGH,SCADA_COMMAND_ANOMALY,SIEM-SENSOR-TRANS,AST-TRANS-061,2026-04-12T06:15:00,2026-04-12T06:25:00,2026-04-12T09:25:00,RESOLVED,False,,ANALYST_SINGH,False,False,False,CLOSED,DEMO/SYNTHETIC - NOT REAL GOVERNMENT DATA
CSE-TRANS-04,ALT-TRANS-2026-04337,2026-Q2,2026-05-31T02:34:00,MEDIUM,DATA_EXFILTRATION,SIEM-SENSOR-TRANS,AST-TRANS-085,2026-05-31T02:43:00,2026-05-31T03:12:00,2026-05-31T04:12:00,RESOLVED,False,,ANALYST_SHARMA,False,False,False,CLOSED,DEMO/SYNTHETIC - NOT REAL GOVERNMENT DATA
CSE-TRANS-04,ALT-TRANS-2026-04338,2026-Q2,2026-06-04T13:08:00,MEDIUM,SCADA_COMMAND_ANOMALY,SIEM-SENSOR-TRANS,AST-TRANS-092,2026-06-04T13:20:00,2026-06-04T13:40:00,2026-06-04T17:40:00,RESOLVED,False,,ANALYST_VERMA,False,False,False,CLOSED,DEMO/SYNTHETIC - NOT REAL GOVERNMENT DATA
CSE-TRANS-04,ALT-TRANS-2026-04339,2026-Q2,2026-04-05T18:13:00,LOW,BRUTE_FORCE,SIEM-SENSOR-TRANS,AST-TRANS-094,2026-04-05T18:17:00,2026-04-05T18:31:00,2026-04-05T21:31:00,RESOLVED,False,,ANALYST_VERMA,False,False,False,CLOSED,DEMO/SYNTHETIC - NOT REAL GOVERNMENT DATA
CSE-TRANS-04,ALT-TRANS-2026-04340,2026-Q2,2026-05-13T07:21:00,HIGH,MALWARE,SIEM-SENSOR-TRANS,AST-TRANS-093,2026-05-13T07:26:00,2026-05-13T07:41:00,2026-05-13T11:41:00,RESOLVED,False,,ANALYST_RAO,False,False,False,CLOSED,DEMO/SYNTHETIC - NOT REAL GOVERNMENT DATA
CSE-TRANS-04,ALT-TRANS-2026-04341,2026-Q2,2026-04-23T21:02:00,MEDIUM,PRIVILEGE_ESCALATION,SIEM-SENSOR-TRANS,AST-TRANS-051,2026-04-23T21:05:00,2026-04-23T21:34:00,2026-04-23T22:34:00,RESOLVED,False,,ANALYST_SINGH,False,False,False,CLOSED,DEMO/SYNTHETIC - NOT REAL GOVERNMENT DATA
CSE-TRANS-04,ALT-TRANS-2026-04342,2026-Q2,2026-05-13T09:04:00,CRITICAL,BRUTE_FORCE,SIEM-SENSOR-TRANS,AST-TRANS-092,2026-05-13T09:10:00,2026-05-13T09:20:00,2026-05-13T10:20:00,RESOLVED,False,,ANALYST_SHARMA,False,False,False,CLOSED,DEMO/SYNTHETIC - NOT REAL GOVERNMENT DATA
CSE-TRANS-04,ALT-TRANS-2026-04343,2026-Q2,2026-04-20T12:56:00,CRITICAL,PRIVILEGE_ESCALATION,SIEM-SENSOR-TRANS,AST-TRANS-048,2026-04-20T13:02:00,2026-04-20T13:26:00,2026-04-20T17:26:00,RESOLVED,False,,ANALYST_RAO,False,False,False,CLOSED,DEMO/SYNTHETIC - NOT REAL GOVERNMENT DATA
CSE-TRANS-04,ALT-TRANS-2026-04344,2026-Q2,2026-04-12T20:17:00,CRITICAL,UNAUTHORIZED_ACCESS,SIEM-SENSOR-TRANS,AST-TRANS-040,2026-04-12T20:23:00,2026-04-12T20:49:00,2026-04-13T00:49:00,RESOLVED,False,,ANALYST_RAO,False,False,False,CLOSED,DEMO/SYNTHETIC - NOT REAL GOVERNMENT DATA
CSE-TRANS-04,ALT-TRANS-2026-04345,2026-Q2,2026-05-26T16:32:00,CRITICAL,UNAUTHORIZED_ACCESS,SIEM-SENSOR-TRANS,AST-TRANS-091,2026-05-26T16:44:00,2026-05-26T16:58:00,2026-05-26T20:58:00,RESOLVED,True,2026-05-26T17:18:00,ANALYST_RAO,False,False,False,CLOSED,DEMO/SYNTHETIC - NOT REAL GOVERNMENT DATA
CSE-TRANS-04,ALT-TRANS-2026-04346,2026-Q2,2026-04-14T23:47:00,MEDIUM,PRIVILEGE_ESCALATION,SIEM-SENSOR-TRANS,AST-TRANS-038,2026-04-14T23:57:00,2026-04-15T00:10:00,2026-04-15T02:10:00,RESOLVED,False,,ANALYST_SINGH,False,False,False,CLOSED,DEMO/SYNTHETIC - NOT REAL GOVERNMENT DATA
CSE-TRANS-04,ALT-TRANS-2026-04347,2026-Q2,2026-06-11T03:06:00,HIGH,RANSOMWARE,SIEM-SENSOR-TRANS,AST-TRANS-010,2026-06-11T03:16:00,2026-06-11T03:43:00,2026-06-11T07:43:00,RESOLVED,False,,ANALYST_RAO,False,False,False,CLOSED,DEMO/SYNTHETIC - NOT REAL GOVERNMENT DATA
CSE-TRANS-04,ALT-TRANS-2026-04348,2026-Q2,2026-05-24T13:32:00,CRITICAL,PRIVILEGE_ESCALATION,SIEM-SENSOR-TRANS,AST-TRANS-048,2026-05-24T13:51:00,2026-05-24T14:11:00,2026-05-24T18:11:00,RESOLVED,False,,ANALYST_RAO,False,False,False,CLOSED,DEMO/SYNTHETIC - NOT REAL GOVERNMENT DATA
CSE-TRANS-04,ALT-TRANS-2026-04349,2026-Q2,2026-04-24T13:22:00,LOW,POLICY_VIOLATION,SIEM-SENSOR-TRANS,AST-TRANS-005,2026-04-24T13:35:00,2026-04-24T13:58:00,2026-04-24T15:58:00,RESOLVED,False,,ANALYST_SHARMA,False,False,False,CLOSED,DEMO/SYNTHETIC - NOT REAL GOVERNMENT DATA
CSE-TRANS-04,ALT-TRANS-2026-04350,2026-Q2,2026-04-25T04:39:00,MEDIUM,SCADA_COMMAND_ANOMALY,SIEM-SENSOR-TRANS,AST-TRANS-012,2026-04-25T04:54:00,2026-04-25T05:05:00,2026-04-25T09:05:00,RESOLVED,False,,ANALYST_SHARMA,False,False,False,CLOSED,DEMO/SYNTHETIC - NOT REAL GOVERNMENT DATA
CSE-TRANS-04,ALT-TRANS-2026-04351,2026-Q2,2026-06-12T23:20:00,MEDIUM,DDOS_ATTACK,SIEM-SENSOR-TRANS,AST-TRANS-012,2026-06-12T23:34:00,2026-06-12T23:46:00,2026-06-13T02:46:00,RESOLVED,False,,ANALYST_VERMA,False,False,False,CLOSED,DEMO/SYNTHETIC - NOT REAL GOVERNMENT DATA
CSE-TRANS-04,ALT-TRANS-2026-04352,2026-Q2,2026-04-01T06:31:00,HIGH,MALWARE,SIEM-SENSOR-TRANS,AST-TRANS-016,2026-04-01T06:33:00,2026-04-01T07:02:00,2026-04-01T11:02:00,RESOLVED,False,,ANALYST_VERMA,False,False,False,CLOSED,DEMO/SYNTHETIC - NOT REAL GOVERNMENT DATA
CSE-TRANS-04,ALT-TRANS-2026-04353,2026-Q2,2026-06-05T12:02:00,CRITICAL,POLICY_VIOLATION,SIEM-SENSOR-TRANS,AST-TRANS-060,2026-06-05T12:18:00,2026-06-05T12:30:00,2026-06-05T15:30:00,RESOLVED,False,,ANALYST_RAO,False,False,False,CLOSED,DEMO/SYNTHETIC - NOT REAL GOVERNMENT DATA
CSE-TRANS-04,ALT-TRANS-2026-04354,2026-Q2,2026-05-13T12:08:00,LOW,RANSOMWARE,SIEM-SENSOR-TRANS,AST-TRANS-074,2026-05-13T12:25:00,2026-05-13T12:48:00,2026-05-13T15:48:00,RESOLVED,False,,ANALYST_RAO,False,False,False,CLOSED,DEMO/SYNTHETIC - NOT REAL GOVERNMENT DATA
CSE-TRANS-04,ALT-TRANS-2026-04355,2026-Q2,2026-06-18T02:47:00,HIGH,PRIVILEGE_ESCALATION,SIEM-SENSOR-TRANS,AST-TRANS-059,2026-06-18T03:00:00,2026-06-18T03:29:00,2026-06-18T04:29:00,RESOLVED,False,,ANALYST_PATEL,False,False,False,CLOSED,DEMO/SYNTHETIC - NOT REAL GOVERNMENT DATA
CSE-TRANS-04,ALT-TRANS-2026-04356,2026-Q2,2026-04-16T19:46:00,MEDIUM,UNAUTHORIZED_ACCESS,SIEM-SENSOR-TRANS,AST-TRANS-076,2026-04-16T19:49:00,2026-04-16T20:10:00,2026-04-17T00:10:00,RESOLVED,True,2026-04-16T20:30:00,ANALYST_RAO,False,False,False,CLOSED,DEMO/SYNTHETIC - NOT REAL GOVERNMENT DATA
CSE-TRANS-04,ALT-TRANS-2026-04357,2026-Q2,2026-04-17T12:53:00,LOW,DDOS_ATTACK,SIEM-SENSOR-TRANS,AST-TRANS-018,2026-04-17T12:58:00,2026-04-17T13:09:00,2026-04-17T15:09:00,RESOLVED,True,2026-04-17T13:29:00,ANALYST_RAO,False,False,False,CLOSED,DEMO/SYNTHETIC - NOT REAL GOVERNMENT DATA
CSE-TRANS-04,ALT-TRANS-2026-04358,2026-Q2,2026-04-04T16:29:00,LOW,RANSOMWARE,SIEM-SENSOR-TRANS,AST-TRANS-030,2026-04-04T16:36:00,2026-04-04T16:54:00,2026-04-04T20:54:00,RESOLVED,False,,ANALYST_SHARMA,False,False,False,CLOSED,DEMO/SYNTHETIC - NOT REAL GOVERNMENT DATA
CSE-TRANS-04,ALT-TRANS-2026-04359,2026-Q2,2026-06-19T23:26:00,MEDIUM,SCADA_COMMAND_ANOMALY,SIEM-SENSOR-TRANS,AST-TRANS-058,2026-06-19T23:41:00,2026-06-20T00:00:00,2026-06-20T01:00:00,RESOLVED,True,2026-06-20T00:20:00,ANALYST_SHARMA,False,False,False,CLOSED,DEMO/SYNTHETIC - NOT REAL GOVERNMENT DATA
CSE-TRANS-04,ALT-TRANS-2026-04360,2026-Q2,2026-06-19T21:04:00,CRITICAL,MALWARE,SIEM-SENSOR-TRANS,AST-TRANS-073,2026-06-19T21:19:00,2026-06-19T21:44:00,2026-06-19T23:44:00,RESOLVED,False,,ANALYST_PATEL,False,False,False,CLOSED,DEMO/SYNTHETIC - NOT REAL GOVERNMENT DATA
CSE-TRANS-04,ALT-TRANS-2026-04361,2026-Q2,2026-06-07T10:22:00,HIGH,POLICY_VIOLATION,SIEM-SENSOR-TRANS,AST-TRANS-005,2026-06-07T10:32:00,2026-06-07T10:48:00,2026-06-07T13:48:00,RESOLVED,False,,ANALYST_VERMA,False,False,False,CLOSED,DEMO/SYNTHETIC - NOT REAL GOVERNMENT DATA
CSE-TRANS-04,ALT-TRANS-2026-04362,2026-Q2,2026-04-12T14:51:00,LOW,UNAUTHORIZED_ACCESS,SIEM-SENSOR-TRANS,AST-TRANS-007,2026-04-12T15:03:00,2026-04-12T15:28:00,2026-04-12T16:28:00,RESOLVED,False,,ANALYST_VERMA,False,False,False,CLOSED,DEMO/SYNTHETIC - NOT REAL GOVERNMENT DATA
CSE-TRANS-04,ALT-TRANS-2026-04363,2026-Q2,2026-04-29T20:50:00,HIGH,DATA_EXFILTRATION,SIEM-SENSOR-TRANS,AST-TRANS-032,2026-04-29T21:01:00,2026-04-29T21:26:00,2026-04-30T00:26:00,RESOLVED,True,2026-04-29T21:46:00,ANALYST_SINGH,False,False,False,CLOSED,DEMO/SYNTHETIC - NOT REAL GOVERNMENT DATA
CSE-TRANS-04,ALT-TRANS-2026-04364,2026-Q2,2026-04-27T12:57:00,MEDIUM,PRIVILEGE_ESCALATION,SIEM-SENSOR-TRANS,AST-TRANS-027,2026-04-27T13:04:00,2026-04-27T13:30:00,2026-04-27T17:30:00,RESOLVED,False,,ANALYST_PATEL,False,False,False,CLOSED,DEMO/SYNTHETIC - NOT REAL GOVERNMENT DATA
CSE-TRANS-04,ALT-TRANS-2026-04365,2026-Q2,2026-06-14T20:43:00,LOW,RANSOMWARE,SIEM-SENSOR-TRANS,AST-TRANS-033,2026-06-14T20:47:00,2026-06-14T21:08:00,2026-06-14T23:08:00,RESOLVED,False,,ANALYST_SHARMA,False,False,False,CLOSED,DEMO/SYNTHETIC - NOT REAL GOVERNMENT DATA
CSE-TRANS-04,ALT-TRANS-2026-04366,2026-Q2,2026-04-13T20:25:00,MEDIUM,UNAUTHORIZED_ACCESS,SIEM-SENSOR-TRANS,AST-TRANS-056,2026-04-13T20:33:00,2026-04-13T20:50:00,2026-04-13T21:50:00,RESOLVED,False,,ANALYST_RAO,False,False,False,CLOSED,DEMO/SYNTHETIC - NOT REAL GOVERNMENT DATA
CSE-TRANS-04,ALT-TRANS-2026-04367,2026-Q2,2026-05-22T18:27:00,MEDIUM,DATA_EXFILTRATION,SIEM-SENSOR-TRANS,AST-TRANS-066,2026-05-22T18:41:00,2026-05-22T19:08:00,2026-05-22T21:08:00,RESOLVED,False,,ANALYST_VERMA,False,False,False,CLOSED,DEMO/SYNTHETIC - NOT REAL GOVERNMENT DATA
CSE-TRANS-04,ALT-TRANS-2026-04368,2026-Q2,2026-05-02T19:15:00,CRITICAL,MALWARE,SIEM-SENSOR-TRANS,AST-TRANS-088,2026-05-02T19:25:00,2026-05-02T19:37:00,2026-05-02T20:37:00,RESOLVED,False,,ANALYST_VERMA,False,False,False,CLOSED,DEMO/SYNTHETIC - NOT REAL GOVERNMENT DATA
CSE-TRANS-04,ALT-TRANS-2026-04369,2026-Q2,2026-04-16T11:22:00,MEDIUM,DDOS_ATTACK,SIEM-SENSOR-TRANS,AST-TRANS-063,2026-04-16T11:27:00,2026-04-16T11:52:00,2026-04-16T14:52:00,RESOLVED,False,,ANALYST_VERMA,False,False,False,CLOSED,DEMO/SYNTHETIC - NOT REAL GOVERNMENT DATA
CSE-TRANS-04,ALT-TRANS-2026-04370,2026-Q2,2026-04-14T10:08:00,HIGH,MALWARE,SIEM-SENSOR-TRANS,AST-TRANS-056,2026-04-14T10:17:00,2026-04-14T10:40:00,2026-04-14T11:40:00,RESOLVED,False,,ANALYST_PATEL,False,False,False,CLOSED,DEMO/SYNTHETIC - NOT REAL GOVERNMENT DATA
CSE-TRANS-04,ALT-TRANS-2026-04371,2026-Q2,2026-06-03T01:30:00,HIGH,PRIVILEGE_ESCALATION,SIEM-SENSOR-TRANS,AST-TRANS-047,2026-06-03T01:39:00,2026-06-03T01:51:00,2026-06-03T02:51:00,RESOLVED,False,,ANALYST_SHARMA,False,False,False,CLOSED,DEMO/SYNTHETIC - NOT REAL GOVERNMENT DATA
CSE-TRANS-04,ALT-TRANS-2026-04372,2026-Q2,2026-06-20T18:34:00,MEDIUM,SCADA_COMMAND_ANOMALY,SIEM-SENSOR-TRANS,AST-TRANS-067,2026-06-20T18:42:00,2026-06-20T19:02:00,2026-06-20T22:02:00,RESOLVED,False,,ANALYST_SINGH,False,False,False,CLOSED,DEMO/SYNTHETIC - NOT REAL GOVERNMENT DATA
CSE-TRANS-04,ALT-TRANS-2026-04373,2026-Q2,2026-05-31T11:24:00,MEDIUM,DATA_EXFILTRATION,SIEM-SENSOR-TRANS,AST-TRANS-041,2026-05-31T11:40:00,2026-05-31T12:05:00,2026-05-31T13:05:00,RESOLVED,False,,ANALYST_VERMA,False,False,False,CLOSED,DEMO/SYNTHETIC - NOT REAL GOVERNMENT DATA
CSE-TRANS-04,ALT-TRANS-2026-04374,2026-Q2,2026-04-20T04:23:00,MEDIUM,SCADA_COMMAND_ANOMALY,SIEM-SENSOR-TRANS,AST-TRANS-047,2026-04-20T04:38:00,2026-04-20T04:48:00,2026-04-20T06:48:00,RESOLVED,False,,ANALYST_SHARMA,False,False,False,CLOSED,DEMO/SYNTHETIC - NOT REAL GOVERNMENT DATA
CSE-TRANS-04,ALT-TRANS-2026-04375,2026-Q2,2026-06-19T02:19:00,HIGH,RANSOMWARE,SIEM-SENSOR-TRANS,AST-TRANS-070,2026-06-19T02:30:00,2026-06-19T02:50:00,2026-06-19T05:50:00,RESOLVED,True,2026-06-19T03:10:00,ANALYST_SHARMA,False,False,False,CLOSED,DEMO/SYNTHETIC - NOT REAL GOVERNMENT DATA
CSE-TRANS-04,ALT-TRANS-2026-04376,2026-Q2,2026-04-18T15:45:00,HIGH,PRIVILEGE_ESCALATION,SIEM-SENSOR-TRANS,AST-TRANS-033,2026-04-18T15:55:00,2026-04-18T16:10:00,2026-04-18T18:10:00,RESOLVED,False,,ANALYST_SINGH,False,False,False,CLOSED,DEMO/SYNTHETIC - NOT REAL GOVERNMENT DATA
CSE-TRANS-04,ALT-TRANS-2026-04377,2026-Q2,2026-06-12T04:55:00,HIGH,BRUTE_FORCE,SIEM-SENSOR-TRANS,AST-TRANS-080,2026-06-12T04:57:00,2026-06-12T05:22:00,2026-06-12T08:22:00,RESOLVED,False,,ANALYST_VERMA,False,False,False,CLOSED,DEMO/SYNTHETIC - NOT REAL GOVERNMENT DATA
CSE-TRANS-04,ALT-TRANS-2026-04378,2026-Q2,2026-04-14T09:43:00,MEDIUM,MALWARE,SIEM-SENSOR-TRANS,AST-TRANS-078,2026-04-14T10:01:00,2026-04-14T10:17:00,2026-04-14T12:17:00,RESOLVED,False,,ANALYST_SINGH,False,False,False,CLOSED,DEMO/SYNTHETIC - NOT REAL GOVERNMENT DATA
CSE-TRANS-04,ALT-TRANS-2026-04379,2026-Q2,2026-05-12T06:33:00,HIGH,MALWARE,SIEM-SENSOR-TRANS,AST-TRANS-074,2026-05-12T06:48:00,2026-05-12T07:11:00,2026-05-12T08:11:00,RESOLVED,False,,ANALYST_SHARMA,False,False,False,CLOSED,DEMO/SYNTHETIC - NOT REAL GOVERNMENT DATA
CSE-TRANS-04,ALT-TRANS-2026-04380,2026-Q2,2026-04-02T22:55:00,MEDIUM,UNAUTHORIZED_ACCESS,SIEM-SENSOR-TRANS,AST-TRANS-095,2026-04-02T23:14:00,2026-04-02T23:42:00,2026-04-03T01:42:00,RESOLVED,False,,ANALYST_PATEL,False,False,False,CLOSED,DEMO/SYNTHETIC - NOT REAL GOVERNMENT DATA
CSE-TRANS-04,ALT-TRANS-2026-04381,2026-Q2,2026-05-28T01:04:00,MEDIUM,BRUTE_FORCE,SIEM-SENSOR-TRANS,AST-TRANS-048,2026-05-28T01:23:00,2026-05-28T01:41:00,2026-05-28T05:41:00,RESOLVED,False,,ANALYST_SHARMA,False,False,False,CLOSED,DEMO/SYNTHETIC - NOT REAL GOVERNMENT DATA
CSE-TRANS-04,ALT-TRANS-2026-04382,2026-Q2,2026-04-06T01:03:00,HIGH,RANSOMWARE,SIEM-SENSOR-TRANS,AST-TRANS-083,2026-04-06T01:10:00,2026-04-06T01:24:00,2026-04-06T03:24:00,RESOLVED,False,,ANALYST_SHARMA,False,False,False,CLOSED,DEMO/SYNTHETIC - NOT REAL GOVERNMENT DATA
CSE-TRANS-04,ALT-TRANS-2026-04383,2026-Q2,2026-05-24T09:37:00,LOW,RANSOMWARE,SIEM-SENSOR-TRANS,AST-TRANS-020,2026-05-24T09:44:00,2026-05-24T10:03:00,2026-05-24T13:03:00,RESOLVED,False,,ANALYST_SINGH,False,False,False,CLOSED,DEMO/SYNTHETIC - NOT REAL GOVERNMENT DATA
CSE-TRANS-04,ALT-TRANS-2026-04384,2026-Q2,2026-05-16T01:56:00,LOW,SCADA_COMMAND_ANOMALY,SIEM-SENSOR-TRANS,AST-TRANS-074,2026-05-16T02:07:00,2026-05-16T02:32:00,2026-05-16T06:32:00,RESOLVED,False,,ANALYST_VERMA,False,False,False,CLOSED,DEMO/SYNTHETIC - NOT REAL GOVERNMENT DATA
CSE-TRANS-04,ALT-TRANS-2026-04385,2026-Q2,2026-06-14T10:11:00,MEDIUM,RANSOMWARE,SIEM-SENSOR-TRANS,AST-TRANS-020,2026-06-14T10:19:00,2026-06-14T10:44:00,2026-06-14T14:44:00,RESOLVED,False,,ANALYST_RAO,False,False,False,CLOSED,DEMO/SYNTHETIC - NOT REAL GOVERNMENT DATA
CSE-TRANS-04,ALT-TRANS-2026-04386,2026-Q2,2026-04-21T20:26:00,MEDIUM,BRUTE_FORCE,SIEM-SENSOR-TRANS,AST-TRANS-049,2026-04-21T20:45:00,2026-04-21T21:03:00,2026-04-21T23:03:00,RESOLVED,False,,ANALYST_RAO,False,False,False,CLOSED,DEMO/SYNTHETIC - NOT REAL GOVERNMENT DATA
CSE-TRANS-04,ALT-TRANS-2026-04387,2026-Q2,2026-05-16T09:46:00,MEDIUM,MALWARE,SIEM-SENSOR-TRANS,AST-TRANS-050,2026-05-16T09:58:00,2026-05-16T10:18:00,2026-05-16T12:18:00,RESOLVED,False,,ANALYST_SHARMA,False,False,False,CLOSED,DEMO/SYNTHETIC - NOT REAL GOVERNMENT DATA
CSE-TRANS-04,ALT-TRANS-2026-04388,2026-Q2,2026-05-16T11:34:00,MEDIUM,BRUTE_FORCE,SIEM-SENSOR-TRANS,AST-TRANS-094,2026-05-16T11:54:00,2026-05-16T12:05:00,2026-05-16T14:05:00,RESOLVED,False,,ANALYST_PATEL,False,False,False,CLOSED,DEMO/SYNTHETIC - NOT REAL GOVERNMENT DATA
CSE-TRANS-04,ALT-TRANS-2026-04389,2026-Q2,2026-05-03T08:47:00,MEDIUM,PRIVILEGE_ESCALATION,SIEM-SENSOR-TRANS,AST-TRANS-072,2026-05-03T08:55:00,2026-05-03T09:24:00,2026-05-03T10:24:00,RESOLVED,False,,ANALYST_RAO,False,False,False,CLOSED,DEMO/SYNTHETIC - NOT REAL GOVERNMENT DATA
CSE-TRANS-04,ALT-TRANS-2026-04390,2026-Q2,2026-04-09T07:56:00,CRITICAL,SCADA_COMMAND_ANOMALY,SIEM-SENSOR-TRANS,AST-TRANS-027,2026-04-09T08:00:00,2026-04-09T08:15:00,2026-04-09T09:15:00,RESOLVED,False,,ANALYST_VERMA,False,False,False,CLOSED,DEMO/SYNTHETIC - NOT REAL GOVERNMENT DATA
CSE-TRANS-04,ALT-TRANS-2026-04391,2026-Q2,2026-05-25T03:57:00,LOW,POLICY_VIOLATION,SIEM-SENSOR-TRANS,AST-TRANS-054,2026-05-25T04:10:00,2026-05-25T04:22:00,2026-05-25T08:22:00,RESOLVED,False,,ANALYST_VERMA,False,False,False,CLOSED,DEMO/SYNTHETIC - NOT REAL GOVERNMENT DATA
CSE-TRANS-04,ALT-TRANS-2026-04392,2026-Q2,2026-04-04T04:50:00,MEDIUM,SCADA_COMMAND_ANOMALY,SIEM-SENSOR-TRANS,AST-TRANS-082,2026-04-04T04:58:00,2026-04-04T05:11:00,2026-04-04T07:11:00,RESOLVED,False,,ANALYST_VERMA,False,False,False,CLOSED,DEMO/SYNTHETIC - NOT REAL GOVERNMENT DATA
CSE-TRANS-04,ALT-TRANS-2026-04393,2026-Q2,2026-04-19T20:32:00,CRITICAL,UNAUTHORIZED_ACCESS,SIEM-SENSOR-TRANS,AST-TRANS-057,2026-04-19T20:51:00,2026-04-19T21:18:00,2026-04-20T01:18:00,RESOLVED,True,2026-04-19T21:38:00,ANALYST_RAO,False,False,False,CLOSED,DEMO/SYNTHETIC - NOT REAL GOVERNMENT DATA
CSE-TRANS-04,ALT-TRANS-2026-04394,2026-Q2,2026-04-02T11:16:00,MEDIUM,UNAUTHORIZED_ACCESS,SIEM-SENSOR-TRANS,AST-TRANS-036,2026-04-02T11:35:00,2026-04-02T11:46:00,2026-04-02T12:46:00,RESOLVED,False,,ANALYST_VERMA,False,False,False,CLOSED,DEMO/SYNTHETIC - NOT REAL GOVERNMENT DATA
CSE-TRANS-04,ALT-TRANS-2026-04395,2026-Q2,2026-05-23T10:33:00,LOW,BRUTE_FORCE,SIEM-SENSOR-TRANS,AST-TRANS-041,2026-05-23T10:42:00,2026-05-23T11:04:00,2026-05-23T13:04:00,RESOLVED,False,,ANALYST_VERMA,False,False,False,CLOSED,DEMO/SYNTHETIC - NOT REAL GOVERNMENT DATA
CSE-TRANS-04,ALT-TRANS-2026-04396,2026-Q2,2026-05-01T19:13:00,MEDIUM,DDOS_ATTACK,SIEM-SENSOR-TRANS,AST-TRANS-074,2026-05-01T19:23:00,2026-05-01T19:51:00,2026-05-01T22:51:00,RESOLVED,False,,ANALYST_RAO,False,False,False,CLOSED,DEMO/SYNTHETIC - NOT REAL GOVERNMENT DATA
CSE-TRANS-04,ALT-TRANS-2026-04397,2026-Q2,2026-06-12T04:00:00,MEDIUM,SCADA_COMMAND_ANOMALY,SIEM-SENSOR-TRANS,AST-TRANS-072,2026-06-12T04:13:00,2026-06-12T04:24:00,2026-06-12T08:24:00,RESOLVED,False,,ANALYST_PATEL,False,False,False,CLOSED,DEMO/SYNTHETIC - NOT REAL GOVERNMENT DATA
CSE-TRANS-04,ALT-TRANS-2026-04398,2026-Q2,2026-05-30T19:05:00,MEDIUM,UNAUTHORIZED_ACCESS,SIEM-SENSOR-TRANS,AST-TRANS-062,2026-05-30T19:12:00,2026-05-30T19:35:00,2026-05-30T21:35:00,RESOLVED,False,,ANALYST_SINGH,False,False,False,CLOSED,DEMO/SYNTHETIC - NOT REAL GOVERNMENT DATA
CSE-TRANS-04,ALT-TRANS-2026-04399,2026-Q2,2026-04-17T01:38:00,MEDIUM,DDOS_ATTACK,SIEM-SENSOR-TRANS,AST-TRANS-054,2026-04-17T01:54:00,2026-04-17T02:08:00,2026-04-17T05:08:00,RESOLVED,False,,ANALYST_VERMA,False,False,False,CLOSED,DEMO/SYNTHETIC - NOT REAL GOVERNMENT DATA
CSE-TRANS-04,ALT-TRANS-2026-04400,2026-Q2,2026-04-09T04:49:00,CRITICAL,SCADA_COMMAND_ANOMALY,SIEM-SENSOR-TRANS,AST-TRANS-037,2026-04-09T05:06:00,2026-04-09T05:27:00,2026-04-09T07:27:00,RESOLVED,False,,ANALYST_SHARMA,False,False,False,CLOSED,DEMO/SYNTHETIC - NOT REAL GOVERNMENT DATA
CSE-TRANS-04,ALT-TRANS-2026-04401,2026-Q2,2026-06-01T04:43:00,HIGH,PRIVILEGE_ESCALATION,SIEM-SENSOR-TRANS,AST-TRANS-076,2026-06-01T04:52:00,2026-06-01T05:04:00,2026-06-01T09:04:00,RESOLVED,False,,ANALYST_PATEL,False,False,False,CLOSED,DEMO/SYNTHETIC - NOT REAL GOVERNMENT DATA
CSE-TRANS-04,ALT-TRANS-2026-04402,2026-Q2,2026-05-13T16:30:00,MEDIUM,POLICY_VIOLATION,SIEM-SENSOR-TRANS,AST-TRANS-027,2026-05-13T16:33:00,2026-05-13T16:54:00,2026-05-13T18:54:00,RESOLVED,False,,ANALYST_RAO,False,False,False,CLOSED,DEMO/SYNTHETIC - NOT REAL GOVERNMENT DATA
CSE-TRANS-04,ALT-TRANS-2026-04403,2026-Q2,2026-05-22T14:29:00,LOW,RANSOMWARE,SIEM-SENSOR-TRANS,AST-TRANS-062,2026-05-22T14:45:00,2026-05-22T15:13:00,2026-05-22T19:13:00,RESOLVED,False,,ANALYST_VERMA,False,False,False,CLOSED,DEMO/SYNTHETIC - NOT REAL GOVERNMENT DATA
CSE-TRANS-04,ALT-TRANS-2026-04404,2026-Q2,2026-06-11T01:12:00,MEDIUM,BRUTE_FORCE,SIEM-SENSOR-TRANS,AST-TRANS-091,2026-06-11T01:32:00,2026-06-11T02:00:00,2026-06-11T05:00:00,RESOLVED,False,,ANALYST_PATEL,False,False,False,CLOSED,DEMO/SYNTHETIC - NOT REAL GOVERNMENT DATA
CSE-TRANS-04,ALT-TRANS-2026-04405,2026-Q2,2026-04-05T02:11:00,HIGH,PRIVILEGE_ESCALATION,SIEM-SENSOR-TRANS,AST-TRANS-062,2026-04-05T02:17:00,2026-04-05T02:32:00,2026-04-05T04:32:00,RESOLVED,False,,ANALYST_PATEL,False,False,False,CLOSED,DEMO/SYNTHETIC - NOT REAL GOVERNMENT DATA
CSE-TRANS-04,ALT-TRANS-2026-04406,2026-Q2,2026-05-05T19:47:00,MEDIUM,UNAUTHORIZED_ACCESS,SIEM-SENSOR-TRANS,AST-TRANS-070,2026-05-05T19:58:00,2026-05-05T20:09:00,2026-05-06T00:09:00,RESOLVED,False,,ANALYST_VERMA,False,False,False,CLOSED,DEMO/SYNTHETIC - NOT REAL GOVERNMENT DATA
CSE-TRANS-04,ALT-TRANS-2026-04407,2026-Q2,2026-05-18T21:14:00,MEDIUM,DATA_EXFILTRATION,SIEM-SENSOR-TRANS,AST-TRANS-010,2026-05-18T21:33:00,2026-05-18T21:58:00,2026-05-19T01:58:00,RESOLVED,False,,ANALYST_RAO,False,False,False,CLOSED,DEMO/SYNTHETIC - NOT REAL GOVERNMENT DATA
CSE-TRANS-04,ALT-TRANS-2026-04408,2026-Q2,2026-05-14T18:46:00,MEDIUM,BRUTE_FORCE,SIEM-SENSOR-TRANS,AST-TRANS-065,2026-05-14T18:55:00,2026-05-14T19:17:00,2026-05-14T20:17:00,RESOLVED,False,,ANALYST_PATEL,False,False,False,CLOSED,DEMO/SYNTHETIC - NOT REAL GOVERNMENT DATA
CSE-TRANS-04,ALT-TRANS-2026-04409,2026-Q2,2026-06-07T22:47:00,CRITICAL,RANSOMWARE,SIEM-SENSOR-TRANS,AST-TRANS-022,2026-06-07T23:03:00,2026-06-07T23:32:00,2026-06-08T03:32:00,RESOLVED,False,,ANALYST_SHARMA,False,False,False,CLOSED,DEMO/SYNTHETIC - NOT REAL GOVERNMENT DATA
CSE-TRANS-04,ALT-TRANS-2026-04410,2026-Q2,2026-06-07T02:30:00,LOW,PRIVILEGE_ESCALATION,SIEM-SENSOR-TRANS,AST-TRANS-017,2026-06-07T02:39:00,2026-06-07T03:08:00,2026-06-07T04:08:00,RESOLVED,False,,ANALYST_RAO,False,False,False,CLOSED,DEMO/SYNTHETIC - NOT REAL GOVERNMENT DATA
CSE-TRANS-04,ALT-TRANS-2026-04411,2026-Q2,2026-05-15T10:08:00,LOW,UNAUTHORIZED_ACCESS,SIEM-SENSOR-TRANS,AST-TRANS-004,2026-05-15T10:11:00,2026-05-15T10:38:00,2026-05-15T14:38:00,RESOLVED,False,,ANALYST_VERMA,False,False,False,CLOSED,DEMO/SYNTHETIC - NOT REAL GOVERNMENT DATA
CSE-TRANS-04,ALT-TRANS-2026-04412,2026-Q2,2026-05-31T13:03:00,MEDIUM,POLICY_VIOLATION,SIEM-SENSOR-TRANS,AST-TRANS-067,2026-05-31T13:06:00,2026-05-31T13:22:00,2026-05-31T15:22:00,RESOLVED,False,,ANALYST_SINGH,False,False,False,CLOSED,DEMO/SYNTHETIC - NOT REAL GOVERNMENT DATA
CSE-TRANS-04,ALT-TRANS-2026-04413,2026-Q2,2026-05-14T16:49:00,HIGH,DDOS_ATTACK,SIEM-SENSOR-TRANS,AST-TRANS-027,2026-05-14T16:57:00,2026-05-14T17:26:00,2026-05-14T19:26:00,RESOLVED,False,,ANALYST_SHARMA,False,False,False,CLOSED,DEMO/SYNTHETIC - NOT REAL GOVERNMENT DATA
CSE-TRANS-04,ALT-TRANS-2026-04414,2026-Q2,2026-05-15T16:47:00,LOW,POLICY_VIOLATION,SIEM-SENSOR-TRANS,AST-TRANS-035,2026-05-15T17:01:00,2026-05-15T17:11:00,2026-05-15T20:11:00,RESOLVED,False,,ANALYST_VERMA,False,False,False,CLOSED,DEMO/SYNTHETIC - NOT REAL GOVERNMENT DATA
CSE-TRANS-04,ALT-TRANS-2026-04415,2026-Q2,2026-06-06T07:15:00,MEDIUM,SCADA_COMMAND_ANOMALY,SIEM-SENSOR-TRANS,AST-TRANS-088,2026-06-06T07:31:00,2026-06-06T07:51:00,2026-06-06T08:51:00,RESOLVED,False,,ANALYST_SHARMA,False,False,False,CLOSED,DEMO/SYNTHETIC - NOT REAL GOVERNMENT DATA
CSE-TRANS-04,ALT-TRANS-2026-04416,2026-Q2,2026-06-15T09:45:00,LOW,BRUTE_FORCE,SIEM-SENSOR-TRANS,AST-TRANS-069,2026-06-15T10:03:00,2026-06-15T10:13:00,2026-06-15T14:13:00,RESOLVED,False,,ANALYST_PATEL,False,False,False,CLOSED,DEMO/SYNTHETIC - NOT REAL GOVERNMENT DATA
CSE-TRANS-04,ALT-TRANS-2026-04417,2026-Q2,2026-05-15T02:54:00,LOW,BRUTE_FORCE,SIEM-SENSOR-TRANS,AST-TRANS-075,2026-05-15T03:04:00,2026-05-15T03:19:00,2026-05-15T07:19:00,RESOLVED,False,,ANALYST_SHARMA,False,False,False,CLOSED,DEMO/SYNTHETIC - NOT REAL GOVERNMENT DATA
CSE-TRANS-04,ALT-TRANS-2026-04418,2026-Q2,2026-04-02T14:16:00,MEDIUM,SCADA_COMMAND_ANOMALY,SIEM-SENSOR-TRANS,AST-TRANS-094,2026-04-02T14:24:00,2026-04-02T14:51:00,2026-04-02T18:51:00,RESOLVED,False,,ANALYST_SINGH,False,False,False,CLOSED,DEMO/SYNTHETIC - NOT REAL GOVERNMENT DATA
CSE-TRANS-04,ALT-TRANS-2026-04419,2026-Q2,2026-04-08T23:29:00,MEDIUM,BRUTE_FORCE,SIEM-SENSOR-TRANS,AST-TRANS-022,2026-04-08T23:45:00,2026-04-09T00:14:00,2026-04-09T03:14:00,RESOLVED,False,,ANALYST_SINGH,False,False,False,CLOSED,DEMO/SYNTHETIC - NOT REAL GOVERNMENT DATA
CSE-TRANS-04,ALT-TRANS-2026-04420,2026-Q2,2026-05-12T10:32:00,LOW,SCADA_COMMAND_ANOMALY,SIEM-SENSOR-TRANS,AST-TRANS-066,2026-05-12T10:41:00,2026-05-12T11:10:00,2026-05-12T12:10:00,RESOLVED,False,,ANALYST_VERMA,False,False,False,CLOSED,DEMO/SYNTHETIC - NOT REAL GOVERNMENT DATA
CSE-TRANS-04,ALT-TRANS-2026-04421,2026-Q2,2026-04-05T09:39:00,HIGH,BRUTE_FORCE,SIEM-SENSOR-TRANS,AST-TRANS-067,2026-04-05T09:54:00,2026-04-05T10:08:00,2026-04-05T12:08:00,RESOLVED,False,,ANALYST_RAO,False,False,False,CLOSED,DEMO/SYNTHETIC - NOT REAL GOVERNMENT DATA
CSE-TRANS-04,ALT-TRANS-2026-04422,2026-Q2,2026-04-27T17:53:00,LOW,RANSOMWARE,SIEM-SENSOR-TRANS,AST-TRANS-015,2026-04-27T18:10:00,2026-04-27T18:25:00,2026-04-27T19:25:00,RESOLVED,True,2026-04-27T18:45:00,ANALYST_SINGH,False,False,False,CLOSED,DEMO/SYNTHETIC - NOT REAL GOVERNMENT DATA
CSE-TRANS-04,ALT-TRANS-2026-04423,2026-Q2,2026-05-10T20:31:00,LOW,DATA_EXFILTRATION,SIEM-SENSOR-TRANS,AST-TRANS-016,2026-05-10T20:44:00,2026-05-10T20:56:00,2026-05-10T22:56:00,RESOLVED,True,2026-05-10T21:16:00,ANALYST_PATEL,False,False,False,CLOSED,DEMO/SYNTHETIC - NOT REAL GOVERNMENT DATA
CSE-TRANS-04,ALT-TRANS-2026-04424,2026-Q2,2026-05-17T04:38:00,CRITICAL,UNAUTHORIZED_ACCESS,SIEM-SENSOR-TRANS,AST-TRANS-026,2026-05-17T04:45:00,2026-05-17T05:15:00,2026-05-17T06:15:00,RESOLVED,False,,ANALYST_RAO,False,False,False,CLOSED,DEMO/SYNTHETIC - NOT REAL GOVERNMENT DATA
CSE-TRANS-04,ALT-TRANS-2026-04425,2026-Q2,2026-06-01T20:55:00,LOW,SCADA_COMMAND_ANOMALY,SIEM-SENSOR-TRANS,AST-TRANS-026,2026-06-01T21:01:00,2026-06-01T21:15:00,2026-06-02T01:15:00,RESOLVED,False,,ANALYST_PATEL,False,False,False,CLOSED,DEMO/SYNTHETIC - NOT REAL GOVERNMENT DATA
CSE-TRANS-04,ALT-TRANS-2026-04426,2026-Q2,2026-04-27T01:31:00,MEDIUM,RANSOMWARE,SIEM-SENSOR-TRANS,AST-TRANS-081,2026-04-27T01:35:00,2026-04-27T02:05:00,2026-04-27T06:05:00,RESOLVED,False,,ANALYST_SINGH,False,False,False,CLOSED,DEMO/SYNTHETIC - NOT REAL GOVERNMENT DATA
CSE-TRANS-04,ALT-TRANS-2026-04427,2026-Q2,2026-06-17T08:49:00,MEDIUM,BRUTE_FORCE,SIEM-SENSOR-TRANS,AST-TRANS-019,2026-06-17T09:06:00,2026-06-17T09:35:00,2026-06-17T10:35:00,RESOLVED,False,,ANALYST_RAO,False,False,False,CLOSED,DEMO/SYNTHETIC - NOT REAL GOVERNMENT DATA
CSE-TRANS-04,ALT-TRANS-2026-04428,2026-Q2,2026-04-25T03:43:00,MEDIUM,UNAUTHORIZED_ACCESS,SIEM-SENSOR-TRANS,AST-TRANS-026,2026-04-25T04:02:00,2026-04-25T04:31:00,2026-04-25T06:31:00,RESOLVED,False,,ANALYST_SHARMA,False,False,False,CLOSED,DEMO/SYNTHETIC - NOT REAL GOVERNMENT DATA
CSE-TRANS-04,ALT-TRANS-2026-04429,2026-Q2,2026-05-22T07:57:00,MEDIUM,BRUTE_FORCE,SIEM-SENSOR-TRANS,AST-TRANS-038,2026-05-22T08:04:00,2026-05-22T08:17:00,2026-05-22T11:17:00,RESOLVED,False,,ANALYST_SHARMA,False,False,False,CLOSED,DEMO/SYNTHETIC - NOT REAL GOVERNMENT DATA
CSE-TRANS-04,ALT-TRANS-2026-04430,2026-Q2,2026-06-05T00:51:00,HIGH,MALWARE,SIEM-SENSOR-TRANS,AST-TRANS-059,2026-06-05T00:55:00,2026-06-05T01:19:00,2026-06-05T05:19:00,RESOLVED,False,,ANALYST_SINGH,False,False,False,CLOSED,DEMO/SYNTHETIC - NOT REAL GOVERNMENT DATA
CSE-TRANS-04,ALT-TRANS-2026-04431,2026-Q2,2026-04-13T05:52:00,MEDIUM,SCADA_COMMAND_ANOMALY,SIEM-SENSOR-TRANS,AST-TRANS-076,2026-04-13T06:01:00,2026-04-13T06:15:00,2026-04-13T08:15:00,RESOLVED,False,,ANALYST_VERMA,False,False,False,CLOSED,DEMO/SYNTHETIC - NOT REAL GOVERNMENT DATA
CSE-TRANS-04,ALT-TRANS-2026-04432,2026-Q2,2026-04-18T21:09:00,MEDIUM,RANSOMWARE,SIEM-SENSOR-TRANS,AST-TRANS-086,2026-04-18T21:26:00,2026-04-18T21:51:00,2026-04-18T22:51:00,RESOLVED,False,,ANALYST_SHARMA,False,False,False,CLOSED,DEMO/SYNTHETIC - NOT REAL GOVERNMENT DATA
CSE-TRANS-04,ALT-TRANS-2026-04433,2026-Q2,2026-04-15T23:17:00,LOW,POLICY_VIOLATION,SIEM-SENSOR-TRANS,AST-TRANS-054,2026-04-15T23:32:00,2026-04-15T23:52:00,2026-04-16T03:52:00,RESOLVED,False,,ANALYST_RAO,False,False,False,CLOSED,DEMO/SYNTHETIC - NOT REAL GOVERNMENT DATA
CSE-TRANS-04,ALT-TRANS-2026-04434,2026-Q2,2026-04-20T02:44:00,HIGH,BRUTE_FORCE,SIEM-SENSOR-TRANS,AST-TRANS-053,2026-04-20T02:56:00,2026-04-20T03:07:00,2026-04-20T05:07:00,RESOLVED,True,2026-04-20T03:27:00,ANALYST_VERMA,False,False,False,CLOSED,DEMO/SYNTHETIC - NOT REAL GOVERNMENT DATA
CSE-TRANS-04,ALT-TRANS-2026-04435,2026-Q2,2026-04-24T02:58:00,CRITICAL,BRUTE_FORCE,SIEM-SENSOR-TRANS,AST-TRANS-016,2026-04-24T03:02:00,2026-04-24T03:13:00,2026-04-24T07:13:00,RESOLVED,False,,ANALYST_RAO,False,False,False,CLOSED,DEMO/SYNTHETIC - NOT REAL GOVERNMENT DATA
CSE-TRANS-04,ALT-TRANS-2026-04436,2026-Q2,2026-05-12T10:32:00,HIGH,UNAUTHORIZED_ACCESS,SIEM-SENSOR-TRANS,AST-TRANS-088,2026-05-12T10:42:00,2026-05-12T10:54:00,2026-05-12T12:54:00,RESOLVED,False,,ANALYST_PATEL,False,False,False,CLOSED,DEMO/SYNTHETIC - NOT REAL GOVERNMENT DATA
CSE-TRANS-04,ALT-TRANS-2026-04437,2026-Q2,2026-05-03T11:07:00,MEDIUM,DATA_EXFILTRATION,SIEM-SENSOR-TRANS,AST-TRANS-053,2026-05-03T11:16:00,2026-05-03T11:40:00,2026-05-03T12:40:00,RESOLVED,False,,ANALYST_RAO,False,False,False,CLOSED,DEMO/SYNTHETIC - NOT REAL GOVERNMENT DATA
CSE-TRANS-04,ALT-TRANS-2026-04438,2026-Q2,2026-06-05T21:30:00,MEDIUM,SCADA_COMMAND_ANOMALY,SIEM-SENSOR-TRANS,AST-TRANS-031,2026-06-05T21:39:00,2026-06-05T21:54:00,2026-06-05T23:54:00,RESOLVED,False,,ANALYST_VERMA,False,False,False,CLOSED,DEMO/SYNTHETIC - NOT REAL GOVERNMENT DATA
CSE-TRANS-04,ALT-TRANS-2026-04439,2026-Q2,2026-05-27T00:38:00,MEDIUM,PRIVILEGE_ESCALATION,SIEM-SENSOR-TRANS,AST-TRANS-027,2026-05-27T00:44:00,2026-05-27T01:05:00,2026-05-27T02:05:00,RESOLVED,False,,ANALYST_RAO,False,False,False,CLOSED,DEMO/SYNTHETIC - NOT REAL GOVERNMENT DATA
CSE-TRANS-04,ALT-TRANS-2026-04440,2026-Q2,2026-05-11T16:34:00,LOW,MALWARE,SIEM-SENSOR-TRANS,AST-TRANS-016,2026-05-11T16:47:00,2026-05-11T17:08:00,2026-05-11T19:08:00,RESOLVED,False,,ANALYST_RAO,False,False,False,CLOSED,DEMO/SYNTHETIC - NOT REAL GOVERNMENT DATA
CSE-TRANS-04,ALT-TRANS-2026-04441,2026-Q2,2026-05-02T00:56:00,MEDIUM,POLICY_VIOLATION,SIEM-SENSOR-TRANS,AST-TRANS-016,2026-05-02T00:58:00,2026-05-02T01:11:00,2026-05-02T05:11:00,RESOLVED,True,2026-05-02T01:31:00,ANALYST_VERMA,False,False,False,CLOSED,DEMO/SYNTHETIC - NOT REAL GOVERNMENT DATA
CSE-TRANS-04,ALT-TRANS-2026-04442,2026-Q2,2026-04-04T09:49:00,LOW,BRUTE_FORCE,SIEM-SENSOR-TRANS,AST-TRANS-014,2026-04-04T09:53:00,2026-04-04T10:07:00,2026-04-04T14:07:00,RESOLVED,False,,ANALYST_VERMA,False,False,False,CLOSED,DEMO/SYNTHETIC - NOT REAL GOVERNMENT DATA
CSE-TRANS-04,ALT-TRANS-2026-04443,2026-Q2,2026-04-01T13:44:00,HIGH,MALWARE,SIEM-SENSOR-TRANS,AST-TRANS-093,2026-04-01T13:58:00,2026-04-01T14:23:00,2026-04-01T17:23:00,RESOLVED,False,,ANALYST_PATEL,False,False,False,CLOSED,DEMO/SYNTHETIC - NOT REAL GOVERNMENT DATA
CSE-TRANS-04,ALT-TRANS-2026-04444,2026-Q2,2026-06-16T15:28:00,MEDIUM,RANSOMWARE,SIEM-SENSOR-TRANS,AST-TRANS-037,2026-06-16T15:36:00,2026-06-16T15:49:00,2026-06-16T19:49:00,RESOLVED,False,,ANALYST_PATEL,False,False,False,CLOSED,DEMO/SYNTHETIC - NOT REAL GOVERNMENT DATA
CSE-TRANS-04,ALT-TRANS-2026-04445,2026-Q2,2026-04-28T22:53:00,HIGH,RANSOMWARE,SIEM-SENSOR-TRANS,AST-TRANS-047,2026-04-28T23:09:00,2026-04-28T23:28:00,2026-04-29T00:28:00,RESOLVED,False,,ANALYST_RAO,False,False,False,CLOSED,DEMO/SYNTHETIC - NOT REAL GOVERNMENT DATA
CSE-TRANS-04,ALT-TRANS-2026-04446,2026-Q2,2026-05-27T09:56:00,MEDIUM,POLICY_VIOLATION,SIEM-SENSOR-TRANS,AST-TRANS-057,2026-05-27T10:08:00,2026-05-27T10:28:00,2026-05-27T14:28:00,RESOLVED,False,,ANALYST_SHARMA,False,False,False,CLOSED,DEMO/SYNTHETIC - NOT REAL GOVERNMENT DATA
CSE-TRANS-04,ALT-TRANS-2026-04447,2026-Q2,2026-05-19T08:15:00,HIGH,DATA_EXFILTRATION,SIEM-SENSOR-TRANS,AST-TRANS-051,2026-05-19T08:29:00,2026-05-19T08:46:00,2026-05-19T09:46:00,RESOLVED,False,,ANALYST_PATEL,False,False,False,CLOSED,DEMO/SYNTHETIC - NOT REAL GOVERNMENT DATA
CSE-TRANS-04,ALT-TRANS-2026-04448,2026-Q2,2026-04-13T10:58:00,MEDIUM,DDOS_ATTACK,SIEM-SENSOR-TRANS,AST-TRANS-001,2026-04-13T11:06:00,2026-04-13T11:36:00,2026-04-13T13:36:00,RESOLVED,False,,ANALYST_PATEL,False,False,False,CLOSED,DEMO/SYNTHETIC - NOT REAL GOVERNMENT DATA
CSE-TRANS-04,ALT-TRANS-2026-04449,2026-Q2,2026-04-07T19:09:00,MEDIUM,UNAUTHORIZED_ACCESS,SIEM-SENSOR-TRANS,AST-TRANS-037,2026-04-07T19:15:00,2026-04-07T19:33:00,2026-04-07T20:33:00,RESOLVED,False,,ANALYST_PATEL,False,False,False,CLOSED,DEMO/SYNTHETIC - NOT REAL GOVERNMENT DATA
CSE-TRANS-04,ALT-TRANS-2026-04450,2026-Q2,2026-04-19T02:28:00,MEDIUM,SCADA_COMMAND_ANOMALY,SIEM-SENSOR-TRANS,AST-TRANS-015,2026-04-19T02:32:00,2026-04-19T02:58:00,2026-04-19T06:58:00,RESOLVED,False,,ANALYST_SHARMA,False,False,False,CLOSED,DEMO/SYNTHETIC - NOT REAL GOVERNMENT DATA
CSE-TRANS-04,ALT-TRANS-2026-04451,2026-Q2,2026-06-20T05:18:00,MEDIUM,BRUTE_FORCE,SIEM-SENSOR-TRANS,AST-TRANS-044,2026-06-20T05:30:00,2026-06-20T05:57:00,2026-06-20T09:57:00,RESOLVED,False,,ANALYST_VERMA,False,False,False,CLOSED,DEMO/SYNTHETIC - NOT REAL GOVERNMENT DATA
CSE-TRANS-04,ALT-TRANS-2026-04452,2026-Q2,2026-04-30T19:03:00,HIGH,DDOS_ATTACK,SIEM-SENSOR-TRANS,AST-TRANS-073,2026-04-30T19:10:00,2026-04-30T19:36:00,2026-04-30T20:36:00,RESOLVED,False,,ANALYST_SINGH,False,False,False,CLOSED,DEMO/SYNTHETIC - NOT REAL GOVERNMENT DATA
CSE-TRANS-04,ALT-TRANS-2026-04453,2026-Q2,2026-06-05T11:41:00,LOW,DATA_EXFILTRATION,SIEM-SENSOR-TRANS,AST-TRANS-005,2026-06-05T11:50:00,2026-06-05T12:09:00,2026-06-05T14:09:00,RESOLVED,True,2026-06-05T12:29:00,ANALYST_SINGH,False,False,False,CLOSED,DEMO/SYNTHETIC - NOT REAL GOVERNMENT DATA
CSE-TRANS-04,ALT-TRANS-2026-04454,2026-Q2,2026-06-10T11:40:00,MEDIUM,RANSOMWARE,SIEM-SENSOR-TRANS,AST-TRANS-036,2026-06-10T11:58:00,2026-06-10T12:21:00,2026-06-10T16:21:00,RESOLVED,False,,ANALYST_SINGH,False,False,False,CLOSED,DEMO/SYNTHETIC - NOT REAL GOVERNMENT DATA
CSE-TRANS-04,ALT-TRANS-2026-04455,2026-Q2,2026-06-16T15:03:00,CRITICAL,PRIVILEGE_ESCALATION,SIEM-SENSOR-TRANS,AST-TRANS-092,2026-06-16T15:09:00,2026-06-16T15:23:00,2026-06-16T19:23:00,RESOLVED,True,2026-06-16T15:43:00,ANALYST_RAO,False,False,False,CLOSED,DEMO/SYNTHETIC - NOT REAL GOVERNMENT DATA
CSE-TRANS-04,ALT-TRANS-2026-04456,2026-Q2,2026-05-18T11:30:00,MEDIUM,MALWARE,SIEM-SENSOR-TRANS,AST-TRANS-005,2026-05-18T11:42:00,2026-05-18T11:59:00,2026-05-18T15:59:00,RESOLVED,False,,ANALYST_SHARMA,False,False,False,CLOSED,DEMO/SYNTHETIC - NOT REAL GOVERNMENT DATA
CSE-TRANS-04,ALT-TRANS-2026-04457,2026-Q2,2026-06-16T01:35:00,MEDIUM,DATA_EXFILTRATION,SIEM-SENSOR-TRANS,AST-TRANS-029,2026-06-16T01:44:00,2026-06-16T02:11:00,2026-06-16T04:11:00,RESOLVED,True,2026-06-16T02:31:00,ANALYST_RAO,False,False,False,CLOSED,DEMO/SYNTHETIC - NOT REAL GOVERNMENT DATA
CSE-TRANS-04,ALT-TRANS-2026-04458,2026-Q2,2026-06-02T13:28:00,MEDIUM,MALWARE,SIEM-SENSOR-TRANS,AST-TRANS-074,2026-06-02T13:38:00,2026-06-02T13:50:00,2026-06-02T14:50:00,RESOLVED,False,,ANALYST_RAO,False,False,False,CLOSED,DEMO/SYNTHETIC - NOT REAL GOVERNMENT DATA
CSE-TRANS-04,ALT-TRANS-2026-04459,2026-Q2,2026-06-18T03:09:00,MEDIUM,UNAUTHORIZED_ACCESS,SIEM-SENSOR-TRANS,AST-TRANS-057,2026-06-18T03:23:00,2026-06-18T03:45:00,2026-06-18T05:45:00,RESOLVED,True,2026-06-18T04:05:00,ANALYST_VERMA,False,False,False,CLOSED,DEMO/SYNTHETIC - NOT REAL GOVERNMENT DATA
CSE-TRANS-04,ALT-TRANS-2026-04460,2026-Q2,2026-04-20T15:08:00,HIGH,DATA_EXFILTRATION,SIEM-SENSOR-TRANS,AST-TRANS-059,2026-04-20T15:28:00,2026-04-20T15:56:00,2026-04-20T19:56:00,RESOLVED,False,,ANALYST_SHARMA,False,False,False,CLOSED,DEMO/SYNTHETIC - NOT REAL GOVERNMENT DATA
CSE-TELECOM-05,ALT-TELECOM-2026-04461,2026-Q2,2026-05-17T00:29:00,CRITICAL,BRUTE_FORCE,SIEM-SENSOR-TELECOM,AST-TELECOM-004,2026-05-17T00:35:00,2026-05-17T01:17:00,2026-05-17T04:17:00,FALSE_POSITIVE,False,,ANALYST_PATEL,True,True,True,CLOSED,DEMO/SYNTHETIC - NOT REAL GOVERNMENT DATA
CSE-TELECOM-05,ALT-TELECOM-2026-04462,2026-Q2,2026-05-15T21:51:00,MEDIUM,SCADA_COMMAND_ANOMALY,SIEM-SENSOR-TELECOM,AST-TELECOM-008,2026-05-15T22:07:00,2026-05-15T22:53:00,2026-05-16T05:53:00,FALSE_POSITIVE,False,,ANALYST_RAO,True,True,True,CLOSED,DEMO/SYNTHETIC - NOT REAL GOVERNMENT DATA
CSE-TELECOM-05,ALT-TELECOM-2026-04463,2026-Q2,2026-04-01T01:55:00,MEDIUM,PRIVILEGE_ESCALATION,SIEM-SENSOR-TELECOM,AST-TELECOM-006,2026-04-01T02:04:00,2026-04-01T02:27:00,2026-04-01T09:27:00,FALSE_POSITIVE,False,,ANALYST_RAO,True,True,True,CLOSED,DEMO/SYNTHETIC - NOT REAL GOVERNMENT DATA
CSE-TELECOM-05,ALT-TELECOM-2026-04464,2026-Q2,2026-05-06T06:40:00,LOW,BRUTE_FORCE,SIEM-SENSOR-TELECOM,AST-TELECOM-009,2026-05-06T06:47:00,2026-05-06T07:35:00,2026-05-06T15:35:00,FALSE_POSITIVE,True,2026-05-06T08:05:00,ANALYST_SINGH,True,True,True,CLOSED,DEMO/SYNTHETIC - NOT REAL GOVERNMENT DATA
CSE-TELECOM-05,ALT-TELECOM-2026-04465,2026-Q2,2026-05-17T19:45:00,HIGH,PRIVILEGE_ESCALATION,SIEM-SENSOR-TELECOM,AST-TELECOM-010,2026-05-17T19:56:00,2026-05-17T20:26:00,2026-05-17T23:26:00,FALSE_POSITIVE,False,,ANALYST_VERMA,True,True,True,CLOSED,DEMO/SYNTHETIC - NOT REAL GOVERNMENT DATA
CSE-TELECOM-05,ALT-TELECOM-2026-04466,2026-Q2,2026-05-03T17:57:00,LOW,BRUTE_FORCE,SIEM-SENSOR-TELECOM,AST-TELECOM-003,2026-05-03T18:17:00,2026-05-03T18:37:00,2026-05-03T20:37:00,FALSE_POSITIVE,False,,ANALYST_PATEL,True,True,True,CLOSED,DEMO/SYNTHETIC - NOT REAL GOVERNMENT DATA
CSE-TELECOM-05,ALT-TELECOM-2026-04467,2026-Q2,2026-05-21T06:31:00,MEDIUM,UNAUTHORIZED_ACCESS,SIEM-SENSOR-TELECOM,AST-TELECOM-002,2026-05-21T06:46:00,2026-05-21T07:39:00,2026-05-21T15:39:00,FALSE_POSITIVE,False,,ANALYST_PATEL,True,True,True,CLOSED,DEMO/SYNTHETIC - NOT REAL GOVERNMENT DATA
CSE-TELECOM-05,ALT-TELECOM-2026-04468,2026-Q2,2026-04-28T18:43:00,MEDIUM,SCADA_COMMAND_ANOMALY,SIEM-SENSOR-TELECOM,AST-TELECOM-006,2026-04-28T18:51:00,2026-04-28T19:28:00,2026-04-29T02:28:00,FALSE_POSITIVE,False,,ANALYST_RAO,True,True,True,CLOSED,DEMO/SYNTHETIC - NOT REAL GOVERNMENT DATA
CSE-TELECOM-05,ALT-TELECOM-2026-04469,2026-Q2,2026-04-10T04:53:00,MEDIUM,UNAUTHORIZED_ACCESS,SIEM-SENSOR-TELECOM,AST-TELECOM-004,2026-04-10T05:03:00,2026-04-10T05:26:00,2026-04-10T13:26:00,FALSE_POSITIVE,False,,ANALYST_PATEL,True,True,True,CLOSED,DEMO/SYNTHETIC - NOT REAL GOVERNMENT DATA
CSE-TELECOM-05,ALT-TELECOM-2026-04470,2026-Q2,2026-05-30T00:16:00,LOW,SCADA_COMMAND_ANOMALY,SIEM-SENSOR-TELECOM,AST-TELECOM-002,2026-05-30T00:24:00,2026-05-30T00:51:00,2026-05-30T06:51:00,FALSE_POSITIVE,False,,ANALYST_PATEL,True,True,True,CLOSED,DEMO/SYNTHETIC - NOT REAL GOVERNMENT DATA
CSE-TELECOM-05,ALT-TELECOM-2026-04471,2026-Q2,2026-04-30T23:12:00,HIGH,POLICY_VIOLATION,SIEM-SENSOR-TELECOM,AST-TELECOM-006,2026-04-30T23:27:00,2026-04-30T23:55:00,2026-05-01T02:55:00,FALSE_POSITIVE,False,,ANALYST_SHARMA,True,True,True,CLOSED,DEMO/SYNTHETIC - NOT REAL GOVERNMENT DATA
CSE-TELECOM-05,ALT-TELECOM-2026-04472,2026-Q2,2026-05-10T08:01:00,MEDIUM,SCADA_COMMAND_ANOMALY,SIEM-SENSOR-TELECOM,AST-TELECOM-010,2026-05-10T08:20:00,2026-05-10T09:19:00,2026-05-10T15:19:00,FALSE_POSITIVE,False,,ANALYST_VERMA,True,True,True,CLOSED,DEMO/SYNTHETIC - NOT REAL GOVERNMENT DATA
CSE-TELECOM-05,ALT-TELECOM-2026-04473,2026-Q2,2026-04-27T14:43:00,MEDIUM,BRUTE_FORCE,SIEM-SENSOR-TELECOM,AST-TELECOM-004,2026-04-27T15:01:00,2026-04-27T15:24:00,2026-04-27T19:24:00,FALSE_POSITIVE,False,,ANALYST_RAO,True,True,True,CLOSED,DEMO/SYNTHETIC - NOT REAL GOVERNMENT DATA
CSE-TELECOM-05,ALT-TELECOM-2026-04474,2026-Q2,2026-06-18T20:53:00,LOW,POLICY_VIOLATION,SIEM-SENSOR-TELECOM,AST-TELECOM-010,2026-06-18T21:13:00,2026-06-18T22:05:00,2026-06-19T00:05:00,FALSE_POSITIVE,False,,ANALYST_RAO,True,True,True,CLOSED,DEMO/SYNTHETIC - NOT REAL GOVERNMENT DATA
CSE-TELECOM-05,ALT-TELECOM-2026-04475,2026-Q2,2026-04-02T10:39:00,HIGH,PRIVILEGE_ESCALATION,SIEM-SENSOR-TELECOM,AST-TELECOM-006,2026-04-02T10:56:00,2026-04-02T11:33:00,2026-04-02T16:33:00,FALSE_POSITIVE,False,,ANALYST_SINGH,True,True,True,CLOSED,DEMO/SYNTHETIC - NOT REAL GOVERNMENT DATA
CSE-TELECOM-05,ALT-TELECOM-2026-04476,2026-Q2,2026-04-24T14:12:00,CRITICAL,DDOS_ATTACK,SIEM-SENSOR-TELECOM,AST-TELECOM-004,2026-04-24T14:23:00,2026-04-24T15:12:00,2026-04-24T17:12:00,FALSE_POSITIVE,False,,ANALYST_SINGH,True,True,True,CLOSED,DEMO/SYNTHETIC - NOT REAL GOVERNMENT DATA
CSE-TELECOM-05,ALT-TELECOM-2026-04477,2026-Q2,2026-06-07T15:03:00,HIGH,BRUTE_FORCE,SIEM-SENSOR-TELECOM,AST-TELECOM-009,2026-06-07T15:13:00,2026-06-07T16:07:00,2026-06-07T22:07:00,FALSE_POSITIVE,True,2026-06-07T16:37:00,ANALYST_SHARMA,True,True,True,CLOSED,DEMO/SYNTHETIC - NOT REAL GOVERNMENT DATA
CSE-TELECOM-05,ALT-TELECOM-2026-04478,2026-Q2,2026-04-19T19:18:00,LOW,PRIVILEGE_ESCALATION,SIEM-SENSOR-TELECOM,AST-TELECOM-008,2026-04-19T19:26:00,2026-04-19T19:58:00,2026-04-20T02:58:00,FALSE_POSITIVE,False,,ANALYST_SINGH,True,True,True,CLOSED,DEMO/SYNTHETIC - NOT REAL GOVERNMENT DATA
CSE-TELECOM-05,ALT-TELECOM-2026-04479,2026-Q2,2026-06-17T18:56:00,HIGH,UNAUTHORIZED_ACCESS,SIEM-SENSOR-TELECOM,AST-TELECOM-005,2026-06-17T18:59:00,2026-06-17T19:26:00,2026-06-17T22:26:00,FALSE_POSITIVE,False,,ANALYST_SINGH,True,True,True,CLOSED,DEMO/SYNTHETIC - NOT REAL GOVERNMENT DATA
CSE-TELECOM-05,ALT-TELECOM-2026-04480,2026-Q2,2026-04-26T14:27:00,LOW,PRIVILEGE_ESCALATION,SIEM-SENSOR-TELECOM,AST-TELECOM-010,2026-04-26T14:47:00,2026-04-26T15:13:00,2026-04-26T22:13:00,FALSE_POSITIVE,False,,ANALYST_SHARMA,True,True,True,CLOSED,DEMO/SYNTHETIC - NOT REAL GOVERNMENT DATA
CSE-TELECOM-05,ALT-TELECOM-2026-04481,2026-Q2,2026-04-03T10:29:00,MEDIUM,SCADA_COMMAND_ANOMALY,SIEM-SENSOR-TELECOM,AST-TELECOM-008,2026-04-03T10:34:00,2026-04-03T10:55:00,2026-04-03T16:55:00,FALSE_POSITIVE,True,2026-04-03T11:25:00,ANALYST_VERMA,True,True,True,CLOSED,DEMO/SYNTHETIC - NOT REAL GOVERNMENT DATA
CSE-TELECOM-05,ALT-TELECOM-2026-04482,2026-Q2,2026-04-09T07:27:00,HIGH,BRUTE_FORCE,SIEM-SENSOR-TELECOM,AST-TELECOM-006,2026-04-09T07:44:00,2026-04-09T08:37:00,2026-04-09T12:37:00,FALSE_POSITIVE,True,2026-04-09T09:07:00,ANALYST_RAO,True,True,True,CLOSED,DEMO/SYNTHETIC - NOT REAL GOVERNMENT DATA
CSE-TELECOM-05,ALT-TELECOM-2026-04483,2026-Q2,2026-06-12T00:15:00,HIGH,BRUTE_FORCE,SIEM-SENSOR-TELECOM,AST-TELECOM-002,2026-06-12T00:24:00,2026-06-12T01:16:00,2026-06-12T07:16:00,FALSE_POSITIVE,False,,ANALYST_SHARMA,True,True,True,CLOSED,DEMO/SYNTHETIC - NOT REAL GOVERNMENT DATA
CSE-TELECOM-05,ALT-TELECOM-2026-04484,2026-Q2,2026-04-09T17:25:00,MEDIUM,UNAUTHORIZED_ACCESS,SIEM-SENSOR-TELECOM,AST-TELECOM-008,2026-04-09T17:36:00,2026-04-09T18:01:00,2026-04-10T01:01:00,FALSE_POSITIVE,False,,ANALYST_SHARMA,True,True,True,CLOSED,DEMO/SYNTHETIC - NOT REAL GOVERNMENT DATA
CSE-TELECOM-05,ALT-TELECOM-2026-04485,2026-Q2,2026-06-03T05:49:00,HIGH,DDOS_ATTACK,SIEM-SENSOR-TELECOM,AST-TELECOM-009,2026-06-03T06:07:00,2026-06-03T07:07:00,2026-06-03T11:07:00,FALSE_POSITIVE,False,,ANALYST_RAO,True,True,True,CLOSED,DEMO/SYNTHETIC - NOT REAL GOVERNMENT DATA
CSE-TELECOM-05,ALT-TELECOM-2026-04486,2026-Q2,2026-04-27T23:24:00,MEDIUM,POLICY_VIOLATION,SIEM-SENSOR-TELECOM,AST-TELECOM-002,2026-04-27T23:37:00,2026-04-28T00:09:00,2026-04-28T07:09:00,FALSE_POSITIVE,False,,ANALYST_SHARMA,True,True,True,CLOSED,DEMO/SYNTHETIC - NOT REAL GOVERNMENT DATA
CSE-TELECOM-05,ALT-TELECOM-2026-04487,2026-Q2,2026-04-29T09:31:00,LOW,POLICY_VIOLATION,SIEM-SENSOR-TELECOM,AST-TELECOM-003,2026-04-29T09:34:00,2026-04-29T10:28:00,2026-04-29T12:28:00,FALSE_POSITIVE,False,,ANALYST_VERMA,True,True,True,CLOSED,DEMO/SYNTHETIC - NOT REAL GOVERNMENT DATA
CSE-TELECOM-05,ALT-TELECOM-2026-04488,2026-Q2,2026-06-19T18:57:00,MEDIUM,BRUTE_FORCE,SIEM-SENSOR-TELECOM,AST-TELECOM-005,2026-06-19T19:11:00,2026-06-19T19:53:00,2026-06-19T21:53:00,FALSE_POSITIVE,False,,ANALYST_RAO,True,True,True,CLOSED,DEMO/SYNTHETIC - NOT REAL GOVERNMENT DATA
CSE-TELECOM-05,ALT-TELECOM-2026-04489,2026-Q2,2026-04-04T15:42:00,HIGH,DDOS_ATTACK,SIEM-SENSOR-TELECOM,AST-TELECOM-005,2026-04-04T15:51:00,2026-04-04T16:25:00,2026-04-04T22:25:00,FALSE_POSITIVE,False,,ANALYST_RAO,True,True,True,CLOSED,DEMO/SYNTHETIC - NOT REAL GOVERNMENT DATA
CSE-TELECOM-05,ALT-TELECOM-2026-04490,2026-Q2,2026-05-11T23:36:00,MEDIUM,UNAUTHORIZED_ACCESS,SIEM-SENSOR-TELECOM,AST-TELECOM-008,2026-05-11T23:38:00,2026-05-12T00:09:00,2026-05-12T05:09:00,FALSE_POSITIVE,True,2026-05-12T00:39:00,ANALYST_PATEL,True,True,True,CLOSED,DEMO/SYNTHETIC - NOT REAL GOVERNMENT DATA
CSE-TELECOM-05,ALT-TELECOM-2026-04491,2026-Q2,2026-04-18T14:15:00,MEDIUM,SCADA_COMMAND_ANOMALY,SIEM-SENSOR-TELECOM,AST-TELECOM-003,2026-04-18T14:30:00,2026-04-18T15:02:00,2026-04-18T23:02:00,FALSE_POSITIVE,False,,ANALYST_VERMA,True,True,True,CLOSED,DEMO/SYNTHETIC - NOT REAL GOVERNMENT DATA
CSE-TELECOM-05,ALT-TELECOM-2026-04492,2026-Q2,2026-04-15T14:07:00,MEDIUM,UNAUTHORIZED_ACCESS,SIEM-SENSOR-TELECOM,AST-TELECOM-004,2026-04-15T14:15:00,2026-04-15T14:56:00,2026-04-15T20:56:00,FALSE_POSITIVE,True,2026-04-15T15:26:00,ANALYST_PATEL,True,True,True,CLOSED,DEMO/SYNTHETIC - NOT REAL GOVERNMENT DATA
CSE-TELECOM-05,ALT-TELECOM-2026-04493,2026-Q2,2026-04-13T00:49:00,MEDIUM,PRIVILEGE_ESCALATION,SIEM-SENSOR-TELECOM,AST-TELECOM-006,2026-04-13T00:57:00,2026-04-13T01:37:00,2026-04-13T06:37:00,FALSE_POSITIVE,False,,ANALYST_SHARMA,True,True,True,CLOSED,DEMO/SYNTHETIC - NOT REAL GOVERNMENT DATA
CSE-TELECOM-05,ALT-TELECOM-2026-04494,2026-Q2,2026-05-17T09:11:00,CRITICAL,UNAUTHORIZED_ACCESS,SIEM-SENSOR-TELECOM,AST-TELECOM-004,2026-05-17T09:28:00,2026-05-17T10:27:00,2026-05-17T18:27:00,FALSE_POSITIVE,False,,ANALYST_RAO,True,True,True,CLOSED,DEMO/SYNTHETIC - NOT REAL GOVERNMENT DATA
CSE-TELECOM-05,ALT-TELECOM-2026-04495,2026-Q2,2026-05-10T08:18:00,CRITICAL,PRIVILEGE_ESCALATION,SIEM-SENSOR-TELECOM,AST-TELECOM-008,2026-05-10T08:38:00,2026-05-10T09:29:00,2026-05-10T15:29:00,FALSE_POSITIVE,False,,ANALYST_PATEL,True,True,True,CLOSED,DEMO/SYNTHETIC - NOT REAL GOVERNMENT DATA
CSE-TELECOM-05,ALT-TELECOM-2026-04496,2026-Q2,2026-04-29T02:56:00,HIGH,BRUTE_FORCE,SIEM-SENSOR-TELECOM,AST-TELECOM-008,2026-04-29T03:00:00,2026-04-29T03:27:00,2026-04-29T05:27:00,FALSE_POSITIVE,False,,ANALYST_PATEL,True,True,True,CLOSED,DEMO/SYNTHETIC - NOT REAL GOVERNMENT DATA
CSE-TELECOM-05,ALT-TELECOM-2026-04497,2026-Q2,2026-05-10T13:22:00,HIGH,UNAUTHORIZED_ACCESS,SIEM-SENSOR-TELECOM,AST-TELECOM-007,2026-05-10T13:31:00,2026-05-10T13:51:00,2026-05-10T16:51:00,FALSE_POSITIVE,False,,ANALYST_RAO,True,True,True,CLOSED,DEMO/SYNTHETIC - NOT REAL GOVERNMENT DATA
CSE-TELECOM-05,ALT-TELECOM-2026-04498,2026-Q2,2026-04-01T00:27:00,MEDIUM,DDOS_ATTACK,SIEM-SENSOR-TELECOM,AST-TELECOM-006,2026-04-01T00:35:00,2026-04-01T01:05:00,2026-04-01T03:05:00,FALSE_POSITIVE,False,,ANALYST_VERMA,True,True,True,CLOSED,DEMO/SYNTHETIC - NOT REAL GOVERNMENT DATA
CSE-TELECOM-05,ALT-TELECOM-2026-04499,2026-Q2,2026-05-07T05:09:00,LOW,DDOS_ATTACK,SIEM-SENSOR-TELECOM,AST-TELECOM-001,2026-05-07T05:16:00,2026-05-07T06:09:00,2026-05-07T10:09:00,FALSE_POSITIVE,False,,ANALYST_RAO,True,True,True,CLOSED,DEMO/SYNTHETIC - NOT REAL GOVERNMENT DATA
CSE-TELECOM-05,ALT-TELECOM-2026-04500,2026-Q2,2026-04-10T06:25:00,MEDIUM,PRIVILEGE_ESCALATION,SIEM-SENSOR-TELECOM,AST-TELECOM-006,2026-04-10T06:44:00,2026-04-10T07:43:00,2026-04-10T10:43:00,FALSE_POSITIVE,True,2026-04-10T08:13:00,ANALYST_SHARMA,True,True,True,CLOSED,DEMO/SYNTHETIC - NOT REAL GOVERNMENT DATA
